{
    "animation": [
        {
            "name": "Root",
            "time": [0.0, 0.25, 1.7917, 2.0, 2.4583],
            "transform": [
                [1.0, 0.0, 0.0, 0.0, 0.0, 0.178759, -0.983893, -0.158286, -0.0, 0.983893, 0.178759, 0.8563, 0.0, 0.0, 0.0, 1.0],
                [0.915109, -0.072077, 0.396712, 0.0, 0.403207, 0.163584, -0.900369, -1.917884, -0.0, 0.983893, 0.178759, 0.8563, 0.0, 0.0, 0.0, 1.0],
                [0.915109, -0.072077, 0.396712, 0.0, 0.403207, 0.163584, -0.900369, -2.202595, -0.0, 0.983893, 0.178759, 0.819903, 0.0, 0.0, 0.0, 1.0],
                [0.94711, -0.057365, 0.315741, 0.0, 0.318322, 0.043236, -0.946996, -2.386521, 0.040674, 0.997417, 0.05921, 0.65057, 0.0, 0.0, 0.0, 1.0],
                [1.0, 0.0, 0.0, 0.0, 0.0, 0.178759, -0.983893, -2.479375, -0.0, 0.983893, 0.178759, 0.8563, 0.0, 0.0, 0.0, 1.0]
            ]
        },
        {
            "name": "Torso",
            "time": [0.0, 0.25, 1.7917, 2.4583],
            "transform": [
                [0.999794, -0.005792, 0.019434, 0.0, 0.003938, 0.995555, 0.094098, 0.115569, -0.019892, -0.094002, 0.995373, 0.0, 0.0, 0.0, 0.0, 1.0],
                [0.97821, -0.183008, 0.098045, 0.0, 0.197178, 0.67105, -0.714712, 0.115569, 0.065005, 0.718471, 0.692513, -0.0, 0.0, 0.0, 0.0, 1.0],
                [0.967462, -0.218606, 0.127396, 0.0, 0.233904, 0.580754, -0.779752, 0.115569, 0.096472, 0.784179, 0.61299, 0.0, 0.0, 0.0, 0.0, 1.0],
                [0.999794, -0.005792, 0.019434, -0.0, 0.002669, 0.987593, 0.15701, 0.115569, -0.020102, -0.156926, 0.987406, 0.0, 0.0, 0.0, 0.0, 1.0]
            ]
        },
        {
            "name": "Chest",
            "time": [0.0, 0.25, 1.0417, 1.7917, 2.4583],
            "transform": [
                [0.999957, 0.002468, -0.008984, 0.0, -0.002303, 0.99983, 0.018279, 0.222409, 0.009028, -0.018257, 0.999793, -0.0, 0.0, 0.0, 0.0, 1.0],
                [0.963234, 0.242558, -0.115523, 0.0, -0.128848, 0.794382, 0.593595, 0.22241, 0.235751, -0.556886, 0.796429, -0.0, 0.0, 0.0, 0.0, 1.0],
                [0.938778, 0.341754, -0.043589, 0.0, -0.175039, 0.582099, 0.794055, 0.22241, 0.296745, -0.737811, 0.606282, 0.0, 0.0, 0.0, 0.0, 1.0],
                [0.957783, 0.269444, -0.100261, 0.0, -0.142211, 0.747117, 0.649301, 0.22241, 0.249856, -0.607631, 0.753894, 0.0, 0.0, 0.0, 0.0, 1.0],
                [0.999957, 0.002468, -0.008984, 0.0, -0.002303, 0.99983, 0.018279, 0.222409, 0.009028, -0.018257, 0.999793, 0.0, 0.0, 0.0, 0.0, 1.0]
            ]
        },
        {
            "name": "Head",
            "time": [0.0, 0.25, 1.7917, 2.4583],
            "transform": [
                [0.999241, -0.002813, 0.038845, -0.0, -0.01264, 0.919981, 0.391759, 0.585241, -0.036838, -0.391953, 0.919247, -0.0, 0.0, 0.0, 0.0, 1.0],
                [0.994241, -0.01808, -0.105633, -0.0, 0.089096, 0.687223, 0.720962, 0.585241, 0.059558, -0.726221, 0.684876, -0.0, 0.0, 0.0, 0.0, 1.0],
                [0.995844, -0.000453, -0.091072, 0.0, 0.071295, 0.626097, 0.776479, 0.585241, 0.056668, -0.779745, 0.623527, 0.0, 0.0, 0.0, 0.0, 1.0],
                [0.999241, -0.002813, 0.038845, -0.0, -0.01264, 0.919981, 0.391759, 0.585241, -0.036838, -0.391953, 0.919247, 0.0, 0.0, 0.0, 0.0, 1.0]
            ]
        },
        {
            "name": "Arm_L",
            "time": [0.0, 0.25, 1.0417, 1.7917, 2.4583],
            "transform": [
                [-0.178362, -0.590178, -0.787323, -0.20071, 0.074787, -0.805969, 0.587214, 0.585979, -0.981118, 0.045855, 0.187892, -0.002076, 0.0, 0.0, 0.0, 1.0],
                [0.261337, -0.558414, -0.787323, -0.20071, 0.593872, -0.549996, 0.587214, 0.58598, -0.760933, -0.621029, 0.187892, -0.002076, 0.0, 0.0, 0.0, 1.0],
                [0.229386, -0.527765, -0.81783, -0.20071, 0.771442, -0.413774, 0.483393, 0.585979, -0.593515, -0.741791, 0.312226, -0.002076, 0.0, 0.0, 0.0, 1.0],
                [0.23505, -0.544102, -0.805422, -0.200709, 0.69227, -0.487951, 0.531664, 0.585979, -0.682286, -0.682536, 0.261972, -0.002076, 0.0, 0.0, 0.0, 1.0],
                [-0.178362, -0.590178, -0.787323, -0.20071, 0.074787, -0.805969, 0.587214, 0.585979, -0.981118, 0.045855, 0.187892, -0.002076, 0.0, 0.0, 0.0, 1.0]
            ]
        },
        {
            "name": "Blade",
            "time": [0.0, 0.25, 1.7917, 2.4583],
            "transform": [
                [-0.085499, 0.980987, 0.174225, -0.0, -0.642637, 0.079332, -0.762052, 0.779125, -0.761385, -0.177119, 0.623636, -0.0, 0.0, 0.0, 0.0, 1.0],
                [-0.085499, 0.980987, 0.174225, -0.0, -0.642637, 0.079332, -0.762052, 0.779125, -0.761385, -0.177118, 0.623636, -0.0, 0.0, 0.0, 0.0, 1.0],
                [-0.085499, 0.980987, 0.174225, 0.0, -0.642637, 0.079332, -0.762052, 0.779125, -0.761385, -0.177119, 0.623636, -0.0, 0.0, 0.0, 0.0, 1.0],
                [-0.085499, 0.980987, 0.174225, 0.0, -0.642637, 0.079332, -0.762052, 0.779125, -0.761385, -0.177119, 0.623636, -0.0, 0.0, 0.0, 0.0, 1.0]
            ]
        },
        {
            "name": "Cloth",
            "time": [0.0, 0.25, 1.0417, 1.7917, 2.4583],
            "transform": [
                [-0.992195, 0.032201, 0.120469, 0.001532, -0.074132, -0.929147, -0.362202, 0.625485, 0.100269, -0.368305, 0.924284, -0.133792, 0.0, 0.0, 0.0, 1.0],
                [-0.888143, 0.202248, -0.412672, 0.001532, 0.153292, -0.716158, -0.680896, 0.625485, -0.43325, -0.667993, 0.605049, -0.133792, 0.0, 0.0, 0.0, 1.0],
                [-0.903015, 0.238727, -0.357173, 0.001532, 0.196259, -0.510334, -0.837282, 0.625485, -0.382161, -0.826178, 0.413988, -0.133792, 0.0, 0.0, 0.0, 1.0],
                [-0.895076, 0.219088, -0.388381, 0.001532, 0.172125, -0.633719, -0.75417, 0.625485, -0.411356, -0.74189, 0.529518, -0.133791, 0.0, 0.0, 0.0, 1.0],
                [-0.992178, 0.032628, 0.12049, 0.001532, -0.078375, -0.914095, -0.397854, 0.625485, 0.097158, -0.404186, 0.909504, -0.133792, 0.0, 0.0, 0.0, 1.0]
            ]
        },
        {
            "name": "LowerCloth",
            "time": [0.0, 0.25, 1.7917, 2.4583],
            "transform": [
                [0.991727, 0.011836, 0.127818, -0.0, -0.029337, 0.990286, 0.13592, 0.627449, -0.124967, -0.138545, 0.98244, -0.0, 0.0, 0.0, 0.0, 1.0],
                [0.991727, -0.007343, 0.128154, -0.0, -0.029337, 0.958974, 0.281973, 0.627449, -0.124967, -0.2834, 0.950825, 0.0, 0.0, 0.0, 0.0, 1.0],
                [0.991727, -0.007343, 0.128154, 0.0, -0.029337, 0.958974, 0.281973, 0.627449, -0.124967, -0.2834, 0.950825, 0.0, 0.0, 0.0, 0.0, 1.0],
                [0.991727, 0.011836, 0.127818, -0.0, -0.029337, 0.990285, 0.13592, 0.627449, -0.124967, -0.138545, 0.98244, -0.0, 0.0, 0.0, 0.0, 1.0]
            ]
        },
        {
            "name": "Leg_L",
            "time": [0.0, 0.25, 1.7917, 2.0, 2.4583],
            "transform": [
                [-0.978688, 0.025622, 0.203749, -0.207806, -0.19538, -0.421642, -0.885463, 0.115569, 0.063222, -0.906401, 0.417662, -0.0, 0.0, 0.0, 0.0, 1.0],
                [-0.959923, 0.022374, 0.27937, -0.207806, -0.230825, 0.502251, -0.833345, 0.115569, -0.15896, -0.864433, -0.476958, -0.0, 0.0, 0.0, 0.0, 1.0],
                [-0.92166, 0.129547, 0.365733, -0.207806, -0.219342, 0.603575, -0.766542, 0.115569, -0.320051, -0.786712, -0.527876, 0.0, 0.0, 0.0, 0.0, 1.0],
                [-0.977807, 0.074215, 0.195923, -0.207806, -0.203625, -0.556702, -0.80537, 0.115569, 0.0493, -0.827391, 0.559458, -1e-06, 0.0, 0.0, 0.0, 1.0],
                [-0.978688, 0.025622, 0.203749, -0.207806, -0.19538, -0.421642, -0.885463, 0.115569, 0.063222, -0.906401, 0.417662, 0.0, 0.0, 0.0, 0.0, 1.0]
            ]
        },
        {
            "name": "Shin_L",
            "time": [0.0, 0.25, 1.7917, 2.0, 2.4583],