{
    "animation": [
        {
            "name": "Root",
            "time": [0.0, 0.375, 0.8333, 1.3333, 1.7917],
            "transform": [
                [1.0, 0.0, 0.0, 0.0, 0.0, 0.178759, -0.983893, -0.158286, -0.0, 0.983893, 0.178759, 0.8563, 0.0, 0.0, 0.0, 1.0],
                [1.0, 0.0, 0.0, 0.0, 0.0, 0.178759, -0.983893, -0.158286, -0.0, 0.983893, 0.178759, 0.779741, 0.0, 0.0, 0.0, 1.0],
                [1.0, 0.0, 0.0, 0.0, 0.0, 0.178759, -0.983893, -0.158286, -0.0, 0.983893, 0.178759, 0.8563, 0.0, 0.0, 0.0, 1.0],
                [1.0, 0.0, 0.0, 0.0, 0.0, 0.178759, -0.983893, -0.158286, -0.0, 0.983893, 0.178759, 0.721875, 0.0, 0.0, 0.0, 1.0],
                [1.0, 0.0, 0.0, 0.0, 0.0, 0.178759, -0.983893, -0.158286, -0.0, 0.983893, 0.178759, 0.8563, 0.0, 0.0, 0.0, 1.0]
            ]
        },
        {
            "name": "Torso",
            "time": [0.0, 0.375, 0.8333, 1.3333, 1.7917],
            "transform": [
                [0.999794, -0.005792, 0.019434, 0.0, 0.003938, 0.995555, 0.094098, 0.115569, -0.019892, -0.094002, 0.995373, 0.0, 0.0, 0.0, 0.0, 1.0],
                [0.999794, -0.005792, 0.019434, 0.0, 0.003938, 0.995555, 0.094098, 0.115569, -0.019892, -0.094002, 0.995373, 0.0, 0.0, 0.0, 0.0, 1.0],
                [0.999794, -0.005792, 0.019434, 0.0, 0.003938, 0.995555, 0.094098, 0.115569, -0.019892, -0.094002, 0.995373, 0.0, 0.0, 0.0, 0.0, 1.0],
                [0.999794, -0.005792, 0.019434, 0.0, 0.003938, 0.995555, 0.094098, 0.115569, -0.019892, -0.094002, 0.995373, 0.0, 0.0, 0.0, 0.0, 1.0],
                [0.999794, -0.005792, 0.019434, 0.0, 0.003938, 0.995555, 0.094098, 0.115569, -0.019892, -0.094002, 0.995373, 0.0, 0.0, 0.0, 0.0, 1.0]
            ]
        },
        {
            "name": "Chest",
            "time": [0.0, 0.375, 0.8333, 1.3333, 1.7917],
            "transform": [
                [0.999955, 0.005319, -0.007833, 0.0, -0.003917, 0.985573, 0.169204, 0.222409, 0.00862, -0.169166, 0.98555, -0.0, 0.0, 0.0, 0.0, 1.0],
                [0.999957, 0.002468, -0.008984, 0.0, -0.002303, 0.99983, 0.018279, 0.222409, 0.009028, -0.018257, 0.999793, -0.0, 0.0, 0.0, 0.0, 1.0],
                [0.999956, 0.004775, -0.008092, 0.0, -0.003596, 0.990166, 0.139853, 0.222409, 0.00868, -0.139817, 0.990139, -0.0, 0.0, 0.0, 0.0, 1.0],
                [0.999957, 0.002468, -0.008984, -0.0, -0.002303, 0.99983, 0.018279, 0.222409, 0.009028, -0.018257, 0.999793, -0.0, 0.0, 0.0, 0.0, 1.0],
                [0.999955, 0.005319, -0.007833, 0.0, -0.003917, 0.985573, 0.169204, 0.222409, 0.00862, -0.169166, 0.98555, -0.0, 0.0, 0.0, 0.0, 1.0]
            ]
        },
        {
            "name": "Head",
            "time": [0.0, 0.375, 0.8333, 1.3333, 1.7917],
            "transform": [
                [0.999258, -0.003383, 0.038354, 0.0, -0.009387, 0.944668, 0.327893, 0.585241, -0.037342, -0.32801, 0.943936, -0.0, 0.0, 0.0, 0.0, 1.0],
                [0.999241, -0.002813, 0.038845, 0.0, -0.01264, 0.919981, 0.391759, 0.585241, -0.036838, -0.391953, 0.919247, -0.0, 0.0, 0.0, 0.0, 1.0],
                [0.999252, -0.003167, 0.038533, 0.0, -0.010604, 0.935976, 0.351903, 0.585241, -0.03718, -0.352049, 0.935243, -0.0, 0.0, 0.0, 0.0, 1.0],
                [0.999241, -0.002813, 0.038845, 0.0, -0.01264, 0.919981, 0.391759, 0.585241, -0.036838, -0.391953, 0.919247, -0.0, 0.0, 0.0, 0.0, 1.0],
                [0.999258, -0.003383, 0.038354, 0.0, -0.009387, 0.944668, 0.327893, 0.585241, -0.037342, -0.32801, 0.943936, -0.0, 0.0, 0.0, 0.0, 1.0]
            ]
        },
        {
            "name": "Arm_L",
            "time": [0.0, 0.375, 0.8333, 1.3333, 1.7917],
            "transform": [
                [-0.178362, -0.590178, -0.787323, -0.20071, 0.074787, -0.805969, 0.587214, 0.58598, -0.981118, 0.045855, 0.187892, -0.002076, 0.0, 0.0, 0.0, 1.0],
                [-0.179212, -0.591849, -0.785874, -0.20071, -0.137061, -0.775996, 0.615666, 0.585979, -0.974216, 0.218048, 0.057949, -0.002076, 0.0, 0.0, 0.0, 1.0],
                [-0.179116, -0.591705, -0.786004, -0.20071, -0.117868, -0.780263, 0.614244, 0.585979, -0.976741, 0.202666, 0.070014, -0.002076, 0.0, 0.0, 0.0, 1.0],
                [-0.178217, -0.589706, -0.787709, -0.20071, 0.130589, -0.807618, 0.575065, 0.585979, -0.975287, -0.000379, 0.22094, -0.002076, 0.0, 0.0, 0.0, 1.0],
                [-0.178362, -0.590178, -0.787323, -0.20071, 0.074787, -0.805969, 0.587214, 0.58598, -0.981118, 0.045855, 0.187892, -0.002076, 0.0, 0.0, 0.0, 1.0]
            ]
        },
        {
            "name": "Blade",
            "time": [0.0, 0.375, 0.8333, 1.3333, 1.7917],
            "transform": [
                [-0.085499, 0.980987, 0.174225, -0.0, -0.642637, 0.079332, -0.762052, 0.779125, -0.761385, -0.177119, 0.623636, 0.0, 0.0, 0.0, 0.0, 1.0],
                [-0.105696, 0.989663, -0.096928, 0.0, -0.661289, -0.142752, -0.736423, 0.779125, -0.742648, -0.01374, 0.669541, -0.0, 0.0, 0.0, 0.0, 1.0],
                [-0.120495, 0.960071, -0.252477, -0.0, -0.669448, -0.266383, -0.693455, 0.779125, -0.733021, 0.085463, 0.674815, 0.0, 0.0, 0.0, 0.0, 1.0],
                [-0.085499, 0.980987, 0.174225, 0.0, -0.642637, 0.079332, -0.762052, 0.779125, -0.761385, -0.177119, 0.623636, 0.0, 0.0, 0.0, 0.0, 1.0],
                [-0.085499, 0.980987, 0.174225, -0.0, -0.642637, 0.079332, -0.762052, 0.779125, -0.761385, -0.177119, 0.623636, 0.0, 0.0, 0.0, 0.0, 1.0]
            ]
        },
        {
            "name": "Cloth",
            "time": [0.0, 0.375, 0.8333, 1.0833, 1.3333, 1.7917],
            "transform": [
                [-0.997, 0.048598, -0.060243, 0.001532, -0.01265, -0.870161, -0.492605, 0.625485, -0.076362, -0.490365, 0.868167, -0.133792, 0.0, 0.0, 0.0, 1.0],
                [-0.989797, 0.078317, -0.119031, 0.001532, -0.015282, -0.88893, -0.457789, 0.625485, -0.141664, -0.451299, 0.881059, -0.133792, 0.0, 0.0, 0.0, 1.0],
                [-0.992138, 0.033488, 0.120585, 0.001532, -0.086594, -0.879335, -0.468264, 0.625485, 0.090352, -0.475025, 0.875324, -0.133792, 0.0, 0.0, 0.0, 1.0],
                [-0.923388, 0.010186, 0.383734, 0.001532, -0.203433, -0.860711, -0.466681, 0.625485, 0.32553, -0.508992, 0.796845, -0.133792, 0.0, 0.0, 0.0, 1.0],
                [-0.942742, -0.01811, 0.333031, 0.001532, -0.152283, -0.864992, -0.47812, 0.625485, 0.296728, -0.501459, 0.812709, -0.133792, 0.0, 0.0, 0.0, 1.0],
                [-0.997, 0.048598, -0.060243, 0.001532, -0.01265, -0.870161, -0.492605, 0.625485, -0.076362, -0.490365, 0.868167, -0.133792, 0.0, 0.0, 0.0, 1.0]
            ]
        },
        {
            "name": "LowerCloth",
            "time": [0.0, 0.375, 0.8333, 1.0833, 1.3333, 1.7917],
            "transform": [
                [0.902582, -0.059951, 0.426323, -0.0, -0.028308, 0.97985, 0.19772, 0.627449, -0.429586, -0.190527, 0.882698, 0.0, 0.0, 0.0, 0.0, 1.0],
                [0.881565, -0.064439, 0.467644, 0.0, 0.003452, 0.991493, 0.130114, 0.627449, -0.47205, -0.113089, 0.874288, 0.0, 0.0, 0.0, 0.0, 1.0],
                [0.997752, 0.049957, -0.044669, -0.0, -0.04312, 0.988822, 0.142727, 0.627449, 0.0513, -0.14048, 0.988753, 0.0, 0.0, 0.0, 0.0, 1.0],
                [0.944269, 0.109644, -0.310379, 0.0, -0.062455, 0.985445, 0.158108, 0.627449, 0.323197, -0.129912, 0.937372, 0.0, 0.0, 0.0, 0.0, 1.0],
                [0.967377, 0.142055, -0.209766, -0.0, -0.109084, 0.980876, 0.161195, 0.627449, 0.228653, -0.133054, 0.964372, 0.0, 0.0, 0.0, 0.0, 1.0],
                [0.902582, -0.059951, 0.426323, -0.0, -0.028308, 0.97985, 0.19772, 0.627449, -0.429586, -0.190527, 0.882698, 0.0, 0.0, 0.0, 0.0, 1.0]
            ]
        },
        {
            "name": "Leg_L",
            "time": [0.0, 0.2083, 0.375, 0.8333, 1.3333, 1.7917],