{
    "animation": [
        {
            "name": "Root",
            "time": [0.0, 0.3167, 0.5833, 1.05, 1.55],
            "transform": [
                [0.879679, 0.0, -0.475568, -5e-06, -0.475568, 0.0, -0.879679, 0.000946, 0.0, 1.0, 0.0, 0.74484, 0.0, 0.0, 0.0, 1.0],
                [0.628146, 0.027809, -0.777599, -0.0017, -0.777583, 0.058697, -0.626034, -0.044373, 0.028233, 0.997888, 0.058494, 0.68399, 0.0, 0.0, 0.0, 1.0],
                [0.628146, 0.027809, -0.777599, -0.0017, -0.777583, 0.058697, -0.626034, -0.044373, 0.028233, 0.997888, 0.058494, 0.66805, 0.0, 0.0, 0.0, 1.0],
                [0.628146, 0.027809, -0.777599, -0.0017, -0.777583, 0.058697, -0.626034, -0.044373, 0.028233, 0.997888, 0.058494, 0.66805, 0.0, 0.0, 0.0, 1.0],
                [0.879679, 0.0, -0.475568, -5e-06, -0.475568, 0.0, -0.879679, 0.000946, 0.0, 1.0, 0.0, 0.74484, 0.0, 0.0, 0.0, 1.0]
            ]
        },
        {
            "name": "Thigh_R",
            "time": [0.0, 0.3167, 0.5833, 1.05, 1.55],
            "transform": [
                [0.882447, 0.17581, 0.436322, 0.124994, 0.070992, -0.966681, 0.245934, -0.002831, 0.465022, -0.186047, -0.865529, -1.2e-05, 0.0, 0.0, 0.0, 1.0],
                [0.857519, 0.272549, 0.436322, 0.124994, 0.177715, -0.952854, 0.245934, -0.002831, 0.48278, -0.133351, -0.865529, -1.2e-05, 0.0, 0.0, 0.0, 1.0],
                [0.858881, 0.318367, 0.401205, 0.124994, 0.261866, -0.94617, 0.190223, -0.002831, 0.440169, -0.058317, -0.896019, -1.2e-05, 0.0, 0.0, 0.0, 1.0],
                [0.858881, 0.318367, 0.401205, 0.124994, 0.261866, -0.94617, 0.190223, -0.002831, 0.440169, -0.058317, -0.896019, -1.2e-05, 0.0, 0.0, 0.0, 1.0],
                [0.882447, 0.17581, 0.436322, 0.124994, 0.070992, -0.966681, 0.245934, -0.002831, 0.465022, -0.186047, -0.865529, -1.2e-05, 0.0, 0.0, 0.0, 1.0]
            ]
        },
        {
            "name": "Leg_R",
            "time": [0.0, 0.3167, 0.5833, 1.05, 1.55],
            "transform": [
                [1.0, 0.0, 1e-06, 0.0, -0.0, 0.984472, 0.175547, 0.37472, -1e-06, -0.175547, 0.98447, -0.0, 0.0, 0.0, 0.0, 1.0],
                [1.0, -0.0, 1e-06, 0.0, -0.0, 0.81659, 0.577219, 0.37472, -1e-06, -0.57722, 0.816588, 0.0, 0.0, 0.0, 0.0, 1.0],
                [1.0, -0.0, 1e-06, 0.0, -0.0, 0.81659, 0.577219, 0.37472, -1e-06, -0.57722, 0.816588, -0.0, 0.0, 0.0, 0.0, 1.0],
                [1.0, -0.0, 1e-06, 0.0, -0.0, 0.81659, 0.577219, 0.37472, -1e-06, -0.57722, 0.816588, -0.0, 0.0, 0.0, 0.0, 1.0],
                [1.0, 0.0, 1e-06, 0.0, -0.0, 0.984472, 0.175547, 0.37472, -1e-06, -0.175547, 0.98447, -0.0, 0.0, 0.0, 0.0, 1.0]
            ]
        },
        {
            "name": "Knee_R",
            "time": [0.0, 0.3167, 0.5833, 1.05, 1.55],
            "transform": [
                [1.0, 0.0, -0.0, 0.0, -0.0, 1e-06, -1.0, 0.383077, -0.0, 1.0, 1e-06, -0.001653, 0.0, 0.0, 0.0, 1.0],
                [1.0, 0.0, -0.0, -0.0, -0.0, 1e-06, -1.0, 0.383077, -0.0, 1.0, 1e-06, -0.001653, 0.0, 0.0, 0.0, 1.0],
                [1.0, 0.0, -0.0, 0.0, -0.0, 1e-06, -1.0, 0.383077, -0.0, 1.0, 1e-06, -0.001653, 0.0, 0.0, 0.0, 1.0],
                [1.0, 0.0, -0.0, 0.0, -0.0, 1e-06, -1.0, 0.383077, -0.0, 1.0, 1e-06, -0.001653, 0.0, 0.0, 0.0, 1.0],
                [1.0, 0.0, -0.0, 0.0, -0.0, 1e-06, -1.0, 0.383077, -0.0, 1.0, 1e-06, -0.001653, 0.0, 0.0, 0.0, 1.0]
            ]
        },
        {
            "name": "Thigh_L",
            "time": [0.0, 0.3167, 0.5833, 1.05, 1.55],
            "transform": [
                [0.950598, -0.208511, -0.22997, -0.125006, -0.120478, -0.930568, 0.345728, -0.002831, -0.286091, -0.300941, -0.909717, -1.2e-05, 0.0, 0.0, 0.0, 1.0],
                [0.950598, -0.260002, -0.169592, -0.125006, -0.120478, -0.812512, 0.570359, -0.002831, -0.286091, -0.52175, -0.803696, -1.2e-05, 0.0, 0.0, 0.0, 1.0],
                [0.950598, -0.286257, -0.120084, -0.125006, -0.120478, -0.696728, 0.707145, -0.002831, -0.286091, -0.657744, -0.696796, -1.2e-05, 0.0, 0.0, 0.0, 1.0],
                [0.950598, -0.286257, -0.120084, -0.125006, -0.120478, -0.696728, 0.707145, -0.002831, -0.286091, -0.657744, -0.696796, -1.2e-05, 0.0, 0.0, 0.0, 1.0],
                [0.950598, -0.208511, -0.22997, -0.125006, -0.120478, -0.930568, 0.345728, -0.002831, -0.286091, -0.300941, -0.909717, -1.2e-05, 0.0, 0.0, 0.0, 1.0]
            ]
        },
        {
            "name": "Leg_L",
            "time": [0.0, 0.3167, 0.5833, 1.05, 1.55],
            "transform": [
                [1.0, -0.0, 1e-06, 0.0, -0.0, 0.947813, 0.318825, 0.37472, -1e-06, -0.318825, 0.947814, -0.0, 0.0, 0.0, 0.0, 1.0],
                [1.0, -1e-06, 1e-06, -0.0, -0.0, 0.674717, 0.738076, 0.37472, -1e-06, -0.738076, 0.674718, -0.0, 0.0, 0.0, 0.0, 1.0],
                [1.0, -1e-06, 1e-06, -0.0, -0.0, 0.674717, 0.738076, 0.37472, -1e-06, -0.738076, 0.674718, 0.0, 0.0, 0.0, 0.0, 1.0],
                [1.0, -1e-06, 1e-06, -0.0, -0.0, 0.674717, 0.738076, 0.37472, -1e-06, -0.738076, 0.674718, 0.0, 0.0, 0.0, 0.0, 1.0],
                [1.0, -0.0, 1e-06, 0.0, -0.0, 0.947813, 0.318825, 0.37472, -1e-06, -0.318825, 0.947814, -0.0, 0.0, 0.0, 0.0, 1.0]
            ]
        },
        {
            "name": "Knee_L",
            "time": [0.0, 0.3167, 0.5833, 1.05, 1.55],
            "transform": [
                [1.0, 0.0, -0.0, 0.0, -0.0, 1e-06, -1.0, 0.37472, -0.0, 1.0, 1e-06, -0.0, 0.0, 0.0, 0.0, 1.0],
                [1.0, 0.0, -0.0, -0.0, -0.0, 1e-06, -1.0, 0.37472, -0.0, 1.0, 1e-06, -0.0, 0.0, 0.0, 0.0, 1.0],
                [1.0, 0.0, -0.0, -0.0, -0.0, 1e-06, -1.0, 0.37472, -0.0, 1.0, 1e-06, 0.0, 0.0, 0.0, 0.0, 1.0],
                [1.0, 0.0, -0.0, -0.0, -0.0, 1e-06, -1.0, 0.37472, -0.0, 1.0, 1e-06, 0.0, 0.0, 0.0, 0.0, 1.0],
                [1.0, 0.0, -0.0, 0.0, -0.0, 1e-06, -1.0, 0.37472, -0.0, 1.0, 1e-06, -0.0, 0.0, 0.0, 0.0, 1.0]
            ]
        },
        {
            "name": "Torso",
            "time": [0.0, 0.3167, 0.5833, 1.05, 1.55],
            "transform": [
                [0.996512, 0.0, 0.083446, -0.0, 0.0, 1.0, 0.0, 0.05, -0.083446, 0.0, 0.996512, 0.0, 0.0, 0.0, 0.0, 1.0],
                [0.996512, -0.0, 0.083446, -0.0, 0.0, 1.0, 0.0, 0.05, -0.083446, -0.0, 0.996512, -0.0, 0.0, 0.0, 0.0, 1.0],
                [0.996512, -0.0, 0.083446, -0.0, 0.0, 1.0, 0.0, 0.05, -0.083446, -0.0, 0.996512, 0.0, 0.0, 0.0, 0.0, 1.0],
                [0.996512, -0.0, 0.083446, -0.0, 0.0, 1.0, 0.0, 0.05, -0.083446, -0.0, 0.996512, 0.0, 0.0, 0.0, 0.0, 1.0],
                [0.996512, 0.0, 0.083446, -0.0, 0.0, 1.0, 0.0, 0.05, -0.083446, 0.0, 0.996512, 0.0, 0.0, 0.0, 0.0, 1.0]
            ]
        },
        {
            "name": "Chest",
            "time": [0.0, 0.3167, 0.5833, 1.05, 1.55],
            "transform": [
                [0.999232, 0.004476, 0.038924, -0.0, -0.006676, 0.998376, 0.056579, 0.3, -0.038608, -0.056795, 0.997639, -0.0, 0.0, 0.0, 0.0, 1.0],
                [0.996399, 0.070579, 0.046985, -0.0, -0.082299, 0.938359, 0.335721, 0.3, -0.020393, -0.338379, 0.940789, 0.0, 0.0, 0.0, 0.0, 1.0],
                [0.996399, 0.075234, 0.039102, -0.0, -0.082299, 0.969084, 0.232599, 0.3, -0.020394, -0.234979, 0.971787, -0.0, 0.0, 0.0, 0.0, 1.0],
                [0.996399, 0.075234, 0.039102, -0.0, -0.082299, 0.969084, 0.232599, 0.3, -0.020394, -0.234979, 0.971787, -0.0, 0.0, 0.0, 0.0, 1.0],
                [0.999232, 0.004476, 0.038924, -0.0, -0.006676, 0.998376, 0.056579, 0.3, -0.038608, -0.056795, 0.997639, -0.0, 0.0, 0.0, 0.0, 1.0]
            ]
        },
        {
            "name": "Head",
            "time": [0.0, 0.3167, 0.5833, 1.05, 1.55],