{
    "animation": [
        {
            "name": "Root",
            "time": [0.0, 0.1833, 0.45, 0.5333, 0.75, 1.4],
            "transform": [
                [0.979012, 0.0, -0.203803, -5e-06, -0.203803, 0.0, -0.979012, 0.031688, 0.0, 1.0, 0.0, 0.65162, 0.0, 0.0, 0.0, 1.0],
                [0.682352, 0.0, -0.731024, -5e-06, -0.731024, 0.0, -0.682352, -0.098044, 0.0, 1.0, 0.0, 0.619721, 0.0, 0.0, 0.0, 1.0],
                [0.682352, 0.0, -0.731024, -5e-06, -0.731024, 0.0, -0.682352, -0.098044, 0.0, 1.0, 0.0, 0.619721, 0.0, 0.0, 0.0, 1.0],
                [0.682352, 0.0, -0.731024, -5e-06, -0.731024, 0.0, -0.682352, -0.433858, 0.0, 1.0, 0.0, 0.572923, 0.0, 0.0, 0.0, 1.0],
                [0.682352, 0.0, -0.731024, -5e-06, -0.731024, 0.0, -0.682352, -0.468513, 0.0, 1.0, 0.0, 0.619721, 0.0, 0.0, 0.0, 1.0],
                [0.879679, 0.0, -0.475568, -5e-06, -0.475568, 0.0, -0.879679, -0.819653, 0.0, 1.0, 0.0, 0.74484, 0.0, 0.0, 0.0, 1.0]
            ]
        },
        {
            "name": "Thigh_R",
            "time": [0.0, 0.1833, 0.45, 0.5333, 0.75, 1.4],
            "transform": [
                [0.86219, 0.248649, 0.441364, 0.124994, 0.371623, -0.902547, -0.217489, -0.002831, 0.344274, 0.351537, -0.870573, -1.2e-05, 0.0, 0.0, 0.0, 1.0],
                [0.845207, 0.316054, 0.430969, 0.124994, 0.444718, -0.863143, -0.239178, -0.002831, 0.296395, 0.393814, -0.870092, -1.2e-05, 0.0, 0.0, 0.0, 1.0],
                [0.814072, 0.418655, 0.40251, 0.124994, 0.513117, -0.843113, -0.160839, -0.002831, 0.272025, 0.337469, -0.901175, -1.2e-05, 0.0, 0.0, 0.0, 1.0],
                [0.737095, 0.592773, 0.324514, 0.124994, 0.64521, -0.760107, -0.077061, -0.002831, 0.200986, 0.266181, -0.942737, -1.2e-05, 0.0, 0.0, 0.0, 1.0],
                [0.814072, 0.418655, 0.40251, 0.124994, 0.513117, -0.843113, -0.160839, -0.002831, 0.272025, 0.337469, -0.901175, -1.2e-05, 0.0, 0.0, 0.0, 1.0],
                [0.882447, 0.17581, 0.436322, 0.124994, 0.070992, -0.966681, 0.245934, -0.002831, 0.465022, -0.186047, -0.865529, -1.2e-05, 0.0, 0.0, 0.0, 1.0]
            ]
        },
        {
            "name": "Leg_R",
            "time": [0.0, 0.1833, 0.45, 0.5333, 0.75, 1.4],
            "transform": [
                [1.0, 0.0, 1e-06, 0.0, -0.0, 0.984472, 0.175547, 0.37472, -1e-06, -0.175547, 0.98447, -0.0, 0.0, 0.0, 0.0, 1.0],
                [1.0, 0.0, 1e-06, 0.0, -0.0, 0.984472, 0.175547, 0.37472, -1e-06, -0.175547, 0.98447, 0.0, 0.0, 0.0, 0.0, 1.0],
                [1.0, 0.0, 1e-06, -0.0, -0.0, 0.93618, 0.351521, 0.37472, -1e-06, -0.351522, 0.936179, -0.0, 0.0, 0.0, 0.0, 1.0],
                [1.0, -0.0, 1e-06, 0.0, -0.0, 0.847231, 0.531225, 0.37472, -1e-06, -0.531226, 0.84723, -0.0, 0.0, 0.0, 0.0, 1.0],
                [1.0, 0.0, 1e-06, -0.0, -0.0, 0.93618, 0.351521, 0.37472, -1e-06, -0.351522, 0.936179, -0.0, 0.0, 0.0, 0.0, 1.0],
                [1.0, 0.0, 1e-06, -0.0, -0.0, 0.984472, 0.175547, 0.37472, -1e-06, -0.175547, 0.98447, -0.0, 0.0, 0.0, 0.0, 1.0]
            ]
        },
        {
            "name": "Knee_R",
            "time": [0.0, 0.1833, 0.45, 0.75, 1.4],
            "transform": [
                [1.0, 0.0, -0.0, -0.0, -0.0, 1e-06, -1.0, 0.383077, -0.0, 1.0, 1e-06, -0.001653, 0.0, 0.0, 0.0, 1.0],
                [1.0, 0.0, -0.0, 0.0, -0.0, 1e-06, -1.0, 0.383077, -0.0, 1.0, 1e-06, -0.001653, 0.0, 0.0, 0.0, 1.0],
                [1.0, 0.0, -0.0, -0.0, -0.0, 1e-06, -1.0, 0.383077, -0.0, 1.0, 1e-06, -0.001653, 0.0, 0.0, 0.0, 1.0],
                [1.0, 0.0, -0.0, 0.0, -0.0, 1e-06, -1.0, 0.383077, -0.0, 1.0, 1e-06, -0.001653, 0.0, 0.0, 0.0, 1.0],
                [1.0, 0.0, -0.0, -0.0, -0.0, 1e-06, -1.0, 0.383077, -0.0, 1.0, 1e-06, -0.001653, 0.0, 0.0, 0.0, 1.0]
            ]
        },
        {
            "name": "Thigh_L",
            "time": [0.0, 0.1833, 0.45, 0.5333, 0.75, 1.4],
            "transform": [
                [0.944061, -0.26681, -0.193803, -0.125006, -0.062803, -0.722405, 0.688611, -0.002831, -0.323733, -0.63792, -0.698752, -1.2e-05, 0.0, 0.0, 0.0, 1.0],
                [0.685245, -0.620143, -0.381917, -0.125006, -0.058287, -0.569401, 0.819991, -0.002831, -0.725976, -0.539634, -0.426326, -1.2e-05, 0.0, 0.0, 0.0, 1.0],
                [0.685245, -0.620143, -0.381917, -0.125006, -0.058287, -0.569401, 0.819991, -0.002831, -0.725976, -0.539634, -0.426326, -1.2e-05, 0.0, 0.0, 0.0, 1.0],
                [0.685245, -0.628492, -0.368017, -0.125006, -0.058287, -0.551005, 0.832463, -0.002831, -0.725976, -0.548991, -0.414207, -1.2e-05, 0.0, 0.0, 0.0, 1.0],
                [0.685245, -0.620143, -0.381917, -0.125006, -0.058287, -0.569401, 0.819991, -0.002831, -0.725976, -0.539634, -0.426326, -1.2e-05, 0.0, 0.0, 0.0, 1.0],
                [0.950598, -0.208511, -0.22997, -0.125006, -0.120478, -0.930568, 0.345728, -0.002831, -0.286091, -0.300941, -0.909717, -1.2e-05, 0.0, 0.0, 0.0, 1.0]
            ]
        },
        {
            "name": "Leg_L",
            "time": [0.0, 0.1833, 0.45, 0.5333, 0.75, 1.4],
            "transform": [
                [1.0, -0.0, 1e-06, -0.0, -0.0, 0.824416, 0.565984, 0.37472, -1e-06, -0.565984, 0.824417, 0.0, 0.0, 0.0, 0.0, 1.0],
                [1.0, -1e-06, 1e-06, -0.0, -0.0, 0.619505, 0.784993, 0.37472, -1e-06, -0.784992, 0.619506, -0.0, 0.0, 0.0, 0.0, 1.0],
                [1.0, -0.0, 1e-06, -0.0, -0.0, 0.717531, 0.696527, 0.37472, -1e-06, -0.696526, 0.717531, -0.0, 0.0, 0.0, 0.0, 1.0],
                [1.0, -0.0, 1e-06, 0.0, -0.0, 0.877904, 0.478836, 0.37472, -1e-06, -0.478835, 0.877905, -0.0, 0.0, 0.0, 0.0, 1.0],
                [1.0, -0.0, 1e-06, -0.0, -0.0, 0.717531, 0.696527, 0.37472, -1e-06, -0.696526, 0.717531, -0.0, 0.0, 0.0, 0.0, 1.0],
                [1.0, -0.0, 1e-06, 0.0, -0.0, 0.947813, 0.318825, 0.37472, -1e-06, -0.318825, 0.947814, -0.0, 0.0, 0.0, 0.0, 1.0]
            ]
        },
        {
            "name": "Knee_L",
            "time": [0.0, 0.1833, 0.45, 0.75, 1.4],
            "transform": [
                [1.0, 0.0, -0.0, -0.0, -0.0, 1e-06, -1.0, 0.37472, -0.0, 1.0, 1e-06, 0.0, 0.0, 0.0, 0.0, 1.0],
                [1.0, 0.0, -0.0, -0.0, -0.0, 1e-06, -1.0, 0.37472, -0.0, 1.0, 1e-06, -0.0, 0.0, 0.0, 0.0, 1.0],
                [1.0, 0.0, -0.0, -0.0, -0.0, 1e-06, -1.0, 0.37472, -0.0, 1.0, 1e-06, -0.0, 0.0, 0.0, 0.0, 1.0],
                [1.0, 0.0, -0.0, -0.0, -0.0, 1e-06, -1.0, 0.37472, -0.0, 1.0, 1e-06, -0.0, 0.0, 0.0, 0.0, 1.0],
                [1.0, 0.0, -0.0, 0.0, -0.0, 1e-06, -1.0, 0.37472, -0.0, 1.0, 1e-06, -0.0, 0.0, 0.0, 0.0, 1.0]
            ]
        },
        {
            "name": "Torso",
            "time": [0.0, 0.1833, 0.45, 0.75, 1.4],
            "transform": [
                [0.996512, 0.0, 0.083446, -0.0, 0.0, 1.0, 0.0, 0.05, -0.083446, 0.0, 0.996512, -0.0, 0.0, 0.0, 0.0, 1.0],
                [0.996512, 0.0, 0.083446, 0.0, 0.0, 1.0, 0.0, 0.05, -0.083446, 0.0, 0.996512, -0.0, 0.0, 0.0, 0.0, 1.0],
                [0.996512, 0.0, 0.083446, 0.0, 0.0, 1.0, 0.0, 0.05, -0.083446, 0.0, 0.996512, -0.0, 0.0, 0.0, 0.0, 1.0],
                [0.996512, 0.0, 0.083446, -0.0, 0.0, 1.0, 0.0, 0.05, -0.083446, 0.0, 0.996512, -0.0, 0.0, 0.0, 0.0, 1.0],
                [0.996512, 0.0, 0.083446, 0.0, 0.0, 1.0, 0.0, 0.05, -0.083446, 0.0, 0.996512, -0.0, 0.0, 0.0, 0.0, 1.0]
            ]
        },
        {
            "name": "Chest",
            "time": [0.0, 0.1833, 0.45, 0.5333, 0.75, 1.4],