{
    "animation": [
        {
            "name": "Root",
            "time": [0.0, 0.1167, 0.2167, 0.4833, 0.65],
            "transform": [
                [0.979012, 0.0, -0.203803, -5e-06, -0.203803, 0.0, -0.979012, 0.031688, 0.0, 1.0, 0.0, 0.65162, 0.0, 0.0, 0.0, 1.0],
                [0.979012, 0.0, -0.203803, -5e-06, -0.203803, 0.0, -0.979012, 0.031688, 0.0, 1.0, 0.0, 0.659383, 0.0, 0.0, 0.0, 1.0],
                [0.979012, 0.0, -0.203803, -5e-06, -0.203803, 0.0, -0.979012, -0.225637, 0.0, 1.0, 0.0, 0.659383, 0.0, 0.0, 0.0, 1.0],
                [0.979012, 0.0, -0.203803, -5e-06, -0.203803, 0.0, -0.979012, -0.278888, 0.0, 1.0, 0.0, 0.659383, 0.0, 0.0, 0.0, 1.0],
                [0.979012, 0.0, -0.203803, -5e-06, -0.203803, 0.0, -0.979012, -0.278888, 0.0, 1.0, 0.0, 0.659383, 0.0, 0.0, 0.0, 1.0]
            ]
        },
        {
            "name": "Thigh_R",
            "time": [0.0, 0.1167, 0.4833, 0.65],
            "transform": [
                [0.86219, 0.248649, 0.441364, 0.124994, 0.371623, -0.902547, -0.217489, -0.002831, 0.344274, 0.351537, -0.870573, -1.2e-05, 0.0, 0.0, 0.0, 1.0],
                [0.863791, 0.236002, 0.44516, 0.124994, 0.353453, -0.913478, -0.201558, -0.002831, 0.359076, 0.331447, -0.872472, -1.2e-05, 0.0, 0.0, 0.0, 1.0],
                [0.863791, 0.236002, 0.44516, 0.124994, 0.353453, -0.913478, -0.201558, -0.002831, 0.359076, 0.331447, -0.872472, -1.2e-05, 0.0, 0.0, 0.0, 1.0],
                [0.863791, 0.236002, 0.44516, 0.124994, 0.353453, -0.913478, -0.201558, -0.002831, 0.359076, 0.331447, -0.872472, -1.2e-05, 0.0, 0.0, 0.0, 1.0]
            ]
        },
        {
            "name": "Leg_R",
            "time": [0.0, 0.1167, 0.4833, 0.65],
            "transform": [
                [1.0, 0.0, 1e-06, 0.0, -0.0, 0.984472, 0.175547, 0.37472, -1e-06, -0.175547, 0.98447, -0.0, 0.0, 0.0, 0.0, 1.0],
                [1.0, 0.0, 1e-06, -0.0, -0.0, 0.984472, 0.175547, 0.37472, -1e-06, -0.175547, 0.98447, -0.0, 0.0, 0.0, 0.0, 1.0],
                [1.0, 0.0, 1e-06, -0.0, -0.0, 0.984472, 0.175547, 0.37472, -1e-06, -0.175547, 0.98447, -0.0, 0.0, 0.0, 0.0, 1.0],
                [1.0, 0.0, 1e-06, -0.0, -0.0, 0.984472, 0.175547, 0.37472, -1e-06, -0.175547, 0.98447, -0.0, 0.0, 0.0, 0.0, 1.0]
            ]
        },
        {
            "name": "Knee_R",
            "time": [0.0, 0.1167, 0.4833, 0.65],
            "transform": [
                [1.0, 0.0, -0.0, -0.0, -0.0, 1e-06, -1.0, 0.383077, -0.0, 1.0, 1e-06, -0.001653, 0.0, 0.0, 0.0, 1.0],
                [1.0, 0.0, -0.0, -0.0, -0.0, 1e-06, -1.0, 0.383077, -0.0, 1.0, 1e-06, -0.001653, 0.0, 0.0, 0.0, 1.0],
                [1.0, 0.0, -0.0, 0.0, -0.0, 1e-06, -1.0, 0.383077, -0.0, 1.0, 1e-06, -0.001653, 0.0, 0.0, 0.0, 1.0],
                [1.0, 0.0, -0.0, 0.0, -0.0, 1e-06, -1.0, 0.383077, -0.0, 1.0, 1e-06, -0.001653, 0.0, 0.0, 0.0, 1.0]
            ]
        },
        {
            "name": "Thigh_L",
            "time": [0.0, 0.1167, 0.4833, 0.65],
            "transform": [
                [0.944061, -0.26681, -0.193803, -0.125006, -0.062803, -0.722405, 0.688611, -0.002831, -0.323733, -0.63792, -0.698752, -1.2e-05, 0.0, 0.0, 0.0, 1.0],
                [0.944061, -0.258276, -0.205038, -0.125006, -0.062803, -0.751198, 0.657082, -0.002831, -0.323733, -0.607449, -0.725398, -1.2e-05, 0.0, 0.0, 0.0, 1.0],
                [0.944061, -0.258276, -0.205038, -0.125006, -0.062803, -0.751198, 0.657082, -0.002831, -0.323733, -0.607449, -0.725398, -1.2e-05, 0.0, 0.0, 0.0, 1.0],
                [0.944061, -0.258276, -0.205038, -0.125006, -0.062803, -0.751198, 0.657082, -0.002831, -0.323733, -0.607449, -0.725398, -1.2e-05, 0.0, 0.0, 0.0, 1.0]
            ]
        },
        {
            "name": "Leg_L",
            "time": [0.0, 0.1167, 0.4833, 0.65],
            "transform": [
                [1.0, -0.0, 1e-06, -0.0, -0.0, 0.824416, 0.565984, 0.37472, -1e-06, -0.565984, 0.824417, 0.0, 0.0, 0.0, 0.0, 1.0],
                [1.0, -0.0, 1e-06, 0.0, -0.0, 0.782069, 0.623191, 0.37472, -1e-06, -0.623191, 0.78207, 0.0, 0.0, 0.0, 0.0, 1.0],
                [1.0, -0.0, 1e-06, 0.0, -0.0, 0.782069, 0.623191, 0.37472, -1e-06, -0.623191, 0.78207, -0.0, 0.0, 0.0, 0.0, 1.0],
                [1.0, -0.0, 1e-06, 0.0, -0.0, 0.782069, 0.623191, 0.37472, -1e-06, -0.623191, 0.78207, -0.0, 0.0, 0.0, 0.0, 1.0]
            ]
        },
        {
            "name": "Knee_L",
            "time": [0.0, 0.1167, 0.4833, 0.65],
            "transform": [
                [1.0, 0.0, -0.0, -0.0, -0.0, 1e-06, -1.0, 0.37472, -0.0, 1.0, 1e-06, 0.0, 0.0, 0.0, 0.0, 1.0],
                [1.0, 0.0, -0.0, 0.0, -0.0, 1e-06, -1.0, 0.37472, -0.0, 1.0, 1e-06, 0.0, 0.0, 0.0, 0.0, 1.0],
                [1.0, 0.0, -0.0, 0.0, -0.0, 1e-06, -1.0, 0.37472, -0.0, 1.0, 1e-06, -0.0, 0.0, 0.0, 0.0, 1.0],
                [1.0, 0.0, -0.0, 0.0, -0.0, 1e-06, -1.0, 0.37472, -0.0, 1.0, 1e-06, -0.0, 0.0, 0.0, 0.0, 1.0]
            ]
        },
        {
            "name": "Torso",
            "time": [0.0, 0.1167, 0.4833, 0.65],
            "transform": [
                [0.996512, 0.0, 0.083446, -0.0, 0.0, 1.0, 0.0, 0.05, -0.083446, 0.0, 0.996512, -0.0, 0.0, 0.0, 0.0, 1.0],
                [0.996512, 0.0, 0.083446, -0.0, 0.0, 1.0, 0.0, 0.05, -0.083446, 0.0, 0.996512, -0.0, 0.0, 0.0, 0.0, 1.0],
                [0.996512, 0.0, 0.083446, -0.0, 0.0, 1.0, 0.0, 0.05, -0.083446, 0.0, 0.996512, 0.0, 0.0, 0.0, 0.0, 1.0],
                [0.996512, 0.0, 0.083446, -0.0, 0.0, 1.0, 0.0, 0.05, -0.083446, 0.0, 0.996512, 0.0, 0.0, 0.0, 0.0, 1.0]
            ]
        },
        {
            "name": "Chest",
            "time": [0.0, 0.1167, 0.2167, 0.4833, 0.65],
            "transform": [
                [0.96306, 0.003183, -0.269268, 0.0, 0.075342, 0.956811, 0.280777, 0.3, 0.258533, -0.290692, 0.921227, 0.0, 0.0, 0.0, 0.0, 1.0],
                [0.961579, 0.000344, -0.274528, 0.0, 0.083807, 0.951895, 0.294742, 0.3, 0.261423, -0.306425, 0.915293, 0.0, 0.0, 0.0, 0.0, 1.0],
                [0.964422, 0.017134, -0.263813, 0.0, -0.032593, 0.997991, -0.054335, 0.3, 0.262351, 0.061001, 0.963042, -0.0, 0.0, 0.0, 0.0, 1.0],
                [0.961579, 0.000344, -0.274528, 0.0, 0.083807, 0.951895, 0.294742, 0.3, 0.261423, -0.306425, 0.915293, -0.0, 0.0, 0.0, 0.0, 1.0],
                [0.961579, 0.000344, -0.274528, 0.0, 0.083807, 0.951895, 0.294742, 0.3, 0.261423, -0.306425, 0.915293, -0.0, 0.0, 0.0, 0.0, 1.0]
            ]
        },
        {
            "name": "Head",
            "time": [0.0, 0.1167, 0.2167, 0.4833, 0.65],
            "transform": [
                [0.874161, -0.183288, 0.44972, 0.0, 0.215953, 0.976158, -0.021925, 0.4, -0.434979, 0.116285, 0.8929, 0.0, 0.0, 0.0, 0.0, 1.0],
                [0.874161, -0.183288, 0.44972, 0.0, 0.215953, 0.976158, -0.021925, 0.4, -0.434979, 0.116285, 0.8929, 0.0, 0.0, 0.0, 0.0, 1.0],
                [0.885975, -0.135638, 0.443454, -0.0, 0.107264, 0.990276, 0.088591, 0.4, -0.451158, -0.030923, 0.891908, -0.0, 0.0, 0.0, 0.0, 1.0],
                [0.874161, -0.183288, 0.44972, 0.0, 0.215953, 0.976158, -0.021925, 0.4, -0.434979, 0.116285, 0.8929, 0.0, 0.0, 0.0, 0.0, 1.0],
                [0.874161, -0.183288, 0.44972, 0.0, 0.215953, 0.976158, -0.021925, 0.4, -0.434979, 0.116285, 0.8929, 0.0, 0.0, 0.0, 0.0, 1.0]
            ]
        },
        {
            "name": "Shoulder_R",
            "time": [0.0, 0.1167, 0.4833, 0.65],