{
    "animation": [
        {
            "name": "Root",
            "time": [0.0, 0.1667, 0.35, 0.65, 0.9667],
            "transform": [
                [0.622021, 0.0, -0.783, -5e-06, -0.783, 0.0, -0.622021, -0.029692, 0.0, 1.0, 0.0, 0.74484, 0.0, 0.0, 0.0, 1.0],
                [0.350112, 0.0, -0.936708, 0.039507, -0.936708, 0.0, -0.350112, -0.368715, 0.0, 1.0, 0.0, 0.693417, 0.0, 0.0, 0.0, 1.0],
                [0.876364, 0.005992, 0.481611, -5e-06, 0.481052, 0.038849, -0.875831, 0.313181, -0.023958, 0.999227, 0.031163, 0.673182, 0.0, 0.0, 0.0, 1.0],
                [0.690609, -0.0, 0.723229, -5e-06, 0.722527, 0.044027, -0.689939, 0.275886, -0.031842, 0.99903, 0.030405, 0.658743, 0.0, 0.0, 0.0, 1.0],
                [0.690609, -0.0, 0.723229, -5e-06, 0.722527, 0.044027, -0.689939, 0.275886, -0.031842, 0.99903, 0.030405, 0.658743, 0.0, 0.0, 0.0, 1.0]
            ]
        },
        {
            "name": "Thigh_R",
            "time": [0.0, 0.1667, 0.35, 0.65, 0.9667],
            "transform": [
                [0.844069, 0.139563, -0.517755, 0.124994, 0.169115, -0.985543, 0.01004, -0.002831, -0.508869, -0.096034, -0.85547, -1.2e-05, 0.0, 0.0, 0.0, 1.0],
                [0.79505, 0.439079, -0.418455, 0.124994, 0.371657, -0.897872, -0.235995, -0.002831, -0.47934, 0.032106, -0.877042, -1.2e-05, 0.0, 0.0, 0.0, 1.0],
                [0.971791, 0.222263, 0.078866, 0.124994, 0.125774, -0.771296, 0.623924, -0.002831, 0.199504, -0.596403, -0.777497, -1.2e-05, 0.0, 0.0, 0.0, 1.0],
                [0.942864, 0.275742, 0.187011, 0.124994, 0.062789, -0.698292, 0.713052, -0.002831, 0.327207, -0.660567, -0.67571, -1.2e-05, 0.0, 0.0, 0.0, 1.0],
                [0.942864, 0.275742, 0.187011, 0.124994, 0.062789, -0.698292, 0.713052, -0.002831, 0.327207, -0.660567, -0.67571, -1.2e-05, 0.0, 0.0, 0.0, 1.0]
            ]
        },
        {
            "name": "Leg_R",
            "time": [0.0, 0.1667, 0.35, 0.65, 0.9667],
            "transform": [
                [1.0, 0.0, 1e-06, -0.0, -0.0, 0.952579, 0.304294, 0.37472, -1e-06, -0.304294, 0.952578, 0.0, 0.0, 0.0, 0.0, 1.0],
                [1.0, 0.0, 1e-06, -0.0, -0.0, 0.952579, 0.304294, 0.37472, -1e-06, -0.304294, 0.952577, -0.0, 0.0, 0.0, 0.0, 1.0],
                [1.0, 0.0, 1e-06, 0.0, -0.0, 0.952579, 0.304294, 0.37472, -1e-06, -0.304294, 0.952578, 0.0, 0.0, 0.0, 0.0, 1.0],
                [1.0, 0.0, 1e-06, 0.0, -0.0, 0.952579, 0.304294, 0.37472, -1e-06, -0.304294, 0.952578, -0.0, 0.0, 0.0, 0.0, 1.0],
                [1.0, 0.0, 1e-06, 0.0, -0.0, 0.952579, 0.304294, 0.37472, -1e-06, -0.304294, 0.952578, -0.0, 0.0, 0.0, 0.0, 1.0]
            ]
        },
        {
            "name": "Knee_R",
            "time": [0.0, 0.1667, 0.35, 0.65, 0.9667],
            "transform": [
                [1.0, 0.0, -0.0, -0.0, -0.0, 1e-06, -1.0, 0.383077, -0.0, 1.0, 1e-06, -0.001653, 0.0, 0.0, 0.0, 1.0],
                [1.0, 0.0, -0.0, -0.0, -0.0, 1e-06, -1.0, 0.383077, -0.0, 1.0, 1e-06, -0.001653, 0.0, 0.0, 0.0, 1.0],
                [1.0, 0.0, -0.0, 0.0, -0.0, 1e-06, -1.0, 0.383077, -0.0, 1.0, 1e-06, -0.001653, 0.0, 0.0, 0.0, 1.0],
                [1.0, 0.0, -0.0, -0.0, -0.0, 1e-06, -1.0, 0.383077, -0.0, 1.0, 1e-06, -0.001653, 0.0, 0.0, 0.0, 1.0],
                [1.0, 0.0, -0.0, -0.0, -0.0, 1e-06, -1.0, 0.383077, -0.0, 1.0, 1e-06, -0.001653, 0.0, 0.0, 0.0, 1.0]
            ]
        },
        {
            "name": "Thigh_L",
            "time": [0.0, 0.1667, 0.35, 0.65, 0.9667],
            "transform": [
                [0.562091, -0.321786, -0.76191, -0.125006, 0.005702, -0.919681, 0.392625, -0.002831, -0.827055, -0.225035, -0.51511, -1.2e-05, 0.0, 0.0, 0.0, 1.0],
                [0.562091, -0.587618, -0.58203, -0.125006, 0.005702, -0.700951, 0.713186, -0.002831, -0.827055, -0.404194, -0.390648, -1.2e-05, 0.0, 0.0, 0.0, 1.0],
                [0.968712, -0.248055, 0.008037, -0.125006, -0.242144, -0.95174, -0.188564, -0.002831, 0.054423, 0.180719, -0.982028, -1.2e-05, 0.0, 0.0, 0.0, 1.0],
                [0.943661, -0.277829, 0.17976, -0.125006, -0.213644, -0.926356, -0.310193, -0.002831, 0.252702, 0.254313, -0.933523, -1.2e-05, 0.0, 0.0, 0.0, 1.0],
                [0.943661, -0.277829, 0.17976, -0.125006, -0.213644, -0.926356, -0.310193, -0.002831, 0.252702, 0.254313, -0.933523, -1.2e-05, 0.0, 0.0, 0.0, 1.0]
            ]
        },
        {
            "name": "Leg_L",
            "time": [0.0, 0.1667, 0.35, 0.65, 0.9667],
            "transform": [
                [1.0, -0.0, 1e-06, -0.0, -0.0, 0.947813, 0.318825, 0.37472, -1e-06, -0.318825, 0.947814, -0.0, 0.0, 0.0, 0.0, 1.0],
                [1.0, -0.0, 1e-06, 0.0, -0.0, 0.693991, 0.719984, 0.37472, -1e-06, -0.719984, 0.693991, -0.0, 0.0, 0.0, 0.0, 1.0],
                [1.0, -0.0, 1e-06, 0.0, -0.0, 0.947813, 0.318825, 0.37472, -1e-06, -0.318825, 0.947814, 0.0, 0.0, 0.0, 0.0, 1.0],
                [1.0, -0.0, 1e-06, 0.0, -0.0, 0.947813, 0.318825, 0.37472, -1e-06, -0.318825, 0.947814, -0.0, 0.0, 0.0, 0.0, 1.0],
                [1.0, -0.0, 1e-06, 0.0, -0.0, 0.947813, 0.318825, 0.37472, -1e-06, -0.318825, 0.947814, -0.0, 0.0, 0.0, 0.0, 1.0]
            ]
        },
        {
            "name": "Knee_L",
            "time": [0.0, 0.1667, 0.35, 0.65, 0.9667],
            "transform": [
                [1.0, 0.0, -0.0, -0.0, -0.0, 1e-06, -1.0, 0.37472, -0.0, 1.0, 1e-06, -0.0, 0.0, 0.0, 0.0, 1.0],
                [1.0, 0.0, -0.0, 0.0, -0.0, 1e-06, -1.0, 0.37472, -0.0, 1.0, 1e-06, -0.0, 0.0, 0.0, 0.0, 1.0],
                [1.0, 0.0, -0.0, 0.0, -0.0, 1e-06, -1.0, 0.37472, -0.0, 1.0, 1e-06, 0.0, 0.0, 0.0, 0.0, 1.0],
                [1.0, 0.0, -0.0, 0.0, -0.0, 1e-06, -1.0, 0.37472, -0.0, 1.0, 1e-06, -0.0, 0.0, 0.0, 0.0, 1.0],
                [1.0, 0.0, -0.0, 0.0, -0.0, 1e-06, -1.0, 0.37472, -0.0, 1.0, 1e-06, -0.0, 0.0, 0.0, 0.0, 1.0]
            ]
        },
        {
            "name": "Torso",
            "time": [0.0, 0.1667, 0.35, 0.65, 0.9667],
            "transform": [
                [0.996548, -0.043002, 0.071014, 0.0, 0.040232, 0.99839, 0.039984, 0.05, -0.072619, -0.036989, 0.996674, -0.0, 0.0, 0.0, 0.0, 1.0],
                [0.996548, -0.043002, 0.071014, -0.0, 0.040232, 0.99839, 0.039984, 0.05, -0.072619, -0.036989, 0.996674, 0.0, 0.0, 0.0, 0.0, 1.0],
                [0.990664, 0.044322, 0.128919, 0.0, -0.073532, 0.970039, 0.231555, 0.05, -0.114794, -0.238873, 0.964242, -0.0, 0.0, 0.0, 0.0, 1.0],
                [0.996548, -0.043002, 0.071014, 0.0, 0.040232, 0.99839, 0.039984, 0.05, -0.072619, -0.036989, 0.996674, 0.0, 0.0, 0.0, 0.0, 1.0],
                [0.996548, -0.043002, 0.071014, 0.0, 0.040232, 0.99839, 0.039984, 0.05, -0.072619, -0.036989, 0.996674, 0.0, 0.0, 0.0, 0.0, 1.0]
            ]
        },
        {
            "name": "Chest",
            "time": [0.0, 0.1667, 0.35, 0.65, 0.9667],
            "transform": [
                [0.821713, 0.063376, -0.566367, 0.0, 0.108281, 0.958332, 0.264336, 0.3, 0.559521, -0.278536, 0.780612, -0.0, 0.0, 0.0, 0.0, 1.0],
                [0.893567, 0.010554, -0.448805, -0.0, 0.003977, 0.999498, 0.031422, 0.3, 0.448911, -0.029863, 0.893077, -0.0, 0.0, 0.0, 0.0, 1.0],
                [0.447297, -0.30682, 0.840111, -0.0, 0.131299, 0.951666, 0.277655, 0.3, -0.884696, -0.013888, 0.465962, 0.0, 0.0, 0.0, 0.0, 1.0],
                [0.537328, -0.256293, 0.803488, -0.0, -0.030855, 0.946095, 0.322415, 0.3, -0.842808, -0.198034, 0.500456, 0.0, 0.0, 0.0, 0.0, 1.0],
                [0.537328, -0.256293, 0.803488, -0.0, -0.030855, 0.946095, 0.322415, 0.3, -0.842808, -0.198034, 0.500456, 0.0, 0.0, 0.0, 0.0, 1.0]
            ]
        },
        {
            "name": "Head",
            "time": [0.0, 0.1667, 0.35, 0.65, 0.9667],