{
    "animation": [
        {
            "name": "Root",
            "time": [0.0, 0.25, 0.4333, 0.5667, 0.8833, 1.2333],
            "transform": [
                [0.879679, 0.0, -0.475568, -5e-06, -0.475568, 0.0, -0.879679, 0.000946, 0.0, 1.0, 0.0, 0.74484, 0.0, 0.0, 0.0, 1.0],
                [0.611212, 0.0, 0.791467, 0.024713, 0.786082, -0.116454, -0.607054, -0.486925, 0.09217, 0.993196, -0.071178, 0.630541, 0.0, 0.0, 0.0, 1.0],
                [0.611212, 0.0, 0.791467, 0.024713, 0.786082, -0.116454, -0.607054, -0.545467, 0.09217, 0.993196, -0.071178, 0.630541, 0.0, 0.0, 0.0, 1.0],
                [0.876733, 0.0, -0.480977, -5e-06, -0.480977, 0.0, -0.876733, 0.371253, 0.0, 1.0, 0.0, 0.74484, 0.0, 0.0, 0.0, 1.0],
                [0.622021, 0.0, -0.783, -5e-06, -0.783, 0.0, -0.622021, 0.54104, 0.0, 1.0, 0.0, 0.74484, 0.0, 0.0, 0.0, 1.0],
                [0.622021, 0.0, -0.783, -5e-06, -0.783, 0.0, -0.622021, 0.54104, 0.0, 1.0, 0.0, 0.74484, 0.0, 0.0, 0.0, 1.0]
            ]
        },
        {
            "name": "Thigh_R",
            "time": [0.0, 0.25, 0.4333, 0.5667, 0.8833, 1.2333],
            "transform": [
                [0.882447, 0.17581, 0.436322, 0.124994, 0.070992, -0.966681, 0.245934, -0.002831, 0.465022, -0.186047, -0.865529, -1.2e-05, 0.0, 0.0, 0.0, 1.0],
                [0.882447, 0.322343, 0.342608, 0.124994, 0.070992, -0.81123, 0.580399, -0.002831, 0.465022, -0.487848, -0.738754, -1.2e-05, 0.0, 0.0, 0.0, 1.0],
                [0.835744, 0.429128, 0.342608, 0.124994, 0.170893, -0.796197, 0.580399, -0.002831, 0.52185, -0.426514, -0.738754, -1.2e-05, 0.0, 0.0, 0.0, 1.0],
                [0.933198, 0.178191, -0.312073, 0.124994, 0.227873, -0.96491, 0.130457, -0.002831, -0.277876, -0.192854, -0.941059, -1.2e-05, 0.0, 0.0, 0.0, 1.0],
                [0.844069, 0.139563, -0.517755, 0.124994, 0.169115, -0.985543, 0.01004, -0.002831, -0.508869, -0.096034, -0.85547, -1.2e-05, 0.0, 0.0, 0.0, 1.0],
                [0.844069, 0.139563, -0.517755, 0.124994, 0.169115, -0.985543, 0.01004, -0.002831, -0.508869, -0.096034, -0.85547, -1.2e-05, 0.0, 0.0, 0.0, 1.0]
            ]
        },
        {
            "name": "Leg_R",
            "time": [0.0, 0.25, 0.4333, 0.5667, 0.8833, 1.2333],
            "transform": [
                [1.0, 0.0, 1e-06, 0.0, -0.0, 0.984472, 0.175547, 0.37472, -1e-06, -0.175547, 0.98447, -0.0, 0.0, 0.0, 0.0, 1.0],
                [1.0, 0.0, 1e-06, 0.0, -0.0, 0.984472, 0.175546, 0.37472, -1e-06, -0.175547, 0.98447, -0.0, 0.0, 0.0, 0.0, 1.0],
                [1.0, 0.0, 1e-06, -0.0, -0.0, 0.952579, 0.304294, 0.37472, -1e-06, -0.304294, 0.952577, -0.0, 0.0, 0.0, 0.0, 1.0],
                [1.0, 0.0, 1e-06, -0.0, -0.0, 0.952579, 0.304294, 0.37472, -1e-06, -0.304294, 0.952577, 0.0, 0.0, 0.0, 0.0, 1.0],
                [1.0, 0.0, 1e-06, -0.0, -0.0, 0.952579, 0.304294, 0.37472, -1e-06, -0.304294, 0.952578, -0.0, 0.0, 0.0, 0.0, 1.0],
                [1.0, 0.0, 1e-06, -0.0, -0.0, 0.952579, 0.304294, 0.37472, -1e-06, -0.304294, 0.952578, -0.0, 0.0, 0.0, 0.0, 1.0]
            ]
        },
        {
            "name": "Knee_R",
            "time": [0.0, 0.25, 0.4333, 0.5667, 0.8833, 1.2333],
            "transform": [
                [1.0, 0.0, -0.0, 0.0, -0.0, 1e-06, -1.0, 0.383077, -0.0, 1.0, 1e-06, -0.001653, 0.0, 0.0, 0.0, 1.0],
                [1.0, 0.0, -0.0, 0.0, -0.0, 1e-06, -1.0, 0.383077, -0.0, 1.0, 1e-06, -0.001653, 0.0, 0.0, 0.0, 1.0],
                [1.0, 0.0, -0.0, -0.0, -0.0, 1e-06, -1.0, 0.383077, -0.0, 1.0, 1e-06, -0.001653, 0.0, 0.0, 0.0, 1.0],
                [1.0, 0.0, -0.0, -0.0, -0.0, 1e-06, -1.0, 0.383077, -0.0, 1.0, 1e-06, -0.001653, 0.0, 0.0, 0.0, 1.0],
                [1.0, 0.0, -0.0, -0.0, -0.0, 1e-06, -1.0, 0.383077, -0.0, 1.0, 1e-06, -0.001653, 0.0, 0.0, 0.0, 1.0],
                [1.0, 0.0, -0.0, -0.0, -0.0, 1e-06, -1.0, 0.383077, -0.0, 1.0, 1e-06, -0.001653, 0.0, 0.0, 0.0, 1.0]
            ]
        },
        {
            "name": "Thigh_L",
            "time": [0.0, 0.25, 0.4333, 0.5667, 0.8833, 1.2333],
            "transform": [
                [0.950598, -0.208511, -0.22997, -0.125006, -0.120478, -0.930568, 0.345728, -0.002831, -0.286091, -0.300941, -0.909717, -1.2e-05, 0.0, 0.0, 0.0, 1.0],
                [0.823501, -0.51705, -0.233464, -0.125006, -0.564272, -0.789069, -0.242828, -0.002831, -0.058664, 0.331707, -0.941556, -1.2e-05, 0.0, 0.0, 0.0, 1.0],
                [0.765198, -0.581333, -0.276629, -0.125006, -0.640043, -0.733249, -0.229543, -0.002831, -0.069397, 0.352701, -0.933159, -1.2e-05, 0.0, 0.0, 0.0, 1.0],
                [0.786991, -0.50092, -0.360173, -0.125006, -0.33739, -0.838181, 0.42851, -0.002831, -0.516539, -0.215715, -0.828646, -1.2e-05, 0.0, 0.0, 0.0, 1.0],
                [0.562091, -0.409832, -0.718395, -0.125006, 0.005702, -0.866656, 0.498873, -0.002831, -0.827055, -0.284508, -0.484803, -1.2e-05, 0.0, 0.0, 0.0, 1.0],
                [0.562091, -0.409832, -0.718395, -0.125006, 0.005702, -0.866656, 0.498873, -0.002831, -0.827055, -0.284508, -0.484803, -1.2e-05, 0.0, 0.0, 0.0, 1.0]
            ]
        },
        {
            "name": "Leg_L",
            "time": [0.0, 0.25, 0.4333, 0.5667, 0.8833, 1.2333],
            "transform": [
                [1.0, -0.0, 1e-06, 0.0, -0.0, 0.947813, 0.318825, 0.37472, -1e-06, -0.318825, 0.947814, -0.0, 0.0, 0.0, 0.0, 1.0],
                [1.0, -0.0, 1e-06, 0.0, -0.0, 0.947813, 0.318825, 0.37472, -1e-06, -0.318825, 0.947814, -0.0, 0.0, 0.0, 0.0, 1.0],
                [1.0, -0.0, 1e-06, -0.0, -0.0, 0.947813, 0.318825, 0.37472, -1e-06, -0.318825, 0.947814, -0.0, 0.0, 0.0, 0.0, 1.0],
                [1.0, -1e-06, 1e-06, 0.0, -0.0, 0.540995, 0.841026, 0.37472, -1e-06, -0.841025, 0.540995, -0.0, 0.0, 0.0, 0.0, 1.0],
                [1.0, -0.0, 1e-06, -0.0, -0.0, 0.947813, 0.318825, 0.37472, -1e-06, -0.318825, 0.947814, -0.0, 0.0, 0.0, 0.0, 1.0],
                [1.0, -0.0, 1e-06, -0.0, -0.0, 0.947813, 0.318825, 0.37472, -1e-06, -0.318825, 0.947814, -0.0, 0.0, 0.0, 0.0, 1.0]
            ]
        },
        {
            "name": "Knee_L",
            "time": [0.0, 0.25, 0.4333, 0.5667, 0.8833, 1.2333],
            "transform": [
                [1.0, 0.0, -0.0, 0.0, -0.0, 1e-06, -1.0, 0.37472, -0.0, 1.0, 1e-06, -0.0, 0.0, 0.0, 0.0, 1.0],
                [1.0, 0.0, -0.0, 0.0, -0.0, 1e-06, -1.0, 0.37472, -0.0, 1.0, 1e-06, -0.0, 0.0, 0.0, 0.0, 1.0],
                [1.0, 0.0, -0.0, -0.0, -0.0, 1e-06, -1.0, 0.37472, -0.0, 1.0, 1e-06, -0.0, 0.0, 0.0, 0.0, 1.0],
                [1.0, 0.0, -0.0, 0.0, -0.0, 1e-06, -1.0, 0.37472, -0.0, 1.0, 1e-06, -0.0, 0.0, 0.0, 0.0, 1.0],
                [1.0, 0.0, -0.0, -0.0, -0.0, 1e-06, -1.0, 0.37472, -0.0, 1.0, 1e-06, -0.0, 0.0, 0.0, 0.0, 1.0],
                [1.0, 0.0, -0.0, -0.0, -0.0, 1e-06, -1.0, 0.37472, -0.0, 1.0, 1e-06, -0.0, 0.0, 0.0, 0.0, 1.0]
            ]
        },
        {
            "name": "Torso",
            "time": [0.0, 0.25, 0.4333, 0.5667, 0.8833, 1.2333],
            "transform": [
                [0.996512, 0.0, 0.083446, -0.0, 0.0, 1.0, 0.0, 0.05, -0.083446, 0.0, 0.996512, 0.0, 0.0, 0.0, 0.0, 1.0],
                [0.996512, 0.0, 0.083446, 0.0, 0.0, 1.0, 0.0, 0.05, -0.083446, 0.0, 0.996512, 0.0, 0.0, 0.0, 0.0, 1.0],
                [0.996548, -0.043002, 0.071014, 0.0, 0.040232, 0.99839, 0.039984, 0.05, -0.072619, -0.036989, 0.996674, 0.0, 0.0, 0.0, 0.0, 1.0],
                [0.996548, -0.043002, 0.071014, 0.0, 0.040232, 0.99839, 0.039984, 0.05, -0.072619, -0.036989, 0.996674, 0.0, 0.0, 0.0, 0.0, 1.0],
                [0.996548, -0.043002, 0.071014, -0.0, 0.040232, 0.99839, 0.039984, 0.05, -0.072619, -0.036989, 0.996674, -0.0, 0.0, 0.0, 0.0, 1.0],
                [0.996548, -0.043002, 0.071014, -0.0, 0.040232, 0.99839, 0.039984, 0.05, -0.072619, -0.036989, 0.996674, -0.0, 0.0, 0.0, 0.0, 1.0]
            ]
        },
        {
            "name": "Chest",
            "time": [0.0, 0.25, 0.4333, 0.4833, 0.5667, 0.8833, 1.2333],