{
    "animation": [
        {
            "name": "Root",
            "time": [0.0, 0.05, 0.1667, 0.3833, 0.5167, 0.7833],
            "transform": [
                [0.879679, 0.0, -0.475568, -5e-06, -0.475568, 0.0, -0.879679, 0.000946, 0.0, 1.0, 0.0, 0.74484, 0.0, 0.0, 0.0, 1.0],
                [0.864261, 0.030383, -0.502125, -5e-06, -0.478011, -0.26135, -0.838571, -0.517415, -0.156709, 0.964766, -0.211351, 0.564881, 0.0, 0.0, 0.0, 1.0],
                [0.879679, 0.0, -0.475568, -5e-06, -0.475568, 0.0, -0.879679, -2.016242, 0.0, 1.0, 0.0, 0.655601, 0.0, 0.0, 0.0, 1.0],
                [0.879679, 0.0, -0.475568, -5e-06, -0.465811, 0.201522, -0.861632, -2.591195, 0.095837, 0.979484, 0.177274, 0.640759, 0.0, 0.0, 0.0, 1.0],
                [0.879679, 0.0, -0.475568, -5e-06, -0.475568, 0.0, -0.879679, -2.757881, 0.0, 1.0, 0.0, 0.637744, 0.0, 0.0, 0.0, 1.0],
                [0.879679, 0.0, -0.475568, -5e-06, -0.475568, 0.0, -0.879679, -2.778695, 0.0, 1.0, 0.0, 0.74484, 0.0, 0.0, 0.0, 1.0]
            ]
        },
        {
            "name": "Thigh_R",
            "time": [0.0, 0.05, 0.1667, 0.3833, 0.5167, 0.7833],
            "transform": [
                [0.882447, 0.17581, 0.436322, 0.124994, 0.070992, -0.966681, 0.245934, -0.002831, 0.465022, -0.186047, -0.865529, -1.2e-05, 0.0, 0.0, 0.0, 1.0],
                [0.726299, -0.196977, 0.658551, 0.124994, -0.543413, -0.75124, 0.374616, -0.002831, 0.42094, -0.629947, -0.652667, -1.2e-05, 0.0, 0.0, 0.0, 1.0],
                [0.818021, 0.003252, 0.575179, 0.124994, -0.344956, -0.797416, 0.495107, -0.002831, 0.460267, -0.603418, -0.651183, -1.2e-05, 0.0, 0.0, 0.0, 1.0],
                [0.801331, -0.061863, 0.595013, 0.124994, -0.450631, -0.716587, 0.532384, -0.002831, 0.393444, -0.694746, -0.602103, -1.2e-05, 0.0, 0.0, 0.0, 1.0],
                [0.381413, -0.130413, 0.915159, 0.124994, -0.7146, -0.66961, 0.202404, -0.002831, 0.586404, -0.731171, -0.348592, -1.2e-05, 0.0, 0.0, 0.0, 1.0],
                [0.882447, 0.17581, 0.436322, 0.124994, 0.070992, -0.966681, 0.245934, -0.002831, 0.465022, -0.186047, -0.865529, -1.2e-05, 0.0, 0.0, 0.0, 1.0]
            ]
        },
        {
            "name": "Leg_R",
            "time": [0.0, 0.1667, 0.3833, 0.5167, 0.7833],
            "transform": [
                [1.0, 0.0, 1e-06, 0.0, -0.0, 0.984472, 0.175547, 0.37472, -1e-06, -0.175547, 0.98447, -0.0, 0.0, 0.0, 0.0, 1.0],
                [1.0, 0.0, 1e-06, -0.0, -0.0, 0.984472, 0.175547, 0.37472, -1e-06, -0.175547, 0.98447, 0.0, 0.0, 0.0, 0.0, 1.0],
                [1.0, 0.0, 1e-06, -0.0, -0.0, 0.984472, 0.175547, 0.37472, -1e-06, -0.175547, 0.98447, -0.0, 0.0, 0.0, 0.0, 1.0],
                [0.693337, 0.720614, 1e-06, 0.0, -0.709423, 0.682571, 0.175546, 0.37472, 0.1265, -0.121714, 0.98447, 0.0, 0.0, 0.0, 0.0, 1.0],
                [1.0, 0.0, 1e-06, -0.0, -0.0, 0.984472, 0.175547, 0.37472, -1e-06, -0.175547, 0.98447, -0.0, 0.0, 0.0, 0.0, 1.0]
            ]
        },
        {
            "name": "Knee_R",
            "time": [0.0, 0.1667, 0.3833, 0.7833],
            "transform": [
                [1.0, 0.0, -0.0, 0.0, -0.0, 1e-06, -1.0, 0.383077, -0.0, 1.0, 1e-06, -0.001653, 0.0, 0.0, 0.0, 1.0],
                [1.0, 0.0, -0.0, -0.0, -0.0, 1e-06, -1.0, 0.383077, -0.0, 1.0, 1e-06, -0.001653, 0.0, 0.0, 0.0, 1.0],
                [1.0, 0.0, -0.0, -0.0, -0.0, 1e-06, -1.0, 0.383077, -0.0, 1.0, 1e-06, -0.001653, 0.0, 0.0, 0.0, 1.0],
                [1.0, 0.0, -0.0, -1e-06, -0.0, 1e-06, -1.0, 0.383077, -0.0, 1.0, 1e-06, -0.001653, 0.0, 0.0, 0.0, 1.0]
            ]
        },
        {
            "name": "Thigh_L",
            "time": [0.0, 0.05, 0.1667, 0.2833, 0.5167, 0.7833],
            "transform": [
                [0.950598, -0.208511, -0.22997, -0.125006, -0.120478, -0.930568, 0.345728, -0.002831, -0.286091, -0.300941, -0.909717, -1.2e-05, 0.0, 0.0, 0.0, 1.0],
                [0.805731, -0.591004, -0.038853, -0.125006, -0.265596, -0.41917, 0.868191, -0.002831, -0.52939, -0.68921, -0.494707, -1.2e-05, 0.0, 0.0, 0.0, 1.0],
                [0.950598, -0.310194, -0.011938, -0.125006, -0.120478, -0.404105, 0.906744, -0.002831, -0.286091, -0.860511, -0.421513, -1.2e-05, 0.0, 0.0, 0.0, 1.0],
                [0.950598, -0.308198, -0.037107, -0.125006, -0.120478, -0.476455, 0.870905, -0.002831, -0.286091, -0.82341, -0.490048, -1.2e-05, 0.0, 0.0, 0.0, 1.0],
                [0.529534, -0.070736, -0.845334, -0.125006, -0.342888, -0.929328, -0.137028, -0.002831, -0.775899, 0.362417, -0.516366, -1.2e-05, 0.0, 0.0, 0.0, 1.0],
                [0.950598, -0.208511, -0.22997, -0.125006, -0.120478, -0.930568, 0.345728, -0.002831, -0.286091, -0.300941, -0.909717, -1.2e-05, 0.0, 0.0, 0.0, 1.0]
            ]
        },
        {
            "name": "Leg_L",
            "time": [0.0, 0.05, 0.1667, 0.3, 0.5167, 0.7833],
            "transform": [
                [1.0, -0.0, 1e-06, 0.0, -0.0, 0.947813, 0.318825, 0.37472, -1e-06, -0.318825, 0.947814, -0.0, 0.0, 0.0, 0.0, 1.0],
                [1.0, -1e-06, 1e-06, -0.0, -0.0, 0.344342, 0.938845, 0.37472, -1e-06, -0.938844, 0.344342, -0.0, 0.0, 0.0, 0.0, 1.0],
                [1.0, -1e-06, 1e-06, -0.0, -0.0, 0.178617, 0.983919, 0.37472, -1e-06, -0.983918, 0.178618, 0.0, 0.0, 0.0, 0.0, 1.0],
                [1.0, -1e-06, 0.0, -0.0, -1e-06, -0.187051, 0.98235, 0.37472, -1e-06, -0.98235, -0.187051, -0.0, 0.0, 0.0, 0.0, 1.0],
                [1.0, -0.0, 1e-06, -0.0, -0.0, 0.825086, 0.565006, 0.37472, -1e-06, -0.565006, 0.825087, 0.0, 0.0, 0.0, 0.0, 1.0],
                [1.0, -0.0, 1e-06, 0.0, -0.0, 0.947813, 0.318825, 0.37472, -1e-06, -0.318825, 0.947814, 0.0, 0.0, 0.0, 0.0, 1.0]
            ]
        },
        {
            "name": "Knee_L",
            "time": [0.0, 0.1667, 0.3833, 0.7833],
            "transform": [
                [1.0, 0.0, -0.0, 0.0, -0.0, 1e-06, -1.0, 0.37472, -0.0, 1.0, 1e-06, -0.0, 0.0, 0.0, 0.0, 1.0],
                [1.0, 0.0, -0.0, -0.0, -0.0, 1e-06, -1.0, 0.37472, -0.0, 1.0, 1e-06, 0.0, 0.0, 0.0, 0.0, 1.0],
                [1.0, 0.0, -0.0, 0.0, -0.0, 1e-06, -1.0, 0.37472, -0.0, 1.0, 1e-06, 0.0, 0.0, 0.0, 0.0, 1.0],
                [1.0, 0.0, -0.0, 0.0, -0.0, 1e-06, -1.0, 0.37472, -0.0, 1.0, 1e-06, 0.0, 0.0, 0.0, 0.0, 1.0]
            ]
        },
        {
            "name": "Torso",
            "time": [0.0, 0.1667, 0.3833, 0.7833],
            "transform": [
                [0.996512, 0.0, 0.083446, -0.0, 0.0, 1.0, 0.0, 0.05, -0.083446, 0.0, 0.996512, 0.0, 0.0, 0.0, 0.0, 1.0],
                [0.954963, 0.296517, -0.011081, 0.0, -0.277055, 0.87767, -0.391071, 0.05, -0.106233, 0.376529, 0.920294, 0.0, 0.0, 0.0, 0.0, 1.0],
                [0.945797, 0.323587, -0.027566, -0.0, -0.303806, 0.851586, -0.427205, 0.05, -0.114763, 0.412424, 0.903734, -0.0, 0.0, 0.0, 0.0, 1.0],
                [0.996512, 0.0, 0.083446, 0.0, 0.0, 1.0, 0.0, 0.05, -0.083446, 0.0, 0.996512, 0.0, 0.0, 0.0, 0.0, 1.0]
            ]
        },
        {
            "name": "Chest",
            "time": [0.0, 0.1667, 0.3833, 0.5167, 0.7833],
            "transform": [
                [0.999232, 0.004476, 0.038924, -0.0, -0.006676, 0.998376, 0.056579, 0.3, -0.038608, -0.056795, 0.997639, -0.0, 0.0, 0.0, 0.0, 1.0],
                [0.965901, -0.233472, -0.11192, -0.0, 0.257274, 0.816952, 0.516139, 0.3, -0.029071, -0.527333, 0.849161, -0.0, 0.0, 0.0, 0.0, 1.0],
                [0.958343, -0.252412, -0.133666, 0.0, 0.283379, 0.781771, 0.555456, 0.3, -0.035708, -0.570195, 0.820733, -0.0, 0.0, 0.0, 0.0, 1.0],
                [0.990047, -0.125319, -0.064048, -0.0, 0.139735, 0.821072, 0.553457, 0.3, -0.01677, -0.556898, 0.830411, -0.0, 0.0, 0.0, 0.0, 1.0],
                [0.999232, 0.004476, 0.038924, -0.0, -0.006676, 0.998376, 0.056579, 0.3, -0.038608, -0.056795, 0.997639, -0.0, 0.0, 0.0, 0.0, 1.0]
            ]
        },
        {
            "name": "Head",
            "time": [0.0, 0.1667, 0.3833, 0.7833],