{
    "animation": [
        {
            "name": "Root",
            "time": [0.0, 0.1167, 0.1833, 0.25, 0.3833, 0.7667, 1.2],
            "transform": [
                [0.910168, 0.0, 0.414239, -5e-06, 0.414239, 0.0, -0.910168, -0.06221, 0.0, 1.0, 0.0, 0.662494, 0.0, 0.0, 0.0, 1.0],
                [0.872917, 0.0, -0.487869, -5e-06, -0.487869, 0.0, -0.872917, -0.532316, 0.0, 1.0, 0.0, 0.662494, 0.0, 0.0, 0.0, 1.0],
                [0.872917, 0.0, -0.487869, -5e-06, -0.487869, 0.0, -0.872917, -0.383764, 0.0, 1.0, 0.0, 0.662494, 0.0, 0.0, 0.0, 1.0],
                [0.872917, 0.0, -0.487869, -5e-06, -0.487869, 0.0, -0.872917, -0.532316, 0.0, 1.0, 0.0, 0.662494, 0.0, 0.0, 0.0, 1.0],
                [0.396491, 0.0, -0.918039, -5e-06, -0.918039, 0.0, -0.396491, -1.220036, 0.0, 1.0, 0.0, 0.662494, 0.0, 0.0, 0.0, 1.0],
                [0.280494, 0.0, -0.959856, -5e-06, -0.959856, 0.0, -0.280494, -1.310236, 0.0, 1.0, 0.0, 0.662494, 0.0, 0.0, 0.0, 1.0],
                [0.879679, 0.0, -0.475568, -5e-06, -0.475568, 0.0, -0.879679, -1.601935, 0.0, 1.0, 0.0, 0.772398, 0.0, 0.0, 0.0, 1.0]
            ]
        },
        {
            "name": "Thigh_R",
            "time": [0.0, 0.1167, 0.25, 0.3833, 0.7667, 1.2],
            "transform": [
                [0.901107, 0.338374, 0.271125, 0.124994, 0.00836, -0.638734, 0.769381, -0.002831, 0.433516, -0.691026, -0.578398, -1.2e-05, 0.0, 0.0, 0.0, 1.0],
                [0.824331, 0.362162, 0.435104, 0.124994, 0.411743, -0.911038, -0.021761, -0.002831, 0.388516, 0.197089, -0.900118, -1.2e-05, 0.0, 0.0, 0.0, 1.0],
                [0.824331, 0.362162, 0.435104, 0.124994, 0.411743, -0.911038, -0.021761, -0.002831, 0.388516, 0.197089, -0.900118, -1.2e-05, 0.0, 0.0, 0.0, 1.0],
                [0.824331, 0.542041, 0.1633, 0.124994, 0.411743, -0.772037, 0.484173, -0.002831, 0.388516, -0.33188, -0.859599, -1.2e-05, 0.0, 0.0, 0.0, 1.0],
                [0.824331, 0.521628, 0.219955, 0.124994, 0.411743, -0.819101, 0.399423, -0.002831, 0.388516, -0.238691, -0.88999, -1.2e-05, 0.0, 0.0, 0.0, 1.0],
                [0.882447, 0.17581, 0.436322, 0.124994, 0.070992, -0.966681, 0.245934, -0.002831, 0.465022, -0.186047, -0.865529, -1.2e-05, 0.0, 0.0, 0.0, 1.0]
            ]
        },
        {
            "name": "Leg_R",
            "time": [0.0, 0.1167, 0.25, 0.3833, 0.7667, 1.2],
            "transform": [
                [1.0, -0.0, 1e-06, -0.0, -0.0, 0.79534, 0.606164, 0.37472, -1e-06, -0.606165, 0.795339, 0.0, 0.0, 0.0, 0.0, 1.0],
                [1.0, -0.0, 1e-06, 0.0, -0.0, 0.79534, 0.606164, 0.37472, -1e-06, -0.606165, 0.795339, 0.0, 0.0, 0.0, 0.0, 1.0],
                [1.0, -0.0, 1e-06, 0.0, -0.0, 0.79534, 0.606164, 0.37472, -1e-06, -0.606165, 0.795339, 0.0, 0.0, 0.0, 0.0, 1.0],
                [1.0, -0.0, 1e-06, 0.0, -0.0, 0.468938, 0.883231, 0.37472, -1e-06, -0.883232, 0.468937, 0.0, 0.0, 0.0, 0.0, 1.0],
                [1.0, -0.0, 1e-06, 0.0, -0.0, 0.79534, 0.606164, 0.37472, -1e-06, -0.606165, 0.795339, -0.0, 0.0, 0.0, 0.0, 1.0],
                [1.0, 0.0, 1e-06, 0.0, -0.0, 0.984472, 0.175547, 0.37472, -1e-06, -0.175547, 0.98447, -0.0, 0.0, 0.0, 0.0, 1.0]
            ]
        },
        {
            "name": "Knee_R",
            "time": [0.0, 0.1167, 0.25, 0.3833, 0.7667, 1.2],
            "transform": [
                [1.0, 0.0, -0.0, -0.0, -0.0, 1e-06, -1.0, 0.383077, -0.0, 1.0, 1e-06, -0.001653, 0.0, 0.0, 0.0, 1.0],
                [1.0, 0.0, -0.0, 0.0, -0.0, 1e-06, -1.0, 0.383077, -0.0, 1.0, 1e-06, -0.001653, 0.0, 0.0, 0.0, 1.0],
                [1.0, 0.0, -0.0, 0.0, -0.0, 1e-06, -1.0, 0.383077, -0.0, 1.0, 1e-06, -0.001653, 0.0, 0.0, 0.0, 1.0],
                [1.0, 0.0, -0.0, 0.0, -0.0, 1e-06, -1.0, 0.383077, -0.0, 1.0, 1e-06, -0.001653, 0.0, 0.0, 0.0, 1.0],
                [1.0, 0.0, -0.0, -0.0, -0.0, 1e-06, -1.0, 0.383077, -0.0, 1.0, 1e-06, -0.001653, 0.0, 0.0, 0.0, 1.0],
                [1.0, 0.0, -0.0, -0.0, -0.0, 1e-06, -1.0, 0.383077, -0.0, 1.0, 1e-06, -0.001654, 0.0, 0.0, 0.0, 1.0]
            ]
        },
        {
            "name": "Thigh_L",
            "time": [0.0, 0.1167, 0.25, 0.3833, 0.7667, 1.2],
            "transform": [
                [0.879412, -0.42273, -0.218937, -0.125006, -0.466998, -0.855336, -0.224304, -0.002831, -0.092445, 0.299499, -0.949607, -1.2e-05, 0.0, 0.0, 0.0, 1.0],
                [0.878773, -0.229124, -0.418639, -0.125006, 0.107761, -0.759291, 0.641766, -0.002831, -0.464913, -0.60908, -0.642555, -1.2e-05, 0.0, 0.0, 0.0, 1.0],
                [0.878773, -0.229124, -0.418639, -0.125006, 0.107761, -0.759291, 0.641766, -0.002831, -0.464913, -0.60908, -0.642555, -1.2e-05, 0.0, 0.0, 0.0, 1.0],
                [0.609196, -0.592187, -0.527441, -0.125006, -0.086957, -0.710977, 0.697818, -0.002831, -0.788237, -0.379244, -0.484619, -1.2e-05, 0.0, 0.0, 0.0, 1.0],
                [0.526282, -0.656517, -0.540382, -0.125006, -0.125082, -0.688372, 0.714492, -0.002831, -0.841059, -0.308432, -0.444397, -1.2e-05, 0.0, 0.0, 0.0, 1.0],
                [0.950598, -0.208511, -0.22997, -0.125006, -0.120478, -0.930568, 0.345728, -0.002831, -0.286091, -0.300941, -0.909717, -1.2e-05, 0.0, 0.0, 0.0, 1.0]
            ]
        },
        {
            "name": "Leg_L",
            "time": [0.0, 0.1167, 0.25, 0.3833, 0.7667, 1.2],
            "transform": [
                [1.0, -0.0, 1e-06, -0.0, -0.0, 0.906942, 0.421255, 0.37472, -1e-06, -0.421254, 0.906943, -0.0, 0.0, 0.0, 0.0, 1.0],
                [1.0, -0.0, 1e-06, 0.0, -0.0, 0.906942, 0.421255, 0.37472, -1e-06, -0.421254, 0.906943, -0.0, 0.0, 0.0, 0.0, 1.0],
                [1.0, -0.0, 1e-06, 0.0, -0.0, 0.906942, 0.421255, 0.37472, -1e-06, -0.421254, 0.906943, -0.0, 0.0, 0.0, 0.0, 1.0],
                [1.0, -0.0, 1e-06, -0.0, -0.0, 0.906942, 0.421255, 0.37472, -1e-06, -0.421254, 0.906943, 0.0, 0.0, 0.0, 0.0, 1.0],
                [1.0, -0.0, 1e-06, -0.0, -0.0, 0.906942, 0.421255, 0.37472, -1e-06, -0.421254, 0.906943, -0.0, 0.0, 0.0, 0.0, 1.0],
                [1.0, -0.0, 1e-06, -0.0, -0.0, 0.947813, 0.318825, 0.37472, -1e-06, -0.318825, 0.947814, 0.0, 0.0, 0.0, 0.0, 1.0]
            ]
        },
        {
            "name": "Knee_L",
            "time": [0.0, 0.1167, 0.25, 0.3833, 0.7667, 1.2],
            "transform": [
                [1.0, 0.0, -0.0, -0.0, -0.0, 1e-06, -1.0, 0.37472, -0.0, 1.0, 1e-06, -0.0, 0.0, 0.0, 0.0, 1.0],
                [1.0, 0.0, -0.0, 0.0, -0.0, 1e-06, -1.0, 0.37472, -0.0, 1.0, 1e-06, -0.0, 0.0, 0.0, 0.0, 1.0],
                [1.0, 0.0, -0.0, 0.0, -0.0, 1e-06, -1.0, 0.37472, -0.0, 1.0, 1e-06, -0.0, 0.0, 0.0, 0.0, 1.0],
                [1.0, 0.0, -0.0, -0.0, -0.0, 1e-06, -1.0, 0.37472, -0.0, 1.0, 1e-06, 0.0, 0.0, 0.0, 0.0, 1.0],
                [1.0, 0.0, -0.0, -0.0, -0.0, 1e-06, -1.0, 0.37472, -0.0, 1.0, 1e-06, -0.0, 0.0, 0.0, 0.0, 1.0],
                [1.0, 0.0, -0.0, -0.0, -0.0, 1e-06, -1.0, 0.37472, -0.0, 1.0, 1e-06, 0.0, 0.0, 0.0, 0.0, 1.0]
            ]
        },
        {
            "name": "Torso",
            "time": [0.0, 0.1167, 0.25, 0.3833, 0.7667, 1.2],
            "transform": [
                [0.996512, -0.027855, 0.07866, 0.0, 0.0, 0.942642, 0.333806, 0.05, -0.083446, -0.332642, 0.939354, 0.0, 0.0, 0.0, 0.0, 1.0],
                [0.996512, -0.001532, 0.083432, 0.0, 0.0, 0.999832, 0.018355, 0.05, -0.083446, -0.018291, 0.996344, 0.0, 0.0, 0.0, 0.0, 1.0],
                [0.996512, -0.001532, 0.083432, 0.0, 0.0, 0.999832, 0.018355, 0.05, -0.083446, -0.018291, 0.996344, 0.0, 0.0, 0.0, 0.0, 1.0],
                [0.996512, -0.001532, 0.083432, -0.0, 0.0, 0.999832, 0.018355, 0.05, -0.083446, -0.018291, 0.996344, -0.0, 0.0, 0.0, 0.0, 1.0],
                [0.996512, -0.001532, 0.083432, 0.0, 0.0, 0.999832, 0.018355, 0.05, -0.083446, -0.018291, 0.996344, 0.0, 0.0, 0.0, 0.0, 1.0],
                [0.996512, 0.0, 0.083446, 0.0, 0.0, 1.0, 0.0, 0.05, -0.083446, 0.0, 0.996512, 0.0, 0.0, 0.0, 0.0, 1.0]
            ]
        },
        {
            "name": "Chest",