{
    "animation": [
        {
            "name": "Root",
            "time": [0.0, 0.1167, 0.4833, 0.7167],
            "transform": [
                [0.332853, 0.0, -0.942979, -5e-06, -0.942979, 0.0, -0.332853, -0.388709, 0.0, 1.0, 0.0, 0.703541, 0.0, 0.0, 0.0, 1.0],
                [0.999777, 0.0, -0.021121, -5e-06, -0.021121, 0.0, -0.999777, -0.153927, 0.0, 1.0, 0.0, 0.674024, 0.0, 0.0, 0.0, 1.0],
                [0.910168, 0.0, 0.414239, -5e-06, 0.414239, 0.0, -0.910168, -0.06221, 0.0, 1.0, 0.0, 0.662494, 0.0, 0.0, 0.0, 1.0],
                [0.910168, 0.0, 0.414239, -5e-06, 0.414239, 0.0, -0.910168, -0.06221, 0.0, 1.0, 0.0, 0.662494, 0.0, 0.0, 0.0, 1.0]
            ]
        },
        {
            "name": "Thigh_R",
            "time": [0.0, 0.1167, 0.4833, 0.7167],
            "transform": [
                [0.486789, 0.545741, 0.682057, 0.124994, 0.392605, -0.834194, 0.38727, -0.002831, 0.780318, 0.07926, -0.620339, -1.2e-05, 0.0, 0.0, 0.0, 1.0],
                [0.8117, 0.429295, 0.39604, 0.124994, 0.09545, -0.766445, 0.635177, -0.002831, 0.576222, -0.47777, -0.663102, -1.2e-05, 0.0, 0.0, 0.0, 1.0],
                [0.901107, 0.321731, 0.29068, 0.124994, 0.00836, -0.683158, 0.730222, -0.002831, 0.433516, -0.655576, -0.61829, -1.2e-05, 0.0, 0.0, 0.0, 1.0],
                [0.901107, 0.338374, 0.271125, 0.124994, 0.00836, -0.638734, 0.769381, -0.002831, 0.433516, -0.691026, -0.578398, -1.2e-05, 0.0, 0.0, 0.0, 1.0]
            ]
        },
        {
            "name": "Leg_R",
            "time": [0.0, 0.1167, 0.4833, 0.7167],
            "transform": [
                [1.0, 0.0, 1e-06, -0.0, -0.0, 0.984472, 0.175547, 0.37472, -1e-06, -0.175547, 0.98447, 0.0, 0.0, 0.0, 0.0, 1.0],
                [1.0, -0.0, 1e-06, 0.0, -0.0, 0.868685, 0.495367, 0.37472, -1e-06, -0.495367, 0.868683, 0.0, 0.0, 0.0, 0.0, 1.0],
                [1.0, -0.0, 1e-06, 0.0, -0.0, 0.79534, 0.606164, 0.37472, -1e-06, -0.606165, 0.795339, 0.0, 0.0, 0.0, 0.0, 1.0],
                [1.0, -0.0, 1e-06, -0.0, -0.0, 0.79534, 0.606164, 0.37472, -1e-06, -0.606165, 0.795339, 0.0, 0.0, 0.0, 0.0, 1.0]
            ]
        },
        {
            "name": "Knee_R",
            "time": [0.0, 0.1167, 0.4833, 0.7167],
            "transform": [
                [1.0, 0.0, -0.0, -0.0, -0.0, 1e-06, -1.0, 0.383077, -0.0, 1.0, 1e-06, -0.001653, 0.0, 0.0, 0.0, 1.0],
                [1.0, 0.0, -0.0, -0.0, -0.0, 1e-06, -1.0, 0.383077, -0.0, 1.0, 1e-06, -0.001653, 0.0, 0.0, 0.0, 1.0],
                [1.0, 0.0, -0.0, 0.0, -0.0, 1e-06, -1.0, 0.383077, -0.0, 1.0, 1e-06, -0.001653, 0.0, 0.0, 0.0, 1.0],
                [1.0, 0.0, -0.0, -0.0, -0.0, 1e-06, -1.0, 0.383077, -0.0, 1.0, 1e-06, -0.001653, 0.0, 0.0, 0.0, 1.0]
            ]
        },
        {
            "name": "Thigh_L",
            "time": [0.0, 0.1167, 0.4833, 0.7167],
            "transform": [
                [0.917413, -0.38684, -0.093307, -0.125006, -0.319707, -0.856131, 0.405988, -0.002831, -0.236936, -0.342628, -0.909102, -1.2e-05, 0.0, 0.0, 0.0, 1.0],
                [0.325059, -0.289895, -0.900165, -0.125006, -0.399072, -0.905003, 0.147343, -0.002831, -0.857366, 0.311336, -0.409869, -1.2e-05, 0.0, 0.0, 0.0, 1.0],
                [0.885551, -0.410415, -0.217618, -0.125006, -0.454789, -0.861427, -0.226074, -0.002831, -0.094678, 0.299171, -0.949491, -1.2e-05, 0.0, 0.0, 0.0, 1.0],
                [0.879412, -0.42273, -0.218937, -0.125006, -0.466998, -0.855336, -0.224304, -0.002831, -0.092445, 0.299499, -0.949607, -1.2e-05, 0.0, 0.0, 0.0, 1.0]
            ]
        },
        {
            "name": "Leg_L",
            "time": [0.0, 0.1167, 0.4833, 0.7167],
            "transform": [
                [1.0, -0.0, 1e-06, 0.0, -0.0, 0.906942, 0.421255, 0.37472, -1e-06, -0.421254, 0.906943, 0.0, 0.0, 0.0, 0.0, 1.0],
                [1.0, -0.0, 1e-06, -0.0, -0.0, 0.745781, 0.666191, 0.37472, -1e-06, -0.66619, 0.745782, -0.0, 0.0, 0.0, 0.0, 1.0],
                [1.0, -0.0, 1e-06, 0.0, -0.0, 0.906942, 0.421255, 0.37472, -1e-06, -0.421255, 0.906943, -0.0, 0.0, 0.0, 0.0, 1.0],
                [1.0, -0.0, 1e-06, -0.0, -0.0, 0.906942, 0.421255, 0.37472, -1e-06, -0.421254, 0.906943, -0.0, 0.0, 0.0, 0.0, 1.0]
            ]
        },
        {
            "name": "Knee_L",
            "time": [0.0, 0.1167, 0.4833, 0.7167],
            "transform": [
                [1.0, 0.0, -0.0, 0.0, -0.0, 1e-06, -1.0, 0.37472, -0.0, 1.0, 1e-06, 0.0, 0.0, 0.0, 0.0, 1.0],
                [1.0, 0.0, -0.0, -0.0, -0.0, 1e-06, -1.0, 0.37472, -0.0, 1.0, 1e-06, -0.0, 0.0, 0.0, 0.0, 1.0],
                [1.0, 0.0, -0.0, 0.0, -0.0, 1e-06, -1.0, 0.37472, -0.0, 1.0, 1e-06, -0.0, 0.0, 0.0, 0.0, 1.0],
                [1.0, 0.0, -0.0, -0.0, -0.0, 1e-06, -1.0, 0.37472, -0.0, 1.0, 1e-06, -0.0, 0.0, 0.0, 0.0, 1.0]
            ]
        },
        {
            "name": "Torso",
            "time": [0.0, 0.1167, 0.4833, 0.7167],
            "transform": [
                [0.996512, 0.0, 0.083446, -0.0, 0.0, 1.0, 0.0, 0.05, -0.083446, 0.0, 0.996512, 0.0, 0.0, 0.0, 0.0, 1.0],
                [0.996512, -0.016009, 0.081896, 0.0, 0.0, 0.981424, 0.191853, 0.05, -0.083446, -0.191184, 0.978001, -0.0, 0.0, 0.0, 0.0, 1.0],
                [0.996512, -0.022126, 0.080459, 0.0, 0.0, 0.964206, 0.265156, 0.05, -0.083446, -0.264231, 0.960843, 0.0, 0.0, 0.0, 0.0, 1.0],
                [0.996512, -0.027855, 0.07866, 0.0, 0.0, 0.942642, 0.333806, 0.05, -0.083446, -0.332642, 0.939354, 0.0, 0.0, 0.0, 0.0, 1.0]
            ]
        },
        {
            "name": "Chest",
            "time": [0.0, 0.1167, 0.4833, 0.7167],
            "transform": [
                [0.977926, -0.169196, -0.12261, 0.0, 0.159492, 0.983523, -0.085119, 0.3, 0.134991, 0.063685, 0.988798, -0.0, 0.0, 0.0, 0.0, 1.0],
                [0.813333, -0.237371, 0.531173, 0.0, 0.136832, 0.965418, 0.221911, 0.3, -0.565479, -0.107806, 0.817687, -0.0, 0.0, 0.0, 0.0, 1.0],
                [0.633008, -0.290772, 0.717463, 0.0, 0.07071, 0.944623, 0.320449, 0.3, -0.77091, -0.152115, 0.618514, -0.0, 0.0, 0.0, 0.0, 1.0],
                [0.60739, -0.290772, 0.739276, 0.0, 0.059399, 0.944623, 0.322737, 0.3, -0.79218, -0.152115, 0.591027, 0.0, 0.0, 0.0, 0.0, 1.0]
            ]
        },
        {
            "name": "Head",
            "time": [0.0, 0.1167, 0.4833, 0.7167],
            "transform": [
                [0.302527, -0.0, 0.953141, -0.0, 0.023398, 0.999699, -0.007426, 0.4, -0.952854, 0.024548, 0.302436, 0.0, 0.0, 0.0, 0.0, 1.0],
                [0.915495, 0.0, -0.402329, -0.0, -0.009876, 0.999699, -0.022473, 0.4, 0.402208, 0.024548, 0.915219, -0.0, 0.0, 0.0, 0.0, 1.0],
                [0.537179, 0.0, -0.843469, 0.0, -0.020705, 0.999699, -0.013186, 0.4, 0.843214, 0.024548, 0.537017, -0.0, 0.0, 0.0, 0.0, 1.0],
                [0.514273, 0.0, -0.857626, 0.0, -0.021053, 0.999699, -0.012624, 0.4, 0.857368, 0.024548, 0.514118, -0.0, 0.0, 0.0, 0.0, 1.0]
            ]
        },
        {
            "name": "Shoulder_R",
            "time": [0.0, 0.1167, 0.4833, 0.7167],
            "transform": [
                [0.520279, 0.829491, 0.20311, -0.0, 0.140268, -0.317608, 0.93779, 0.4, 0.842398, -0.459422, -0.281596, 0.0, 0.0, 0.0, 0.0, 1.0],
                [0.520279, 0.829491, 0.20311, -0.0, 0.140268, -0.317608, 0.93779, 0.4, 0.842398, -0.459422, -0.281596, -0.0, 0.0, 0.0, 0.0, 1.0],
                [0.520279, 0.829491, 0.20311, 0.0, 0.140268, -0.317608, 0.93779, 0.4, 0.842398, -0.459422, -0.281596, -0.0, 0.0, 0.0, 0.0, 1.0],
                [0.520279, 0.829491, 0.20311, 0.0, 0.140268, -0.317608, 0.93779, 0.4, 0.842398, -0.459422, -0.281596, -0.0, 0.0, 0.0, 0.0, 1.0]
            ]
        },
        {
            "name": "Arm_R",
            "time": [0.0, 0.1167, 0.4833, 0.7167],