{
    "animation": [
        {
            "name": "Root",
            "time": [0.0, 0.1833, 0.2833, 0.4333, 0.5667],
            "transform": [
                [0.911207, 0.005642, 0.0, 0.038433, 0.0, 0.0, -0.911224, 0.034204, -0.005642, 0.911207, -0.0, 1.45693, 0.0, 0.0, 0.0, 1.0],
                [0.864535, 0.005353, 0.287889, 0.206837, 0.287884, 0.001783, -0.864551, -0.311846, -0.005642, 0.911207, -0.0, 0.977519, 0.0, 0.0, 0.0, 1.0],
                [0.864535, 0.005353, 0.287889, 0.206837, 0.287884, 0.001783, -0.864551, -0.311846, -0.005642, 0.911207, -0.0, 0.977519, 0.0, 0.0, 0.0, 1.0],
                [0.864535, 0.005353, 0.287889, 0.206837, 0.287884, 0.001783, -0.864551, -0.311846, -0.005642, 0.911207, -0.0, 0.977519, 0.0, 0.0, 0.0, 1.0],
                [0.864535, 0.005353, 0.287889, 0.206837, 0.287884, 0.001783, -0.864551, -0.311846, -0.005642, 0.911207, -0.0, 0.977519, 0.0, 0.0, 0.0, 1.0]
            ]
        },
        {
            "name": "Lower_Torso",
            "time": [0.0, 0.1833, 0.2833, 0.4333, 0.5667],
            "transform": [
                [0.999996, -0.002743, 0.0, -0.0, 0.002743, 0.999996, 0.0, 0.182359, -0.0, 0.0, 1.0, 0.0, 0.0, 0.0, 0.0, 1.0],
                [0.999996, -0.002743, 0.0, 0.0, 0.002743, 0.999996, 0.0, 0.182359, -0.0, -0.0, 1.0, 0.0, 0.0, 0.0, 0.0, 1.0],
                [0.999996, -0.002743, 0.0, 0.0, 0.002743, 0.999996, 0.0, 0.182359, -0.0, -0.0, 1.0, 0.0, 0.0, 0.0, 0.0, 1.0],
                [0.777868, -0.008373, -0.628372, 0.0, -0.008943, 0.999662, -0.024391, 0.182359, 0.628364, 0.024592, 0.777531, 0.0, 0.0, 0.0, 0.0, 1.0],
                [0.777868, -0.008373, -0.628372, 0.0, -0.008943, 0.999662, -0.024391, 0.182359, 0.628364, 0.024592, 0.777531, 0.0, 0.0, 0.0, 0.0, 1.0]
            ]
        },
        {
            "name": "Upper_Torso",
            "time": [0.0, 0.1833, 0.2833, 0.4333, 0.5667],
            "transform": [
                [-0.998066, -0.005417, -0.061928, -0.0, 0.008801, 0.973851, -0.227017, 0.666804, 0.061538, -0.227123, -0.97192, -0.0, 0.0, 0.0, 0.0, 1.0],
                [-0.914952, -0.083968, -0.39473, -0.0, 0.009087, 0.97358, -0.228165, 0.666804, 0.40346, -0.212347, -0.890016, 0.0, 0.0, 0.0, 0.0, 1.0],
                [-0.914952, -0.111028, -0.387989, -0.0, 0.009087, 0.955498, -0.294858, 0.666804, 0.40346, -0.273307, -0.873226, 0.0, 0.0, 0.0, 0.0, 1.0],
                [-0.973318, -0.083968, 0.213546, 0.0, -0.125801, 0.97358, -0.190568, 0.666804, -0.191902, -0.212347, -0.958166, -0.0, 0.0, 0.0, 0.0, 1.0],
                [-0.962554, -0.150821, 0.225261, 0.0, -0.203964, 0.950279, -0.235304, 0.666804, -0.178572, -0.272438, -0.945457, -0.0, 0.0, 0.0, 0.0, 1.0]
            ]
        },
        {
            "name": "Head",
            "time": [0.0, 0.1833, 0.2833, 0.4333, 0.5667],
            "transform": [
                [-0.99111, 0.074467, 0.110249, -0.0, 0.090747, 0.984375, 0.150903, 0.637051, -0.097289, 0.159566, -0.982381, -0.0, 0.0, 0.0, 0.0, 1.0],
                [-0.99111, 0.074467, 0.110249, -0.0, 0.090747, 0.984375, 0.150903, 0.637051, -0.097289, 0.159566, -0.982381, -0.0, 0.0, 0.0, 0.0, 1.0],
                [-0.99111, 0.074467, 0.110249, -0.0, 0.090747, 0.984375, 0.150903, 0.637051, -0.097289, 0.159566, -0.982382, 0.0, 0.0, 0.0, 0.0, 1.0],
                [-0.99111, 0.074467, 0.110249, 0.0, 0.090747, 0.984375, 0.150903, 0.637051, -0.097289, 0.159566, -0.982382, -0.0, 0.0, 0.0, 0.0, 1.0],
                [-0.99111, 0.074467, 0.110249, -0.0, 0.090747, 0.984375, 0.150903, 0.637051, -0.097289, 0.159566, -0.982382, -0.0, 0.0, 0.0, 0.0, 1.0]
            ]
        },
        {
            "name": "Left_Arm",
            "time": [0.0, 0.1833, 0.2833, 0.4333, 0.5667],
            "transform": [
                [-0.099777, 0.114297, 0.988424, 0.699152, 0.195411, -0.971784, 0.132098, 0.78895, 0.975632, 0.206329, 0.074627, -0.021019, 0.0, 0.0, 0.0, 1.0],
                [-0.402228, 0.865245, 0.299273, 0.414597, 0.171574, -0.249853, 0.952962, 0.563053, 0.899319, 0.434655, -0.047956, 0.031911, 0.0, 0.0, 0.0, 1.0],
                [-0.402227, 0.865245, 0.299273, 0.414597, 0.171574, -0.249853, 0.952961, 0.563053, 0.899319, 0.434655, -0.047956, 0.031911, 0.0, 0.0, 0.0, 1.0],
                [-0.639384, 0.762108, 0.101882, 0.414597, -0.0617, -0.182935, 0.981187, 0.563053, 0.766408, 0.621069, 0.163988, 0.031911, 0.0, 0.0, 0.0, 1.0],
                [-0.639384, 0.762108, 0.101882, 0.414597, -0.0617, -0.182935, 0.981187, 0.563053, 0.766408, 0.621069, 0.163988, 0.031911, 0.0, 0.0, 0.0, 1.0]
            ]
        },
        {
            "name": "Left_Forearm",
            "time": [0.0, 0.1833, 0.2833, 0.4333, 0.5667],
            "transform": [
                [0.991756, -0.128127, -0.001812, -0.0, 0.12814, 0.991631, 0.015768, 0.922077, -0.000224, -0.01587, 0.999874, 0.0, 0.0, 0.0, 0.0, 1.0],
                [-0.318201, 0.948022, -0.001812, 0.0, -0.947914, -0.318135, 0.015768, 0.922078, 0.014372, 0.006735, 0.999874, -0.0, 0.0, 0.0, 0.0, 1.0],
                [-0.318201, 0.948022, -0.001812, -0.0, -0.947914, -0.318135, 0.015768, 0.922077, 0.014372, 0.006735, 0.999874, 0.0, 0.0, 0.0, 0.0, 1.0],
                [0.986691, 0.162068, -0.013234, 0.0, -0.162549, 0.985243, -0.053602, 0.922077, 0.004351, 0.05504, 0.998475, -0.0, 0.0, 0.0, 0.0, 1.0],
                [0.986691, 0.156546, -0.04398, -0.0, -0.162549, 0.956812, -0.241014, 0.922077, 0.004351, 0.244956, 0.969525, -0.0, 0.0, 0.0, 0.0, 1.0]
            ]
        },
        {
            "name": "Left_Claw",
            "time": [0.0, 0.1833, 0.2833, 0.4333, 0.5667],
            "transform": [
                [0.988132, 0.152954, 0.014145, 0.0, -0.150512, 0.945712, 0.288055, 0.818741, 0.030682, -0.286765, 0.957509, -0.0, 0.0, 0.0, 0.0, 1.0],
                [0.988132, 0.152954, 0.014145, 0.0, -0.150512, 0.945712, 0.288055, 0.818741, 0.030682, -0.286765, 0.957509, 0.0, 0.0, 0.0, 0.0, 1.0],
                [0.988132, 0.152954, 0.014145, -0.0, -0.150512, 0.945712, 0.288055, 0.818741, 0.030682, -0.286765, 0.957509, -0.0, 0.0, 0.0, 0.0, 1.0],
                [0.988132, 0.151793, -0.023534, 0.0, -0.150512, 0.987391, 0.049045, 0.818741, 0.030682, -0.044921, 0.998519, -0.0, 0.0, 0.0, 0.0, 1.0],
                [0.988132, 0.151794, -0.023534, -0.0, -0.150512, 0.987391, 0.049045, 0.818741, 0.030682, -0.044921, 0.998519, 0.0, 0.0, 0.0, 0.0, 1.0]
            ]
        },
        {
            "name": "Right_Arm",
            "time": [0.0, 0.1833, 0.2833, 0.4333, 0.5667],
            "transform": [
                [-0.056309, -0.141849, -0.988286, -0.673575, -0.233499, -0.960534, 0.15117, 0.700798, -0.970725, 0.239276, 0.020965, -0.092819, 0.0, 0.0, 0.0, 1.0],
                [-0.056309, -0.141849, -0.988286, -0.673575, -0.233499, -0.960534, 0.15117, 0.700797, -0.970725, 0.239276, 0.020965, -0.092819, 0.0, 0.0, 0.0, 1.0],
                [-0.056309, -0.141849, -0.988286, -0.673575, -0.233499, -0.960534, 0.15117, 0.700797, -0.970725, 0.239276, 0.020965, -0.092819, 0.0, 0.0, 0.0, 1.0],
                [0.039629, -0.371105, -0.927745, -0.673575, 0.053074, -0.926382, 0.372826, 0.700797, -0.997804, -0.064014, -0.017015, -0.092819, 0.0, 0.0, 0.0, 1.0],
                [0.039629, -0.152762, -0.987468, -0.673575, 0.053074, -0.986528, 0.154746, 0.700798, -0.997804, -0.058541, -0.030987, -0.092819, 0.0, 0.0, 0.0, 1.0]
            ]
        },
        {
            "name": "Right_Forearm",
            "time": [0.0, 0.1833, 0.2833, 0.4333, 0.5667],