{
    "animation": [
        {
            "name": "Root",
            "time": [0.0, 0.2167, 0.3333, 0.4333, 0.65, 0.85],
            "transform": [
                [0.896138, 0.005549, 0.16503, 0.038433, 0.165027, 0.001022, -0.896155, 0.011446, -0.005642, 0.911207, -0.0, 1.301628, 0.0, 0.0, 0.0, 1.0],
                [0.83266, 0.005549, 0.370104, 0.038433, 0.370105, 0.001022, -0.832677, 0.011446, -0.005486, 0.911207, -0.00132, 1.301628, 0.0, 0.0, 0.0, 1.0],
                [0.902801, 0.005614, 0.12348, 0.038433, 0.123486, -0.000566, -0.902818, 1.66128, -0.005486, 0.911207, -0.001322, 1.392578, 0.0, 0.0, 0.0, 1.0],
                [0.910489, 0.005429, -0.036196, 0.038433, -0.036188, -0.001537, -0.910504, 2.394482, -0.005486, 0.911207, -0.00132, 1.301628, 0.0, 0.0, 0.0, 1.0],
                [0.910489, 0.005429, -0.036196, 0.038433, -0.036188, -0.001537, -0.910504, 2.192281, -0.005486, 0.911207, -0.00132, 1.432545, 0.0, 0.0, 0.0, 1.0],
                [0.910489, 0.005429, -0.036196, 0.038433, -0.036188, -0.001537, -0.910504, 2.192281, -0.005486, 0.911207, -0.00132, 1.432545, 0.0, 0.0, 0.0, 1.0]
            ]
        },
        {
            "name": "Lower_Torso",
            "time": [0.0, 0.2167, 0.65, 0.85],
            "transform": [
                [0.922867, -0.002743, 0.38511, -0.0, 0.002532, 0.999996, 0.001056, 0.182359, -0.385111, 0.0, 0.92287, -0.0, 0.0, 0.0, 0.0, 1.0],
                [0.857584, -0.002743, 0.514336, -0.0, 0.002353, 0.999996, 0.001411, 0.182359, -0.514338, 0.0, 0.857587, -0.0, 0.0, 0.0, 0.0, 1.0],
                [0.999996, -0.002743, 0.0, -0.0, 0.002743, 0.999996, 0.0, 0.182359, -0.0, -0.0, 1.0, -0.0, 0.0, 0.0, 0.0, 1.0],
                [0.999996, -0.002743, 0.0, -0.0, 0.002743, 0.999996, 0.0, 0.182359, -0.0, -0.0, 1.0, -0.0, 0.0, 0.0, 0.0, 1.0]
            ]
        },
        {
            "name": "Upper_Torso",
            "time": [0.0, 0.2167, 0.3333, 0.4333, 0.65, 0.85],
            "transform": [
                [-0.946858, 0.099546, -0.30586, -0.0, 0.15558, 0.974008, -0.164631, 0.666804, 0.281522, -0.203468, -0.937735, -0.0, 0.0, 0.0, 0.0, 1.0],
                [-0.946858, 0.099546, -0.30586, -0.0, 0.15558, 0.974008, -0.164631, 0.666804, 0.281522, -0.203468, -0.937735, -0.0, 0.0, 0.0, 0.0, 1.0],
                [-0.946858, 0.099546, -0.30586, 0.0, 0.15558, 0.974008, -0.164631, 0.666804, 0.281522, -0.203468, -0.937735, 0.0, 0.0, 0.0, 0.0, 1.0],
                [-0.991827, 0.099546, 0.079816, 0.0, 0.080726, 0.974008, -0.211641, 0.666804, -0.098809, -0.203468, -0.974083, -0.0, 0.0, 0.0, 0.0, 1.0],
                [-0.998066, -0.005417, -0.061928, 0.0, 0.008801, 0.973851, -0.227017, 0.666804, 0.061538, -0.227123, -0.97192, 0.0, 0.0, 0.0, 0.0, 1.0],
                [-0.998066, -0.005417, -0.061928, 0.0, 0.008801, 0.973851, -0.227017, 0.666804, 0.061538, -0.227123, -0.97192, 0.0, 0.0, 0.0, 0.0, 1.0]
            ]
        },
        {
            "name": "Head",
            "time": [0.0, 0.2167, 0.4333, 0.65, 0.85],
            "transform": [
                [-0.843808, 0.083383, 0.530128, -0.0, 0.165988, 0.979966, 0.110066, 0.637051, -0.51033, 0.180869, -0.840744, -0.0, 0.0, 0.0, 0.0, 1.0],
                [-0.788501, 0.083383, 0.609355, -0.0, 0.175867, 0.979967, 0.093473, 0.637051, -0.589353, 0.180869, -0.787368, -0.0, 0.0, 0.0, 0.0, 1.0],
                [-0.887822, 0.083383, 0.45257, 0.0, 0.155483, 0.979967, 0.124464, 0.637051, -0.433125, 0.180869, -0.883, -0.0, 0.0, 0.0, 0.0, 1.0],
                [-0.99111, 0.074467, 0.110249, 0.0, 0.090747, 0.984375, 0.150903, 0.637051, -0.097289, 0.159566, -0.982382, -0.0, 0.0, 0.0, 0.0, 1.0],
                [-0.99111, 0.074467, 0.110249, 0.0, 0.090747, 0.984375, 0.150903, 0.637051, -0.097289, 0.159566, -0.982382, -0.0, 0.0, 0.0, 0.0, 1.0]
            ]
        },
        {
            "name": "Left_Arm",
            "time": [0.0, 0.2167, 0.65, 0.85],
            "transform": [
                [0.186594, 0.125001, 0.974452, 0.699152, 0.279835, -0.957547, 0.069248, 0.788949, 0.94174, 0.259765, -0.213652, -0.021019, 0.0, 0.0, 0.0, 1.0],
                [0.186594, 0.125001, 0.974452, 0.699152, 0.279835, -0.957547, 0.069248, 0.78895, 0.94174, 0.259765, -0.213652, -0.021019, 0.0, 0.0, 0.0, 1.0],
                [-0.099777, 0.114297, 0.988424, 0.699152, 0.195411, -0.971784, 0.132098, 0.78895, 0.975633, 0.206329, 0.074627, -0.02102, 0.0, 0.0, 0.0, 1.0],
                [-0.099777, 0.114297, 0.988424, 0.699152, 0.195411, -0.971784, 0.132098, 0.78895, 0.975633, 0.206329, 0.074627, -0.02102, 0.0, 0.0, 0.0, 1.0]
            ]
        },
        {
            "name": "Left_Forearm",
            "time": [0.0, 0.2167, 0.65, 0.85],
            "transform": [
                [0.991756, -0.128127, -0.001812, 0.0, 0.12814, 0.991631, 0.015768, 0.922077, -0.000224, -0.01587, 0.999874, -0.0, 0.0, 0.0, 0.0, 1.0],
                [0.991756, -0.128127, -0.001812, -0.0, 0.12814, 0.991631, 0.015768, 0.922078, -0.000224, -0.01587, 0.999874, 0.0, 0.0, 0.0, 0.0, 1.0],
                [0.991756, -0.128127, -0.001812, -0.0, 0.12814, 0.991631, 0.015768, 0.922077, -0.000224, -0.01587, 0.999874, 0.0, 0.0, 0.0, 0.0, 1.0],
                [0.991756, -0.128127, -0.001812, -0.0, 0.12814, 0.991631, 0.015768, 0.922077, -0.000224, -0.01587, 0.999874, 0.0, 0.0, 0.0, 0.0, 1.0]
            ]
        },
        {
            "name": "Left_Claw",
            "time": [0.0, 0.2167, 0.65, 0.85],
            "transform": [
                [0.988132, 0.152954, 0.014145, 0.0, -0.150512, 0.945711, 0.288055, 0.818741, 0.030682, -0.286765, 0.957509, 0.0, 0.0, 0.0, 0.0, 1.0],
                [0.988132, 0.152954, 0.014145, -0.0, -0.150512, 0.945712, 0.288055, 0.818741, 0.030682, -0.286765, 0.957509, -0.0, 0.0, 0.0, 0.0, 1.0],
                [0.988132, 0.152954, 0.014145, -0.0, -0.150512, 0.945712, 0.288055, 0.818741, 0.030682, -0.286765, 0.957509, 0.0, 0.0, 0.0, 0.0, 1.0],
                [0.988132, 0.152954, 0.014145, -0.0, -0.150512, 0.945712, 0.288055, 0.818741, 0.030682, -0.286765, 0.957509, 0.0, 0.0, 0.0, 0.0, 1.0]
            ]
        },
        {
            "name": "Right_Arm",
            "time": [0.0, 0.2167, 0.3333, 0.4333, 0.65, 0.85],
            "transform": [
                [-0.554692, 0.117508, 0.823717, -0.461258, 0.824417, 0.211458, 0.524998, 0.419477, -0.11249, 0.970298, -0.21417, 0.049059, 0.0, 0.0, 0.0, 1.0],
                [-0.538479, -0.177572, 0.823717, -0.461258, 0.606033, 0.597579, 0.524998, 0.419477, -0.585461, 0.7819, -0.21417, 0.049059, 0.0, 0.0, 0.0, 1.0],
                [-0.801178, -0.556354, -0.220416, -0.449198, 0.397895, -0.770369, 0.498207, 0.603007, -0.446982, 0.31145, 0.838574, 0.05113, 0.0, 0.0, 0.0, 1.0],
                [0.345738, -0.205558, -0.915539, -0.461258, 0.411308, -0.843777, 0.34477, 0.419477, -0.843381, -0.495768, -0.207178, 0.049059, 0.0, 0.0, 0.0, 1.0],
                [-0.056309, -0.141849, -0.988286, -0.673575, -0.233499, -0.960534, 0.15117, 0.700798, -0.970725, 0.239276, 0.020965, -0.092819, 0.0, 0.0, 0.0, 1.0],
                [-0.056309, -0.141849, -0.988286, -0.673575, -0.233499, -0.960534, 0.15117, 0.700798, -0.970725, 0.239276, 0.020965, -0.092819, 0.0, 0.0, 0.0, 1.0]
            ]
        },
        {
            "name": "Right_Forearm",
            "time": [0.0, 0.2167, 0.4333, 0.5167, 0.65, 0.85],