{
    "animation": [
        {
            "name": "Root",
            "time": [0.0, 0.1667, 0.3667, 0.4833, 0.7167, 0.9167],
            "transform": [
                [0.858556, 0.005509, -0.305254, 0.038433, -0.305266, 0.001219, -0.858569, -0.085759, -0.004782, 0.911207, 0.002994, 1.321655, 0.0, 0.0, 0.0, 1.0],
                [0.81221, 0.00562, -0.413053, 0.038433, -0.413063, 0.000501, -0.812224, -0.085759, -0.004782, 0.911207, 0.002994, 1.321655, 0.0, 0.0, 0.0, 1.0],
                [0.903774, 0.00562, 0.116148, 0.038433, 0.116147, 0.000501, -0.903791, 1.88161, -0.005638, 0.911207, -0.000219, 1.321655, 0.0, 0.0, 0.0, 1.0],
                [0.903774, 0.00562, 0.116148, 0.038433, 0.116147, 0.000501, -0.903791, 1.88161, -0.005638, 0.911207, -0.000219, 1.321655, 0.0, 0.0, 0.0, 1.0],
                [0.903774, 0.00562, 0.116148, 0.038433, 0.116147, 0.000501, -0.903791, 1.370666, -0.005638, 0.911207, -0.000219, 1.427412, 0.0, 0.0, 0.0, 1.0],
                [0.903774, 0.00562, 0.116148, 0.038433, 0.116147, 0.000501, -0.903791, 1.370666, -0.005638, 0.911207, -0.000219, 1.427412, 0.0, 0.0, 0.0, 1.0]
            ]
        },
        {
            "name": "Lower_Torso",
            "time": [0.0, 0.1667, 0.3667, 0.4833, 0.7167, 0.9167],
            "transform": [
                [0.999996, -0.002686, -0.000557, 0.0, 0.002743, 0.979169, 0.203027, 0.182359, -0.0, -0.203028, 0.979173, 0.0, 0.0, 0.0, 0.0, 1.0],
                [0.969046, -0.002686, -0.246866, 0.0, 0.05267, 0.979169, 0.196096, 0.182359, 0.241197, -0.203028, 0.949001, 0.0, 0.0, 0.0, 0.0, 1.0],
                [0.991615, -0.002686, -0.129202, -0.0, 0.02884, 0.979169, 0.200987, 0.182359, 0.125971, -0.203028, 0.971036, 0.0, 0.0, 0.0, 0.0, 1.0],
                [0.991615, -0.002686, -0.129202, -0.0, 0.02884, 0.979169, 0.200987, 0.182359, 0.125971, -0.203028, 0.971036, 0.0, 0.0, 0.0, 0.0, 1.0],
                [0.999996, -0.002743, 0.0, 0.0, 0.002743, 0.999996, 0.0, 0.182359, -0.0, 0.0, 1.0, 0.0, 0.0, 0.0, 0.0, 1.0],
                [0.999996, -0.002743, 0.0, 0.0, 0.002743, 0.999996, 0.0, 0.182359, -0.0, 0.0, 1.0, 0.0, 0.0, 0.0, 0.0, 1.0]
            ]
        },
        {
            "name": "Upper_Torso",
            "time": [0.0, 0.1667, 0.2667, 0.3667, 0.4833, 0.7167, 0.9167, 0.2],
            "transform": [
                [-0.974955, 0.058965, 0.214442, 0.0, -0.002971, 0.960672, -0.277668, 0.666804, -0.222381, -0.271351, -0.936438, -0.0, 0.0, 0.0, 0.0, 1.0],
                [-0.896498, 0.058965, 0.439106, 0.0, -0.068607, 0.960672, -0.269075, 0.666804, -0.437704, -0.271351, -0.857195, -0.0, 0.0, 0.0, 0.0, 1.0],
                [-0.998851, 0.014059, 0.045809, 0.0, -0.001304, 0.94766, -0.319278, 0.666804, -0.0479, -0.318971, -0.946553, 0.0, 0.0, 0.0, 0.0, 1.0],
                [-0.954808, -0.019743, -0.296567, -0.0, 0.104387, 0.911956, -0.396787, 0.666804, 0.27829, -0.409813, -0.868682, -0.0, 0.0, 0.0, 0.0, 1.0],
                [-0.926449, -0.105403, -0.361362, -0.0, -0.019799, 0.972312, -0.232848, 0.666804, 0.3759, -0.208567, -0.902884, -0.0, 0.0, 0.0, 0.0, 1.0],
                [-0.926449, -0.105403, -0.361362, -0.0, -0.019799, 0.972312, -0.232848, 0.666804, 0.3759, -0.208567, -0.902884, -0.0, 0.0, 0.0, 0.0, 1.0],
                [-0.998066, -0.005417, -0.061928, 0.0, 0.008801, 0.973851, -0.227017, 0.666804, 0.061538, -0.227123, -0.97192, -0.0, 0.0, 0.0, 0.0, 1.0],
                [-0.998066, -0.005417, -0.061928, 0.0, 0.008801, 0.973851, -0.227017, 0.666804, 0.061538, -0.227123, -0.97192, -0.0, 0.0, 0.0, 0.0, 1.0]
            ]
        },
        {
            "name": "Head",
            "time": [0.0, 0.1667, 0.3667, 0.4833, 0.7167, 0.9167],
            "transform": [
                [-0.941135, 0.074467, -0.329727, -0.0, 0.016466, 0.984375, 0.175316, 0.637051, 0.337631, 0.159566, -0.927655, -0.0, 0.0, 0.0, 0.0, 1.0],
                [-0.877793, 0.074467, -0.473217, -0.0, -0.011226, 0.984375, 0.175729, 0.637051, 0.478908, 0.159566, -0.863241, 0.0, 0.0, 0.0, 0.0, 1.0],
                [-0.928484, 0.074467, 0.363829, 0.0, 0.126819, 0.984375, 0.122162, 0.637052, -0.349047, 0.159566, -0.92342, 0.0, 0.0, 0.0, 0.0, 1.0],
                [-0.928484, 0.074467, 0.363829, 0.0, 0.126819, 0.984375, 0.122162, 0.637052, -0.349047, 0.159566, -0.92342, 0.0, 0.0, 0.0, 0.0, 1.0],
                [-0.991111, 0.074467, 0.110249, 0.0, 0.090747, 0.984375, 0.150903, 0.637051, -0.097289, 0.159566, -0.982382, -0.0, 0.0, 0.0, 0.0, 1.0],
                [-0.991111, 0.074467, 0.110249, 0.0, 0.090747, 0.984375, 0.150903, 0.637051, -0.097289, 0.159566, -0.982382, -0.0, 0.0, 0.0, 0.0, 1.0]
            ]
        },
        {
            "name": "Left_Arm",
            "time": [0.0, 0.1667, 0.2667, 0.3667, 0.4833, 0.7167, 0.9167],
            "transform": [
                [-0.452414, -0.597291, 0.662243, 0.521306, 0.853047, -0.506381, 0.126048, 0.598125, 0.26006, 0.62195, 0.738611, 0.307809, 0.0, 0.0, 0.0, 1.0],
                [-0.452414, -0.597291, 0.662243, 0.521306, 0.853048, -0.506381, 0.126048, 0.598124, 0.26006, 0.62195, 0.738611, 0.307809, 0.0, 0.0, 0.0, 1.0],
                [-0.169251, 0.171535, 0.97053, 0.521306, 0.983432, -0.035475, 0.177771, 0.598124, 0.064924, 0.984539, -0.162689, 0.307809, 0.0, 0.0, 0.0, 1.0],
                [-0.452414, 0.431851, 0.780273, 0.521306, 0.853048, -0.045583, 0.519838, 0.598125, 0.26006, 0.900792, -0.347767, 0.307809, 0.0, 0.0, 0.0, 1.0],
                [-0.452414, 0.431851, 0.780273, 0.521306, 0.853048, -0.045583, 0.519838, 0.598125, 0.26006, 0.900792, -0.347767, 0.307809, 0.0, 0.0, 0.0, 1.0],
                [-0.099777, 0.114297, 0.988423, 0.699152, 0.195411, -0.971784, 0.132098, 0.78895, 0.975632, 0.206329, 0.074627, -0.021019, 0.0, 0.0, 0.0, 1.0],
                [-0.099777, 0.114297, 0.988423, 0.699152, 0.195411, -0.971784, 0.132098, 0.78895, 0.975632, 0.206329, 0.074627, -0.021019, 0.0, 0.0, 0.0, 1.0]
            ]
        },
        {
            "name": "Left_Forearm",
            "time": [0.0, 0.1667, 0.2333, 0.3667, 0.4833, 0.7167, 0.9167],
            "transform": [
                [0.999602, -0.028157, -0.001812, 0.0, 0.028182, 0.999479, 0.015768, 0.922077, 0.001367, -0.015812, 0.999874, 0.0, 0.0, 0.0, 0.0, 1.0],
                [0.999602, -0.023169, -0.016103, -0.0, 0.028182, 0.847507, 0.530036, 0.922077, 0.001367, -0.530279, 0.847822, -0.0, 0.0, 0.0, 0.0, 1.0],
                [0.999602, -0.025678, -0.011693, 0.0, 0.028182, 0.928737, 0.369667, 0.922077, 0.001367, -0.36985, 0.929091, -0.0, 0.0, 0.0, 0.0, 1.0],
                [0.999602, -0.02814, 0.002059, -0.0, 0.028182, 0.992231, -0.121177, 0.922077, 0.001367, 0.121187, 0.992629, 0.0, 0.0, 0.0, 0.0, 1.0],
                [0.999602, -0.02814, 0.002059, -0.0, 0.028182, 0.992231, -0.121177, 0.922077, 0.001367, 0.121187, 0.992629, 0.0, 0.0, 0.0, 0.0, 1.0],
                [0.991756, -0.128127, -0.001812, 0.0, 0.12814, 0.991631, 0.015768, 0.922077, -0.000224, -0.01587, 0.999874, -0.0, 0.0, 0.0, 0.0, 1.0],
                [0.991756, -0.128127, -0.001812, 0.0, 0.12814, 0.991631, 0.015768, 0.922077, -0.000224, -0.01587, 0.999874, -0.0, 0.0, 0.0, 0.0, 1.0]
            ]
        },
        {
            "name": "Left_Claw",
            "time": [0.0, 0.1667, 0.3667, 0.4833, 0.7167, 0.9167],