{
    "animation": [
        {
            "name": "Root",
            "time": [0.0, 0.2667, 0.5, 0.65, 0.8333, 0.9333, 1.2667],
            "transform": [
                [0.911207, 0.005642, 0.0, 0.038433, 0.0, 0.0, -0.911224, 0.034204, -0.005642, 0.911207, -0.0, 1.45693, 0.0, 0.0, 0.0, 1.0],
                [0.834251, 0.005166, 0.366507, -0.003204, 0.3665, 0.002269, -0.834267, -0.604465, -0.005642, 0.911207, -0.0, 1.276587, 0.0, 0.0, 0.0, 1.0],
                [0.834251, 0.005166, 0.366507, -0.003204, 0.3665, 0.002269, -0.834267, -0.604465, -0.005642, 0.911207, -0.0, 1.276587, 0.0, 0.0, 0.0, 1.0],
                [0.873712, 0.00541, 0.258705, -0.00375, 0.251185, 0.201104, -0.852521, 2.571043, -0.062157, 0.888739, 0.191334, 1.42972, 0.0, 0.0, 0.0, 1.0],
                [0.905445, 0.005607, 0.102314, -0.003204, 0.102312, 0.000634, -0.905462, 3.210082, -0.005642, 0.911207, -0.0, 1.153388, 0.0, 0.0, 0.0, 1.0],
                [0.905445, 0.005607, 0.102314, -0.003204, 0.102312, 0.000634, -0.905462, 3.210082, -0.005642, 0.911207, -0.0, 1.153388, 0.0, 0.0, 0.0, 1.0],
                [0.905445, 0.005607, 0.102314, -0.003204, 0.102312, 0.000634, -0.905462, 3.210082, -0.005642, 0.911207, -0.0, 1.153388, 0.0, 0.0, 0.0, 1.0]
            ]
        },
        {
            "name": "Lower_Torso",
            "time": [0.0, 0.5, 0.8333, 0.9333, 1.2667],
            "transform": [
                [0.999996, -0.002743, 0.0, -0.0, 0.002743, 0.999996, 0.0, 0.182359, -0.0, 0.0, 1.0, 0.0, 0.0, 0.0, 0.0, 1.0],
                [0.999996, -0.002743, 0.0, -0.0, 0.002743, 0.999996, -0.0, 0.182359, -0.0, 0.0, 1.0, -0.0, 0.0, 0.0, 0.0, 1.0],
                [0.949084, 0.012449, -0.314777, 0.0, 0.030461, 0.99091, 0.131034, 0.182359, 0.313547, -0.13395, 0.940078, -0.0, 0.0, 0.0, 0.0, 1.0],
                [0.949095, -0.002743, -0.314979, 0.0, 0.002604, 0.999996, -0.000864, 0.182359, 0.31498, -0.0, 0.949098, -0.0, 0.0, 0.0, 0.0, 1.0],
                [0.949095, -0.002743, -0.314979, 0.0, 0.002604, 0.999996, -0.000864, 0.182359, 0.31498, -0.0, 0.949098, -0.0, 0.0, 0.0, 0.0, 1.0]
            ]
        },
        {
            "name": "Upper_Torso",
            "time": [0.0, 0.5, 0.8333, 0.9333, 1.2667],
            "transform": [
                [-0.998066, -0.005417, -0.061928, -0.0, 0.008801, 0.973851, -0.227017, 0.666804, 0.061538, -0.227123, -0.97192, -0.0, 0.0, 0.0, 0.0, 1.0],
                [-0.945267, 0.086138, -0.314722, 0.0, 0.069115, 0.995497, 0.064875, 0.666804, 0.318893, 0.039572, -0.946964, 0.0, 0.0, 0.0, 0.0, 1.0],
                [-0.973641, 0.138631, 0.181121, -0.0, 0.031601, 0.868422, -0.494817, 0.666804, -0.225887, -0.47605, -0.849913, 0.0, 0.0, 0.0, 0.0, 1.0],
                [-0.971873, 0.165498, 0.16755, -0.0, 0.092699, 0.922849, -0.373841, 0.666804, -0.216493, -0.347794, -0.912233, -0.0, 0.0, 0.0, 0.0, 1.0],
                [-0.971873, 0.165498, 0.16755, -0.0, 0.092699, 0.922849, -0.373841, 0.666804, -0.216493, -0.347794, -0.912233, -0.0, 0.0, 0.0, 0.0, 1.0]
            ]
        },
        {
            "name": "Head",
            "time": [0.0, 0.5, 0.8333, 0.9333, 1.2667],
            "transform": [
                [-0.99111, 0.074467, 0.110249, -0.0, 0.090747, 0.984375, 0.150903, 0.637051, -0.097289, 0.159566, -0.982381, -0.0, 0.0, 0.0, 0.0, 1.0],
                [-0.99111, 0.074467, 0.110249, 0.0, 0.090747, 0.984375, 0.150903, 0.637051, -0.097289, 0.159566, -0.982382, -0.0, 0.0, 0.0, 0.0, 1.0],
                [-0.99111, 0.074467, 0.110249, 0.0, 0.090747, 0.984375, 0.150903, 0.637051, -0.097289, 0.159566, -0.982382, 0.0, 0.0, 0.0, 0.0, 1.0],
                [-0.99111, 0.074467, 0.110249, 0.0, 0.090747, 0.984375, 0.150903, 0.637051, -0.097289, 0.159566, -0.982382, -0.0, 0.0, 0.0, 0.0, 1.0],
                [-0.99111, 0.074467, 0.110249, 0.0, 0.090747, 0.984375, 0.150903, 0.637051, -0.097289, 0.159566, -0.982382, -0.0, 0.0, 0.0, 0.0, 1.0]
            ]
        },
        {
            "name": "Left_Arm",
            "time": [0.0, 0.5, 0.6, 0.8333, 0.9333, 1.2667],
            "transform": [
                [-0.099777, 0.114297, 0.988424, 0.699152, 0.195411, -0.971784, 0.132098, 0.78895, 0.975632, 0.206329, 0.074627, -0.021019, 0.0, 0.0, 0.0, 1.0],
                [-0.880006, 0.474446, -0.022147, 0.649832, 0.429119, 0.774216, -0.465238, 0.377518, -0.203584, -0.418916, -0.884908, 0.187315, 0.0, 0.0, 0.0, 1.0],
                [-0.929222, -0.362963, 0.069314, 0.649832, -0.066186, 0.348027, 0.935145, 0.377518, -0.363546, 0.86437, -0.347417, 0.187315, 0.0, 0.0, 0.0, 1.0],
                [-0.967894, 0.199098, 0.153432, 0.649832, 0.163829, 0.036741, 0.985804, 0.377517, 0.190634, 0.979291, -0.06818, 0.187316, 0.0, 0.0, 0.0, 1.0],
                [-0.960517, 0.112361, 0.254523, 0.649832, 0.217578, -0.266795, 0.938872, 0.377517, 0.173398, 0.957181, 0.231814, 0.187316, 0.0, 0.0, 0.0, 1.0],
                [-0.960517, 0.112361, 0.254523, 0.649832, 0.217578, -0.266795, 0.938872, 0.377517, 0.173398, 0.957181, 0.231814, 0.187316, 0.0, 0.0, 0.0, 1.0]
            ]
        },
        {
            "name": "Left_Forearm",
            "time": [0.0, 0.5, 0.8333, 0.9333, 1.2667],
            "transform": [
                [0.991756, -0.128127, -0.001812, -0.0, 0.12814, 0.991631, 0.015768, 0.922077, -0.000224, -0.01587, 0.999874, 0.0, 0.0, 0.0, 0.0, 1.0],
                [0.991756, -0.120726, 0.042954, -0.0, 0.12814, 0.93496, -0.330802, 0.922078, -0.000224, 0.333579, 0.942722, 0.0, 0.0, 0.0, 0.0, 1.0],
                [0.991756, -0.127525, 0.012544, -0.0, 0.12814, 0.987162, -0.095351, 0.922077, -0.000224, 0.096172, 0.995365, 0.0, 0.0, 0.0, 0.0, 1.0],
                [0.991756, -0.127525, 0.012544, 0.0, 0.12814, 0.987162, -0.095351, 0.922078, -0.000224, 0.096172, 0.995365, -0.0, 0.0, 0.0, 0.0, 1.0],
                [0.991756, -0.127525, 0.012544, 0.0, 0.12814, 0.987162, -0.095351, 0.922078, -0.000224, 0.096172, 0.995365, -0.0, 0.0, 0.0, 0.0, 1.0]
            ]
        },
        {
            "name": "Left_Claw",
            "time": [0.0, 0.5, 0.8333, 0.9333, 1.2667],
            "transform": [
                [0.988132, 0.152954, 0.014145, 0.0, -0.150512, 0.945712, 0.288055, 0.818741, 0.030682, -0.286765, 0.957509, -0.0, 0.0, 0.0, 0.0, 1.0],
                [0.988132, 0.152954, 0.014145, 0.0, -0.150512, 0.945712, 0.288055, 0.818741, 0.030682, -0.286765, 0.957509, -0.0, 0.0, 0.0, 0.0, 1.0],
                [0.988132, 0.152954, 0.014145, 0.0, -0.150512, 0.945712, 0.288055, 0.818741, 0.030682, -0.286765, 0.957509, 0.0, 0.0, 0.0, 0.0, 1.0],
                [0.988132, 0.152954, 0.014145, 0.0, -0.150512, 0.945712, 0.288055, 0.818741, 0.030682, -0.286765, 0.957509, -0.0, 0.0, 0.0, 0.0, 1.0],
                [0.988132, 0.152954, 0.014145, 0.0, -0.150512, 0.945712, 0.288055, 0.818741, 0.030682, -0.286765, 0.957509, -0.0, 0.0, 0.0, 0.0, 1.0]
            ]
        },
        {
            "name": "Right_Arm",
            "time": [0.0, 0.5, 0.8333, 0.9333, 1.2667],
            "transform": [
                [-0.056309, -0.141849, -0.988286, -0.673575, -0.233499, -0.960534, 0.15117, 0.700798, -0.970725, 0.239276, 0.020965, -0.092819, 0.0, 0.0, 0.0, 1.0],
                [-0.056309, -0.141849, -0.988286, -0.673575, -0.233499, -0.960534, 0.15117, 0.700798, -0.970725, 0.239276, 0.020965, -0.092819, 0.0, 0.0, 0.0, 1.0],
                [0.052905, -0.286726, -0.956551, -0.673575, 0.468195, -0.838962, 0.277373, 0.700797, -0.88204, -0.462527, 0.089859, -0.092819, 0.0, 0.0, 0.0, 1.0],
                [0.052905, -0.286726, -0.956551, -0.673575, 0.468195, -0.838962, 0.277373, 0.700797, -0.88204, -0.462527, 0.089859, -0.092819, 0.0, 0.0, 0.0, 1.0],
                [0.052905, -0.286726, -0.956551, -0.673575, 0.468195, -0.838962, 0.277373, 0.700797, -0.88204, -0.462527, 0.089859, -0.092819, 0.0, 0.0, 0.0, 1.0]
            ]
        },
        {
            "name": "Right_Forearm",
            "time": [0.0, 0.5, 0.8333, 0.9333, 1.2667],