{
    "animation": [
        {
            "name": "Root",
            "time": [0.0, 0.3333, 0.6167, 0.7333, 1.0, 1.8],
            "transform": [
                [0.911207, 0.005642, 0.0, 0.038433, 0.0, 0.0, -0.911224, 0.034204, -0.005642, 0.911207, -0.0, 1.45693, 0.0, 0.0, 0.0, 1.0],
                [0.856146, 0.005301, -0.311953, -0.179656, -0.311948, -0.001932, -0.856163, -0.531325, -0.005642, 0.911207, -0.0, 1.45693, 0.0, 0.0, 0.0, 1.0],
                [0.856146, 0.005301, -0.311953, -0.179656, -0.311948, -0.001932, -0.856163, -0.531325, -0.005642, 0.911207, -0.0, 1.45693, 0.0, 0.0, 0.0, 1.0],
                [0.88092, 0.0053, -0.232982, -0.194175, -0.232974, -0.001941, -0.880936, 1.851485, -0.00562, 0.911207, -0.000521, 1.320663, 0.0, 0.0, 0.0, 1.0],
                [0.906632, 0.005301, 0.091216, -0.251203, 0.091228, -0.001932, -0.906644, 1.711594, -0.005081, 0.911207, -0.002453, 1.332456, 0.0, 0.0, 0.0, 1.0],
                [0.911207, 0.005642, 0.0, 0.038433, 0.0, 0.0, -0.911224, 1.506987, -0.005642, 0.911207, -0.0, 1.45693, 0.0, 0.0, 0.0, 1.0]
            ]
        },
        {
            "name": "Lower_Torso",
            "time": [0.0, 0.6167, 1.0, 1.8],
            "transform": [
                [0.999996, -0.002743, 0.0, -0.0, 0.002743, 0.999996, 0.0, 0.182359, -0.0, 0.0, 1.0, 0.0, 0.0, 0.0, 0.0, 1.0],
                [0.999996, -0.002743, 0.0, -0.0, 0.002743, 0.999996, 0.0, 0.182359, -0.0, -0.0, 1.0, 0.0, 0.0, 0.0, 0.0, 1.0],
                [0.999996, -0.002743, 0.0, 0.0, 0.002743, 0.999996, 0.0, 0.182359, -0.0, -0.0, 1.0, 0.0, 0.0, 0.0, 0.0, 1.0],
                [0.999996, -0.002743, 0.0, -0.0, 0.002743, 0.999996, 0.0, 0.182359, -0.0, 0.0, 1.0, 0.0, 0.0, 0.0, 0.0, 1.0]
            ]
        },
        {
            "name": "Upper_Torso",
            "time": [0.0, 0.3333, 0.6167, 0.65, 1.0, 1.2833, 1.8],
            "transform": [
                [-0.998066, -0.005417, -0.061928, -0.0, 0.008801, 0.973851, -0.227017, 0.666804, 0.061538, -0.227123, -0.97192, -0.0, 0.0, 0.0, 0.0, 1.0],
                [-0.990121, 0.056962, 0.128123, -0.0, 0.046239, 0.995293, -0.085161, 0.666804, -0.132371, -0.078395, -0.988095, 0.0, 0.0, 0.0, 0.0, 1.0],
                [-0.990121, 0.09413, 0.103922, -0.0, 0.046239, 0.918898, -0.391775, 0.666804, -0.132371, -0.3831, -0.914173, 0.0, 0.0, 0.0, 0.0, 1.0],
                [-0.927077, 0.056679, -0.370562, 0.0, 0.081299, 0.995376, -0.051148, 0.666804, 0.36595, -0.077544, -0.927398, 0.0, 0.0, 0.0, 0.0, 1.0],
                [-0.839593, 0.082156, -0.536968, -0.0, 0.060189, 0.99648, 0.058351, 0.666804, 0.539872, 0.016672, -0.841582, 0.0, 0.0, 0.0, 0.0, 1.0],
                [-0.839593, 0.132476, -0.526815, -0.0, 0.060189, 0.986522, 0.152154, 0.666804, 0.539872, 0.096039, -0.836251, 0.0, 0.0, 0.0, 0.0, 1.0],
                [-0.998066, -0.005417, -0.061928, 0.0, 0.008801, 0.973851, -0.227017, 0.666804, 0.061538, -0.227123, -0.97192, 0.0, 0.0, 0.0, 0.0, 1.0]
            ]
        },
        {
            "name": "Head",
            "time": [0.0, 0.6167, 1.0, 1.8],
            "transform": [
                [-0.99111, 0.074467, 0.110249, -0.0, 0.090747, 0.984375, 0.150903, 0.637051, -0.097289, 0.159566, -0.982381, -0.0, 0.0, 0.0, 0.0, 1.0],
                [-0.991111, 0.074467, 0.110249, 0.0, 0.090747, 0.984375, 0.150903, 0.637051, -0.097289, 0.159566, -0.982382, 0.0, 0.0, 0.0, 0.0, 1.0],
                [-0.863453, 0.033486, 0.503317, 0.0, 0.107587, 0.987061, 0.118899, 0.637051, -0.492822, 0.156814, -0.855883, -0.0, 0.0, 0.0, 0.0, 1.0],
                [-0.99111, 0.074467, 0.110249, 0.0, 0.090747, 0.984375, 0.150903, 0.637051, -0.097289, 0.159566, -0.982381, 0.0, 0.0, 0.0, 0.0, 1.0]
            ]
        },
        {
            "name": "Left_Arm",
            "time": [0.0, 0.6167, 1.0, 1.8],
            "transform": [
                [-0.099777, 0.114297, 0.988424, 0.699152, 0.195411, -0.971784, 0.132098, 0.78895, 0.975632, 0.206329, 0.074627, -0.021019, 0.0, 0.0, 0.0, 1.0],
                [-0.158739, 0.237701, 0.95828, 0.699152, 0.53619, -0.794231, 0.285829, 0.78895, 0.829037, 0.559192, -0.001377, -0.021019, 0.0, 0.0, 0.0, 1.0],
                [-0.099777, 0.114297, 0.988423, 0.699152, 0.195411, -0.971784, 0.132098, 0.78895, 0.975632, 0.206329, 0.074627, -0.021019, 0.0, 0.0, 0.0, 1.0],
                [-0.099777, 0.114297, 0.988424, 0.699152, 0.195411, -0.971784, 0.132098, 0.78895, 0.975632, 0.206329, 0.074627, -0.021019, 0.0, 0.0, 0.0, 1.0]
            ]
        },
        {
            "name": "Left_Forearm",
            "time": [0.0, 0.6167, 1.0, 1.8],
            "transform": [
                [0.991756, -0.128127, -0.001812, -0.0, 0.12814, 0.991631, 0.015768, 0.922077, -0.000224, -0.01587, 0.999874, 0.0, 0.0, 0.0, 0.0, 1.0],
                [0.991756, -0.128127, -0.001812, 0.0, 0.12814, 0.991631, 0.015768, 0.922078, -0.000224, -0.01587, 0.999874, 0.0, 0.0, 0.0, 0.0, 1.0],
                [0.991756, -0.128127, -0.001812, -0.0, 0.12814, 0.991631, 0.015768, 0.922077, -0.000224, -0.01587, 0.999874, 0.0, 0.0, 0.0, 0.0, 1.0],
                [0.991756, -0.128127, -0.001812, 0.0, 0.12814, 0.991631, 0.015768, 0.922077, -0.000224, -0.01587, 0.999874, 0.0, 0.0, 0.0, 0.0, 1.0]
            ]
        },
        {
            "name": "Left_Claw",
            "time": [0.0, 0.6167, 1.0, 1.8],
            "transform": [
                [0.988132, 0.152954, 0.014145, 0.0, -0.150512, 0.945712, 0.288055, 0.818741, 0.030682, -0.286765, 0.957509, -0.0, 0.0, 0.0, 0.0, 1.0],
                [0.988132, 0.152954, 0.014145, 0.0, -0.150512, 0.945712, 0.288055, 0.818741, 0.030682, -0.286765, 0.957509, -0.0, 0.0, 0.0, 0.0, 1.0],
                [0.988132, 0.152954, 0.014145, -0.0, -0.150512, 0.945712, 0.288055, 0.818741, 0.030682, -0.286765, 0.957509, -0.0, 0.0, 0.0, 0.0, 1.0],
                [0.988132, 0.152954, 0.014145, -0.0, -0.150512, 0.945712, 0.288055, 0.818741, 0.030682, -0.286765, 0.957509, 0.0, 0.0, 0.0, 0.0, 1.0]
            ]
        },
        {
            "name": "Right_Arm",
            "time": [0.0, 0.4667, 0.6167, 0.6333, 0.65, 0.7, 1.0, 1.2833, 1.8],
            "transform": [
                [-0.056309, -0.141849, -0.988286, -0.673575, -0.233499, -0.960534, 0.15117, 0.700798, -0.970725, 0.239276, 0.020965, -0.092819, 0.0, 0.0, 0.0, 1.0],
                [0.197365, -0.193073, -0.96113, -0.673575, 0.370312, -0.893093, 0.255448, 0.700798, -0.907698, -0.406335, -0.104769, -0.092819, 0.0, 0.0, 0.0, 1.0],
                [0.197365, -0.193073, -0.96113, -0.673575, 0.370312, -0.893093, 0.255448, 0.700797, -0.907698, -0.406335, -0.104768, -0.092819, 0.0, 0.0, 0.0, 1.0],
                [-0.41148, -0.176945, -0.894078, -0.673575, 0.35918, -0.933068, 0.019357, 0.700798, -0.83766, -0.31317, 0.447494, -0.092819, 0.0, 0.0, 0.0, 1.0],
                [-0.171381, 0.024234, -0.984907, -0.673575, 0.031392, -0.999056, -0.030045, 0.700798, -0.984704, -0.036067, 0.170459, -0.092819, 0.0, 0.0, 0.0, 1.0],
                [-0.194981, 0.055353, -0.979244, -0.673575, -0.979137, -0.069224, 0.191046, 0.700797, -0.057213, 0.996064, 0.067696, -0.092819, 0.0, 0.0, 0.0, 1.0],
                [-0.358635, -0.076059, -0.930374, -0.673575, -0.486888, 0.865604, 0.116919, 0.700797, 0.796442, 0.49492, -0.347468, -0.092819, 0.0, 0.0, 0.0, 1.0],
                [-0.363618, -0.046759, -0.930374, -0.673575, -0.415172, 0.902199, 0.116919, 0.700797, 0.833915, 0.428779, -0.347468, -0.092819, 0.0, 0.0, 0.0, 1.0],
                [-0.056309, -0.141849, -0.988286, -0.673575, -0.233499, -0.960534, 0.15117, 0.700798, -0.970725, 0.239276, 0.020965, -0.092819, 0.0, 0.0, 0.0, 1.0]
            ]
        },
        {
            "name": "Right_Forearm",
            "time": [0.0, 0.6167, 1.0, 1.2833, 1.8],