{
    "animation": [
        {
            "name": "Root",
            "time": [0.0, 0.45, 0.55, 0.75, 0.9, 1.5833],
            "transform": [
                [0.911207, 0.005642, 0.0, 0.038433, 0.0, 0.0, -0.911224, 0.034204, -0.005642, 0.911207, -0.0, 1.45693, 0.0, 0.0, 0.0, 1.0],
                [0.903267, 0.120162, 0.0, 0.123922, 0.023729, -0.178374, -0.89328, -0.161092, -0.117796, 0.885479, -0.179946, 1.683109, 0.0, 0.0, 0.0, 1.0],
                [0.903267, 0.120162, 0.0, 0.123922, 0.023729, -0.178374, -0.89328, -0.161092, -0.117796, 0.885479, -0.179946, 1.683109, 0.0, 0.0, 0.0, 1.0],
                [0.911207, 0.005642, 0.0, -0.04879, -0.001626, 0.262542, -0.872581, -0.075056, -0.005403, 0.872565, 0.262547, 1.422365, 0.0, 0.0, 0.0, 1.0],
                [0.911207, 0.005642, 0.0, -0.04879, -0.001626, 0.262542, -0.872581, -0.075056, -0.005403, 0.872565, 0.262547, 1.422365, 0.0, 0.0, 0.0, 1.0],
                [0.911207, 0.005642, 0.0, 0.038433, 0.0, 0.0, -0.911224, 0.034204, -0.005642, 0.911207, -0.0, 1.45693, 0.0, 0.0, 0.0, 1.0]
            ]
        },
        {
            "name": "Lower_Torso",
            "time": [0.0, 0.55, 0.9, 1.5833],
            "transform": [
                [0.999996, -0.002743, 0.0, -0.0, 0.002743, 0.999996, 0.0, 0.182359, -0.0, 0.0, 1.0, 0.0, 0.0, 0.0, 0.0, 1.0],
                [0.999996, -0.002743, 0.0, 0.0, 0.002743, 0.999996, 0.0, 0.182359, -0.0, -0.0, 1.0, -0.0, 0.0, 0.0, 0.0, 1.0],
                [0.999996, -0.002743, 0.0, -0.0, 0.002743, 0.999996, 0.0, 0.182359, -0.0, -0.0, 1.0, -0.0, 0.0, 0.0, 0.0, 1.0],
                [0.999996, -0.002743, 0.0, -0.0, 0.002743, 0.999996, 0.0, 0.182359, -0.0, 0.0, 1.0, 0.0, 0.0, 0.0, 0.0, 1.0]
            ]
        },
        {
            "name": "Upper_Torso",
            "time": [0.0, 0.55, 0.9, 1.5833],
            "transform": [
                [-0.998066, -0.005417, -0.061928, -0.0, 0.008801, 0.973851, -0.227017, 0.666804, 0.061538, -0.227123, -0.97192, -0.0, 0.0, 0.0, 0.0, 1.0],
                [-0.998086, -0.005325, -0.061606, -0.0, 0.014711, 0.947231, -0.320212, 0.666804, 0.060061, -0.320506, -0.945341, -0.0, 0.0, 0.0, 0.0, 1.0],
                [-0.998086, -0.020862, -0.058211, 0.0, 0.014711, 0.834228, -0.551222, 0.666804, 0.060061, -0.551024, -0.832325, 0.0, 0.0, 0.0, 0.0, 1.0],
                [-0.998066, -0.005417, -0.061928, -0.0, 0.008801, 0.973851, -0.227017, 0.666804, 0.061538, -0.227123, -0.97192, -0.0, 0.0, 0.0, 0.0, 1.0]
            ]
        },
        {
            "name": "Head",
            "time": [0.0, 0.55, 0.9, 1.5833],
            "transform": [
                [-0.99111, 0.074467, 0.110249, -0.0, 0.090747, 0.984375, 0.150903, 0.637051, -0.097289, 0.159566, -0.982381, -0.0, 0.0, 0.0, 0.0, 1.0],
                [-0.9927, 0.059003, 0.105191, 0.0, 0.096624, 0.911034, 0.40085, 0.637051, -0.072181, 0.408088, -0.910085, 0.0, 0.0, 0.0, 0.0, 1.0],
                [-0.9927, 0.071825, 0.096889, -0.0, 0.096624, 0.954395, 0.282482, 0.637051, -0.072181, 0.289781, -0.954367, 0.0, 0.0, 0.0, 0.0, 1.0],
                [-0.99111, 0.074467, 0.110249, -0.0, 0.090747, 0.984375, 0.150903, 0.637051, -0.097289, 0.159566, -0.982381, -0.0, 0.0, 0.0, 0.0, 1.0]
            ]
        },
        {
            "name": "Left_Arm",
            "time": [0.0, 0.45, 0.55, 0.9, 1.5833],
            "transform": [
                [-0.099777, 0.114297, 0.988424, 0.699152, 0.195411, -0.971784, 0.132098, 0.78895, 0.975632, 0.206329, 0.074627, -0.021019, 0.0, 0.0, 0.0, 1.0],
                [-0.147198, 0.398603, 0.905234, 0.699151, 0.176546, -0.889918, 0.420567, 0.788949, 0.973224, 0.221722, 0.060622, -0.021019, 0.0, 0.0, 0.0, 1.0],
                [-0.147198, 0.398603, 0.905234, 0.699152, 0.176546, -0.889918, 0.420567, 0.78895, 0.973224, 0.221722, 0.060622, -0.021019, 0.0, 0.0, 0.0, 1.0],
                [-0.302537, 0.298367, 0.905234, 0.699152, 0.537751, -0.730717, 0.420567, 0.788949, 0.786953, 0.614028, 0.060622, -0.021019, 0.0, 0.0, 0.0, 1.0],
                [-0.099777, 0.114297, 0.988424, 0.699152, 0.195411, -0.971784, 0.132098, 0.78895, 0.975632, 0.206329, 0.074627, -0.021019, 0.0, 0.0, 0.0, 1.0]
            ]
        },
        {
            "name": "Left_Forearm",
            "time": [0.0, 0.55, 0.9, 1.5833],
            "transform": [
                [0.991756, -0.128127, -0.001812, -0.0, 0.12814, 0.991631, 0.015768, 0.922077, -0.000224, -0.01587, 0.999874, 0.0, 0.0, 0.0, 0.0, 1.0],
                [0.991756, -0.128127, -0.001812, -0.0, 0.12814, 0.991631, 0.015768, 0.922077, -0.000224, -0.01587, 0.999874, 0.0, 0.0, 0.0, 0.0, 1.0],
                [0.991756, -0.128127, -0.001812, -0.0, 0.12814, 0.991631, 0.015768, 0.922077, -0.000224, -0.01587, 0.999874, 0.0, 0.0, 0.0, 0.0, 1.0],
                [0.991756, -0.128127, -0.001812, -0.0, 0.12814, 0.991631, 0.015768, 0.922077, -0.000224, -0.01587, 0.999874, 0.0, 0.0, 0.0, 0.0, 1.0]
            ]
        },
        {
            "name": "Left_Claw",
            "time": [0.0, 0.55, 0.9, 1.5833],
            "transform": [
                [0.988132, 0.152954, 0.014145, 0.0, -0.150512, 0.945712, 0.288055, 0.818741, 0.030682, -0.286765, 0.957509, -0.0, 0.0, 0.0, 0.0, 1.0],
                [0.988132, 0.152954, 0.014145, -0.0, -0.150512, 0.945712, 0.288055, 0.818741, 0.030682, -0.286765, 0.957509, -0.0, 0.0, 0.0, 0.0, 1.0],
                [0.988132, 0.152954, 0.014145, 0.0, -0.150512, 0.945712, 0.288055, 0.818741, 0.030682, -0.286765, 0.957509, -0.0, 0.0, 0.0, 0.0, 1.0],
                [0.988132, 0.152954, 0.014145, 0.0, -0.150512, 0.945712, 0.288055, 0.818741, 0.030682, -0.286765, 0.957509, -0.0, 0.0, 0.0, 0.0, 1.0]
            ]
        },
        {
            "name": "Right_Arm",
            "time": [0.0, 0.45, 0.55, 0.9, 1.5833],
            "transform": [
                [-0.056309, -0.141849, -0.988286, -0.673575, -0.233499, -0.960534, 0.15117, 0.700798, -0.970725, 0.239276, 0.020965, -0.092819, 0.0, 0.0, 0.0, 1.0],
                [-0.106902, -0.397809, -0.911219, -0.673575, -0.194302, -0.890442, 0.411534, 0.700797, -0.975099, 0.221045, 0.017895, -0.092819, 0.0, 0.0, 0.0, 1.0],
                [-0.106902, -0.397809, -0.911219, -0.673575, -0.194302, -0.890442, 0.411534, 0.700797, -0.975099, 0.221045, 0.017895, -0.092819, 0.0, 0.0, 0.0, 1.0],
                [-0.285412, -0.297019, -0.911219, -0.673575, -0.599443, -0.686519, 0.411534, 0.700798, -0.747802, 0.663681, 0.017895, -0.092819, 0.0, 0.0, 0.0, 1.0],
                [-0.056309, -0.141849, -0.988286, -0.673575, -0.233499, -0.960534, 0.15117, 0.700798, -0.970725, 0.239276, 0.020965, -0.092819, 0.0, 0.0, 0.0, 1.0]
            ]
        },
        {
            "name": "Right_Forearm",
            "time": [0.0, 0.55, 0.9, 1.5833],
            "transform": [
                [0.994052, 0.108901, -0.000886, -0.0, -0.108904, 0.99404, -0.005038, 0.880013, 0.000332, 0.005105, 0.999987, 0.0, 0.0, 0.0, 0.0, 1.0],
                [0.994052, 0.108901, -0.000886, 0.0, -0.108904, 0.99404, -0.005038, 0.880014, 0.000332, 0.005105, 0.999987, -0.0, 0.0, 0.0, 0.0, 1.0],
                [0.994052, 0.108901, -0.000886, 0.0, -0.108904, 0.99404, -0.005038, 0.880013, 0.000332, 0.005105, 0.999987, 0.0, 0.0, 0.0, 0.0, 1.0],
                [0.994052, 0.108901, -0.000886, -0.0, -0.108904, 0.99404, -0.005038, 0.880013, 0.000332, 0.005105, 0.999987, 0.0, 0.0, 0.0, 0.0, 1.0]
            ]
        },
        {
            "name": "Right_Bulb",
            "time": [0.0, 0.55, 0.9, 1.5833],