{
    
    "animation": [
        {
            "name": "Root",
            "time": [0.0, 0.3167, 0.3833, 0.5333, 0.9],
            "transform": [
                [0.973428, -0.154902, 0.168652, -0.008703, 0.130531, -0.229781, -0.964449, 0.02176, 0.188148, 0.960836, -0.203456, 0.632139, 0.0, 0.0, 0.0, 1.0],
                [0.973428, -0.154902, 0.168652, -0.040696, 0.130531, -0.229781, -0.964449, -0.032154, 0.188148, 0.960836, -0.203456, 0.762386, 0.0, 0.0, 0.0, 1.0],
                [0.973428, -0.154902, 0.168652, -0.040696, 0.130531, -0.229781, -0.964449, -0.032154, 0.188148, 0.960836, -0.203456, 0.762386, 0.0, 0.0, 0.0, 1.0],
                [0.973428, -0.154902, 0.168652, -0.040696, 0.130531, -0.229781, -0.964449, -0.032154, 0.188148, 0.960836, -0.203456, 0.762386, 0.0, 0.0, 0.0, 1.0],
                [0.973428, -0.154902, 0.168652, -0.040696, 0.130531, -0.229781, -0.964449, -0.032154, 0.188148, 0.960836, -0.203456, 0.762386, 0.0, 0.0, 0.0, 1.0]
            ]
        },
        {
            "name": "Thigh_R",
            "time": [0.0, 0.3167, 0.3833, 0.5333, 0.9],
            "transform": [
                [0.967716, -0.165769, 0.189855, 0.10112, -0.050621, -0.865755, -0.497898, -0.010142, 0.246905, 0.472213, -0.846199, 0.095482, 0.0, 0.0, 0.0, 1.0],
                [0.967716, -0.128403, 0.216881, 0.10112, -0.050621, -0.941981, -0.331822, -0.010142, 0.246905, 0.310131, -0.918072, 0.095482, 0.0, 0.0, 0.0, 1.0],
                [0.967716, -0.128403, 0.216881, 0.10112, -0.050621, -0.941981, -0.331822, -0.010142, 0.246905, 0.310131, -0.918072, 0.095482, 0.0, 0.0, 0.0, 1.0],
                [0.967716, -0.128403, 0.216881, 0.10112, -0.050621, -0.941981, -0.331822, -0.010142, 0.246905, 0.310131, -0.918072, 0.095482, 0.0, 0.0, 0.0, 1.0],
                [0.967716, -0.128403, 0.216881, 0.10112, -0.050621, -0.941981, -0.331822, -0.010142, 0.246905, 0.310131, -0.918072, 0.095482, 0.0, 0.0, 0.0, 1.0]
            ]
        },
        {
            "name": "Leg_R",
            "time": [0.0, 0.3167, 0.3833, 0.5333, 0.9],
            "transform": [
                [1.0, -1e-06, 2e-06, -0.0, -0.0, 0.690781, 0.723064, 0.37472, -2e-06, -0.723065, 0.69078, 0.0, 0.0, 0.0, 0.0, 1.0],
                [1.0, -0.0, 2e-06, 0.0, -0.0, 0.976511, 0.21547, 0.37472, -2e-06, -0.21547, 0.97651, -0.0, 0.0, 0.0, 0.0, 1.0],
                [1.0, -0.0, 2e-06, 0.0, -0.0, 0.976511, 0.21547, 0.37472, -2e-06, -0.21547, 0.97651, -0.0, 0.0, 0.0, 0.0, 1.0],
                [1.0, -0.0, 2e-06, 0.0, -0.0, 0.976511, 0.21547, 0.37472, -2e-06, -0.21547, 0.97651, -0.0, 0.0, 0.0, 0.0, 1.0],
                [1.0, -0.0, 2e-06, 0.0, -0.0, 0.976511, 0.21547, 0.37472, -2e-06, -0.21547, 0.97651, -0.0, 0.0, 0.0, 0.0, 1.0]
            ]
        },
        {
            "name": "Knee_R",
            "time": [0.0, 0.3833, 0.5333, 0.9],
            "transform": [
                [1.0, 0.0, -0.0, -0.0, -0.0, 0.510339, -0.859973, 0.37472, -0.0, 0.859973, 0.510339, 0.0, 0.0, 0.0, 0.0, 1.0],
                [1.0, 0.0, -0.0, 0.0, -0.0, 0.510339, -0.859973, 0.37472, -0.0, 0.859973, 0.510339, -0.0, 0.0, 0.0, 0.0, 1.0],
                [1.0, 0.0, -0.0, 0.0, -0.0, 0.510339, -0.859973, 0.37472, -0.0, 0.859973, 0.510339, -0.0, 0.0, 0.0, 0.0, 1.0],
                [1.0, 0.0, -0.0, 0.0, -0.0, 0.510339, -0.859973, 0.37472, -0.0, 0.859973, 0.510339, -0.0, 0.0, 0.0, 0.0, 1.0]
            ]
        },
        {
            "name": "Thigh_L",
            "time": [0.0, 0.3167, 0.3833, 0.5333, 0.9],
            "transform": [
                [0.92624, 0.014498, 0.376653, -0.141565, -0.27456, -0.658685, 0.700535, -0.06349, 0.258253, -0.752279, -0.60612, 0.010456, 0.0, 0.0, 0.0, 1.0],
                [0.92624, -0.134162, 0.352248, -0.141565, -0.274561, -0.880414, 0.386635, -0.06349, 0.258253, -0.45483, -0.852311, 0.010456, 0.0, 0.0, 0.0, 1.0],
                [0.92624, -0.134162, 0.352248, -0.141565, -0.274561, -0.880414, 0.386635, -0.06349, 0.258253, -0.45483, -0.852311, 0.010456, 0.0, 0.0, 0.0, 1.0],
                [0.92624, -0.134162, 0.352248, -0.141565, -0.274561, -0.880414, 0.386635, -0.06349, 0.258253, -0.45483, -0.852311, 0.010456, 0.0, 0.0, 0.0, 1.0],
                [0.92624, -0.134162, 0.352248, -0.141565, -0.274561, -0.880414, 0.386635, -0.06349, 0.258253, -0.45483, -0.852311, 0.010456, 0.0, 0.0, 0.0, 1.0]
            ]
        },
        {
            "name": "Leg_L",
            "time": [0.0, 0.3167, 0.3833, 0.5333, 0.9],
            "transform": [
                [0.996228, 0.083177, -0.02472, 0.0, -0.040504, 0.697699, 0.715245, 0.37472, 0.076739, -0.711546, 0.698437, 0.0, 0.0, 0.0, 0.0, 1.0],
                [0.996228, 0.076603, -0.040761, 0.0, -0.040504, 0.825956, 0.562277, 0.37472, 0.076739, -0.558505, 0.825944, 0.0, 0.0, 0.0, 0.0, 1.0],
                [0.996228, 0.076603, -0.040761, 0.0, -0.040504, 0.825956, 0.562277, 0.37472, 0.076739, -0.558505, 0.825944, 0.0, 0.0, 0.0, 0.0, 1.0],
                [0.996228, 0.076603, -0.040761, 0.0, -0.040504, 0.825956, 0.562277, 0.37472, 0.076739, -0.558505, 0.825944, 0.0, 0.0, 0.0, 0.0, 1.0],
                [0.996228, 0.076603, -0.040761, 0.0, -0.040504, 0.825956, 0.562277, 0.37472, 0.076739, -0.558505, 0.825944, 0.0, 0.0, 0.0, 0.0, 1.0]
            ]
        },
        {
            "name": "Knee_L",
            "time": [0.0, 0.3833, 0.5333, 0.9],
            "transform": [
                [1.0, 0.0, -0.0, 0.0, -0.0, 0.526538, -0.850152, 0.37472, -0.0, 0.850152, 0.526538, 0.0, 0.0, 0.0, 0.0, 1.0],
                [1.0, 0.0, -0.0, 0.0, -0.0, 0.526538, -0.850152, 0.37472, -0.0, 0.850152, 0.526538, 0.0, 0.0, 0.0, 0.0, 1.0],
                [1.0, 0.0, -0.0, 0.0, -0.0, 0.526538, -0.850152, 0.37472, -0.0, 0.850152, 0.526538, 0.0, 0.0, 0.0, 0.0, 1.0],
                [1.0, 0.0, -0.0, 0.0, -0.0, 0.526538, -0.850152, 0.37472, -0.0, 0.850152, 0.526538, 0.0, 0.0, 0.0, 0.0, 1.0]
            ]
        },
        {
            "name": "Torso",
            "time": [0.0, 0.3167, 0.3833, 0.5333, 0.9],
            "transform": [
                [0.740936, 0.239005, -0.627608, 0.0, 0.019618, 0.926428, 0.375962, 0.05, 0.67129, -0.290876, 0.681734, -0.0, 0.0, 0.0, 0.0, 1.0],
                [0.836996, 0.239005, -0.492255, -0.0, -0.044696, 0.926428, 0.373811, 0.05, 0.545381, -0.290876, 0.786099, -0.0, 0.0, 0.0, 0.0, 1.0],
                [0.836996, 0.239005, -0.492255, -0.0, -0.044696, 0.926428, 0.373811, 0.05, 0.545381, -0.290876, 0.786099, -0.0, 0.0, 0.0, 0.0, 1.0],
                [0.836996, 0.239005, -0.492255, -0.0, -0.044696, 0.926428, 0.373811, 0.05, 0.545381, -0.290876, 0.786099, -0.0, 0.0, 0.0, 0.0, 1.0],
                [0.836996, 0.239005, -0.492255, -0.0, -0.044696, 0.926428, 0.373811, 0.05, 0.545381, -0.290876, 0.786099, -0.0, 0.0, 0.0, 0.0, 1.0]
            ]
        },
        {
            "name": "Chest",
            "time": [0.0, 0.1667, 0.25, 0.4667, 0.9],
            "transform": [
                [0.802227, -0.007072, -0.596977, 0.0, 0.323256, 0.845819, 0.424376, 0.3, 0.501934, -0.533422, 0.680825, 0.0, 0.0, 0.0, 0.0, 1.0],
                [0.976154, -0.210964, 0.051169, -0.0, 0.199379, 0.964521, 0.173053, 0.3, -0.085862, -0.158724, 0.983582, -0.0, 0.0, 0.0, 0.0, 1.0],
                [0.464997, -0.393448, 0.79308, -0.0, 0.036606, 0.903598, 0.426814, 0.3, -0.884555, -0.169435, 0.434573, 0.0, 0.0, 0.0, 0.0, 1.0],
                [0.464997, -0.393448, 0.79308, 0.0, 0.036606, 0.903598, 0.426814, 0.3, -0.884555, -0.169435, 0.434573, -0.0, 0.0, 0.0, 0.0, 1.0],
                [0.975876, -0.121955, 0.181088, 0.0, 0.07277, 0.963705, 0.256861, 0.3, -0.20584, -0.237486, 0.949331, -0.0, 0.0, 0.0, 0.0, 1.0]
            ]
        },
        {
            "name": "Head",
            "time": [0.0, 0.3167, 0.3833, 0.7333, 0.9],