{
    
    "animation": [
        {
            "name": "Root",
            "time": [0.0, 0.05, 0.2167, 0.2667, 0.3, 0.3333, 0.4667, 0.6667, 0.9833],
            "transform": [
                [0.773342, 0.008564, 0.633931, -0.023016, 0.612564, 0.247651, -0.750623, -0.004899, -0.163422, 0.968811, 0.186273, 0.528325, 0.0, 0.0, 0.0, 1.0],
                [0.773342, 0.008564, 0.633931, -0.023016, 0.612564, 0.247651, -0.750623, -0.004899, -0.163422, 0.968811, 0.186273, 0.528325, 0.0, 0.0, 0.0, 1.0],
                [0.546129, -0.455659, -0.702936, -0.104349, -0.671455, 0.263634, -0.692564, 0.685985, 0.50089, 0.850219, -0.161977, 0.762041, 0.0, 0.0, 0.0, 1.0],
                [0.247321, -0.424623, -0.870935, -0.10432, -0.822006, 0.383922, -0.420607, 0.693925, 0.51297, 0.819939, -0.254091, 0.794129, 0.0, 0.0, 0.0, 1.0],
                [0.059148, -0.384061, -0.921411, -0.104274, -0.846472, 0.469968, -0.250229, 0.696, 0.529137, 0.79475, -0.297299, 0.810623, 0.0, 0.0, 0.0, 1.0],
                [-0.221865, -0.305976, -0.925826, -0.104068, -0.811185, 0.584789, 0.001126, 0.697489, 0.541069, 0.751266, -0.377947, 0.822328, 0.0, 0.0, 0.0, 1.0],
                [-0.399928, 0.580649, 0.709157, -0.052161, 0.91136, 0.169733, 0.374985, 0.958854, 0.097368, 0.796265, -0.597061, 0.743898, 0.0, 0.0, 0.0, 1.0],
                [0.973428, -0.154902, 0.168652, 0.011278, 0.130531, -0.229781, -0.964449, 1.606527, 0.188148, 0.960836, -0.203456, 0.589133, 0.0, 0.0, 0.0, 1.0],
                [0.973428, -0.154902, 0.168652, -0.008703, 0.130531, -0.229781, -0.964449, 1.693545, 0.188148, 0.960836, -0.203456, 0.632139, 0.0, 0.0, 0.0, 1.0]
            ]
        },
        {
            "name": "Thigh_R",
            "time": [0.0, 0.05, 0.3333, 0.4667, 0.6667, 0.9833],
            "transform": [
                [0.761858, 0.177274, 0.623014, 0.052531, 0.044751, -0.973926, 0.222401, -0.014341, 0.646196, -0.141557, -0.749928, 0.089785, 0.0, 0.0, 0.0, 1.0],
                [0.761858, 0.177274, 0.623014, 0.052531, 0.044751, -0.973926, 0.222401, -0.014341, 0.646196, -0.141557, -0.749928, 0.089785, 0.0, 0.0, 0.0, 1.0],
                [0.678272, 0.384122, 0.626416, 0.10112, 0.431719, -0.898152, 0.083296, -0.010142, 0.594613, 0.213938, -0.775026, 0.095482, 0.0, 0.0, 0.0, 1.0],
                [-0.04002, 0.390362, 0.919791, 0.10112, 0.523212, -0.776051, 0.352125, -0.010142, 0.851262, 0.495337, -0.173185, 0.095482, 0.0, 0.0, 0.0, 1.0],
                [0.967716, -0.213649, 0.133711, 0.10112, -0.050621, -0.684457, -0.727292, -0.010142, 0.246905, 0.697043, -0.673177, 0.095482, 0.0, 0.0, 0.0, 1.0],
                [0.967716, -0.165769, 0.189855, 0.10112, -0.050621, -0.865755, -0.497898, -0.010142, 0.246905, 0.472213, -0.846199, 0.095482, 0.0, 0.0, 0.0, 1.0]
            ]
        },
        {
            "name": "Leg_R",
            "time": [0.0, 0.05, 0.3333, 0.4667, 0.5167, 0.6, 0.9833],
            "transform": [
                [0.999664, 0.023241, -0.011513, -0.0, 0.003135, 0.332387, 0.943137, 0.37472, 0.025747, -0.942858, 0.332202, -0.0, 0.0, 0.0, 0.0, 1.0],
                [0.999664, 0.023241, -0.011513, -0.0, 0.003135, 0.332387, 0.943137, 0.37472, 0.025747, -0.942858, 0.332202, -0.0, 0.0, 0.0, 0.0, 1.0],
                [1.0, -2e-06, 1e-06, 0.0, -0.0, 0.086606, 0.996242, 0.37472, -2e-06, -0.996243, 0.086606, 0.0, 0.0, 0.0, 0.0, 1.0],
                [1.0, -1e-06, 2e-06, -0.0, -0.0, 0.923839, 0.382782, 0.37472, -2e-06, -0.382783, 0.923838, -0.0, 0.0, 0.0, 0.0, 1.0],
                [1.0, -1e-06, 2e-06, 0.0, -0.0, 0.580891, 0.813981, 0.37472, -2e-06, -0.813982, 0.58089, 0.0, 0.0, 0.0, 0.0, 1.0],
                [1.0, -1e-06, 2e-06, 0.0, -0.0, 0.857948, 0.513737, 0.37472, -2e-06, -0.513737, 0.857947, 0.0, 0.0, 0.0, 0.0, 1.0],
                [1.0, -1e-06, 2e-06, 0.0, -0.0, 0.690781, 0.723064, 0.37472, -2e-06, -0.723065, 0.69078, 0.0, 0.0, 0.0, 0.0, 1.0]
            ]
        },
        {
            "name": "Knee_R",
            "time": [0.0, 0.05, 0.9833],
            "transform": [
                [1.0, 0.0, -0.0, -0.0, -0.0, 0.510339, -0.859973, 0.37472, -0.0, 0.859973, 0.510339, -0.0, 0.0, 0.0, 0.0, 1.0],
                [1.0, 0.0, -0.0, -0.0, -0.0, 0.510339, -0.859973, 0.37472, -0.0, 0.859973, 0.510339, -0.0, 0.0, 0.0, 0.0, 1.0],
                [1.0, 0.0, -0.0, 0.0, -0.0, 0.510339, -0.859973, 0.37472, -0.0, 0.859973, 0.510339, 0.0, 0.0, 0.0, 0.0, 1.0]
            ]
        },
        {
            "name": "Thigh_L",
            "time": [0.0, 0.05, 0.1667, 0.2667, 0.6667, 0.9833],
            "transform": [
                [0.723195, 0.660832, 0.200723, -0.141565, -0.079015, -0.209555, 0.974599, -0.06349, 0.686108, -0.720685, -0.099334, 0.010456, 0.0, 0.0, 0.0, 1.0],
                [0.723195, 0.660832, 0.200723, -0.141565, -0.079015, -0.209555, 0.974599, -0.06349, 0.686108, -0.720685, -0.099334, 0.010456, 0.0, 0.0, 0.0, 1.0],
                [0.997704, -0.057416, 0.0359, -0.141565, -0.041949, -0.940234, -0.337936, -0.06349, 0.053158, 0.335655, -0.940484, 0.010456, 0.0, 0.0, 0.0, 1.0],
                [0.887545, 0.083054, 0.453172, -0.141565, -0.213075, -0.798107, 0.563582, -0.06349, 0.408488, -0.596764, -0.690659, 0.010456, 0.0, 0.0, 0.0, 1.0],
                [0.92624, 0.014498, 0.376653, -0.141565, -0.27456, -0.658685, 0.700535, -0.06349, 0.258253, -0.752279, -0.60612, 0.010456, 0.0, 0.0, 0.0, 1.0],
                [0.92624, 0.014498, 0.376653, -0.141565, -0.27456, -0.658685, 0.700535, -0.06349, 0.258253, -0.752279, -0.60612, 0.010456, 0.0, 0.0, 0.0, 1.0]
            ]
        },
        {
            "name": "Leg_L",
            "time": [0.0, 0.05, 0.1667, 0.6667, 0.9833],
            "transform": [
                [0.997974, 0.058615, 0.024763, 0.0, -0.045998, 0.395647, 0.91725, 0.37472, 0.043968, -0.91653, 0.397541, 0.0, 0.0, 0.0, 0.0, 1.0],
                [0.997974, 0.058615, 0.024763, 0.0, -0.045998, 0.395647, 0.91725, 0.37472, 0.043968, -0.91653, 0.397541, 0.0, 0.0, 0.0, 0.0, 1.0],
                [0.99004, -0.136827, -0.033166, -0.0, 0.126233, 0.758377, 0.639476, 0.37472, -0.062345, -0.637293, 0.768096, -0.0, 0.0, 0.0, 0.0, 1.0],
                [0.996228, 0.072375, -0.047867, 0.0, -0.040504, 0.875722, 0.481113, 0.37472, 0.076739, -0.477359, 0.875351, -0.0, 0.0, 0.0, 0.0, 1.0],
                [0.996228, 0.083177, -0.02472, 0.0, -0.040504, 0.697699, 0.715245, 0.37472, 0.076739, -0.711546, 0.698437, 0.0, 0.0, 0.0, 0.0, 1.0]
            ]
        },
        {
            "name": "Knee_L",
            "time": [0.0, 0.05, 0.9833],
            "transform": [
                [1.0, 0.0, -0.0, 0.0, -0.0, 0.526538, -0.850152, 0.37472, -0.0, 0.850152, 0.526538, 0.0, 0.0, 0.0, 0.0, 1.0],
                [1.0, 0.0, -0.0, 0.0, -0.0, 0.526538, -0.850152, 0.37472, -0.0, 0.850152, 0.526538, 0.0, 0.0, 0.0, 0.0, 1.0],
                [1.0, 0.0, -0.0, 0.0, -0.0, 0.526538, -0.850152, 0.37472, -0.0, 0.850152, 0.526538, 0.0, 0.0, 0.0, 0.0, 1.0]
            ]
        },
        {
            "name": "Torso",
            "time": [0.0, 0.05, 0.9833],
            "transform": [
                [0.740936, 0.239005, -0.627608, 0.0, 0.019618, 0.926428, 0.375962, 0.05, 0.67129, -0.290876, 0.681734, -0.0, 0.0, 0.0, 0.0, 1.0],
                [0.740936, 0.239005, -0.627608, 0.0, 0.019618, 0.926428, 0.375962, 0.05, 0.67129, -0.290876, 0.681734, -0.0, 0.0, 0.0, 0.0, 1.0],
                [0.740936, 0.239005, -0.627608, 0.0, 0.019618, 0.926428, 0.375962, 0.05, 0.67129, -0.290876, 0.681734, -0.0, 0.0, 0.0, 0.0, 1.0]
            ]
        },
        {
            "name": "Chest",
            "time": [0.0, 0.05, 0.2167, 0.3667, 0.5, 0.6667, 0.9833],