{
    
    "animation": [
        {
            "name": "Root",
            "time": [0.0, 0.2, 0.35, 0.5167, 0.7],
            "transform": [
                [0.775617, 0.029781, 0.630501, -0.068946, 0.621281, 0.140405, -0.770907, 0.027319, -0.111484, 0.989646, 0.090398, 0.604144, 0.0, 0.0, 0.0, 1.0],
                [0.480994, -0.025864, 0.876342, -0.068946, 0.869607, 0.141179, -0.473131, -0.201761, -0.111484, 0.989646, 0.090398, 0.642357, 0.0, 0.0, 0.0, 1.0],
                [0.775767, 0.029783, 0.630316, -0.051658, 0.621097, 0.140399, -0.771055, 0.308753, -0.11146, 0.989647, 0.090418, 0.688683, 0.0, 0.0, 0.0, 1.0],
                [0.977599, 0.092824, 0.188902, -0.033018, 0.178551, 0.109472, -0.977822, 0.678965, -0.111445, 0.989646, 0.090446, 0.658602, 0.0, 0.0, 0.0, 1.0],
                [0.773342, 0.008564, 0.633931, -0.023016, 0.612564, 0.247651, -0.750623, 0.92982, -0.163422, 0.968811, 0.186273, 0.528325, 0.0, 0.0, 0.0, 1.0]
            ]
        },
        {
            "name": "Thigh_R",
            "time": [0.0, 0.2, 0.35, 0.5167, 0.7],
            "transform": [
                [0.775864, 0.596289, 0.206086, 0.124994, 0.136488, -0.47756, 0.867933, -0.002831, 0.615958, -0.645268, -0.451909, -1.2e-05, 0.0, 0.0, 0.0, 1.0],
                [0.775864, 0.563445, 0.283835, 0.124994, 0.136488, -0.589138, 0.796421, -0.002831, 0.615959, -0.579173, -0.533996, -1.2e-05, 0.0, 0.0, 0.0, 1.0],
                [0.784526, 0.395163, 0.477875, 0.124994, -0.024421, -0.750357, 0.66058, -0.002831, 0.619614, -0.529911, -0.579026, -1.2e-05, 0.0, 0.0, 0.0, 1.0],
                [0.768503, 0.189622, 0.611102, 0.124994, 0.164102, -0.981541, 0.0982, -0.002831, 0.618443, 0.024816, -0.785437, -1.2e-05, 0.0, 0.0, 0.0, 1.0],
                [0.774273, -0.139451, 0.617297, 0.124994, 0.048343, -0.959535, -0.277401, -0.002831, 0.631002, 0.244627, -0.736202, -1.2e-05, 0.0, 0.0, 0.0, 1.0]
            ]
        },
        {
            "name": "Leg_R",
            "time": [0.0, 0.2, 0.35, 0.7],
            "transform": [
                [1.0, -1e-06, 1e-06, -0.0, -0.0, 0.559595, 0.828766, 0.37472, -2e-06, -0.828767, 0.559594, -0.0, 0.0, 0.0, 0.0, 1.0],
                [1.0, -0.0, 2e-06, -0.0, -0.0, 0.926841, 0.375455, 0.37472, -2e-06, -0.375456, 0.92684, -0.0, 0.0, 0.0, 0.0, 1.0],
                [0.998911, 0.004004, -0.046496, -0.0, 0.032649, 0.651961, 0.757549, 0.37472, 0.033347, -0.758243, 0.651119, 0.0, 0.0, 0.0, 0.0, 1.0],
                [1.0, -1e-06, 2e-06, 0.0, -0.0, 0.841818, 0.539762, 0.37472, -2e-06, -0.539763, 0.841817, 0.0, 0.0, 0.0, 0.0, 1.0]
            ]
        },
        {
            "name": "Knee_R",
            "time": [0.0, 0.2, 0.7],
            "transform": [
                [1.0, 0.0, -0.0, -0.0, -0.0, 0.510339, -0.859973, 0.37472, -0.0, 0.859973, 0.510339, -0.0, 0.0, 0.0, 0.0, 1.0],
                [1.0, 0.0, -0.0, -0.0, -0.0, 0.510339, -0.859973, 0.37472, -0.0, 0.859973, 0.510339, -0.0, 0.0, 0.0, 0.0, 1.0],
                [1.0, 0.0, -0.0, 0.0, -0.0, 0.510339, -0.859973, 0.37472, -0.0, 0.859973, 0.510339, 0.0, 0.0, 0.0, 0.0, 1.0]
            ]
        },
        {
            "name": "Thigh_L",
            "time": [0.0, 0.2, 0.4167, 0.7],
            "transform": [
                [0.841912, -0.387325, 0.375715, -0.125006, -0.162264, -0.845761, -0.50829, -0.002831, 0.514639, 0.366971, -0.774906, -1.2e-05, 0.0, 0.0, 0.0, 1.0],
                [0.841912, -0.260131, 0.472773, -0.125006, -0.162264, -0.957628, -0.237949, -0.002831, 0.514639, 0.123619, -0.848448, -1.2e-05, 0.0, 0.0, 0.0, 1.0],
                [0.798517, 0.479426, 0.364034, -0.125006, -0.066665, -0.530587, 0.845005, -0.002831, 0.598269, -0.699019, -0.391722, -1.2e-05, 0.0, 0.0, 0.0, 1.0],
                [0.723195, 0.639929, 0.259769, -0.125006, -0.079014, -0.296993, 0.951604, -0.002831, 0.686108, -0.708721, -0.164221, -1.2e-05, 0.0, 0.0, 0.0, 1.0]
            ]
        },
        {
            "name": "Leg_L",
            "time": [0.0, 0.2, 0.4167, 0.7],
            "transform": [
                [1.0, -1e-06, 1e-06, -0.0, 0.0, 0.983572, 0.180516, 0.37472, -1e-06, -0.180516, 0.983572, 0.0, 0.0, 0.0, 0.0, 1.0],
                [1.0, -1e-06, 1e-06, -0.0, 0.0, 0.847744, 0.530405, 0.37472, -1e-06, -0.530404, 0.847745, 0.0, 0.0, 0.0, 0.0, 1.0],
                [1.0, -1e-06, -1e-06, 0.0, 0.0, -0.182897, 0.983132, 0.37472, -1e-06, -0.983132, -0.182897, -0.0, 0.0, 0.0, 0.0, 1.0],
                [1.0, -1e-06, 1e-06, 0.0, 0.0, 0.826963, 0.562256, 0.37472, -1e-06, -0.562255, 0.826964, -0.0, 0.0, 0.0, 0.0, 1.0]
            ]
        },
        {
            "name": "Knee_L",
            "time": [0.0, 0.2, 0.4167, 0.7],
            "transform": [
                [1.0, 0.0, -0.0, -0.0, -0.0, 0.265511, -0.964108, 0.37472, -0.0, 0.964108, 0.265511, 0.0, 0.0, 0.0, 0.0, 1.0],
                [1.0, 0.0, -0.0, -0.0, -0.0, 0.265511, -0.964108, 0.37472, -0.0, 0.964108, 0.265511, 0.0, 0.0, 0.0, 0.0, 1.0],
                [1.0, 0.0, -0.0, 0.0, -0.0, 0.526538, -0.850152, 0.37472, -0.0, 0.850152, 0.526538, -0.0, 0.0, 0.0, 0.0, 1.0],
                [1.0, 0.0, -0.0, 0.0, -0.0, 0.526538, -0.850152, 0.37472, -0.0, 0.850152, 0.526538, -0.0, 0.0, 0.0, 0.0, 1.0]
            ]
        },
        {
            "name": "Torso",
            "time": [0.0, 0.2, 0.5167, 0.7],
            "transform": [
                [0.975575, -0.156656, 0.153991, -0.0, 0.148015, 0.986772, 0.066134, 0.05, -0.162314, -0.041726, 0.985857, -0.0, 0.0, 0.0, 0.0, 1.0],
                [0.975575, -0.156656, 0.153991, 0.0, 0.148015, 0.986772, 0.066134, 0.05, -0.162314, -0.041726, 0.985857, 0.0, 0.0, 0.0, 0.0, 1.0],
                [0.851604, -0.019303, -0.523829, -0.0, 0.054516, 0.997164, 0.051884, 0.05, 0.521342, -0.072742, 0.850242, 0.0, 0.0, 0.0, 0.0, 1.0],
                [0.740936, 0.239005, -0.627608, 0.0, 0.019618, 0.926428, 0.375962, 0.05, 0.67129, -0.290876, 0.681734, -0.0, 0.0, 0.0, 0.0, 1.0]
            ]
        },
        {
            "name": "Chest",
            "time": [0.0, 0.2, 0.5167, 0.7],
            "transform": [
                [0.868344, -0.110643, 0.483464, 0.0, -0.041855, 0.954973, 0.293725, 0.3, -0.494194, -0.275289, 0.824614, -0.0, 0.0, 0.0, 0.0, 1.0],
                [0.600501, -0.2839, 0.747529, 0.0, 0.037015, 0.943717, 0.328676, 0.3, -0.798767, -0.1697, 0.577211, 0.0, 0.0, 0.0, 0.0, 1.0],
                [0.706815, 0.149545, -0.691411, -0.0, 0.216019, 0.885084, 0.412266, 0.3, 0.673609, -0.440753, 0.593286, 0.0, 0.0, 0.0, 0.0, 1.0],
                [0.994294, 0.060739, -0.087695, 0.0, -0.059098, 0.998027, 0.021197, 0.3, 0.088809, -0.015893, 0.995922, -0.0, 0.0, 0.0, 0.0, 1.0]
            ]
        },
        {
            "name": "Head",
            "time": [0.0, 0.2, 0.35, 0.5167, 0.7],
            "transform": [
                [0.316575, 0.054882, -0.946978, -0.0, -0.424383, 0.901034, -0.089652, 0.4, 0.848339, 0.430263, 0.308536, 0.0, 0.0, 0.0, 0.0, 1.0],
                [0.316575, 0.054882, -0.946978, -0.0, -0.424383, 0.901034, -0.089652, 0.4, 0.848339, 0.430263, 0.308536, 0.0, 0.0, 0.0, 0.0, 1.0],
                [0.981551, 0.16153, -0.102297, -0.0, -0.190341, 0.876123, -0.442921, 0.4, 0.01808, 0.454221, 0.890706, 0.0, 0.0, 0.0, 0.0, 1.0],
                [0.788937, 0.243725, 0.564072, -0.0, 0.071382, 0.875408, -0.478085, 0.4, -0.610314, 0.417443, 0.673244, -0.0, 0.0, 0.0, 0.0, 1.0],
                [0.996644, -0.01174, 0.081014, -0.0, 0.04688, 0.893157, -0.447295, 0.4, -0.067107, 0.449591, 0.89071, -0.0, 0.0, 0.0, 0.0, 1.0]
            ]
        },
        {
            "name": "Shoulder_R",
            "time": [0.0, 0.2, 0.3, 0.45, 0.7],