{
    
    "animation": [
        {
            "name": "Root",
            "time": [0.0, 0.2, 0.35, 0.5, 0.65, 0.8],
            "transform": [
                [0.854689, 0.030206, -0.51826, -0.000981, -0.51914, 0.04973, -0.853241, -0.000661, 0.0, 0.998306, 0.058185, 0.723465, 0.0, 0.0, 0.0, 1.0],
                [-0.895859, 0.411928, -0.166591, -0.009622, -0.243821, -0.142294, 0.959325, 0.243163, 0.371468, 0.900038, 0.227912, 0.705474, 0.0, 0.0, 0.0, 1.0],
                [0.43032, 0.465419, 0.77344, -0.009622, 0.899878, -0.288597, -0.327003, 0.474674, 0.071019, 0.836718, -0.54301, 0.705474, 0.0, 0.0, 0.0, 1.0],
                [0.600983, 0.577782, 0.552256, -0.009622, 0.686096, -0.018501, -0.727276, 0.484929, -0.409989, 0.815981, -0.407533, 0.705474, 0.0, 0.0, 0.0, 1.0],
                [0.868516, 0.169675, 0.465715, -0.009622, 0.387992, 0.351977, -0.851806, 1.015369, -0.308451, 0.920501, 0.239865, 0.558173, 0.0, 0.0, 0.0, 1.0],
                [0.868516, 0.169675, 0.465715, -0.009622, 0.387992, 0.351977, -0.851806, 1.015369, -0.308451, 0.920501, 0.239865, 0.558173, 0.0, 0.0, 0.0, 1.0]
            ]
        },
        {
            "name": "Thigh_R",
            "time": [0.0, 0.15, 0.3333, 0.3667, 0.65, 0.8],
            "transform": [
                [0.947355, 0.070886, -0.312238, 0.124994, 0.077288, -0.996973, 0.008159, -0.002831, -0.310716, -0.031861, -0.949969, -1.2e-05, 0.0, 0.0, 0.0, 1.0],
                [0.894701, 0.40372, -0.191097, 0.124994, 0.444896, -0.767453, 0.461607, -0.002831, 0.039702, -0.498017, -0.866257, -1.2e-05, 0.0, 0.0, 0.0, 1.0],
                [0.996625, 0.053496, -0.062252, 0.124994, 0.080899, -0.512021, 0.855154, -0.002831, 0.013873, -0.857303, -0.514622, -1.2e-05, 0.0, 0.0, 0.0, 1.0],
                [0.998048, 0.049188, -0.038477, 0.124994, 0.062101, -0.716668, 0.694643, -0.002831, 0.006593, -0.695674, -0.718326, -1.2e-05, 0.0, 0.0, 0.0, 1.0],
                [0.89107, 0.445539, -0.08653, 0.124994, 0.18798, -0.188759, 0.963864, -0.002831, 0.413106, -0.875135, -0.251951, -1.2e-05, 0.0, 0.0, 0.0, 1.0],
                [0.89107, 0.445539, -0.08653, 0.124994, 0.18798, -0.188759, 0.963864, -0.002831, 0.413106, -0.875135, -0.251951, -1.2e-05, 0.0, 0.0, 0.0, 1.0]
            ]
        },
        {
            "name": "Leg_R",
            "time": [0.0, 0.15, 0.2, 0.3333, 0.3667, 0.8],
            "transform": [
                [1.0, -0.0, 2e-06, -0.0, -0.0, 0.940085, 0.340943, 0.37472, -2e-06, -0.340944, 0.940083, 0.0, 0.0, 0.0, 0.0, 1.0],
                [1.0, -2e-06, 0.0, 0.0, -0.0, -0.058164, 0.998306, 0.37472, -2e-06, -0.998308, -0.058164, 0.0, 0.0, 0.0, 0.0, 1.0],
                [1.0, -2e-06, 1e-06, -0.0, -0.0, 0.4462, 0.894933, 0.37472, -2e-06, -0.894934, 0.446199, 0.0, 0.0, 0.0, 0.0, 1.0],
                [1.0, -1e-06, 1e-06, 0.0, -0.0, 0.590763, 0.806845, 0.37472, -2e-06, -0.806846, 0.590762, 0.0, 0.0, 0.0, 0.0, 1.0],
                [1.0, -1e-06, 2e-06, 0.0, -0.0, 0.868624, 0.495472, 0.37472, -2e-06, -0.495473, 0.868623, 0.0, 0.0, 0.0, 0.0, 1.0],
                [1.0, -1e-06, 2e-06, 0.0, -0.0, 0.868624, 0.495472, 0.37472, -2e-06, -0.495473, 0.868623, 0.0, 0.0, 0.0, 0.0, 1.0]
            ]
        },
        {
            "name": "Knee_R",
            "time": [0.0, 0.15, 0.8],
            "transform": [
                [1.0, 0.0, -0.0, -0.0, -0.0, 1e-06, -1.0, 0.37472, -0.0, 1.0, 1e-06, 0.0, 0.0, 0.0, 0.0, 1.0],
                [1.0, 0.0, -0.0, 0.0, -0.0, 0.460259, -0.887785, 0.37472, -0.0, 0.887785, 0.460258, 0.0, 0.0, 0.0, 0.0, 1.0],
                [1.0, 0.0, -0.0, 0.0, -0.0, 0.460258, -0.887785, 0.37472, -0.0, 0.887785, 0.460259, 0.0, 0.0, 0.0, 0.0, 1.0]
            ]
        },
        {
            "name": "Thigh_L",
            "time": [0.0, 0.15, 0.3333, 0.5, 0.65, 0.8],
            "transform": [
                [0.866588, -0.273802, -0.4172, -0.125006, -0.027838, -0.861258, 0.507405, -0.002831, -0.498245, -0.428097, -0.753979, -1.2e-05, 0.0, 0.0, 0.0, 1.0],
                [-0.051314, -0.364879, -0.929639, -0.125006, 0.172063, -0.920177, 0.351667, -0.002831, -0.983748, -0.141911, 0.11, -1.2e-05, 0.0, 0.0, 0.0, 1.0],
                [0.944357, -0.316119, -0.090872, -0.125006, -0.327766, -0.927543, -0.179535, -0.002831, -0.027533, 0.19933, -0.979545, -1.2e-05, 0.0, 0.0, 0.0, 1.0],
                [0.953095, 0.288706, -0.090872, -0.125006, 0.269476, -0.946124, -0.179535, -0.002831, -0.137809, 0.146627, -0.979545, -1.2e-05, 0.0, 0.0, 0.0, 1.0],
                [0.840324, 0.027029, 0.54141, -0.125006, 0.158118, -0.967546, -0.197113, -0.002831, 0.518511, 0.251246, -0.817326, -1.2e-05, 0.0, 0.0, 0.0, 1.0],
                [0.840324, 0.027029, 0.54141, -0.125006, 0.158118, -0.967546, -0.197113, -0.002831, 0.518511, 0.251246, -0.817326, -1.2e-05, 0.0, 0.0, 0.0, 1.0]
            ]
        },
        {
            "name": "Leg_L",
            "time": [0.0, 0.8],
            "transform": [
                [1.0, -1e-06, 1e-06, -0.0, 0.0, 0.903297, 0.429015, 0.37472, -1e-06, -0.429015, 0.903297, -0.0, 0.0, 0.0, 0.0, 1.0],
                [1.0, -1e-06, 1e-06, 0.0, 0.0, 0.903297, 0.429015, 0.37472, -1e-06, -0.429015, 0.903297, 0.0, 0.0, 0.0, 0.0, 1.0]
            ]
        },
        {
            "name": "Knee_L",
            "time": [0.0, 0.8],
            "transform": [
                [1.0, 0.0, -0.0, -0.0, -0.0, 0.265511, -0.964108, 0.37472, -0.0, 0.964108, 0.265511, -0.0, 0.0, 0.0, 0.0, 1.0],
                [1.0, 0.0, -0.0, 0.0, -0.0, 0.265511, -0.964108, 0.37472, -0.0, 0.964108, 0.26551, 0.0, 0.0, 0.0, 0.0, 1.0]
            ]
        },
        {
            "name": "Torso",
            "time": [0.0, 0.3333, 0.8],
            "transform": [
                [0.99978, -0.020931, -0.001324, 0.0, 0.020971, 0.997148, 0.072506, 0.05, -0.000198, -0.072518, 0.997367, -0.0, 0.0, 0.0, 0.0, 1.0],
                [0.975727, -0.020931, 0.217988, -0.0, 0.004558, 0.997148, 0.07534, 0.05, -0.218943, -0.072518, 0.973039, -0.0, 0.0, 0.0, 0.0, 1.0],
                [0.97904, 0.071647, 0.190648, -0.0, -0.101612, 0.983088, 0.152361, 0.05, -0.176507, -0.168539, 0.969763, 0.0, 0.0, 0.0, 0.0, 1.0]
            ]
        },
        {
            "name": "Chest",
            "time": [0.0, 0.3333, 0.65, 0.8],
            "transform": [
                [0.98202, -0.006367, 0.188669, -0.0, 0.017419, 0.998223, -0.056982, 0.3, -0.18797, 0.059244, 0.980386, 0.0, 0.0, 0.0, 0.0, 1.0],
                [0.502314, -0.178889, 0.845978, 0.0, -0.357994, 0.847551, 0.391787, 0.3, -0.787096, -0.499656, 0.361696, -0.0, 0.0, 0.0, 0.0, 1.0],
                [0.67811, 0.201727, 0.706734, -0.0, -0.21965, 0.973272, -0.067052, 0.3, -0.70137, -0.109765, 0.704295, -0.0, 0.0, 0.0, 0.0, 1.0],
                [0.522451, 0.201727, 0.828463, 0.0, -0.201721, 0.973272, -0.109776, 0.3, -0.828465, -0.109765, 0.54918, 0.0, 0.0, 0.0, 0.0, 1.0]
            ]
        },
        {
            "name": "Head",
            "time": [0.0, 0.15, 0.3333, 0.5, 0.65, 0.8],
            "transform": [
                [0.956456, 0.037721, 0.289429, 0.0, -0.021673, 0.998055, -0.058455, 0.4, -0.291071, 0.049637, 0.955413, 0.0, 0.0, 0.0, 0.0, 1.0],
                [0.555953, 0.00059, -0.831214, -0.0, -0.240684, 0.957275, -0.160301, 0.4, 0.795605, 0.289179, 0.532341, 0.0, 0.0, 0.0, 0.0, 1.0],
                [-0.149415, 0.157109, -0.976213, -0.0, -0.260878, 0.946049, 0.192183, 0.4, 0.953739, 0.283387, -0.100367, -0.0, 0.0, 0.0, 0.0, 1.0],
                [-0.038188, 0.027667, -0.998887, -0.0, 0.191203, 0.981349, 0.019871, 0.4, 0.980807, -0.190231, -0.042766, -0.0, 0.0, 0.0, 0.0, 1.0],
                [0.117321, 0.021142, -0.992869, -0.0, 0.240433, 0.969425, 0.049053, 0.4, 0.96355, -0.244473, 0.108651, -0.0, 0.0, 0.0, 0.0, 1.0],
                [-0.106527, 0.027667, -0.993925, -0.0, 0.192115, 0.981349, 0.006726, 0.4, 0.975574, -0.190231, -0.109855, 0.0, 0.0, 0.0, 0.0, 1.0]
            ]
        },
        {
            "name": "Shoulder_R",
            "time": [0.0, 0.3333, 0.5, 0.8],