{
    
    "animation": [
        {
            "name": "Root",
            "time": [0.0, 0.2333, 0.4667, 0.5, 0.85],
            "transform": [
                [0.868516, 0.169675, 0.465715, -0.009622, 0.387992, 0.351977, -0.851806, 1.015369, -0.308451, 0.920501, 0.239865, 0.558173, 0.0, 0.0, 0.0, 1.0],
                [0.882748, 0.066567, 0.465107, -0.009622, 0.416773, 0.346094, -0.840547, 1.219897, -0.216923, 0.935835, 0.277771, 0.740803, 0.0, 0.0, 0.0, 1.0],
                [0.884171, -0.105626, 0.455066, -0.009622, 0.462903, 0.329352, -0.822951, 1.558836, -0.062952, 0.938281, 0.340098, 0.693507, 0.0, 0.0, 0.0, 1.0],
                [0.884171, -0.105626, 0.455066, -0.009622, 0.462903, 0.329352, -0.822951, 1.558836, -0.062952, 0.938281, 0.340098, 0.693507, 0.0, 0.0, 0.0, 1.0],
                [0.884171, -0.105626, 0.455066, -0.009622, 0.462903, 0.329352, -0.822951, 1.558836, -0.062952, 0.938281, 0.340098, 0.693507, 0.0, 0.0, 0.0, 1.0]
            ]
        },
        {
            "name": "Thigh_R",
            "time": [0.0, 0.4667, 0.5, 0.85],
            "transform": [
                [0.89107, 0.445539, -0.08653, 0.124994, 0.18798, -0.188759, 0.963864, -0.002831, 0.413106, -0.875135, -0.251951, -1.2e-05, 0.0, 0.0, 0.0, 1.0],
                [0.912526, -0.026369, 0.408168, 0.124994, -0.058361, -0.996101, 0.066125, -0.002831, 0.404834, -0.084161, -0.910509, -1.2e-05, 0.0, 0.0, 0.0, 1.0],
                [0.912526, -0.026369, 0.408168, 0.124994, -0.058361, -0.996101, 0.066125, -0.002831, 0.404834, -0.084161, -0.910509, -1.2e-05, 0.0, 0.0, 0.0, 1.0],
                [0.912526, -0.026369, 0.408168, 0.124994, -0.058361, -0.996101, 0.066125, -0.002831, 0.404834, -0.084161, -0.910509, -1.2e-05, 0.0, 0.0, 0.0, 1.0]
            ]
        },
        {
            "name": "Leg_R",
            "time": [0.0, 0.85],
            "transform": [
                [1.0, -1e-06, 2e-06, 0.0, -0.0, 0.868624, 0.495472, 0.37472, -2e-06, -0.495473, 0.868623, 0.0, 0.0, 0.0, 0.0, 1.0],
                [1.0, -1e-06, 2e-06, -0.0, -0.0, 0.868624, 0.495472, 0.37472, -2e-06, -0.495473, 0.868623, 0.0, 0.0, 0.0, 0.0, 1.0]
            ]
        },
        {
            "name": "Knee_R",
            "time": [0.0, 0.85],
            "transform": [
                [1.0, 0.0, -0.0, 0.0, -0.0, 0.460258, -0.887785, 0.37472, -0.0, 0.887785, 0.460259, 0.0, 0.0, 0.0, 0.0, 1.0],
                [1.0, 0.0, -0.0, -0.0, -0.0, 0.460259, -0.887785, 0.37472, -0.0, 0.887785, 0.460258, 0.0, 0.0, 0.0, 0.0, 1.0]
            ]
        },
        {
            "name": "Thigh_L",
            "time": [0.0, 0.2667, 0.3667, 0.4667, 0.5, 0.85],
            "transform": [
                [0.840324, 0.027029, 0.54141, -0.125006, 0.158118, -0.967546, -0.197113, -0.002831, 0.518511, 0.251246, -0.817326, -1.2e-05, 0.0, 0.0, 0.0, 1.0],
                [0.893052, 0.344339, 0.289635, -0.125006, -0.101522, -0.4729, 0.875248, -0.002831, 0.43835, -0.811046, -0.387367, -1.2e-05, 0.0, 0.0, 0.0, 1.0],
                [0.907226, 0.324088, 0.268154, -0.125006, -0.120248, -0.411066, 0.90364, -0.002831, 0.403087, -0.852051, -0.333959, -1.2e-05, 0.0, 0.0, 0.0, 1.0],
                [0.915367, 0.243463, 0.320669, -0.125006, -0.149073, -0.534907, 0.831656, -0.002831, 0.374006, -0.809073, -0.453343, -1.2e-05, 0.0, 0.0, 0.0, 1.0],
                [0.915367, 0.243463, 0.320669, -0.125006, -0.149073, -0.534907, 0.831656, -0.002831, 0.374006, -0.809073, -0.453343, -1.2e-05, 0.0, 0.0, 0.0, 1.0],
                [0.915367, 0.243463, 0.320669, -0.125006, -0.149073, -0.534907, 0.831656, -0.002831, 0.374006, -0.809073, -0.453343, -1.2e-05, 0.0, 0.0, 0.0, 1.0]
            ]
        },
        {
            "name": "Leg_L",
            "time": [0.0, 0.2667, 0.4667, 0.85],
            "transform": [
                [1.0, -1e-06, 1e-06, 0.0, 0.0, 0.903297, 0.429015, 0.37472, -1e-06, -0.429015, 0.903297, 0.0, 0.0, 0.0, 0.0, 1.0],
                [1.0, -1e-06, -0.0, -0.0, 0.0, 0.066173, 0.997809, 0.37472, -1e-06, -0.997808, 0.066173, 0.0, 0.0, 0.0, 0.0, 1.0],
                [0.992687, 0.062073, 0.103539, 0.0, -0.102688, 0.88512, 0.453892, 0.37472, -0.06347, -0.461204, 0.885021, -0.0, 0.0, 0.0, 0.0, 1.0],
                [0.992687, 0.062073, 0.103539, 0.0, -0.102688, 0.88512, 0.453892, 0.37472, -0.06347, -0.461204, 0.885021, -0.0, 0.0, 0.0, 0.0, 1.0]
            ]
        },
        {
            "name": "Knee_L",
            "time": [0.0, 0.85],
            "transform": [
                [1.0, 0.0, -0.0, 0.0, -0.0, 0.265511, -0.964108, 0.37472, -0.0, 0.964108, 0.26551, 0.0, 0.0, 0.0, 0.0, 1.0],
                [1.0, 0.0, -0.0, 0.0, -0.0, 0.265511, -0.964108, 0.37472, -0.0, 0.964108, 0.265511, -0.0, 0.0, 0.0, 0.0, 1.0]
            ]
        },
        {
            "name": "Torso",
            "time": [0.0, 0.25, 0.4667, 0.5, 0.85],
            "transform": [
                [0.97904, 0.071647, 0.190648, -0.0, -0.101612, 0.983088, 0.152361, 0.05, -0.176507, -0.168539, 0.969763, 0.0, 0.0, 0.0, 0.0, 1.0],
                [0.9841, -0.145864, 0.10135, -0.0, 0.138112, 0.987202, 0.079735, 0.05, -0.111684, -0.06447, 0.99165, -0.0, 0.0, 0.0, 0.0, 1.0],
                [0.999811, 0.018893, 0.004469, 0.0, -0.017492, 0.976485, -0.214877, 0.05, -0.008424, 0.214758, 0.976631, 0.0, 0.0, 0.0, 0.0, 1.0],
                [0.999811, 0.018893, 0.004469, 0.0, -0.017492, 0.976485, -0.214877, 0.05, -0.008424, 0.214758, 0.976631, 0.0, 0.0, 0.0, 0.0, 1.0],
                [0.999811, 0.018893, 0.004469, 0.0, -0.017492, 0.976485, -0.214877, 0.05, -0.008424, 0.214758, 0.976631, 0.0, 0.0, 0.0, 0.0, 1.0]
            ]
        },
        {
            "name": "Chest",
            "time": [0.0, 0.25, 0.35, 0.4667, 0.6, 0.85],
            "transform": [
                [0.522451, 0.201727, 0.828463, 0.0, -0.201721, 0.973272, -0.109776, 0.3, -0.828465, -0.109765, 0.54918, 0.0, 0.0, 0.0, 0.0, 1.0],
                [0.539278, -0.237616, 0.807909, -0.0, 0.080274, 0.969503, 0.23156, 0.3, -0.838293, -0.060021, 0.541906, -0.0, 0.0, 0.0, 0.0, 1.0],
                [0.413571, -0.237616, 0.878919, -0.0, 0.045065, 0.969503, 0.2409, 0.3, -0.909356, -0.060021, 0.411666, 0.0, 0.0, 0.0, 0.0, 1.0],
                [0.309955, -0.237616, 0.92058, -0.0, 0.017116, 0.969503, 0.244481, 0.3, -0.950597, -0.060021, 0.30457, 0.0, 0.0, 0.0, 0.0, 1.0],
                [0.607672, -0.179106, 0.773729, -0.0, 0.034472, 0.979268, 0.199612, 0.3, -0.79344, -0.094627, 0.601248, 0.0, 0.0, 0.0, 0.0, 1.0],
                [0.998417, 0.056172, 0.002757, -0.0, -0.056234, 0.996462, 0.062464, 0.3, 0.000761, -0.06252, 0.998043, 0.0, 0.0, 0.0, 0.0, 1.0]
            ]
        },
        {
            "name": "Head",
            "time": [0.0, 0.25, 0.4667, 0.5, 0.85],
            "transform": [
                [-0.038188, 0.027667, -0.998887, -0.0, 0.191203, 0.981349, 0.019871, 0.4, 0.980807, -0.190231, -0.042766, 0.0, 0.0, 0.0, 0.0, 1.0],
                [0.978316, 0.022367, -0.205907, -0.0, 0.046621, 0.944857, 0.324146, 0.4, 0.201803, -0.326717, 0.923326, 0.0, 0.0, 0.0, 0.0, 1.0],
                [0.978316, 0.022367, -0.205907, -0.0, 0.046621, 0.944858, 0.324146, 0.4, 0.201803, -0.326717, 0.923326, 0.0, 0.0, 0.0, 0.0, 1.0],
                [0.978316, 0.022367, -0.205907, 0.0, 0.046621, 0.944857, 0.324146, 0.4, 0.201803, -0.326717, 0.923326, -0.0, 0.0, 0.0, 0.0, 1.0],
                [0.925365, 0.027806, -0.378055, -0.0, -0.031174, 0.99951, -0.002792, 0.4, 0.377792, 0.014369, 0.925779, 0.0, 0.0, 0.0, 0.0, 1.0]
            ]
        },
        {
            "name": "Shoulder_R",
            "time": [0.0, 0.25, 0.4667, 0.5, 0.85],