{
    
    "animation": [
        {
            "name": "Root",
            "time": [0.0, 0.15, 0.2667, 0.4167, 0.5333],
            "transform": [
                [0.983033, 0.030206, -0.180925, -0.004126, -0.182262, 0.04973, -0.981992, -0.005839, -0.020665, 0.998306, 0.054392, 0.619508, 0.0, 0.0, 0.0, 1.0],
                [0.983033, 0.030206, -0.180925, -0.000876, -0.182262, 0.04973, -0.981992, -0.000488, -0.020665, 0.998306, 0.054392, 0.726936, 0.0, 0.0, 0.0, 1.0],
                [0.983033, 0.030206, -0.180925, -0.003872, -0.182262, 0.04973, -0.981992, -0.00542, -0.020665, 0.998306, 0.054392, 0.627922, 0.0, 0.0, 0.0, 1.0],
                [0.983033, 0.030206, -0.180925, 7.4e-05, -0.182262, 0.04973, -0.981992, 0.001075, -0.020665, 0.998306, 0.054392, 0.758306, 0.0, 0.0, 0.0, 1.0],
                [0.983033, 0.030206, -0.180925, -0.004126, -0.182262, 0.04973, -0.981992, -0.005839, -0.020665, 0.998306, 0.054392, 0.619508, 0.0, 0.0, 0.0, 1.0]
            ]
        },
        {
            "name": "Thigh_R",
            "time": [0.0, 0.15, 0.2667, 0.4167, 0.5333],
            "transform": [
                [0.983488, 0.143648, -0.110076, 0.124994, 0.057103, -0.823485, -0.564455, -0.002831, -0.171728, 0.548848, -0.818092, -1.2e-05, 0.0, 0.0, 0.0, 1.0],
                [0.983487, -0.047973, -0.174499, 0.124994, 0.057103, -0.832708, 0.550758, -0.002831, -0.171729, -0.551627, -0.816221, -1.2e-05, 0.0, 0.0, 0.0, 1.0],
                [0.983488, -0.148111, -0.103993, 0.124994, 0.057103, -0.291306, 0.954924, -0.002831, -0.171729, -0.945093, -0.278039, -1.2e-05, 0.0, 0.0, 0.0, 1.0],
                [0.983488, 0.025585, -0.179156, 0.124994, 0.057103, -0.983254, 0.173048, -0.002831, -0.171728, -0.18042, -0.968482, -1.2e-05, 0.0, 0.0, 0.0, 1.0],
                [0.983488, 0.143648, -0.110076, 0.124994, 0.057103, -0.823485, -0.564455, -0.002831, -0.171728, 0.548848, -0.818092, -1.2e-05, 0.0, 0.0, 0.0, 1.0]
            ]
        },
        {
            "name": "Leg_R",
            "time": [0.0, 0.15, 0.2167, 0.2667, 0.4167, 0.5333],
            "transform": [
                [1.0, -1e-06, 1e-06, -0.0, -0.0, 0.732005, 0.681299, 0.37472, -2e-06, -0.6813, 0.732004, 0.0, 0.0, 0.0, 0.0, 1.0],
                [1.0, -2e-06, 0.0, -0.0, -0.0, -0.076087, 0.9971, 0.37472, -2e-06, -0.997102, -0.076087, 0.0, 0.0, 0.0, 0.0, 1.0],
                [1.0, -2e-06, 0.0, -0.0, -0.0, -0.084474, 0.996425, 0.37472, -2e-06, -0.996426, -0.084474, -0.0, 0.0, 0.0, 0.0, 1.0],
                [1.0, -1e-06, 2e-06, 0.0, -0.0, 0.877056, 0.480389, 0.37472, -2e-06, -0.48039, 0.877055, 0.0, 0.0, 0.0, 0.0, 1.0],
                [1.0, -0.0, 2e-06, -0.0, -0.0, 0.995916, 0.090297, 0.37472, -2e-06, -0.090297, 0.995914, 0.0, 0.0, 0.0, 0.0, 1.0],
                [1.0, -1e-06, 1e-06, -0.0, -0.0, 0.732005, 0.681299, 0.37472, -2e-06, -0.6813, 0.732004, 0.0, 0.0, 0.0, 0.0, 1.0]
            ]
        },
        {
            "name": "Knee_R",
            "time": [0.0, 0.15, 0.2667, 0.5333],
            "transform": [
                [1.0, 0.0, -0.0, -0.0, -0.0, 1e-06, -1.0, 0.37472, -0.0, 1.0, 1e-06, 0.0, 0.0, 0.0, 0.0, 1.0],
                [1.0, 0.0, -0.0, -0.0, -0.0, 0.80057, -0.599239, 0.37472, -0.0, 0.599239, 0.80057, 0.0, 0.0, 0.0, 0.0, 1.0],
                [1.0, 0.0, -0.0, 0.0, -0.0, 0.232164, -0.972677, 0.37472, -0.0, 0.972677, 0.232164, 0.0, 0.0, 0.0, 0.0, 1.0],
                [1.0, 0.0, -0.0, -0.0, -0.0, 1e-06, -1.0, 0.37472, -0.0, 1.0, 1e-06, 0.0, 0.0, 0.0, 0.0, 1.0]
            ]
        },
        {
            "name": "Thigh_L",
            "time": [0.0, 0.15, 0.2667, 0.4167, 0.5333],
            "transform": [
                [0.990029, -0.134396, -0.042175, -0.125006, 0.005858, -0.259876, 0.965624, -0.002831, -0.140737, -0.956244, -0.256498, -1.2e-05, 0.0, 0.0, 0.0, 1.0],
                [0.990029, -0.011793, -0.140364, -0.125006, 0.005858, -0.99218, 0.124674, -0.002831, -0.140736, -0.124252, -0.982219, -1.2e-05, 0.0, 0.0, 0.0, 1.0],
                [0.990029, 0.102412, -0.09671, -0.125006, 0.005858, -0.715914, -0.698163, -0.002831, -0.140736, 0.690637, -0.709376, -1.2e-05, 0.0, 0.0, 0.0, 1.0],
                [0.990029, -0.069829, -0.122332, -0.125006, 0.005858, -0.847314, 0.53106, -0.002831, -0.140736, -0.526482, -0.838457, -1.2e-05, 0.0, 0.0, 0.0, 1.0],
                [0.990029, -0.134396, -0.042175, -0.125006, 0.005858, -0.259876, 0.965624, -0.002831, -0.140737, -0.956244, -0.256498, -1.2e-05, 0.0, 0.0, 0.0, 1.0]
            ]
        },
        {
            "name": "Leg_L",
            "time": [0.0, 0.15, 0.1833, 0.2667, 0.4167, 0.4667, 0.5333],
            "transform": [
                [1.0, -1e-06, 1e-06, 0.0, 0.0, 0.859928, 0.510415, 0.37472, -1e-06, -0.510415, 0.859929, -0.0, 0.0, 0.0, 0.0, 1.0],
                [1.0, -0.0, 1e-06, 0.0, 0.0, 0.991492, 0.130164, 0.37472, -1e-06, -0.130164, 0.991493, 0.0, 0.0, 0.0, 0.0, 1.0],
                [1.0, -0.0, 1e-06, 0.0, 0.0, 0.991492, 0.130164, 0.37472, -1e-06, -0.130164, 0.991493, 0.0, 0.0, 0.0, 0.0, 1.0],
                [1.0, -1e-06, 0.0, 0.0, 0.0, 0.714439, 0.699698, 0.37472, -1e-06, -0.699697, 0.71444, 0.0, 0.0, 0.0, 0.0, 1.0],
                [1.0, -1e-06, -1e-06, -0.0, 0.0, -0.35598, 0.934494, 0.37472, -1e-06, -0.934493, -0.355981, -0.0, 0.0, 0.0, 0.0, 1.0],
                [1.0, -1e-06, -0.0, -0.0, 0.0, -0.050721, 0.998713, 0.37472, -1e-06, -0.998713, -0.05072, 0.0, 0.0, 0.0, 0.0, 1.0],
                [1.0, -1e-06, 1e-06, 0.0, 0.0, 0.859928, 0.510415, 0.37472, -1e-06, -0.510415, 0.859929, -0.0, 0.0, 0.0, 0.0, 1.0]
            ]
        },
        {
            "name": "Knee_L",
            "time": [0.0, 0.15, 0.4167, 0.4667, 0.5333],
            "transform": [
                [1.0, 0.0, -0.0, 0.0, -0.0, 0.395654, -0.9184, 0.37472, -0.0, 0.9184, 0.395654, -0.0, 0.0, 0.0, 0.0, 1.0],
                [1.0, 0.0, -0.0, 0.0, -0.0, 0.056444, -0.998406, 0.37472, -0.0, 0.998406, 0.056443, 0.0, 0.0, 0.0, 0.0, 1.0],
                [1.0, 0.0, -0.0, -0.0, -0.0, 0.678813, -0.734311, 0.37472, -0.0, 0.734311, 0.678813, -0.0, 0.0, 0.0, 0.0, 1.0],
                [1.0, 0.0, -0.0, -0.0, -0.0, 0.721307, -0.692615, 0.37472, -0.0, 0.692615, 0.721307, 0.0, 0.0, 0.0, 0.0, 1.0],
                [1.0, 0.0, -0.0, 0.0, -0.0, 0.395654, -0.9184, 0.37472, -0.0, 0.9184, 0.395654, -0.0, 0.0, 0.0, 0.0, 1.0]
            ]
        },
        {
            "name": "Torso",
            "time": [0.0, 0.2667, 0.5333],
            "transform": [
                [0.993716, -0.036411, -0.10584, 0.0, 0.080768, 0.887918, 0.452856, 0.05, 0.077488, -0.458559, 0.885279, -0.0, 0.0, 0.0, 0.0, 1.0],
                [0.909932, -0.036411, 0.413157, 0.0, -0.160251, 0.887918, 0.431186, 0.05, -0.382549, -0.458559, 0.80211, -0.0, 0.0, 0.0, 0.0, 1.0],
                [0.993716, -0.036411, -0.10584, 0.0, 0.080768, 0.887918, 0.452856, 0.05, 0.077488, -0.458559, 0.885279, -0.0, 0.0, 0.0, 0.0, 1.0]
            ]
        },
        {
            "name": "Chest",
            "time": [0.0, 0.15, 0.2667, 0.4167, 0.5333],
            "transform": [
                [0.962327, -0.035711, 0.269541, 0.0, 0.061683, 0.994164, -0.088508, 0.3, -0.264807, 0.101799, 0.958913, -0.0, 0.0, 0.0, 0.0, 1.0],
                [0.996011, -0.089184, 0.00294, 0.0, 0.089032, 0.991018, -0.099783, 0.3, 0.005985, 0.099647, 0.995005, 0.0, 0.0, 0.0, 0.0, 1.0],
                [0.961053, -0.072327, -0.266732, 0.0, 0.042979, 0.992519, -0.114273, 0.3, 0.273002, 0.098358, 0.956972, 0.0, 0.0, 0.0, 0.0, 1.0],
                [0.999358, -0.024898, 0.025781, -0.0, 0.027301, 0.99486, -0.097512, 0.3, -0.023221, 0.098153, 0.994901, 0.0, 0.0, 0.0, 0.0, 1.0],
                [0.962327, -0.035711, 0.269541, 0.0, 0.061683, 0.994164, -0.088508, 0.3, -0.264807, 0.101799, 0.958913, -0.0, 0.0, 0.0, 0.0, 1.0]
            ]
        },
        {
            "name": "Head",
            "time": [0.0, 0.5333],