{
    
    "animation": [
        {
            "name": "Root",
            "time": [0.0, 0.2, 0.4, 0.6, 0.8],
            "transform": [
                [0.983033, 0.030206, -0.180925, -0.000981, -0.182262, 0.04973, -0.981992, -0.000661, -0.020665, 0.998306, 0.054392, 0.723465, 0.0, 0.0, 0.0, 1.0],
                [0.983033, 0.030206, -0.180925, 0.000439, -0.182262, 0.04973, -0.981992, 0.001677, -0.020665, 0.998306, 0.054392, 0.770383, 0.0, 0.0, 0.0, 1.0],
                [0.983033, 0.030206, -0.180925, -0.001113, -0.182262, 0.04973, -0.981992, -0.000879, -0.020665, 0.998306, 0.054392, 0.71908, 0.0, 0.0, 0.0, 1.0],
                [0.983033, 0.030206, -0.180925, 0.000271, -0.182262, 0.04973, -0.981992, 0.0014, -0.020665, 0.998306, 0.054392, 0.764834, 0.0, 0.0, 0.0, 1.0],
                [0.983033, 0.030206, -0.180925, -0.000981, -0.182262, 0.04973, -0.981992, -0.000661, -0.020665, 0.998306, 0.054392, 0.723465, 0.0, 0.0, 0.0, 1.0]
            ]
        },
        {
            "name": "Thigh_R",
            "time": [0.0, 0.2, 0.4, 0.6, 0.8],
            "transform": [
                [0.983488, 0.073705, -0.165284, 0.124994, 0.057103, -0.993034, -0.103048, -0.002831, -0.171728, 0.091909, -0.980848, -1.2e-05, 0.0, 0.0, 0.0, 1.0],
                [0.983488, -0.036034, -0.17735, 0.124994, 0.057103, -0.868127, 0.493044, -0.002831, -0.171729, -0.495028, -0.851737, -1.2e-05, 0.0, 0.0, 0.0, 1.0],
                [0.983487, -0.059328, -0.170972, 0.124994, 0.057103, -0.794743, 0.604252, -0.002831, -0.171729, -0.604035, -0.778235, -1.2e-05, 0.0, 0.0, 0.0, 1.0],
                [0.983488, 0.01261, -0.180534, 0.124994, 0.057103, -0.96823, 0.243448, -0.002831, -0.171728, -0.249736, -0.952965, -1.2e-05, 0.0, 0.0, 0.0, 1.0],
                [0.983488, 0.073705, -0.165284, 0.124994, 0.057103, -0.993034, -0.103048, -0.002831, -0.171728, 0.091909, -0.980848, -1.2e-05, 0.0, 0.0, 0.0, 1.0]
            ]
        },
        {
            "name": "Leg_R",
            "time": [0.0, 0.2, 0.4, 0.6, 0.8],
            "transform": [
                [1.0, -0.0, 2e-06, 0.0, -0.0, 0.940085, 0.340943, 0.37472, -2e-06, -0.340944, 0.940083, 0.0, 0.0, 0.0, 0.0, 1.0],
                [1.0, -2e-06, 1e-06, 0.0, -0.0, 0.321142, 0.947031, 0.37472, -2e-06, -0.947032, 0.321141, 0.0, 0.0, 0.0, 0.0, 1.0],
                [1.0, -0.0, 2e-06, -0.0, -0.0, 0.956259, 0.292525, 0.37472, -2e-06, -0.292525, 0.956257, 0.0, 0.0, 0.0, 0.0, 1.0],
                [1.0, -0.0, 2e-06, -0.0, -0.0, 0.982124, 0.188239, 0.37472, -2e-06, -0.188239, 0.982122, 0.0, 0.0, 0.0, 0.0, 1.0],
                [1.0, -0.0, 2e-06, 0.0, -0.0, 0.940085, 0.340943, 0.37472, -2e-06, -0.340944, 0.940083, 0.0, 0.0, 0.0, 0.0, 1.0]
            ]
        },
        {
            "name": "Knee_R",
            "time": [0.0, 0.2, 0.6, 0.8],
            "transform": [
                [1.0, 0.0, -0.0, 0.0, -0.0, 1e-06, -1.0, 0.37472, -0.0, 1.0, 1e-06, 0.0, 0.0, 0.0, 0.0, 1.0],
                [1.0, 0.0, -0.0, 0.0, -0.0, 0.399663, -0.916662, 0.37472, -0.0, 0.916662, 0.399663, 0.0, 0.0, 0.0, 0.0, 1.0],
                [1.0, 0.0, -0.0, -0.0, -0.0, 0.124602, -0.992207, 0.37472, -0.0, 0.992207, 0.124602, 0.0, 0.0, 0.0, 0.0, 1.0],
                [1.0, 0.0, -0.0, 0.0, -0.0, 1e-06, -1.0, 0.37472, -0.0, 1.0, 1e-06, 0.0, 0.0, 0.0, 0.0, 1.0]
            ]
        },
        {
            "name": "Thigh_L",
            "time": [0.0, 0.2, 0.4, 0.6, 0.8],
            "transform": [
                [0.990029, -0.080044, -0.115905, -0.125006, 0.005858, -0.798742, 0.601645, -0.002831, -0.140736, -0.596326, -0.790309, -1.2e-05, 0.0, 0.0, 0.0, 1.0],
                [0.990029, -0.017428, -0.139776, -0.125006, 0.005858, -0.986364, 0.164475, -0.002831, -0.140736, -0.163653, -0.976427, -1.2e-05, 0.0, 0.0, 0.0, 1.0],
                [0.990029, 0.033187, -0.136893, -0.125006, 0.005858, -0.980708, -0.19539, -0.002831, -0.140736, 0.192641, -0.971124, -1.2e-05, 0.0, 0.0, 0.0, 1.0],
                [0.990029, -0.065665, -0.124616, -0.125006, 0.005858, -0.864732, 0.502198, -0.002831, -0.140736, -0.497921, -0.855726, -1.2e-05, 0.0, 0.0, 0.0, 1.0],
                [0.990029, -0.080044, -0.115905, -0.125006, 0.005858, -0.798742, 0.601645, -0.002831, -0.140736, -0.596326, -0.790309, -1.2e-05, 0.0, 0.0, 0.0, 1.0]
            ]
        },
        {
            "name": "Leg_L",
            "time": [0.0, 0.2, 0.4, 0.6, 0.8],
            "transform": [
                [1.0, -1e-06, 1e-06, -0.0, 0.0, 0.927167, 0.374647, 0.37472, -1e-06, -0.374647, 0.927168, -0.0, 0.0, 0.0, 0.0, 1.0],
                [1.0, -0.0, 1e-06, 0.0, 0.0, 0.992329, 0.123627, 0.37472, -1e-06, -0.123627, 0.992329, 0.0, 0.0, 0.0, 0.0, 1.0],
                [1.0, -1e-06, 0.0, 0.0, 0.0, 0.718099, 0.695941, 0.37472, -1e-06, -0.695941, 0.718099, 0.0, 0.0, 0.0, 0.0, 1.0],
                [1.0, -1e-06, -0.0, 0.0, 0.0, 0.246873, 0.969048, 0.37472, -1e-06, -0.969048, 0.246874, -0.0, 0.0, 0.0, 0.0, 1.0],
                [1.0, -1e-06, 1e-06, -0.0, 0.0, 0.927167, 0.374647, 0.37472, -1e-06, -0.374647, 0.927168, -0.0, 0.0, 0.0, 0.0, 1.0]
            ]
        },
        {
            "name": "Knee_L",
            "time": [0.0, 0.2, 0.4, 0.6, 0.8],
            "transform": [
                [1.0, 0.0, -0.0, -0.0, -0.0, 0.265511, -0.964108, 0.37472, -0.0, 0.964108, 0.265511, -0.0, 0.0, 0.0, 0.0, 1.0],
                [1.0, 0.0, -0.0, 0.0, -0.0, 0.075222, -0.997167, 0.37472, -0.0, 0.997167, 0.075222, 0.0, 0.0, 0.0, 0.0, 1.0],
                [1.0, 0.0, -0.0, 0.0, -0.0, 0.234736, -0.972059, 0.37472, -0.0, 0.972059, 0.234736, 0.0, 0.0, 0.0, 0.0, 1.0],
                [1.0, 0.0, -0.0, 0.0, -0.0, 0.590697, -0.806894, 0.37472, -0.0, 0.806894, 0.590697, -0.0, 0.0, 0.0, 0.0, 1.0],
                [1.0, 0.0, -0.0, -0.0, -0.0, 0.265511, -0.964108, 0.37472, -0.0, 0.964108, 0.265511, -0.0, 0.0, 0.0, 0.0, 1.0]
            ]
        },
        {
            "name": "Torso",
            "time": [0.0, 0.2, 0.4, 0.6, 0.8],
            "transform": [
                [0.995732, 1.5e-05, 0.092296, 0.0, -0.006707, 0.997368, 0.072196, 0.05, -0.092052, -0.072507, 0.993111, -0.0, 0.0, 0.0, 0.0, 1.0],
                [0.980451, 1.5e-05, 0.196763, 0.0, -0.014282, 0.997368, 0.071086, 0.05, -0.196244, -0.072507, 0.977871, -0.0, 0.0, 0.0, 0.0, 1.0],
                [0.958788, 1.5e-05, 0.284122, 0.0, -0.020616, 0.997368, 0.069514, 0.05, -0.283373, -0.072507, 0.956265, -0.0, 0.0, 0.0, 0.0, 1.0],
                [0.980451, 1.5e-05, 0.196763, 0.0, -0.014282, 0.997368, 0.071086, 0.05, -0.196244, -0.072507, 0.977871, -0.0, 0.0, 0.0, 0.0, 1.0],
                [0.995732, 1.5e-05, 0.092296, 0.0, -0.006707, 0.997368, 0.072196, 0.05, -0.092052, -0.072507, 0.993111, -0.0, 0.0, 0.0, 0.0, 1.0]
            ]
        },
        {
            "name": "Chest",
            "time": [0.0, 0.8],
            "transform": [
                [0.999979, -0.006367, -0.001484, 0.0, 0.006268, 0.998223, -0.059255, 0.3, 0.001858, 0.059244, 0.998242, -0.0, 0.0, 0.0, 0.0, 1.0],
                [0.999979, -0.006367, -0.001484, 0.0, 0.006268, 0.998223, -0.059255, 0.3, 0.001858, 0.059244, 0.998242, -0.0, 0.0, 0.0, 0.0, 1.0]
            ]
        },
        {
            "name": "Head",
            "time": [0.0, 0.4, 0.8],
            "transform": [
                [0.99517, -0.028362, 0.093979, -0.0, 0.033448, 0.998034, -0.052995, 0.4, -0.092291, 0.055883, 0.994163, 0.0, 0.0, 0.0, 0.0, 1.0],
                [0.9946, -0.035309, -0.097588, -0.0, 0.030957, 0.998473, -0.045756, 0.4, 0.099055, 0.042488, 0.994175, -0.0, 0.0, 0.0, 0.0, 1.0],
                [0.99517, -0.028362, 0.093979, -0.0, 0.033448, 0.998034, -0.052995, 0.4, -0.092291, 0.055883, 0.994163, 0.0, 0.0, 0.0, 0.0, 1.0]
            ]
        },
        {
            "name": "Shoulder_R",
            "time": [0.0, 0.8],