{
    
    "animation": [
        {
            "name": "Root",
            "time": [0.0, 0.2833, 0.3333, 0.6167, 0.7667, 0.9167],
            "transform": [
                [0.924689, 0.0, -0.380725, -0.007686, -0.380725, 0.0, -0.924689, -0.018381, 0.0, 1.0, 0.0, 0.611722, 0.0, 0.0, 0.0, 1.0],
                [-0.940536, 0.0, 0.339693, 0.085377, 0.339693, 0.0, 0.940536, 0.312384, 0.0, 1.0, 0.0, 0.611722, 0.0, 0.0, 0.0, 1.0],
                [-0.891446, 0.003808, 0.453112, 0.076723, 0.453109, -0.001507, 0.891454, -2.8665, 0.004078, 0.999992, -0.000382, 0.714852, 0.0, 0.0, 0.0, 1.0],
                [-0.842739, 0.074859, 0.533092, 0.056917, 0.532148, -0.033699, 0.84598, -6.91819, 0.081294, 0.996625, -0.011437, 0.601605, 0.0, 0.0, 0.0, 1.0],
                [-0.842739, 0.074859, 0.533092, 0.01558, 0.532148, -0.033699, 0.84598, -7.133666, 0.081294, 0.996625, -0.011437, 0.536305, 0.0, 0.0, 0.0, 1.0],
                [-0.842739, 0.074859, 0.533092, 0.01558, 0.532148, -0.033699, 0.84598, -7.133666, 0.081294, 0.996625, -0.011437, 0.536305, 0.0, 0.0, 0.0, 1.0]
            ]
        },
        {
            "name": "Thigh_R",
            "time": [0.0, 0.0667, 0.2833, 0.3833, 0.7667, 0.9167],
            "transform": [
                [0.898586, -0.345781, -0.270144, 0.124994, 0.091263, -0.454908, 0.88585, -0.002831, -0.429202, -0.820664, -0.377218, -1.2e-05, 0.0, 0.0, 0.0, 1.0],
                [0.898586, -0.255246, -0.356921, 0.124994, 0.091263, -0.686904, 0.720994, -0.002831, -0.429202, -0.680447, -0.593949, -1.2e-05, 0.0, 0.0, 0.0, 1.0],
                [0.949898, -0.26988, -0.157661, 0.124994, -0.019923, -0.555677, 0.831159, -0.002831, -0.311922, -0.786374, -0.533215, -1.2e-05, 0.0, 0.0, 0.0, 1.0],
                [0.863258, 0.447965, -0.23262, 0.124994, 0.10565, -0.610995, -0.784552, -0.002831, -0.493582, 0.652694, -0.574775, -1.2e-05, 0.0, 0.0, 0.0, 1.0],
                [0.863258, 0.230631, -0.448993, 0.124994, 0.10565, -0.952365, -0.286069, -0.002831, -0.493583, 0.199515, -0.846505, -1.2e-05, 0.0, 0.0, 0.0, 1.0],
                [0.863258, 0.230631, -0.448993, 0.124994, 0.10565, -0.952365, -0.286069, -0.002831, -0.493583, 0.199515, -0.846505, -1.2e-05, 0.0, 0.0, 0.0, 1.0]
            ]
        },
        {
            "name": "Leg_R",
            "time": [0.0, 0.0667, 0.2833, 0.3833, 0.7667, 0.9167],
            "transform": [
                [0.999551, -0.029466, 0.005374, -0.0, 0.013329, 0.59824, 0.801206, 0.37472, -0.026823, -0.800776, 0.598363, -0.0, 0.0, 0.0, 0.0, 1.0],
                [0.880128, -0.029166, -0.473839, -0.0, 0.4673, 0.229191, 0.853874, 0.37472, 0.083696, -0.972945, 0.215347, 0.0, 0.0, 0.0, 0.0, 1.0],
                [0.996692, -0.076704, 0.026882, -0.0, 0.034004, 0.693914, 0.719254, 0.37472, -0.073823, -0.715962, 0.694225, 0.0, 0.0, 0.0, 0.0, 1.0],
                [0.996692, -0.052742, 0.061841, -0.0, 0.034003, 0.961659, 0.272135, 0.374721, -0.073823, -0.269132, 0.960269, 0.0, 0.0, 0.0, 0.0, 1.0],
                [0.996692, -0.074179, 0.03322, 0.0, 0.034003, 0.751795, 0.658519, 0.37472, -0.073823, -0.655212, 0.751829, -0.0, 0.0, 0.0, 0.0, 1.0],
                [0.996692, -0.074179, 0.03322, 0.0, 0.034003, 0.751795, 0.658519, 0.37472, -0.073823, -0.655212, 0.751829, -0.0, 0.0, 0.0, 0.0, 1.0]
            ]
        },
        {
            "name": "Knee_R",
            "time": [0.0, 0.3833, 0.9167],
            "transform": [
                [1.0, 0.0, -0.0, -0.0, -0.0, 0.744649, -0.667457, 0.37472, -0.0, 0.667457, 0.744649, -0.0, 0.0, 0.0, 0.0, 1.0],
                [1.0, -0.0, -1e-06, -0.0, -1e-06, -0.048618, -0.998817, 0.374721, 0.0, 0.998817, -0.048618, 0.0, 0.0, 0.0, 0.0, 1.0],
                [1.0, -0.0, -1e-06, 0.0, -1e-06, -0.048618, -0.998817, 0.37472, 0.0, 0.998817, -0.048618, -0.0, 0.0, 0.0, 0.0, 1.0]
            ]
        },
        {
            "name": "Thigh_L",
            "time": [0.0, 0.0667, 0.2833, 0.3833, 0.7667, 0.9167],
            "transform": [
                [0.866588, 0.156521, -0.47384, -0.125006, -0.027838, -0.932895, -0.359071, -0.002831, -0.498245, 0.324359, -0.804079, -1.2e-05, 0.0, 0.0, 0.0, 1.0],
                [0.777556, -0.413377, -0.47384, -0.125006, -0.599223, -0.715541, -0.359071, -0.002831, -0.19062, 0.563135, -0.804079, -1.2e-05, 0.0, 0.0, 0.0, 1.0],
                [0.870234, -0.134786, -0.47384, -0.125006, -0.33069, -0.872761, -0.359071, -0.002831, -0.365151, 0.469171, -0.804079, -1.2e-05, 0.0, 0.0, 0.0, 1.0],
                [0.900111, -0.400269, -0.172003, -0.125006, -0.073626, -0.528892, 0.845489, -0.002831, -0.429394, -0.748371, -0.505532, -1.2e-05, 0.0, 0.0, 0.0, 1.0],
                [0.90011, -0.419185, -0.118676, -0.125006, -0.073626, -0.414851, 0.906905, -0.002831, -0.429394, -0.807578, -0.404275, -1.1e-05, 0.0, 0.0, 0.0, 1.0],
                [0.90011, -0.419185, -0.118676, -0.125006, -0.073626, -0.414851, 0.906905, -0.002831, -0.429394, -0.807578, -0.404275, -1.1e-05, 0.0, 0.0, 0.0, 1.0]
            ]
        },
        {
            "name": "Leg_L",
            "time": [0.0, 0.0667, 0.2833, 0.3833, 0.6167, 0.7667, 0.9167],
            "transform": [
                [1.0, -1e-06, 0.0, 0.0, 0.0, 0.697626, 0.716462, 0.37472, -1e-06, -0.716462, 0.697626, 0.0, 0.0, 0.0, 0.0, 1.0],
                [1.0, -1e-06, -0.0, -0.0, 0.0, -0.287142, 0.957889, 0.37472, -1e-06, -0.957888, -0.287142, 0.0, 0.0, 0.0, 0.0, 1.0],
                [1.0, -1e-06, 1e-06, 0.0, 0.0, 0.825721, 0.564078, 0.37472, -1e-06, -0.564078, 0.825722, -0.0, 0.0, 0.0, 0.0, 1.0],
                [1.0, -1e-06, -1e-06, 0.0, -0.0, -0.605806, 0.795613, 0.37472, -1e-06, -0.795612, -0.605806, 0.0, 0.0, 0.0, 0.0, 1.0],
                [1.0, -1e-06, 1e-06, -0.0, 0.0, 0.868311, 0.49602, 0.37472, -1e-06, -0.49602, 0.868311, -0.0, 0.0, 0.0, 0.0, 1.0],
                [1.0, -1e-06, 0.0, -0.0, 0.0, 0.452557, 0.891736, 0.374721, -1e-06, -0.891735, 0.452557, 0.0, 0.0, 0.0, 0.0, 1.0],
                [1.0, -1e-06, 0.0, -0.0, 0.0, 0.452557, 0.891736, 0.374721, -1e-06, -0.891735, 0.452557, 0.0, 0.0, 0.0, 0.0, 1.0]
            ]
        },
        {
            "name": "Knee_L",
            "time": [0.0, 0.2833, 0.3833, 0.9167],
            "transform": [
                [1.0, 0.0, -0.0, 0.0, -0.0, 1e-06, -1.0, 0.37472, -0.0, 1.0, 1e-06, 0.0, 0.0, 0.0, 0.0, 1.0],
                [1.0, 0.0, -0.0, 0.0, -0.0, 1e-06, -1.0, 0.37472, -0.0, 1.0, 1e-06, -0.0, 0.0, 0.0, 0.0, 1.0],
                [1.0, 0.0, -0.0, 0.0, -0.0, 0.797109, -0.603836, 0.37472, -0.0, 0.603836, 0.797109, 0.0, 0.0, 0.0, 0.0, 1.0],
                [1.0, 0.0, -0.0, -0.0, -0.0, 0.797109, -0.603836, 0.374721, -0.0, 0.603836, 0.797109, 0.0, 0.0, 0.0, 0.0, 1.0]
            ]
        },
        {
            "name": "Torso",
            "time": [0.0, 0.0833, 0.2833, 0.3833, 0.7333, 0.9167],
            "transform": [
                [0.92697, -0.082598, 0.365929, 0.0, -0.009329, 0.970082, 0.2426, 0.05, -0.375019, -0.228296, 0.898466, -0.0, 0.0, 0.0, 0.0, 1.0],
                [0.754862, -0.082598, 0.650662, 0.0, -0.088664, 0.970082, 0.226009, 0.05, -0.649863, -0.228297, 0.724954, 0.0, 0.0, 0.0, 0.0, 1.0],
                [0.987395, -0.141841, 0.070236, 0.0, 0.048624, 0.694127, 0.718208, 0.05, -0.150624, -0.70574, 0.692274, 0.0, 0.0, 0.0, 0.0, 1.0],
                [0.998146, -0.051932, 0.031744, 0.0, 0.018141, 0.751669, 0.659292, 0.05, -0.058099, -0.657494, 0.751217, -0.0, 0.0, 0.0, 0.0, 1.0],
                [0.88015, -0.082598, 0.467454, 0.0, -0.036443, 0.970082, 0.240028, 0.05, -0.473294, -0.228297, 0.850807, -0.0, 0.0, 0.0, 0.0, 1.0],
                [0.88015, -0.082598, 0.467454, -0.0, -0.036443, 0.970082, 0.240028, 0.05, -0.473294, -0.228297, 0.850807, 0.0, 0.0, 0.0, 0.0, 1.0]
            ]
        },
        {
            "name": "Chest",
            "time": [0.0, 0.0833, 0.2833, 0.3833, 0.9167],