{
    
    "animation": [
        {
            "name": "Root",
            "time": [0.0, 0.0167, 0.1833, 0.2833, 0.4667, 0.5833, 0.7833],
            "transform": [
                [0.962231, 0.016609, -0.271727, 0.053273, -0.272201, 0.074377, -0.959362, 0.100806, 0.004276, 0.997092, 0.076089, 0.609904, 0.0, 0.0, 0.0, 1.0],
                [0.962231, 0.016609, -0.271727, 0.053273, -0.272201, 0.074377, -0.959362, 0.100806, 0.004276, 0.997092, 0.076089, 0.609904, 0.0, 0.0, 0.0, 1.0],
                [0.962231, 0.016609, -0.271727, 0.053273, -0.272201, 0.074377, -0.959362, 0.100806, 0.004276, 0.997092, 0.076089, 0.609904, 0.0, 0.0, 0.0, 1.0],
                [0.962231, 0.016609, -0.271727, 0.053273, -0.272201, 0.074377, -0.959362, 0.100806, 0.004276, 0.997092, 0.076089, 0.609904, 0.0, 0.0, 0.0, 1.0],
                [0.962231, 0.016609, -0.271727, -0.046539, -0.272201, 0.074377, -0.959362, -0.479417, 0.004276, 0.997092, 0.076089, 0.704257, 0.0, 0.0, 0.0, 1.0],
                [0.962231, 0.016609, -0.271727, -0.095611, -0.272201, 0.074377, -0.959362, -0.762529, 0.004276, 0.997092, 0.076089, 0.667736, 0.0, 0.0, 0.0, 1.0],
                [0.962231, 0.016609, -0.271727, -0.094882, -0.272201, 0.074377, -0.959362, -0.759263, 0.004276, 0.997092, 0.076089, 0.711517, 0.0, 0.0, 0.0, 1.0]
            ]
        },
        {
            "name": "Thigh_R",
            "time": [0.0, 0.1833, 0.2833, 0.5833, 0.7833],
            "transform": [
                [0.955641, -0.235298, -0.177156, 0.124994, 0.070393, -0.401586, 0.913112, -0.002831, -0.285998, -0.885076, -0.36721, -1.2e-05, 0.0, 0.0, 0.0, 1.0],
                [0.955641, -0.034693, -0.292483, 0.124994, 0.070393, -0.937356, 0.341183, -0.002831, -0.285998, -0.346636, -0.893336, -1.2e-05, 0.0, 0.0, 0.0, 1.0],
                [0.955641, -0.034693, -0.292483, 0.124994, 0.070393, -0.937356, 0.341183, -0.002831, -0.285998, -0.346636, -0.893336, -1.2e-05, 0.0, 0.0, 0.0, 1.0],
                [0.955641, -0.145863, -0.255879, 0.124994, 0.070393, -0.730471, 0.679304, -0.002831, -0.285998, -0.667182, -0.687803, -1.2e-05, 0.0, 0.0, 0.0, 1.0],
                [0.955641, -0.086593, -0.281517, 0.124994, 0.070393, -0.860955, 0.503783, -0.002831, -0.285998, -0.501252, -0.816671, -1.2e-05, 0.0, 0.0, 0.0, 1.0]
            ]
        },
        {
            "name": "Leg_R",
            "time": [0.0, 0.1833, 0.2833, 0.4833, 0.5833, 0.7833],
            "transform": [
                [0.988594, -0.118411, -0.093064, -0.0, 0.149701, 0.704964, 0.693264, 0.37472, -0.016483, -0.699289, 0.714649, 0.0, 0.0, 0.0, 0.0, 1.0],
                [0.988594, -0.073366, -0.131528, 0.0, 0.149701, 0.383107, 0.911492, 0.37472, -0.016483, -0.920787, 0.389719, -0.0, 0.0, 0.0, 0.0, 1.0],
                [0.988594, -0.085505, -0.12398, 0.0, 0.149701, 0.467796, 0.871066, 0.37472, -0.016483, -0.879691, 0.47526, -0.0, 0.0, 0.0, 0.0, 1.0],
                [0.988594, -0.134552, -0.067661, 0.0, 0.149701, 0.82874, 0.53924, 0.37472, -0.016483, -0.54322, 0.839428, 0.0, 0.0, 0.0, 0.0, 1.0],
                [0.988594, -0.150233, -0.010598, 0.0, 0.149701, 0.972519, 0.178321, 0.37472, -0.016483, -0.177874, 0.983914, -0.0, 0.0, 0.0, 0.0, 1.0],
                [0.988594, -0.150233, -0.010598, -0.0, 0.149701, 0.972519, 0.178321, 0.37472, -0.016483, -0.177874, 0.983914, 0.0, 0.0, 0.0, 0.0, 1.0]
            ]
        },
        {
            "name": "Knee_R",
            "time": [0.0, 0.2833, 0.7833],
            "transform": [
                [1.0, 0.0, -0.0, -0.0, -0.0, 1e-06, -1.0, 0.37472, -0.0, 1.0, 1e-06, 0.0, 0.0, 0.0, 0.0, 1.0],
                [1.0, 0.0, -0.0, 0.0, -0.0, 1e-06, -1.0, 0.37472, -0.0, 1.0, 1e-06, -0.0, 0.0, 0.0, 0.0, 1.0],
                [1.0, 0.0, -0.0, -0.0, -0.0, 1e-06, -1.0, 0.37472, -0.0, 1.0, 1e-06, 0.0, 0.0, 0.0, 0.0, 1.0]
            ]
        },
        {
            "name": "Thigh_L",
            "time": [0.0, 0.1833, 0.2833, 0.4833, 0.7833],
            "transform": [
                [0.870024, -0.016103, -0.492745, -0.125006, -0.306843, -0.799977, -0.51564, -0.002831, -0.385881, 0.599815, -0.70094, -1.2e-05, 0.0, 0.0, 0.0, 1.0],
                [0.940425, -0.233744, 0.246908, -0.125006, 0.008208, 0.741597, 0.670795, -0.002831, -0.3399, -0.628807, 0.699335, -1.2e-05, 0.0, 0.0, 0.0, 1.0],
                [0.940425, -0.233744, 0.246908, -0.125006, 0.008208, 0.741597, 0.670795, -0.002831, -0.3399, -0.628807, 0.699335, -1.2e-05, 0.0, 0.0, 0.0, 1.0],
                [0.940425, -0.337925, 0.037503, -0.125006, 0.008208, 0.132835, 0.991104, -0.002831, -0.3399, -0.931752, 0.127695, -1.2e-05, 0.0, 0.0, 0.0, 1.0],
                [0.940425, 0.048536, -0.336517, -0.125006, 0.008208, -0.992711, -0.120241, -0.002831, -0.3399, 0.110316, -0.933969, -1.2e-05, 0.0, 0.0, 0.0, 1.0]
            ]
        },
        {
            "name": "Leg_L",
            "time": [0.0, 0.1833, 0.2833, 0.4833, 0.7833],
            "transform": [
                [1.0, -0.0, 1e-06, -0.0, 0.0, 0.952451, 0.30469, 0.37472, -1e-06, -0.30469, 0.952452, -0.0, 0.0, 0.0, 0.0, 1.0],
                [1.0, -1e-06, 0.0, -0.0, 0.0, 0.24198, 0.970282, 0.37472, -1e-06, -0.970281, 0.241981, -0.0, 0.0, 0.0, 0.0, 1.0],
                [1.0, -1e-06, 0.0, -0.0, 0.0, 0.24198, 0.970282, 0.37472, -1e-06, -0.970281, 0.241981, -0.0, 0.0, 0.0, 0.0, 1.0],
                [1.0, -0.0, 1e-06, -0.0, 0.0, 0.983627, 0.180215, 0.37472, -1e-06, -0.180215, 0.983627, 0.0, 0.0, 0.0, 0.0, 1.0],
                [1.0, -0.0, 1e-06, 0.0, 0.0, 0.983627, 0.180215, 0.37472, -1e-06, -0.180215, 0.983628, 0.0, 0.0, 0.0, 0.0, 1.0]
            ]
        },
        {
            "name": "Knee_L",
            "time": [0.0, 0.1833, 0.2833, 0.5833, 0.7833],
            "transform": [
                [1.0, 0.0, -0.0, -0.0, -0.0, 1e-06, -1.0, 0.37472, -0.0, 1.0, 1e-06, -0.0, 0.0, 0.0, 0.0, 1.0],
                [1.0, 0.0, -0.0, -0.0, -0.0, 0.497839, -0.867269, 0.37472, -0.0, 0.867269, 0.497839, -0.0, 0.0, 0.0, 0.0, 1.0],
                [1.0, 0.0, -0.0, -0.0, -0.0, 0.497839, -0.867269, 0.37472, -0.0, 0.867269, 0.497839, -0.0, 0.0, 0.0, 0.0, 1.0],
                [1.0, 0.0, -0.0, -0.0, -0.0, 0.112262, -0.993679, 0.37472, -0.0, 0.993679, 0.112262, 0.0, 0.0, 0.0, 0.0, 1.0],
                [1.0, 0.0, -0.0, 0.0, -0.0, 0.112262, -0.993679, 0.37472, -0.0, 0.993679, 0.112262, 0.0, 0.0, 0.0, 0.0, 1.0]
            ]
        },
        {
            "name": "Torso",
            "time": [0.0, 0.1833, 0.2833, 0.7833],
            "transform": [
                [0.891025, -0.043806, 0.451836, 0.0, -0.095169, 0.955189, 0.280281, 0.05, -0.443867, -0.292738, 0.846928, -0.0, 0.0, 0.0, 0.0, 1.0],
                [0.992572, 0.120029, -0.019824, 0.0, -0.120523, 0.992371, -0.025978, 0.05, 0.016555, 0.028175, 0.999466, -0.0, 0.0, 0.0, 0.0, 1.0],
                [0.992572, 0.120029, -0.019824, 0.0, -0.120523, 0.992371, -0.025978, 0.05, 0.016555, 0.028175, 0.999466, -0.0, 0.0, 0.0, 0.0, 1.0],
                [0.992572, 0.120029, -0.019824, 0.0, -0.120523, 0.992371, -0.025978, 0.05, 0.016555, 0.028175, 0.999466, -0.0, 0.0, 0.0, 0.0, 1.0]
            ]
        },
        {
            "name": "Chest",
            "time": [0.0, 0.2833, 0.5833, 0.7833],
            "transform": [
                [0.479261, -0.021411, 0.877411, -0.0, -0.006616, 0.999586, 0.028007, 0.3, -0.877648, -0.019228, 0.47892, 0.0, 0.0, 0.0, 0.0, 1.0],
                [0.479261, -0.021411, 0.877411, 0.0, -0.006616, 0.999586, 0.028007, 0.3, -0.877648, -0.019228, 0.47892, 0.0, 0.0, 0.0, 0.0, 1.0],
                [0.992074, -0.057948, -0.111492, -0.0, 0.023624, 0.957505, -0.287447, 0.3, 0.123411, 0.282535, 0.951285, 0.0, 0.0, 0.0, 0.0, 1.0],
                [0.96354, -0.021411, 0.266706, 0.0, 0.015501, 0.999586, 0.024246, 0.3, -0.267115, -0.019228, 0.963473, 0.0, 0.0, 0.0, 0.0, 1.0]
            ]
        },
        {
            "name": "Head",
            "time": [0.0, 0.1833, 0.2833, 0.5833, 0.7833],