{
    
    "animation": [
        {
            "name": "Root",
            "time": [0.0, 0.15, 0.2667, 0.4833, 0.6333],
            "transform": [
                [0.854689, 0.0, -0.51914, -5e-06, -0.51914, 0.0, -0.854689, 0.000946, 0.0, 1.0, 0.0, 0.778809, 0.0, 0.0, 0.0, 1.0],
                [0.728217, 0.016609, -0.685145, 0.069899, -0.684241, 0.074377, -0.725453, -0.599928, 0.03891, 0.997092, 0.065527, 0.661663, 0.0, 0.0, 0.0, 1.0],
                [0.728217, 0.016609, -0.685145, 0.069899, -0.684241, 0.074377, -0.725453, -0.599928, 0.03891, 0.997092, 0.065527, 0.661663, 0.0, 0.0, 0.0, 1.0],
                [0.939978, 0.010035, -0.341088, 0.121672, -0.340812, 0.077398, -0.93694, 2.127873, 0.016997, 0.99695, 0.076173, 0.736448, 0.0, 0.0, 0.0, 1.0],
                [0.962231, 0.016609, -0.271727, 0.140419, -0.272201, 0.074377, -0.959362, 2.439497, 0.004276, 0.997092, 0.076089, 0.593074, 0.0, 0.0, 0.0, 1.0]
            ]
        },
        {
            "name": "Thigh_R",
            "time": [0.0, 0.15, 0.2667, 0.6333],
            "transform": [
                [0.987312, 0.153797, 0.039507, 0.124994, 0.144458, -0.973248, 0.178653, -0.002831, 0.065927, -0.170679, -0.983119, -1.2e-05, 0.0, 0.0, 0.0, 1.0],
                [0.955641, 0.129417, -0.264577, 0.124994, 0.070393, -0.972615, -0.221497, -0.002831, -0.285997, 0.193047, -0.938583, -1.2e-05, 0.0, 0.0, 0.0, 1.0],
                [0.955641, 0.129417, -0.264577, 0.124994, 0.070393, -0.972615, -0.221497, -0.002831, -0.285997, 0.193047, -0.938583, -1.2e-05, 0.0, 0.0, 0.0, 1.0],
                [0.955641, -0.235298, -0.177156, 0.124994, 0.070393, -0.401586, 0.913112, -0.002831, -0.285998, -0.885076, -0.36721, -1.2e-05, 0.0, 0.0, 0.0, 1.0]
            ]
        },
        {
            "name": "Leg_R",
            "time": [0.0, 0.15, 0.2667, 0.4333, 0.6333],
            "transform": [
                [0.988594, -0.150125, -0.01203, 0.0, 0.149701, 0.970775, 0.187583, 0.37472, -0.016483, -0.187244, 0.982174, 0.0, 0.0, 0.0, 0.0, 1.0],
                [0.988594, -0.13514, -0.066477, 0.0, 0.149701, 0.833439, 0.531948, 0.37472, -0.016483, -0.535833, 0.844163, -0.0, 0.0, 0.0, 0.0, 1.0],
                [0.988594, -0.13514, -0.066477, 0.0, 0.149701, 0.833439, 0.531948, 0.37472, -0.016483, -0.535833, 0.844163, -0.0, 0.0, 0.0, 0.0, 1.0],
                [0.988589, 0.001241, -0.150632, 0.0, 0.14974, -0.117065, 0.98177, 0.37472, -0.016416, -0.993124, -0.115915, 0.0, 0.0, 0.0, 0.0, 1.0],
                [0.988594, -0.118411, -0.093064, 0.0, 0.149701, 0.704964, 0.693264, 0.37472, -0.016483, -0.699289, 0.714649, 0.0, 0.0, 0.0, 0.0, 1.0]
            ]
        },
        {
            "name": "Knee_R",
            "time": [0.0, 0.15, 0.2667, 0.6333],
            "transform": [
                [1.0, 0.0, -0.0, 0.0, -0.0, 1e-06, -1.0, 0.37472, -0.0, 1.0, 1e-06, 0.0, 0.0, 0.0, 0.0, 1.0],
                [1.0, 0.0, -0.0, 0.0, -0.0, 1e-06, -1.0, 0.37472, -0.0, 1.0, 1e-06, -0.0, 0.0, 0.0, 0.0, 1.0],
                [1.0, 0.0, -0.0, 0.0, -0.0, 1e-06, -1.0, 0.37472, -0.0, 1.0, 1e-06, -0.0, 0.0, 0.0, 0.0, 1.0],
                [1.0, 0.0, -0.0, 0.0, -0.0, 1e-06, -1.0, 0.37472, -0.0, 1.0, 1e-06, 0.0, 0.0, 0.0, 0.0, 1.0]
            ]
        },
        {
            "name": "Thigh_L",
            "time": [0.0, 0.15, 0.2667, 0.6333],
            "transform": [
                [0.866588, -0.176276, -0.466852, -0.125006, -0.027838, -0.951152, 0.307464, -0.002831, -0.498245, -0.253448, -0.829165, -1.2e-05, 0.0, 0.0, 0.0, 1.0],
                [0.764349, -0.473262, -0.437943, -0.125006, -0.074032, -0.739109, 0.669505, -0.002831, -0.640538, -0.479314, -0.599973, -1.2e-05, 0.0, 0.0, 0.0, 1.0],
                [0.764349, -0.473262, -0.437943, -0.125006, -0.074032, -0.739109, 0.669505, -0.002831, -0.640538, -0.479314, -0.599973, -1.2e-05, 0.0, 0.0, 0.0, 1.0],
                [0.870024, -0.016103, -0.492745, -0.125006, -0.306843, -0.799977, -0.51564, -0.002831, -0.385881, 0.599815, -0.70094, -1.2e-05, 0.0, 0.0, 0.0, 1.0]
            ]
        },
        {
            "name": "Leg_L",
            "time": [0.0, 0.15, 0.2667, 0.6333],
            "transform": [
                [1.0, -0.0, 1e-06, -0.0, 0.0, 0.952451, 0.30469, 0.37472, -1e-06, -0.30469, 0.952452, -0.0, 0.0, 0.0, 0.0, 1.0],
                [1.0, -0.0, 1e-06, -0.0, 0.0, 0.952451, 0.30469, 0.37472, -1e-06, -0.30469, 0.952452, -0.0, 0.0, 0.0, 0.0, 1.0],
                [1.0, -0.0, 1e-06, -0.0, 0.0, 0.952451, 0.30469, 0.37472, -1e-06, -0.30469, 0.952452, -0.0, 0.0, 0.0, 0.0, 1.0],
                [1.0, -0.0, 1e-06, 0.0, 0.0, 0.952451, 0.30469, 0.37472, -1e-06, -0.30469, 0.952452, 0.0, 0.0, 0.0, 0.0, 1.0]
            ]
        },
        {
            "name": "Knee_L",
            "time": [0.0, 0.15, 0.2667, 0.6333],
            "transform": [
                [1.0, 0.0, -0.0, -0.0, -0.0, 1e-06, -1.0, 0.37472, -0.0, 1.0, 1e-06, -0.0, 0.0, 0.0, 0.0, 1.0],
                [1.0, 0.0, -0.0, -0.0, -0.0, 1e-06, -1.0, 0.37472, -0.0, 1.0, 1e-06, -0.0, 0.0, 0.0, 0.0, 1.0],
                [1.0, 0.0, -0.0, -0.0, -0.0, 1e-06, -1.0, 0.37472, -0.0, 1.0, 1e-06, -0.0, 0.0, 0.0, 0.0, 1.0],
                [1.0, 0.0, -0.0, 0.0, -0.0, 1e-06, -1.0, 0.37472, -0.0, 1.0, 1e-06, 0.0, 0.0, 0.0, 0.0, 1.0]
            ]
        },
        {
            "name": "Torso",
            "time": [0.0, 0.15, 0.2667, 0.5167, 0.6333],
            "transform": [
                [0.99978, -0.020971, -0.000197, -0.0, 0.020971, 0.999603, 0.018833, 0.05, -0.000198, -0.018833, 0.999823, 0.0, 0.0, 0.0, 0.0, 1.0],
                [0.996094, -0.020971, 0.08577, 0.0, 0.019274, 0.999603, 0.020567, 0.05, -0.086167, -0.018833, 0.996103, -0.0, 0.0, 0.0, 0.0, 1.0],
                [0.996094, -0.020971, 0.08577, 0.0, 0.019274, 0.999603, 0.020567, 0.05, -0.086167, -0.018833, 0.996103, -0.0, 0.0, 0.0, 0.0, 1.0],
                [0.891025, -0.043806, 0.451836, -0.0, -0.095169, 0.955189, 0.280281, 0.05, -0.443867, -0.292738, 0.846928, 0.0, 0.0, 0.0, 0.0, 1.0],
                [0.891025, -0.043806, 0.451836, -0.0, -0.095169, 0.955189, 0.280281, 0.05, -0.443867, -0.292738, 0.846928, 0.0, 0.0, 0.0, 0.0, 1.0]
            ]
        },
        {
            "name": "Chest",
            "time": [0.0, 0.15, 0.2667, 0.5167, 0.6333],
            "transform": [
                [0.999771, -0.021411, -0.000206, 0.0, 0.021411, 0.999586, 0.019228, 0.3, -0.000206, -0.019228, 0.999815, -0.0, 0.0, 0.0, 0.0, 1.0],
                [0.778263, -0.021411, -0.627573, 0.0, 0.028737, 0.999586, 0.001533, 0.3, 0.62728, -0.019228, 0.778556, -0.0, 0.0, 0.0, 0.0, 1.0],
                [0.778263, -0.021411, -0.627573, 0.0, 0.028737, 0.999586, 0.001533, 0.3, 0.62728, -0.019228, 0.778556, -0.0, 0.0, 0.0, 0.0, 1.0],
                [0.479261, -0.021411, 0.877411, 0.0, -0.006616, 0.999586, 0.028007, 0.3, -0.877648, -0.019228, 0.478921, 0.0, 0.0, 0.0, 0.0, 1.0],
                [0.479261, -0.021411, 0.877411, 0.0, -0.006616, 0.999586, 0.028007, 0.3, -0.877648, -0.019228, 0.47892, 0.0, 0.0, 0.0, 0.0, 1.0]
            ]
        },
        {
            "name": "Head",
            "time": [0.0, 0.15, 0.2667, 0.4667, 0.6333],
            "transform": [
                [0.85311, 0.037721, 0.520365, -0.0, -0.006297, 0.998055, -0.062025, 0.4, -0.521693, 0.049637, 0.851688, 0.0, 0.0, 0.0, 0.0, 1.0],
                [0.405547, 0.037721, 0.913296, 0.0, 0.030108, 0.998055, -0.054591, 0.4, -0.913578, 0.049637, 0.403622, 0.0, 0.0, 0.0, 0.0, 1.0],
                [0.405547, 0.037721, 0.913296, 0.0, 0.030108, 0.998055, -0.054591, 0.4, -0.913578, 0.049637, 0.403622, 0.0, 0.0, 0.0, 0.0, 1.0],
                [0.757713, 0.037721, -0.651497, 0.0, -0.060951, 0.998055, -0.013102, 0.4, 0.649735, 0.049637, 0.758538, 0.0, 0.0, 0.0, 0.0, 1.0],
                [0.303042, 0.037721, -0.95223, -0.0, -0.058759, 0.998055, 0.020837, 0.4, 0.951164, 0.049637, 0.304669, 0.0, 0.0, 0.0, 0.0, 1.0]
            ]
        },
        {
            "name": "Shoulder_R",