{
    
    "animation": [
        {
            "name": "Root",
            "time": [0.0, 0.6667, 2.0],
            "transform": [
                [0.854689, 0.072051, -0.514116, -0.003147, -0.51914, 0.118622, -0.846417, -0.004228, 0.0, 0.990322, 0.13879, 0.679857, 0.0, 0.0, 0.0, 1.0],
                [0.954084, 0.056136, -0.294233, -0.002301, -0.293868, -0.014832, -0.955731, -1.380632, -0.058015, 0.998313, 0.002346, 0.693049, 0.0, 0.0, 0.0, 1.0],
                [0.954084, 0.056136, -0.294233, -0.002301, -0.293868, -0.014832, -0.955731, -1.380632, -0.058015, 0.998313, 0.002346, 0.693049, 0.0, 0.0, 0.0, 1.0]
            ]
        },
        {
            "name": "Thigh_R",
            "time": [0.0, 0.3333, 0.6667, 1.0833, 2.0],
            "transform": [
                [0.855967, 0.505342, -0.10931, 0.124994, 0.498767, -0.86276, -0.082903, -0.002831, -0.136203, 0.016443, -0.990545, -1.2e-05, 0.0, 0.0, 0.0, 1.0],
                [0.980615, 0.187404, -0.057207, 0.124994, 0.16271, -0.61615, 0.770638, -0.002831, 0.109173, -0.765006, -0.634701, -1.2e-05, 0.0, 0.0, 0.0, 1.0],
                [0.980615, 0.132436, 0.144409, 0.124994, 0.16271, -0.961014, -0.223547, -0.002831, 0.109173, 0.242711, -0.963936, -1.2e-05, 0.0, 0.0, 0.0, 1.0],
                [0.933697, 0.327652, 0.144409, 0.124994, 0.353346, -0.908388, -0.223547, -0.002831, 0.057934, 0.259752, -0.963936, -1.2e-05, 0.0, 0.0, 0.0, 1.0],
                [0.933697, 0.327652, 0.144409, 0.124994, 0.353346, -0.908388, -0.223547, -0.002831, 0.057934, 0.259752, -0.963936, -1.2e-05, 0.0, 0.0, 0.0, 1.0]
            ]
        },
        {
            "name": "Leg_R",
            "time": [0.0, 0.3333, 0.5, 0.6667, 1.0833, 2.0],
            "transform": [
                [0.988594, -0.150125, -0.01203, -0.0, 0.149701, 0.970775, 0.187583, 0.37472, -0.016483, -0.187244, 0.982174, -0.0, 0.0, 0.0, 0.0, 1.0],
                [0.988594, -0.131558, -0.073313, -0.0, 0.149701, 0.805095, 0.573944, 0.37472, -0.016483, -0.578374, 0.815605, -0.0, 0.0, 0.0, 0.0, 1.0],
                [0.988594, -0.09972, -0.112863, -0.0, 0.149701, 0.568627, 0.808859, 0.37472, -0.016483, -0.81653, 0.577068, -0.0, 0.0, 0.0, 0.0, 1.0],
                [0.988594, -0.143519, -0.045657, 0.0, 0.149701, 0.903234, 0.402192, 0.37472, -0.016483, -0.40444, 0.914415, -0.0, 0.0, 0.0, 0.0, 1.0],
                [0.988594, -0.135512, -0.065716, 0.0, 0.149701, 0.836417, 0.527254, 0.37472, -0.016483, -0.531079, 0.847162, 0.0, 0.0, 0.0, 0.0, 1.0],
                [0.988594, -0.135512, -0.065716, 0.0, 0.149701, 0.836417, 0.527254, 0.37472, -0.016483, -0.531079, 0.847162, 0.0, 0.0, 0.0, 0.0, 1.0]
            ]
        },
        {
            "name": "Knee_R",
            "time": [0.0, 0.3333, 2.0],
            "transform": [
                [1.0, 0.0, -0.0, -0.0, -0.0, 1e-06, -1.0, 0.37472, -0.0, 1.0, 1e-06, -0.0, 0.0, 0.0, 0.0, 1.0],
                [1.0, 0.0, -0.0, -0.0, -0.0, 1e-06, -1.0, 0.37472, -0.0, 1.0, 1e-06, -0.0, 0.0, 0.0, 0.0, 1.0],
                [1.0, 0.0, -0.0, 0.0, -0.0, 1e-06, -1.0, 0.37472, 0.0, 1.0, 1e-06, 0.0, 0.0, 0.0, 0.0, 1.0]
            ]
        },
        {
            "name": "Thigh_L",
            "time": [0.0, 0.3333, 0.6667, 1.0833, 2.0],
            "transform": [
                [0.869268, -0.422987, -0.255842, -0.125006, -0.024783, -0.554181, 0.832026, -0.002831, -0.493719, -0.716914, -0.492215, -1.2e-05, 0.0, 0.0, 0.0, 1.0],
                [0.85029, 0.126075, -0.51099, -0.125006, 0.053998, -0.986659, -0.153582, -0.002831, -0.523536, 0.102997, -0.845755, -1.2e-05, 0.0, 0.0, 0.0, 1.0],
                [0.85029, -0.306521, -0.427845, -0.125006, 0.053998, -0.757812, 0.650234, -0.002831, -0.523536, -0.575991, -0.627809, -1.2e-05, 0.0, 0.0, 0.0, 1.0],
                [0.85029, -0.268494, -0.452678, -0.125006, 0.053998, -0.81105, 0.58248, -0.002831, -0.523536, -0.519721, -0.67513, -1.2e-05, 0.0, 0.0, 0.0, 1.0],
                [0.85029, -0.268494, -0.452678, -0.125006, 0.053998, -0.81105, 0.58248, -0.002831, -0.523536, -0.519721, -0.67513, -1.2e-05, 0.0, 0.0, 0.0, 1.0]
            ]
        },
        {
            "name": "Leg_L",
            "time": [0.0, 0.1833, 0.3333, 1.0833, 2.0],
            "transform": [
                [1.0, -1e-06, 0.0, -0.0, 0.0, 0.659315, 0.751867, 0.37472, -1e-06, -0.751867, 0.659315, 0.0, 0.0, 0.0, 0.0, 1.0],
                [1.0, -1e-06, -0.0, -0.0, 0.0, 0.26038, 0.965507, 0.37472, -1e-06, -0.965506, 0.26038, 0.0, 0.0, 0.0, 0.0, 1.0],
                [1.0, -1e-06, 0.0, 0.0, 0.0, 0.73665, 0.676274, 0.37472, -1e-06, -0.676273, 0.736651, 0.0, 0.0, 0.0, 0.0, 1.0],
                [1.0, -1e-06, 0.0, 0.0, 0.0, 0.841164, 0.54078, 0.37472, -1e-06, -0.54078, 0.841164, -0.0, 0.0, 0.0, 0.0, 1.0],
                [1.0, -1e-06, 0.0, 0.0, 0.0, 0.841164, 0.54078, 0.37472, -1e-06, -0.54078, 0.841164, -0.0, 0.0, 0.0, 0.0, 1.0]
            ]
        },
        {
            "name": "Knee_L",
            "time": [0.0, 0.3333, 2.0],
            "transform": [
                [1.0, 0.0, -0.0, -0.0, -0.0, 1e-06, -1.0, 0.37472, -0.0, 1.0, 1e-06, 0.0, 0.0, 0.0, 0.0, 1.0],
                [1.0, 0.0, -0.0, 0.0, -0.0, 1e-06, -1.0, 0.37472, -0.0, 1.0, 1e-06, 0.0, 0.0, 0.0, 0.0, 1.0],
                [1.0, 0.0, -0.0, 0.0, -0.0, 1e-06, -1.0, 0.37472, -0.0, 1.0, 1e-06, -0.0, 0.0, 0.0, 0.0, 1.0]
            ]
        },
        {
            "name": "Torso",
            "time": [0.0, 0.3333, 0.9333, 2.0],
            "transform": [
                [0.99978, -0.019674, -0.007266, 0.0, 0.020971, 0.934555, 0.3552, 0.05, -0.000198, -0.355274, 0.934762, -0.0, 0.0, 0.0, 0.0, 1.0],
                [0.99978, -0.019952, 0.006462, -0.0, 0.020971, 0.954005, -0.299055, 0.05, -0.000198, 0.299125, 0.954214, -0.0, 0.0, 0.0, 0.0, 1.0],
                [0.99978, -0.020969, 0.00038, 0.0, 0.020971, 0.999742, -0.008685, 0.05, -0.000198, 0.008691, 0.999962, 0.0, 0.0, 0.0, 0.0, 1.0],
                [0.99978, -0.020969, 0.00038, 0.0, 0.020971, 0.999742, -0.008685, 0.05, -0.000198, 0.008691, 0.999962, 0.0, 0.0, 0.0, 0.0, 1.0]
            ]
        },
        {
            "name": "Chest",
            "time": [0.0, 0.3333, 1.0833, 0.9333, 2.0],
            "transform": [
                [0.999771, -0.021411, -0.000206, -0.0, 0.021411, 0.999586, 0.019228, 0.3, -0.000206, -0.019228, 0.999815, -0.0, 0.0, 0.0, 0.0, 1.0],
                [0.999771, -0.019284, 0.009306, 0.0, 0.021411, 0.904539, -0.425852, 0.3, -0.000206, 0.425954, 0.904745, -0.0, 0.0, 0.0, 0.0, 1.0],
                [0.999771, -0.0212, -0.003006, 0.0, 0.021411, 0.988478, 0.149843, 0.3, -0.000206, -0.149873, 0.988705, -0.0, 0.0, 0.0, 0.0, 1.0],
                [0.999771, -0.019445, -0.008966, 0.0, 0.021411, 0.903833, 0.427349, 0.3, -0.000206, -0.427443, 0.904042, -0.0, 0.0, 0.0, 0.0, 1.0],
                [0.999771, -0.019445, -0.008966, 0.0, 0.021411, 0.903833, 0.427349, 0.3, -0.000206, -0.427443, 0.904042, -0.0, 0.0, 0.0, 0.0, 1.0]
            ]
        },
        {
            "name": "Head",
            "time": [0.0, 0.3333, 1.0833, 1.75, 2.0],
            "transform": [
                [0.85311, 0.12314, 0.50699, -0.0, -0.006297, 0.974107, -0.226, 0.4, -0.521693, 0.18961, 0.831796, 0.0, 0.0, 0.0, 0.0, 1.0],
                [0.85311, 0.12314, 0.50699, -0.0, -0.006297, 0.974107, -0.226, 0.4, -0.521693, 0.18961, 0.831796, 0.0, 0.0, 0.0, 0.0, 1.0],
                [0.85311, -0.131268, 0.504947, -0.0, -0.006297, 0.96517, 0.261548, 0.4, -0.521693, -0.226309, 0.82257, 0.0, 0.0, 0.0, 0.0, 1.0],
                [0.873595, 0.001471, 0.486652, -0.0, 0.193908, 0.916133, -0.350855, 0.4, -0.446354, 0.400871, 0.800044, 0.0, 0.0, 0.0, 0.0, 1.0],
                [0.873595, 0.001471, 0.486652, -0.0, 0.193908, 0.916133, -0.350855, 0.4, -0.446354, 0.400871, 0.800044, 0.0, 0.0, 0.0, 0.0, 1.0]
            ]
        },
        {
            "name": "Shoulder_R",
            "time": [0.0, 0.2, 0.3333, 0.9333, 2.0],