{
    
    "animation": [
        {
            "name": "Root",
            "time": [0.0, 0.2, 0.4, 0.6, 0.8],
            "transform": [
                [1.0, 0.0, 0.0, -5e-06, 0.0, 0.0, -1.0, 0.000946, 0.0, 1.0, 0.0, 0.764948, 0.0, 0.0, 0.0, 1.0],
                [1.0, 0.0, 0.0, -5e-06, 0.0, 0.0, -1.0, 0.000946, 0.0, 1.0, 0.0, 0.679639, 0.0, 0.0, 0.0, 1.0],
                [1.0, 0.0, 0.0, -5e-06, 0.0, 0.0, -1.0, 0.000946, 0.0, 1.0, 0.0, 0.764948, 0.0, 0.0, 0.0, 1.0],
                [1.0, 0.0, 0.0, -5e-06, 0.0, 0.0, -1.0, 0.000946, 0.0, 1.0, 0.0, 0.679639, 0.0, 0.0, 0.0, 1.0],
                [1.0, 0.0, 0.0, -5e-06, 0.0, 0.0, -1.0, 0.000946, 0.0, 1.0, 0.0, 0.764948, 0.0, 0.0, 0.0, 1.0]
            ]
        },
        {
            "name": "Thigh_R",
            "time": [0.0, 0.2, 0.4, 0.6, 0.8],
            "transform": [
                [0.999003, 0.044623, -0.0, 0.124994, 0.03665, -0.820506, 0.570459, -0.002831, 0.025455, -0.569889, -0.821327, -1.2e-05, 0.0, 0.0, 0.0, 1.0],
                [0.997973, 0.063625, -0.0, 0.124994, 0.047274, -0.741502, 0.669282, -0.002831, 0.042583, -0.667924, -0.743009, -1.2e-05, 0.0, 0.0, 0.0, 1.0],
                [0.998047, 0.062464, -0.0, 0.124994, 0.062405, -0.997095, 0.04362, -0.002831, 0.002725, -0.043534, -0.999049, -1.2e-05, 0.0, 0.0, 0.0, 1.0],
                [0.999261, 0.038436, -0.0, 0.124994, 0.032443, -0.843448, -0.536228, -0.002831, -0.020611, 0.535831, -0.844073, -1.2e-05, 0.0, 0.0, 0.0, 1.0],
                [0.999283, 0.037862, -0.0, 0.124994, 0.031097, -0.820736, 0.570459, -0.002831, 0.021598, -0.570048, -0.821327, -1.2e-05, 0.0, 0.0, 0.0, 1.0]
            ]
        },
        {
            "name": "Leg_R",
            "time": [0.0, 0.2, 0.4, 0.6, 0.8],
            "transform": [
                [1.0, 0.0, 1e-06, 0.0, -1e-06, 0.510397, 0.859939, 0.37472, -0.0, -0.85994, 0.510396, -0.0, 0.0, 0.0, 0.0, 1.0],
                [0.99876, -0.049788, 1e-06, -0.0, 0.038533, 0.773006, 0.633228, 0.37472, -0.031527, -0.632444, 0.773964, 0.0, 0.0, 0.0, 0.0, 1.0],
                [0.998752, -0.049944, 1e-06, -0.0, 0.049754, 0.994952, 0.087156, 0.37472, -0.004354, -0.087047, 0.996194, -0.0, 0.0, 0.0, 0.0, 1.0],
                [1.0, 0.0, 1e-06, 0.0, -0.0, 0.996195, 0.087156, 0.37472, -1e-06, -0.087156, 0.996194, -0.0, 0.0, 0.0, 0.0, 1.0],
                [1.0, 0.0, 1e-06, 0.0, -1e-06, 0.510397, 0.859939, 0.37472, -0.0, -0.85994, 0.510396, 0.0, 0.0, 0.0, 0.0, 1.0]
            ]
        },
        {
            "name": "Knee_R",
            "time": [0.0, 0.2, 0.4, 0.6, 0.8],
            "transform": [
                [1.0, 0.0, -0.0, 0.0, -0.0, 1e-06, -1.0, 0.439324, -0.0, 1.0, 1e-06, -0.000954, 0.0, 0.0, 0.0, 1.0],
                [1.0, 0.0, -0.0, -0.0, -0.0, 1e-06, -1.0, 0.40073, -0.0, 1.0, 1e-06, -0.003832, 0.0, 0.0, 0.0, 1.0],
                [1.0, 0.0, -0.0, -0.0, -0.0, 1e-06, -1.0, 0.37472, -0.0, 1.0, 1e-06, -0.0, 0.0, 0.0, 0.0, 1.0],
                [1.0, 0.0, -0.0, 0.0, -0.0, 1e-06, -1.0, 0.37472, -0.0, 1.0, 1e-06, -0.0, 0.0, 0.0, 0.0, 1.0],
                [1.0, 0.0, -0.0, 0.0, -0.0, 1e-06, -1.0, 0.439324, -0.0, 1.0, 1e-06, -0.000954, 0.0, 0.0, 0.0, 1.0]
            ]
        },
        {
            "name": "Thigh_L",
            "time": [0.0, 0.2, 0.4, 0.6, 0.8],
            "transform": [
                [0.999722, -0.023564, -0.0, -0.125006, -0.023541, -0.998771, 0.04362, -0.002831, -0.001028, -0.043607, -0.999048, -1.2e-05, 0.0, 0.0, 0.0, 1.0],
                [0.999355, -0.035904, -0.0, -0.125006, -0.031971, -0.889895, -0.455043, -0.002831, 0.016338, 0.45475, -0.890469, -1.2e-05, 0.0, 0.0, 0.0, 1.0],
                [0.998575, -0.053354, -0.0, -0.125006, -0.049292, -0.922563, 0.382684, -0.002831, -0.020418, -0.382139, -0.923879, -1.2e-05, 0.0, 0.0, 0.0, 1.0],
                [0.997763, -0.066842, -0.0, -0.125006, -0.045646, -0.681372, 0.730512, -0.002831, -0.048829, -0.728878, -0.682899, -1.2e-05, 0.0, 0.0, 0.0, 1.0],
                [0.997996, -0.063273, -0.0, -0.125006, -0.063213, -0.997046, 0.04362, -0.002831, -0.00276, -0.043532, -0.999048, -1.2e-05, 0.0, 0.0, 0.0, 1.0]
            ]
        },
        {
            "name": "Leg_L",
            "time": [0.0, 0.2, 0.4, 0.6, 0.8],
            "transform": [
                [0.999674, 0.025533, 1e-06, 0.0, -0.025436, 0.99587, 0.087156, 0.37472, 0.002225, -0.087127, 0.996195, 0.0, 0.0, 0.0, 0.0, 1.0],
                [1.0, 0.0, 1e-06, 0.0, -0.0, 0.996194, 0.087156, 0.37472, -1e-06, -0.087156, 0.996195, -0.0, 0.0, 0.0, 0.0, 1.0],
                [1.0, -0.0, 1e-06, 0.0, -1e-06, 0.404571, 0.914507, 0.37472, -1e-06, -0.914506, 0.404572, -0.0, 0.0, 0.0, 0.0, 1.0],
                [1.0, 0.0, 1e-06, -0.0, -1e-06, 0.673715, 0.738992, 0.37472, -1e-06, -0.738991, 0.673715, -0.0, 0.0, 0.0, 0.0, 1.0],
                [0.999674, 0.025533, 1e-06, 0.0, -0.025436, 0.99587, 0.087156, 0.37472, 0.002225, -0.087127, 0.996195, 0.0, 0.0, 0.0, 0.0, 1.0]
            ]
        },
        {
            "name": "Knee_L",
            "time": [0.0, 0.2, 0.4, 0.6, 0.8],
            "transform": [
                [1.0, 0.0, -0.0, 0.0, -0.0, 1e-06, -1.0, 0.37472, -0.0, 1.0, 1e-06, 0.0, 0.0, 0.0, 0.0, 1.0],
                [1.0, 0.0, -0.0, 0.0, -0.0, 1e-06, -1.0, 0.37472, -0.0, 1.0, 1e-06, -0.0, 0.0, 0.0, 0.0, 1.0],
                [1.0, 0.0, -0.0, 0.0, -0.0, 1e-06, -1.0, 0.417962, -0.0, 1.0, 1e-06, -0.001644, 0.0, 0.0, 0.0, 1.0],
                [1.0, 0.0, -0.0, -0.0, -0.0, 1e-06, -1.0, 0.403148, -0.0, 1.0, 1e-06, -0.003028, 0.0, 0.0, 0.0, 1.0],
                [1.0, 0.0, -0.0, 0.0, -0.0, 1e-06, -1.0, 0.37472, -0.0, 1.0, 1e-06, 0.0, 0.0, 0.0, 0.0, 1.0]
            ]
        },
        {
            "name": "Torso",
            "time": [0.0, 0.2, 0.6, 0.8],
            "transform": [
                [1.0, 0.0, 0.0, 0.0, 0.0, 1.0, 0.0, 0.05, 0.0, 0.0, 1.0, 0.0, 0.0, 0.0, 0.0, 1.0],
                [0.99998, -0.006357, 0.0, 0.0, 0.006357, 0.99998, 0.0, 0.05, 0.0, 0.0, 1.0, 0.0, 0.0, 0.0, 0.0, 1.0],
                [0.999974, 0.007143, 0.0, 0.0, -0.007143, 0.999975, 0.0, 0.05, 0.0, 0.0, 1.0, 0.0, 0.0, 0.0, 0.0, 1.0],
                [1.0, 0.0, 0.0, 0.0, 0.0, 1.0, 0.0, 0.05, 0.0, 0.0, 1.0, 0.0, 0.0, 0.0, 0.0, 1.0]
            ]
        },
        {
            "name": "Chest",
            "time": [0.0, 0.2, 0.4, 0.6, 0.8],
            "transform": [
                [1.0, 0.0, 0.0, 0.0, 0.0, 1.0, 0.0, 0.3, 0.0, 0.0, 1.0, 0.0, 0.0, 0.0, 0.0, 1.0],
                [0.999772, -0.021275, -0.001989, 0.0, 0.021368, 0.995433, 0.093042, 0.3, 0.0, -0.093063, 0.99566, -0.0, 0.0, 0.0, 0.0, 1.0],
                [1.0, 0.0, 0.0, 0.0, -0.0, 1.0, 0.0, 0.3, 0.0, 0.0, 1.0, 0.0, 0.0, 0.0, 0.0, 1.0],
                [0.999718, 0.023759, 0.0, 0.0, -0.023742, 0.999004, 0.037781, 0.3, 0.000898, -0.03777, 0.999286, 0.0, 0.0, 0.0, 0.0, 1.0],
                [1.0, 0.0, 0.0, 0.0, 0.0, 1.0, 0.0, 0.3, 0.0, 0.0, 1.0, 0.0, 0.0, 0.0, 0.0, 1.0]
            ]
        },
        {
            "name": "Head",
            "time": [0.0, 0.2, 0.4, 0.6, 0.8],
            "transform": [
                [1.0, 0.0, 0.0, 0.0, 0.0, 0.999699, -0.024548, 0.4, 0.0, 0.024548, 0.999699, 0.0, 0.0, 0.0, 0.0, 1.0],
                [1.0, 0.0, 0.0, -0.0, -0.0, 0.998453, -0.055601, 0.4, 0.0, 0.055601, 0.998453, 0.0, 0.0, 0.0, 0.0, 1.0],
                [1.0, -0.0, 0.0, 0.0, 0.0, 0.999699, -0.024548, 0.4, 0.0, 0.024548, 0.999699, 0.0, 0.0, 0.0, 0.0, 1.0],
                [1.0, -0.0, 0.0, 0.0, -0.0, 0.998453, -0.055601, 0.4, -0.0, 0.055601, 0.998453, -0.0, 0.0, 0.0, 0.0, 1.0],
                [1.0, 0.0, 0.0, 0.0, 0.0, 0.999699, -0.024548, 0.4, 0.0, 0.024548, 0.999699, 0.0, 0.0, 0.0, 0.0, 1.0]
            ]
        },
        {
            "name": "Shoulder_R",
            "time": [0.0, 0.2, 0.4, 0.6, 0.8],