{
    "animation": [
        {
            "name": "Root",
            "time": [0.0, 0.1167, 0.3167, 0.6333, 0.9, 1.0, 1.1833],
            "transform": [
                [0.999626, -0.020813, -0.017752, -0.055139, -0.006776, 0.440334, -0.897808, 0.07874, 0.026503, 0.897593, 0.440028, 0.693098, 0.0, 0.0, 0.0, 1.0],
                [0.733947, -0.319374, -0.599435, -0.05795, -0.451761, 0.429479, -0.781959, 0.543724, 0.507182, 0.844718, 0.170934, 0.743356, 0.0, 0.0, 0.0, 1.0],
                [0.649825, -0.156412, 0.743816, -0.058514, 0.755837, 0.236276, -0.610642, 1.886729, -0.080234, 0.959015, 0.27176, 0.498663, 0.0, 0.0, 0.0, 1.0],
                [0.456417, -0.207031, 0.865345, -0.058514, 0.886141, 0.193466, -0.421099, 2.153206, -0.080234, 0.959015, 0.27176, 0.481386, 0.0, 0.0, 0.0, 1.0],
                [0.834114, 0.05691, 0.548648, -0.056662, 0.532635, 0.175426, -0.827965, 2.577058, -0.143367, 0.982846, 0.116012, 0.676913, 0.0, 0.0, 0.0, 1.0],
                [0.920389, 0.055423, -0.387055, -0.171141, -0.391003, 0.132276, -0.910835, 2.716649, 0.000717, 0.989662, 0.143416, 0.66676, 0.0, 0.0, 0.0, 1.0],
                [0.999432, -0.003881, -0.033472, -0.211328, -0.032907, 0.101344, -0.994307, 2.859232, 0.007251, 0.994844, 0.101158, 0.637081, 0.0, 0.0, 0.0, 1.0]
            ]
        },
        {
            "name": "Torso",
            "time": [0.0, 0.1167, 0.3167, 0.6333, 1.1833],
            "transform": [
                [0.999418, 0.012176, -0.031872, 0.0, -0.015153, 0.995369, -0.094924, 0.083555, 0.030569, 0.095351, 0.994974, 0.0, 0.0, 0.0, 0.0, 1.0],
                [0.999418, 0.017314, -0.029399, -0.0, -0.015153, 0.997277, 0.072176, 0.083555, 0.030569, -0.071688, 0.996958, -0.0, 0.0, 0.0, 0.0, 1.0],
                [0.996243, 0.016074, 0.085101, 0.0, -0.018569, 0.999418, 0.028614, 0.083555, -0.084592, -0.030087, 0.995961, -0.0, 0.0, 0.0, 0.0, 1.0],
                [0.996243, 0.016074, 0.085101, 0.0, -0.018569, 0.999418, 0.028614, 0.083555, -0.084592, -0.030087, 0.995961, 0.0, 0.0, 0.0, 0.0, 1.0],
                [0.999418, 0.012176, -0.031872, 0.0, -0.015153, 0.995369, -0.094924, 0.083555, 0.030569, 0.095351, 0.994974, 0.0, 0.0, 0.0, 0.0, 1.0]
            ]
        },
        {
            "name": "Chest",
            "time": [0.0, 0.1167, 0.3167, 0.6333, 0.9, 1.0, 1.1833],
            "transform": [
                [0.96041, -0.026783, 0.277301, 0.0, -0.071662, 0.938124, 0.338803, 0.314859, -0.269217, -0.345262, 0.899064, 0.0, 0.0, 0.0, 0.0, 1.0],
                [0.860935, -0.033603, -0.507604, -0.0, -0.087201, 0.973299, -0.212332, 0.314859, 0.501186, 0.227067, 0.835017, -0.0, 0.0, 0.0, 0.0, 1.0],
                [0.833773, -0.116188, 0.539744, 0.0, -0.065974, 0.949635, 0.306336, 0.314859, -0.548152, -0.291023, 0.784114, -0.0, 0.0, 0.0, 0.0, 1.0],
                [0.837119, -0.088931, 0.539744, 0.0, -0.096913, 0.946977, 0.306336, 0.314859, -0.538368, -0.308748, 0.784114, 0.0, 0.0, 0.0, 0.0, 1.0],
                [0.947097, -0.115999, 0.29925, 0.0, -0.03399, 0.890904, 0.452918, 0.314859, -0.319141, -0.439128, 0.83983, -0.0, 0.0, 0.0, 0.0, 1.0],
                [0.83978, -0.247802, 0.483076, 0.0, 0.02401, 0.905845, 0.42293, 0.314859, -0.542395, -0.343569, 0.76666, 0.0, 0.0, 0.0, 0.0, 1.0],
                [0.997739, -0.046021, 0.048981, -0.0, 0.030596, 0.959906, 0.278646, 0.314859, -0.059841, -0.276517, 0.959144, 0.0, 0.0, 0.0, 0.0, 1.0]
            ]
        },
        {
            "name": "LeftShoulder",
            "time": [0.0, 0.1167, 0.3167, 0.6333, 1.1833],
            "transform": [
                [-0.149743, -0.969532, -0.193867, -0.093367, -0.050077, -0.188389, 0.980817, 0.347989, -0.987456, 0.156578, -0.020341, -0.003363, 0.0, 0.0, 0.0, 1.0],
                [-0.149743, -0.969532, -0.193867, -0.093367, -0.050077, -0.188389, 0.980817, 0.347989, -0.987456, 0.156578, -0.020341, -0.003363, 0.0, 0.0, 0.0, 1.0],
                [0.364617, -0.910752, -0.193867, -0.093367, 0.05279, -0.187647, 0.980817, 0.347989, -0.92966, -0.367857, -0.020341, -0.003363, 0.0, 0.0, 0.0, 1.0],
                [0.364617, -0.910752, -0.193867, -0.093367, 0.05279, -0.187647, 0.980817, 0.347989, -0.92966, -0.367857, -0.020341, -0.003363, 0.0, 0.0, 0.0, 1.0],
                [-0.149743, -0.969532, -0.193867, -0.093367, -0.050077, -0.188389, 0.980817, 0.347989, -0.987456, 0.156578, -0.020341, -0.003363, 0.0, 0.0, 0.0, 1.0]
            ]
        },
        {
            "name": "LeftArm",
            "time": [0.0, 0.1167, 0.3167, 0.6333, 1.1833],
            "transform": [
                [-0.206164, -0.280963, -0.937313, 0.0, 0.915177, 0.28367, -0.286326, 0.34013, 0.346335, -0.916838, 0.198648, -0.0, 0.0, 0.0, 0.0, 1.0],
                [0.062533, 0.914308, -0.400165, 0.0, 0.137315, 0.389255, 0.910838, 0.34013, 0.988552, -0.111906, -0.101207, -0.0, 0.0, 0.0, 0.0, 1.0],
                [-0.870095, -0.466093, -0.160291, -0.0, -0.48351, 0.870274, 0.094024, 0.34013, 0.095673, 0.159312, -0.982581, 0.0, 0.0, 0.0, 0.0, 1.0],
                [-0.825826, -0.540664, -0.160291, -0.0, -0.55803, 0.824477, 0.094024, 0.34013, 0.081321, 0.167095, -0.982581, 0.0, 0.0, 0.0, 0.0, 1.0],
                [-0.206164, 0.162019, -0.965011, 0.0, 0.915177, 0.380979, -0.131554, 0.34013, 0.346335, -0.910277, -0.22682, -0.0, 0.0, 0.0, 0.0, 1.0]
            ]
        },
        {
            "name": "LeftLowerArm",
            "time": [0.0, 0.1167, 0.3167, 0.6333, 1.1833],
            "transform": [
                [0.999992, -0.003423, 0.002291, -0.0, -0.001439, 0.23083, 0.972993, 0.312152, -0.003859, -0.972988, 0.230824, 0.0, 0.0, 0.0, 0.0, 1.0],
                [0.999992, -0.002039, 0.003578, -0.0, -0.001439, 0.641014, 0.767528, 0.312152, -0.003859, -0.767527, 0.641006, -0.0, 0.0, 0.0, 0.0, 1.0],
                [0.831532, -0.555463, 0.003959, 0.0, 0.553546, 0.829212, 0.077425, 0.312152, -0.046289, -0.06219, 0.99699, -0.0, 0.0, 0.0, 0.0, 1.0],
                [0.779818, -0.625994, 0.003959, 0.0, 0.623881, 0.777675, 0.077425, 0.312152, -0.051546, -0.057907, 0.99699, -0.0, 0.0, 0.0, 0.0, 1.0],
                [0.999992, 5.2e-05, 0.004118, -0.0, -0.001439, 0.941276, 0.337634, 0.312152, -0.003859, -0.337637, 0.941268, -0.0, 0.0, 0.0, 0.0, 1.0]
            ]
        },
        {
            "name": "RightShoulder",
            "time": [0.0, 0.1167, 0.3167, 0.6333, 1.1833],
            "transform": [
                [-0.038206, 0.944895, 0.325137, 0.095562, -0.001055, -0.325413, 0.945572, 0.352916, 0.999269, 0.035784, 0.01343, 0.00204, 0.0, 0.0, 0.0, 1.0],
                [-0.038206, 0.944895, 0.325137, 0.095562, -0.001055, -0.325413, 0.945572, 0.352916, 0.999269, 0.035784, 0.01343, 0.00204, 0.0, 0.0, 0.0, 1.0],
                [0.677471, 0.659787, 0.325137, 0.095562, -0.242811, -0.21665, 0.945571, 0.352916, 0.694317, -0.719544, 0.01343, 0.00204, 0.0, 0.0, 0.0, 1.0],
                [0.677471, 0.659787, 0.325137, 0.095562, -0.242811, -0.21665, 0.945571, 0.352916, 0.694317, -0.719544, 0.01343, 0.00204, 0.0, 0.0, 0.0, 1.0],
                [-0.038206, 0.944895, 0.325137, 0.095562, -0.001055, -0.325413, 0.945572, 0.352916, 0.999269, 0.035784, 0.01343, 0.00204, 0.0, 0.0, 0.0, 1.0]
            ]
        },
        {
            "name": "RightArm",
            "time": [0.0, 0.1167, 0.1833, 0.3167, 0.6333, 0.9, 1.1833],