{
    "animation": [
        {
            "name": "Root",
            "time": [0.0, 0.1667, 0.3333, 1.5, 2.15],
            "transform": [
                [0.999432, -0.003881, -0.033472, -0.005753, -0.032907, 0.101344, -0.994307, -0.047813, 0.007251, 0.994844, 0.101158, 0.637081, 0.0, 0.0, 0.0, 1.0],
                [0.893343, -0.003881, -0.449359, -0.008367, -0.446697, 0.101344, -0.888927, -0.102516, 0.048989, 0.994844, 0.088801, 0.562434, 0.0, 0.0, 0.0, 1.0],
                [0.873747, -0.003881, -0.486364, -0.008622, -0.48352, 0.101344, -0.869447, -0.107853, 0.052664, 0.994844, 0.086672, 0.555152, 0.0, 0.0, 0.0, 1.0],
                [0.870689, -0.00536, -0.491806, -0.008842, -0.481493, 0.194689, -0.854553, -0.077843, 0.10033, 0.98085, 0.166933, 0.546596, 0.0, 0.0, 0.0, 1.0],
                [0.999432, -0.003881, -0.033472, -0.005753, -0.032907, 0.101344, -0.994307, 0.181111, 0.007251, 0.994844, 0.101158, 0.637081, 0.0, 0.0, 0.0, 1.0]
            ]
        },
        {
            "name": "Torso",
            "time": [0.0, 0.1667, 0.3333, 1.5, 2.15],
            "transform": [
                [0.999418, 0.012176, -0.031872, 0.0, -0.015153, 0.995369, -0.094924, 0.083555, 0.030569, 0.095351, 0.994974, 0.0, 0.0, 0.0, 0.0, 1.0],
                [0.995932, -0.079151, 0.043062, 0.0, 0.06643, 0.967852, 0.242588, 0.083555, -0.060879, -0.238741, 0.969173, -0.0, 0.0, 0.0, 0.0, 1.0],
                [0.994827, -0.089218, 0.048575, -0.0, 0.072569, 0.958772, 0.274755, 0.083555, -0.071085, -0.269808, 0.960286, 0.0, 0.0, 0.0, 0.0, 1.0],
                [0.991128, -0.122817, 0.050809, -0.0, 0.09973, 0.939903, 0.326552, 0.083555, -0.087862, -0.318588, 0.943813, -0.0, 0.0, 0.0, 0.0, 1.0],
                [0.999418, 0.012176, -0.031872, -0.0, -0.015153, 0.995369, -0.094924, 0.083555, 0.030569, 0.095351, 0.994974, 0.0, 0.0, 0.0, 0.0, 1.0]
            ]
        },
        {
            "name": "Chest",
            "time": [0.0, 0.0833, 0.1667, 0.3333, 0.9167, 0.9833, 1.0667, 1.5, 2.15],
            "transform": [
                [0.997739, -0.046021, 0.048981, -0.0, 0.030596, 0.959906, 0.278646, 0.314859, -0.059841, -0.276517, 0.959144, 0.0, 0.0, 0.0, 0.0, 1.0],
                [0.79531, -0.045328, -0.604505, 0.0, 0.076759, 0.996704, 0.02625, 0.314859, 0.601323, -0.067278, 0.796168, 0.0, 0.0, 0.0, 0.0, 1.0],
                [0.998166, -0.050823, -0.032897, 0.0, 0.047041, 0.993146, -0.107001, 0.314859, 0.03811, 0.105257, 0.993715, -0.0, 0.0, 0.0, 0.0, 1.0],
                [0.997079, -0.043551, 0.062738, 0.0, 0.04997, 0.993251, -0.104673, 0.314859, -0.057756, 0.107502, 0.992526, -0.0, 0.0, 0.0, 0.0, 1.0],
                [0.99708, -0.049107, 0.058479, 0.0, 0.049955, 0.998665, -0.01312, 0.314859, -0.057757, 0.016003, 0.998202, 0.0, 0.0, 0.0, 0.0, 1.0],
                [0.993637, 0.096319, 0.058378, 0.0, -0.095833, 0.995336, -0.011076, 0.314859, -0.059173, 0.005411, 0.998233, 0.0, 0.0, 0.0, 0.0, 1.0],
                [0.979769, -0.191409, 0.058437, 0.0, 0.19221, 0.981318, -0.008343, 0.314859, -0.055749, 0.019407, 0.998256, 0.0, 0.0, 0.0, 0.0, 1.0],
                [0.997079, -0.050395, 0.057385, -0.0, 0.04997, 0.998712, 0.008834, 0.314859, -0.057756, -0.005941, 0.998313, -0.0, 0.0, 0.0, 0.0, 1.0],
                [0.997739, -0.046021, 0.048981, -0.0, 0.030596, 0.959906, 0.278646, 0.314859, -0.059841, -0.276517, 0.959144, 0.0, 0.0, 0.0, 0.0, 1.0]
            ]
        },
        {
            "name": "LeftShoulder",
            "time": [0.0, 0.1667, 0.3333, 1.5, 2.15],
            "transform": [
                [0.364617, -0.910752, -0.193867, -0.093367, 0.05279, -0.187647, 0.980817, 0.347989, -0.92966, -0.367857, -0.020341, -0.003363, 0.0, 0.0, 0.0, 1.0],
                [0.531771, -0.8244, -0.193867, -0.093367, 0.08764, -0.174119, 0.980817, 0.347989, -0.842342, -0.53856, -0.020341, -0.003363, 0.0, 0.0, 0.0, 1.0],
                [0.547102, -0.814307, -0.193867, -0.093367, 0.090882, -0.172449, 0.980817, 0.347989, -0.832118, -0.554226, -0.020341, -0.003363, 0.0, 0.0, 0.0, 1.0],
                [0.547101, -0.814307, -0.193867, -0.093367, 0.090882, -0.172449, 0.980817, 0.347989, -0.832118, -0.554226, -0.020341, -0.003363, 0.0, 0.0, 0.0, 1.0],
                [0.364617, -0.910752, -0.193867, -0.093367, 0.05279, -0.187647, 0.980817, 0.347989, -0.92966, -0.367857, -0.020341, -0.003363, 0.0, 0.0, 0.0, 1.0]
            ]
        },
        {
            "name": "LeftArm",
            "time": [0.0, 0.0833, 0.1667, 0.3333, 1.5, 2.15],
            "transform": [
                [-0.206164, 0.162019, -0.965011, 0.0, 0.915177, 0.380979, -0.131554, 0.34013, 0.346335, -0.910277, -0.22682, 0.0, 0.0, 0.0, 0.0, 1.0],
                [-0.432909, 0.621173, -0.653249, 0.0, 0.604688, 0.737554, 0.300611, 0.34013, 0.668538, -0.264874, -0.69491, 0.0, 0.0, 0.0, 0.0, 1.0],
                [-0.333498, 0.937045, 0.103568, 0.0, 0.921279, 0.300617, 0.246728, 0.34013, 0.200061, 0.177699, -0.963535, 0.0, 0.0, 0.0, 0.0, 1.0],
                [-0.289073, 0.9483, 0.131011, -0.0, 0.945213, 0.26105, 0.196023, 0.34013, 0.151688, 0.180498, -0.971808, -0.0, 0.0, 0.0, 0.0, 1.0],
                [-0.364466, 0.900319, 0.237887, 0.0, 0.853347, 0.220644, 0.472352, 0.34013, 0.372779, 0.375156, -0.848702, -0.0, 0.0, 0.0, 0.0, 1.0],
                [-0.206164, 0.162019, -0.965011, 0.0, 0.915177, 0.380979, -0.131554, 0.34013, 0.346335, -0.910277, -0.22682, 0.0, 0.0, 0.0, 0.0, 1.0]
            ]
        },
        {
            "name": "LeftLowerArm",
            "time": [0.0, 0.1667, 0.3333, 1.5, 2.15, 0.3833, 0.9, 2.0],
            "transform": [
                [0.999992, 5.2e-05, 0.004118, 0.0, -0.001439, 0.941276, 0.337634, 0.312152, -0.003859, -0.337637, 0.941268, 0.0, 0.0, 0.0, 0.0, 1.0],
                [0.633843, -0.755354, 0.166384, -0.0, 0.737065, 0.655088, 0.166117, 0.312152, -0.234473, 0.017344, 0.971968, -0.0, 0.0, 0.0, 0.0, 1.0],
                [0.56775, -0.801468, 0.187907, 0.0, 0.787964, 0.59517, 0.157755, 0.312152, -0.238272, 0.058499, 0.969435, 0.0, 0.0, 0.0, 0.0, 1.0],
                [0.590234, -0.807222, 0.003959, -0.0, 0.804624, 0.588715, 0.077425, 0.312152, -0.06483, -0.042513, 0.99699, -0.0, 0.0, 0.0, 0.0, 1.0],
                [0.459408, -0.888216, 0.003959, -0.0, 0.885416, 0.458305, 0.077425, 0.312152, -0.070584, -0.032064, 0.99699, 0.0, 0.0, 0.0, 0.0, 1.0],
                [0.374538, -0.907972, 0.187908, -0.0, 0.900928, 0.40428, 0.157755, 0.312152, -0.219204, 0.110206, 0.969435, 0.0, 0.0, 0.0, 0.0, 1.0],
                [0.990263, 0.13915, 0.003959, -0.0, -0.139037, 0.987256, 0.077425, 0.312152, 0.006865, -0.077221, 0.99699, 0.0, 0.0, 0.0, 0.0, 1.0],
                [0.972981, 0.134156, 0.187908, 0.0, -0.164714, 0.973644, 0.157755, 0.312152, -0.161791, -0.184444, 0.969435, -0.0, 0.0, 0.0, 0.0, 1.0]
            ]
        },
        {
            "name": "RightShoulder",
            "time": [0.0, 0.1667, 0.3333, 1.5, 2.15],
            "transform": [
                [-0.258216, 0.878947, 0.400971, 0.095562, -0.285669, -0.465953, 0.837426, 0.352916, 0.922886, 0.101691, 0.371404, 0.00204, 0.0, 0.0, 0.0, 1.0],
                [-0.258216, 0.878947, 0.400971, 0.095562, -0.285669, -0.465953, 0.837426, 0.352916, 0.922886, 0.101692, 0.371404, 0.00204, 0.0, 0.0, 0.0, 1.0],
                [-0.258216, 0.878947, 0.400971, 0.095562, -0.285669, -0.465953, 0.837426, 0.352916, 0.922886, 0.101691, 0.371404, 0.00204, 0.0, 0.0, 0.0, 1.0],
                [-0.258216, 0.878947, 0.400971, 0.095562, -0.285669, -0.465953, 0.837426, 0.352916, 0.922886, 0.101691, 0.371404, 0.00204, 0.0, 0.0, 0.0, 1.0],
                [-0.258216, 0.878947, 0.400971, 0.095562, -0.285669, -0.465953, 0.837426, 0.352916, 0.922886, 0.101691, 0.371404, 0.00204, 0.0, 0.0, 0.0, 1.0]
            ]
        },
        {
            "name": "RightArm",
            "time": [0.0, 0.1667, 0.3333, 1.5, 2.15],