{
    "animation": [
        {
            "name": "Root",
            "time": [0.0, 0.0833, 0.2333, 0.4167, 0.65, 0.9333],
            "transform": [
                [0.999432, -0.003881, -0.033472, -0.005753, -0.032907, 0.101344, -0.994307, -0.047813, 0.007251, 0.994844, 0.101158, 0.637081, 0.0, 0.0, 0.0, 1.0],
                [0.999428, -0.003909, -0.033578, -0.005753, -0.030908, -0.507975, -0.860817, -1.52605, -0.013692, 0.861363, -0.507806, 0.709421, 0.0, 0.0, 0.0, 1.0],
                [0.999432, -0.003881, -0.033472, -0.005753, -0.028809, -0.613642, -0.789059, -2.206993, -0.017478, 0.789575, -0.613405, 0.720869, 0.0, 0.0, 0.0, 1.0],
                [0.877579, -0.237305, 0.416584, -0.003166, 0.471813, 0.273178, -0.838311, -3.18272, 0.085134, 0.932234, 0.351699, 0.605941, 0.0, 0.0, 0.0, 1.0],
                [0.96301, -0.127268, 0.237518, -0.002718, 0.260604, 0.215679, -0.941046, -2.895544, 0.068538, 0.968135, 0.240868, 0.706952, 0.0, 0.0, 0.0, 1.0],
                [0.999432, -0.003881, -0.033472, -0.005753, -0.032907, 0.101344, -0.994307, -2.816773, 0.007251, 0.994844, 0.101158, 0.637081, 0.0, 0.0, 0.0, 1.0]
            ]
        },
        {
            "name": "Torso",
            "time": [0.0, 0.0833, 0.2333, 0.4167, 0.9333],
            "transform": [
                [0.999418, 0.012176, -0.031872, 0.0, -0.015153, 0.995369, -0.094924, 0.083555, 0.030569, 0.095351, 0.994974, 0.0, 0.0, 0.0, 0.0, 1.0],
                [0.999418, 0.015908, -0.030183, 0.0, -0.015153, 0.999571, 0.025082, 0.083555, 0.030569, -0.02461, 0.99923, 0.0, 0.0, 0.0, 0.0, 1.0],
                [0.999418, 0.018125, -0.028906, -0.0, -0.015153, 0.994882, 0.0999, 0.083555, 0.030569, -0.099404, 0.994578, 0.0, 0.0, 0.0, 0.0, 1.0],
                [0.920785, 0.356954, -0.15729, 0.0, -0.297154, 0.903115, 0.309972, 0.083555, 0.252696, -0.238678, 0.937645, 0.0, 0.0, 0.0, 0.0, 1.0],
                [0.999418, 0.012176, -0.031872, -0.0, -0.015153, 0.995369, -0.094924, 0.083555, 0.030569, 0.095351, 0.994974, 0.0, 0.0, 0.0, 0.0, 1.0]
            ]
        },
        {
            "name": "Chest",
            "time": [0.0, 0.0833, 0.2333, 0.4167, 0.9333],
            "transform": [
                [0.997739, -0.046021, 0.048981, -0.0, 0.030596, 0.959906, 0.278646, 0.314859, -0.059841, -0.276517, 0.959144, 0.0, 0.0, 0.0, 0.0, 1.0],
                [0.997739, -0.054547, 0.039265, -0.0, 0.030596, 0.888807, 0.45726, 0.314859, -0.059841, -0.455025, 0.888466, 0.0, 0.0, 0.0, 0.0, 1.0],
                [0.997739, -0.056051, 0.037086, -0.0, 0.030596, 0.870109, 0.491908, 0.314859, -0.059841, -0.489661, 0.869857, -0.0, 0.0, 0.0, 0.0, 1.0],
                [0.984259, 0.003778, -0.176692, -0.0, 0.072156, 0.904056, 0.421279, 0.314859, 0.161331, -0.427397, 0.889553, -0.0, 0.0, 0.0, 0.0, 1.0],
                [0.997739, -0.046021, 0.048981, 0.0, 0.030596, 0.959906, 0.278646, 0.314859, -0.059841, -0.276517, 0.959144, 0.0, 0.0, 0.0, 0.0, 1.0]
            ]
        },
        {
            "name": "LeftShoulder",
            "time": [0.0, 0.0833, 0.2333, 0.4167, 0.9333],
            "transform": [
                [0.364617, -0.910752, -0.193867, -0.093367, 0.05279, -0.187647, 0.980817, 0.347989, -0.92966, -0.367857, -0.020341, -0.003363, 0.0, 0.0, 0.0, 1.0],
                [-0.045586, -0.988581, 0.143629, -0.093367, -0.044823, 0.145658, 0.988319, 0.347989, -0.997955, 0.038615, -0.050951, -0.003363, 0.0, 0.0, 0.0, 1.0],
                [-0.132686, -0.969121, 0.207843, -0.093367, -0.046759, 0.215584, 0.975365, 0.347989, -0.990055, 0.119698, -0.07392, -0.003363, 0.0, 0.0, 0.0, 1.0],
                [0.364617, -0.910753, -0.193867, -0.093367, 0.05279, -0.187647, 0.980817, 0.347989, -0.92966, -0.367857, -0.020341, -0.003363, 0.0, 0.0, 0.0, 1.0],
                [0.364617, -0.910752, -0.193867, -0.093367, 0.05279, -0.187647, 0.980817, 0.347989, -0.92966, -0.367857, -0.020341, -0.003363, 0.0, 0.0, 0.0, 1.0]
            ]
        },
        {
            "name": "LeftArm",
            "time": [0.0, 0.0833, 0.2333, 0.4167, 0.9333],
            "transform": [
                [-0.206164, 0.162019, -0.965011, 0.0, 0.915177, 0.380979, -0.131554, 0.34013, 0.346335, -0.910277, -0.22682, 0.0, 0.0, 0.0, 0.0, 1.0],
                [0.288372, -0.058547, -0.955727, 0.0, 0.785159, 0.58576, 0.201023, 0.34013, 0.548057, -0.808367, 0.214885, 0.0, 0.0, 0.0, 0.0, 1.0],
                [0.389429, -0.085922, -0.91704, 0.0, 0.732807, 0.632064, 0.251971, 0.34013, 0.557978, -0.770138, 0.309108, 0.0, 0.0, 0.0, 0.0, 1.0],
                [-0.450964, 0.641458, -0.620616, -0.0, 0.854279, 0.511618, -0.091952, 0.34013, 0.258535, -0.571646, -0.778705, 0.0, 0.0, 0.0, 0.0, 1.0],
                [-0.078607, -0.243849, -0.966622, -0.0, 0.912223, 0.373483, -0.168402, 0.34013, 0.402082, -0.895013, 0.193086, -0.0, 0.0, 0.0, 0.0, 1.0]
            ]
        },
        {
            "name": "LeftLowerArm",
            "time": [0.0, 0.0833, 0.2333, 0.4167, 0.9333],
            "transform": [
                [0.999992, 5.2e-05, 0.004118, 0.0, -0.001439, 0.941276, 0.337634, 0.312152, -0.003859, -0.337637, 0.941268, 0.0, 0.0, 0.0, 0.0, 1.0],
                [0.999992, -0.001527, 0.003825, 0.0, -0.001439, 0.740647, 0.671893, 0.312152, -0.003859, -0.671893, 0.740638, -0.0, 0.0, 0.0, 0.0, 1.0],
                [0.999992, -0.001827, 0.003691, 0.0, -0.001439, 0.684685, 0.728837, 0.312152, -0.003859, -0.728837, 0.684677, -0.0, 0.0, 0.0, 0.0, 1.0],
                [0.999992, 5.2e-05, 0.004118, 0.0, -0.001439, 0.941276, 0.337634, 0.312152, -0.003859, -0.337637, 0.941268, -0.0, 0.0, 0.0, 0.0, 1.0],
                [0.999992, 5.2e-05, 0.004118, -0.0, -0.001439, 0.941276, 0.337634, 0.312152, -0.003859, -0.337637, 0.941268, -0.0, 0.0, 0.0, 0.0, 1.0]
            ]
        },
        {
            "name": "RightShoulder",
            "time": [0.0, 0.0833, 0.2333, 0.4167, 0.9333],
            "transform": [
                [-0.258216, 0.878947, 0.400971, 0.095562, -0.285669, -0.465953, 0.837426, 0.352916, 0.922886, 0.101691, 0.371404, 0.00204, 0.0, 0.0, 0.0, 1.0],
                [0.028722, 0.999406, -0.019057, 0.095562, -0.430716, 0.029578, 0.902003, 0.352916, 0.90203, -0.017699, 0.43131, 0.00204, 0.0, 0.0, 0.0, 1.0],
                [0.093301, 0.990197, -0.103946, 0.095562, -0.440645, 0.134686, 0.88752, 0.352916, 0.89282, -0.037003, 0.448892, 0.00204, 0.0, 0.0, 0.0, 1.0],
                [-0.258216, 0.878947, 0.400971, 0.095562, -0.285669, -0.465953, 0.837426, 0.352916, 0.922886, 0.101691, 0.371404, 0.00204, 0.0, 0.0, 0.0, 1.0],
                [-0.258216, 0.878947, 0.400971, 0.095562, -0.285669, -0.465953, 0.837426, 0.352916, 0.922886, 0.101691, 0.371404, 0.002039, 0.0, 0.0, 0.0, 1.0]
            ]
        },
        {
            "name": "RightArm",
            "time": [0.0, 0.0833, 0.2333, 0.4167, 0.9333],
            "transform": [
                [0.02511, -0.317853, 0.947807, -0.0, -0.892775, 0.419464, 0.164322, 0.293782, -0.449802, -0.850305, -0.273238, -0.0, 0.0, 0.0, 0.0, 1.0],
                [0.452962, 0.490808, 0.744267, -0.0, -0.689956, 0.721681, -0.056006, 0.293782, -0.564611, -0.488143, 0.66553, -0.0, 0.0, 0.0, 0.0, 1.0],
                [0.539149, 0.588006, 0.602965, 0.0, -0.657746, 0.741117, -0.134598, 0.293782, -0.526012, -0.324029, 0.786331, 0.0, 0.0, 0.0, 0.0, 1.0],
                [0.170262, -0.757393, 0.63037, -0.0, -0.881432, 0.168945, 0.441062, 0.293782, -0.440555, -0.630724, -0.638825, -0.0, 0.0, 0.0, 0.0, 1.0],
                [-0.04707, 0.214763, 0.975531, -0.0, -0.836176, 0.52578, -0.156096, 0.293782, -0.546438, -0.823063, 0.154831, -0.0, 0.0, 0.0, 0.0, 1.0]
            ]
        },
        {
            "name": "RightLowerArm",
            "time": [0.0, 0.0833, 0.2333, 0.4167, 0.9333],