{
    "animation": [
        {
            "name": "Root",
            "time": [0.0, 0.0833, 0.2333, 0.4167, 0.5333, 0.75],
            "transform": [
                [0.999432, -0.003881, -0.033472, -0.005753, -0.033636, -0.17393, -0.984183, -0.1155, -0.002003, 0.98475, -0.173962, 0.637081, 0.0, 0.0, 0.0, 1.0],
                [0.999432, -0.003881, -0.033472, -0.006041, -0.031504, -0.460005, -0.887357, -0.149646, -0.011954, 0.887908, -0.459866, 0.702989, 0.0, 0.0, 0.0, 1.0],
                [0.999434, -0.007547, -0.032771, -0.011395, -0.031768, -0.531532, -0.846442, -0.177004, -0.011031, 0.847004, -0.531472, 0.637081, 0.0, 0.0, 0.0, 1.0],
                [0.999434, -0.003877, -0.033421, -0.005753, -0.03362, -0.153512, -0.987575, -0.077699, -0.001302, 0.988139, -0.153555, 0.637081, 0.0, 0.0, 0.0, 1.0],
                [0.999433, -0.003879, -0.033433, -0.005753, -0.033625, -0.071223, -0.996894, -0.068076, 0.001486, 0.997453, -0.071313, 0.637081, 0.0, 0.0, 0.0, 1.0],
                [0.999432, -0.003881, -0.033472, -0.005753, -0.032907, 0.101344, -0.994307, -0.047813, 0.007251, 0.994844, 0.101158, 0.637081, 0.0, 0.0, 0.0, 1.0]
            ]
        },
        {
            "name": "Torso",
            "time": [0.0, 0.0833, 0.2333, 0.4167, 0.5333, 0.75],
            "transform": [
                [0.999418, 0.012176, -0.031872, -0.0, -0.015153, 0.995369, -0.094924, 0.083555, 0.030569, 0.095351, 0.994974, -0.0, 0.0, 0.0, 0.0, 1.0],
                [0.999418, 0.005153, -0.033727, 0.0, -0.015153, 0.952721, -0.303468, 0.083555, 0.030569, 0.303803, 0.952244, 0.0, 0.0, 0.0, 0.0, 1.0],
                [0.999418, 0.002409, -0.034033, -0.0, -0.015153, 0.92506, -0.379519, 0.083555, 0.030569, 0.379814, 0.924558, -0.0, 0.0, 0.0, 0.0, 1.0],
                [0.999418, 0.016125, -0.030067, -0.0, -0.015153, 0.999364, 0.032274, 0.083555, 0.030569, -0.0318, 0.999027, -0.0, 0.0, 0.0, 0.0, 1.0],
                [0.999418, 0.017068, -0.029543, 0.0, -0.015153, 0.997844, 0.063852, 0.083555, 0.030569, -0.063367, 0.997522, 0.0, 0.0, 0.0, 0.0, 1.0],
                [0.999418, 0.012176, -0.031872, 0.0, -0.015153, 0.995369, -0.094924, 0.083555, 0.030569, 0.095351, 0.994974, 0.0, 0.0, 0.0, 0.0, 1.0]
            ]
        },
        {
            "name": "Chest",
            "time": [0.0, 0.0833, 0.2333, 0.4167, 0.5333, 0.75],
            "transform": [
                [0.997739, -0.053583, 0.04057, 0.0, 0.030596, 0.899584, 0.435676, 0.314859, -0.059841, -0.433449, 0.899189, 0.0, 0.0, 0.0, 0.0, 1.0],
                [0.997739, -0.060861, 0.028514, 0.0, 0.030596, 0.789047, 0.61357, 0.314859, -0.059841, -0.61131, 0.789125, -0.0, 0.0, 0.0, 0.0, 1.0],
                [0.997739, -0.060848, 0.028542, 0.0, 0.030596, 0.789331, 0.613206, 0.314859, -0.059841, -0.610946, 0.789408, -0.0, 0.0, 0.0, 0.0, 1.0],
                [0.997739, -0.059476, 0.031299, -0.0, 0.030596, 0.816596, 0.576399, 0.314859, -0.059841, -0.574138, 0.816569, -0.0, 0.0, 0.0, 0.0, 1.0],
                [0.997739, -0.057987, 0.033979, -0.0, 0.030596, 0.842029, 0.538564, 0.314859, -0.059841, -0.536307, 0.841899, 0.0, 0.0, 0.0, 0.0, 1.0],
                [0.997739, -0.046021, 0.048981, -0.0, 0.030596, 0.959906, 0.278646, 0.314859, -0.059841, -0.276517, 0.959144, 0.0, 0.0, 0.0, 0.0, 1.0]
            ]
        },
        {
            "name": "LeftShoulder",
            "time": [0.0, 0.75],
            "transform": [
                [0.018324, -0.980857, -0.193867, -0.093367, -0.017111, -0.194179, 0.980817, 0.347989, -0.999686, -0.014655, -0.020341, -0.003363, 0.0, 0.0, 0.0, 1.0],
                [0.018324, -0.980857, -0.193867, -0.093367, -0.017111, -0.194179, 0.980817, 0.347989, -0.999686, -0.014655, -0.020341, -0.003363, 0.0, 0.0, 0.0, 1.0]
            ]
        },
        {
            "name": "LeftArm",
            "time": [0.0, 0.0833, 0.2333, 0.4167, 0.5333, 0.75],
            "transform": [
                [0.600809, 0.631528, -0.490104, 0.0, 0.294847, 0.3948, 0.870171, 0.34013, 0.74303, -0.667312, 0.050995, 0.0, 0.0, 0.0, 0.0, 1.0],
                [0.214114, 0.973108, 0.084954, -0.0, 0.39726, -0.166202, 0.90253, 0.34013, 0.892379, -0.159496, -0.422163, 0.0, 0.0, 0.0, 0.0, 1.0],
                [0.202175, 0.978891, -0.029974, 0.0, 0.485142, -0.073518, 0.871339, 0.34013, 0.850742, -0.190705, -0.489765, -0.0, 0.0, 0.0, 0.0, 1.0],
                [0.047995, 0.168573, -0.98452, 0.0, 0.82697, 0.546089, 0.133818, 0.34013, 0.560194, -0.820591, -0.113195, -0.0, 0.0, 0.0, 0.0, 1.0],
                [-0.066157, 0.017507, -0.997656, -0.0, 0.861083, 0.506174, -0.048218, 0.34013, 0.504143, -0.862254, -0.048562, 0.0, 0.0, 0.0, 0.0, 1.0],
                [-0.206164, 0.162019, -0.965011, 0.0, 0.915177, 0.380979, -0.131554, 0.34013, 0.346335, -0.910277, -0.22682, -0.0, 0.0, 0.0, 0.0, 1.0]
            ]
        },
        {
            "name": "LeftLowerArm",
            "time": [0.0, 0.0833, 0.2333, 0.4167, 0.5333, 0.75],
            "transform": [
                [0.999992, -0.00037, 0.004102, -0.0, -0.001439, 0.901745, 0.432267, 0.312152, -0.003859, -0.432269, 0.901736, -0.0, 0.0, 0.0, 0.0, 1.0],
                [0.904371, -0.426728, 0.004102, -0.0, 0.383199, 0.816275, 0.432267, 0.312152, -0.187809, -0.389357, 0.901736, -0.0, 0.0, 0.0, 0.0, 1.0],
                [0.913354, -0.407111, 0.006765, 0.0, 0.366688, 0.829661, 0.420954, 0.312152, -0.176987, -0.381999, 0.907057, -0.0, 0.0, 0.0, 0.0, 1.0],
                [0.981075, -0.193351, 0.010386, -0.0, 0.175563, 0.910878, 0.373469, 0.312152, -0.081671, -0.364578, 0.927585, -0.0, 0.0, 0.0, 0.0, 1.0],
                [0.991308, -0.131237, 0.009214, 0.0, 0.119075, 0.924805, 0.361326, 0.312152, -0.05594, -0.357088, 0.932394, 0.0, 0.0, 0.0, 0.0, 1.0],
                [0.999992, 5.2e-05, 0.004118, 0.0, -0.001439, 0.941276, 0.337634, 0.312152, -0.003859, -0.337637, 0.941268, 0.0, 0.0, 0.0, 0.0, 1.0]
            ]
        },
        {
            "name": "RightShoulder",
            "time": [0.0, 0.75],
            "transform": [
                [-0.038206, 0.944895, 0.325137, 0.095562, -0.001055, -0.325413, 0.945571, 0.352916, 0.999269, 0.035784, 0.01343, 0.00204, 0.0, 0.0, 0.0, 1.0],
                [-0.038206, 0.944895, 0.325137, 0.095562, -0.001055, -0.325413, 0.945572, 0.352916, 0.999269, 0.035784, 0.01343, 0.00204, 0.0, 0.0, 0.0, 1.0]
            ]
        },
        {
            "name": "RightArm",
            "time": [0.0, 0.0833, 0.2333, 0.4167, 0.5333, 0.75],
            "transform": [
                [0.02511, -0.317853, 0.947807, -0.0, -0.892775, 0.419464, 0.164322, 0.293782, -0.449802, -0.850305, -0.273238, 0.0, 0.0, 0.0, 0.0, 1.0],
                [0.312795, -0.723347, 0.615572, 0.0, -0.082926, 0.62482, 0.776352, 0.293782, -0.946194, -0.293886, 0.135456, 0.0, 0.0, 0.0, 0.0, 1.0],
                [0.323686, -0.686353, 0.651265, 0.0, -0.113653, 0.655133, 0.746916, 0.293782, -0.939313, -0.315785, 0.134051, -0.0, 0.0, 0.0, 0.0, 1.0],
                [0.237953, -0.107297, 0.965332, -0.0, -0.643766, 0.726787, 0.23947, 0.293782, -0.727286, -0.67843, 0.103867, -0.0, 0.0, 0.0, 0.0, 1.0],
                [0.150206, -0.024848, 0.988342, 0.0, -0.750732, 0.647614, 0.130376, 0.293782, -0.643304, -0.761563, 0.078621, -0.0, 0.0, 0.0, 0.0, 1.0],
                [0.02511, -0.317853, 0.947807, -0.0, -0.892775, 0.419464, 0.164322, 0.293782, -0.449802, -0.850305, -0.273238, 0.0, 0.0, 0.0, 0.0, 1.0]
            ]
        },
        {
            "name": "RightLowerArm",
            "time": [0.0, 0.0833, 0.2333, 0.4167, 0.5333, 0.75],