{
    "animation": [
        {
            "name": "Root",
            "time": [0.0, 0.1667, 0.3167, 0.45, 0.5833],
            "transform": [
                [0.999626, -0.020813, -0.017752, -0.055139, -0.006776, 0.440334, -0.897808, 0.07874, 0.026503, 0.897593, 0.440028, 0.693098, 0.0, 0.0, 0.0, 1.0],
                [0.974953, -0.094895, 0.201151, -0.055139, 0.220952, 0.309823, -0.924765, 0.07874, 0.025434, 0.946047, 0.32303, 0.589166, 0.0, 0.0, 0.0, 1.0],
                [0.999626, -0.020813, -0.017752, -0.055139, -0.006776, 0.440334, -0.897808, 0.07874, 0.026503, 0.897593, 0.440028, 0.693098, 0.0, 0.0, 0.0, 1.0],
                [0.950747, 0.076965, -0.300261, -0.055139, -0.308923, 0.314757, -0.897494, 0.07874, 0.025434, 0.946047, 0.32303, 0.589166, 0.0, 0.0, 0.0, 1.0],
                [0.999626, -0.020813, -0.017752, -0.055139, -0.006776, 0.440334, -0.897808, 0.07874, 0.026503, 0.897593, 0.440028, 0.693098, 0.0, 0.0, 0.0, 1.0]
            ]
        },
        {
            "name": "Torso",
            "time": [0.0, 0.3167, 0.45, 0.5833],
            "transform": [
                [0.999418, 0.016074, -0.030095, 0.0, -0.015153, 0.999418, 0.030561, 0.083555, 0.030569, -0.030087, 0.99908, 0.0, 0.0, 0.0, 0.0, 1.0],
                [0.999418, 0.012176, -0.031872, 0.0, -0.015153, 0.995369, -0.094924, 0.083555, 0.030569, 0.095351, 0.994974, 0.0, 0.0, 0.0, 0.0, 1.0],
                [0.998507, -0.011554, 0.053386, -0.0, 0.013391, 0.999326, -0.03417, 0.083555, -0.052956, 0.034834, 0.997989, -0.0, 0.0, 0.0, 0.0, 1.0],
                [0.999418, 0.016074, -0.030095, 0.0, -0.015153, 0.999418, 0.030561, 0.083555, 0.030569, -0.030087, 0.99908, 0.0, 0.0, 0.0, 0.0, 1.0]
            ]
        },
        {
            "name": "Chest",
            "time": [0.0, 0.1667, 0.3167, 0.45, 0.5833],
            "transform": [
                [0.948549, -0.018521, -0.316087, -0.0, 0.063922, 0.988934, 0.133879, 0.314859, 0.31011, -0.147196, 0.939236, 0.0, 0.0, 0.0, 0.0, 1.0],
                [0.955945, 0.120285, -0.267768, 0.0, -0.033694, 0.951124, 0.306965, 0.314859, 0.291604, -0.28442, 0.913276, 0.0, 0.0, 0.0, 0.0, 1.0],
                [0.96041, -0.026783, 0.277301, 0.0, -0.071662, 0.938124, 0.338803, 0.314859, -0.269217, -0.345262, 0.899064, 0.0, 0.0, 0.0, 0.0, 1.0],
                [0.6899, -0.08433, 0.718976, -0.0, 0.062524, 0.996422, 0.056876, 0.314859, -0.7212, 0.005715, 0.692704, 0.0, 0.0, 0.0, 0.0, 1.0],
                [0.948549, -0.018521, -0.316087, -0.0, 0.063922, 0.988934, 0.133879, 0.314859, 0.31011, -0.147196, 0.939236, 0.0, 0.0, 0.0, 0.0, 1.0]
            ]
        },
        {
            "name": "LeftShoulder",
            "time": [0.0, 0.5833],
            "transform": [
                [0.026786, -0.980662, -0.193867, -0.093367, -0.015435, -0.194319, 0.980817, 0.347989, -0.999522, -0.02328, -0.020341, -0.003363, 0.0, 0.0, 0.0, 1.0],
                [0.026786, -0.980662, -0.193867, -0.093367, -0.015435, -0.194319, 0.980817, 0.347989, -0.999522, -0.02328, -0.020341, -0.003363, 0.0, 0.0, 0.0, 1.0]
            ]
        },
        {
            "name": "LeftArm",
            "time": [0.0, 0.1667, 0.3167, 0.45, 0.5833],
            "transform": [
                [-0.152115, -0.175646, -0.97263, -0.0, 0.661115, 0.713438, -0.232234, 0.34013, 0.734703, -0.678347, 0.007598, 0.0, 0.0, 0.0, 0.0, 1.0],
                [0.113287, 0.86739, -0.484562, -0.0, 0.52541, 0.36163, 0.770174, 0.34013, 0.843274, -0.341844, -0.414768, 0.0, 0.0, 0.0, 0.0, 1.0],
                [-0.206164, -0.280963, -0.937313, 0.0, 0.915177, 0.28367, -0.286326, 0.34013, 0.346335, -0.916838, 0.198648, -0.0, 0.0, 0.0, 0.0, 1.0],
                [-0.107285, -0.764896, -0.635157, 0.0, 0.75322, 0.354461, -0.554091, 0.34013, 0.64896, -0.537859, 0.538107, -0.0, 0.0, 0.0, 0.0, 1.0],
                [-0.152115, -0.175646, -0.97263, -0.0, 0.661115, 0.713438, -0.232234, 0.34013, 0.734703, -0.678347, 0.007598, 0.0, 0.0, 0.0, 0.0, 1.0]
            ]
        },
        {
            "name": "LeftLowerArm",
            "time": [0.0, 0.3167, 0.45, 0.5833],
            "transform": [
                [0.999992, -0.003699, 0.001812, 0.0, -0.001439, 0.098427, 0.995143, 0.312152, -0.003859, -0.995137, 0.09842, -0.0, 0.0, 0.0, 0.0, 1.0],
                [0.999991, -0.003423, 0.002291, 0.0, -0.001439, 0.230831, 0.972993, 0.312152, -0.003859, -0.972988, 0.230824, -0.0, 0.0, 0.0, 0.0, 1.0],
                [0.994374, -0.046162, -0.095339, -0.0, 0.084363, 0.889416, 0.449246, 0.312152, 0.064057, -0.454762, 0.888307, 0.0, 0.0, 0.0, 0.0, 1.0],
                [0.999992, -0.003699, 0.001812, 0.0, -0.001439, 0.098427, 0.995143, 0.312152, -0.003859, -0.995137, 0.09842, -0.0, 0.0, 0.0, 0.0, 1.0]
            ]
        },
        {
            "name": "RightShoulder",
            "time": [0.1667, 0.0, 0.5833],
            "transform": [
                [-0.038206, 0.944895, 0.325137, 0.095562, -0.001055, -0.325413, 0.945571, 0.352916, 0.999269, 0.035784, 0.01343, 0.00204, 0.0, 0.0, 0.0, 1.0],
                [-0.038206, 0.990264, 0.133856, 0.095562, -0.001055, -0.133994, 0.990982, 0.352916, 0.99927, 0.03772, 0.006164, 0.00204, 0.0, 0.0, 0.0, 1.0],
                [-0.038206, 0.944895, 0.325137, 0.095562, -0.001055, -0.325413, 0.945571, 0.352916, 0.999269, 0.035784, 0.01343, 0.00204, 0.0, 0.0, 0.0, 1.0]
            ]
        },
        {
            "name": "RightArm",
            "time": [0.0, 0.1667, 0.3167, 0.45, 0.5833],
            "transform": [
                [-0.226386, 0.681872, 0.695557, 0.0, -0.423819, 0.573997, -0.700646, 0.293782, -0.876998, -0.453407, 0.159046, -0.0, 0.0, 0.0, 0.0, 1.0],
                [-0.108392, 0.852012, 0.512179, 0.0, -0.391365, 0.437036, -0.809835, 0.293782, -0.91383, -0.288229, 0.286076, -0.0, 0.0, 0.0, 0.0, 1.0],
                [-0.038431, -0.219307, 0.974899, 0.0, -0.75343, 0.647233, 0.115897, 0.293782, -0.656404, -0.730064, -0.190106, -0.0, 0.0, 0.0, 0.0, 1.0],
                [-0.260833, -0.885205, 0.385199, -0.0, -0.5207, 0.464996, 0.715996, 0.293782, -0.812919, -0.013818, -0.582212, -0.0, 0.0, 0.0, 0.0, 1.0],
                [-0.226386, 0.681872, 0.695557, 0.0, -0.423819, 0.573997, -0.700646, 0.293782, -0.876998, -0.453407, 0.159046, -0.0, 0.0, 0.0, 0.0, 1.0]
            ]
        },
        {
            "name": "RightLowerArm",
            "time": [0.0, 0.1667, 0.3167, 0.45, 0.5833],
            "transform": [
                [0.998152, -0.044488, 0.041384, 0.0, -0.027742, 0.272284, 0.961817, 0.320511, -0.054057, -0.961188, 0.270547, 0.0, 0.0, 0.0, 0.0, 1.0],
                [0.998152, 0.005479, 0.060512, 0.0, -0.027742, 0.927152, 0.373657, 0.320511, -0.054057, -0.374645, 0.925591, 0.0, 0.0, 0.0, 0.0, 1.0],
                [0.998152, -0.039229, 0.046399, 0.0, -0.027742, 0.385156, 0.922434, 0.320511, -0.054057, -0.922017, 0.383356, 0.0, 0.0, 0.0, 0.0, 1.0],
                [0.991717, -0.052662, 0.117153, -0.0, -0.055498, 0.646874, 0.760575, 0.320511, -0.115836, -0.760777, 0.638593, 0.0, 0.0, 0.0, 0.0, 1.0],
                [0.998152, -0.044488, 0.041384, 0.0, -0.027742, 0.272284, 0.961817, 0.320511, -0.054057, -0.961188, 0.270547, 0.0, 0.0, 0.0, 0.0, 1.0]
            ]
        },
        {
            "name": "Head",
            "time": [0.0, 0.1667, 0.3167, 0.45, 0.5833],