{
    "animation": [
        {
            "name": "Root",
            "time": [0.0, 0.0667, 0.1667, 0.3333],
            "transform": [
                [0.999432, -0.003881, -0.033472, -0.005753, -0.032907, 0.101344, -0.994307, -0.047813, 0.007251, 0.994844, 0.101158, 0.637081, 0.0, 0.0, 0.0, 1.0],
                [0.999432, -0.003881, -0.033472, -0.005753, -0.033636, -0.17393, -0.984183, -0.1155, -0.002003, 0.98475, -0.173962, 0.637081, 0.0, 0.0, 0.0, 1.0],
                [0.999432, -0.009154, -0.032429, -0.005753, -0.033636, -0.328227, -0.944, -0.1155, -0.002003, 0.944555, -0.328348, 0.637081, 0.0, 0.0, 0.0, 1.0],
                [0.999432, 0.001751, -0.03365, -0.005753, -0.033636, -0.007521, -0.999406, -0.1155, -0.002003, 0.99997, -0.007458, 0.637081, 0.0, 0.0, 0.0, 1.0]
            ]
        },
        {
            "name": "Torso",
            "time": [0.0, 0.0667, 0.1667, 0.3333],
            "transform": [
                [0.999418, 0.012176, -0.031872, 0.0, -0.015153, 0.995369, -0.094924, 0.083555, 0.030569, 0.095351, 0.994974, 0.0, 0.0, 0.0, 0.0, 1.0],
                [0.999418, 0.003365, -0.033952, -0.0, -0.015153, 0.93537, -0.353345, 0.083555, 0.030569, 0.353654, 0.934877, -0.0, 0.0, 0.0, 0.0, 1.0],
                [0.999418, 0.006623, -0.03347, -0.0, -0.015153, 0.965079, -0.261522, 0.083555, 0.030569, 0.261877, 0.964617, -0.0, 0.0, 0.0, 0.0, 1.0],
                [0.999418, 0.012176, -0.031872, -0.0, -0.015153, 0.995369, -0.094924, 0.083555, 0.030569, 0.095351, 0.994974, -0.0, 0.0, 0.0, 0.0, 1.0]
            ]
        },
        {
            "name": "Chest",
            "time": [0.0, 0.0667, 0.1667, 0.3333],
            "transform": [
                [0.997739, -0.046021, 0.048981, -0.0, 0.030596, 0.959906, 0.278646, 0.314859, -0.059841, -0.276517, 0.959144, 0.0, 0.0, 0.0, 0.0, 1.0],
                [0.997739, -0.060677, 0.028903, -0.0, 0.030596, 0.792962, 0.608503, 0.314859, -0.059841, -0.606243, 0.793025, -0.0, 0.0, 0.0, 0.0, 1.0],
                [0.997739, -0.053583, 0.04057, 0.0, 0.030596, 0.899584, 0.435676, 0.314859, -0.059841, -0.433449, 0.899189, -0.0, 0.0, 0.0, 0.0, 1.0],
                [0.997739, -0.038528, 0.05507, -0.0, 0.030596, 0.989926, 0.138241, 0.314859, -0.059841, -0.136243, 0.988866, 0.0, 0.0, 0.0, 0.0, 1.0]
            ]
        },
        {
            "name": "LeftShoulder",
            "time": [0.0, 0.3333],
            "transform": [
                [0.018324, -0.980857, -0.193867, -0.093367, -0.017111, -0.194179, 0.980817, 0.347989, -0.999686, -0.014655, -0.020341, -0.003363, 0.0, 0.0, 0.0, 1.0],
                [0.018324, -0.980857, -0.193867, -0.093367, -0.017111, -0.194179, 0.980817, 0.347989, -0.999686, -0.014655, -0.020341, -0.003363, 0.0, 0.0, 0.0, 1.0]
            ]
        },
        {
            "name": "LeftArm",
            "time": [0.0, 0.0667, 0.1667, 0.3333],
            "transform": [
                [-0.206164, 0.162019, -0.965011, 0.0, 0.915177, 0.380979, -0.131554, 0.34013, 0.346335, -0.910277, -0.22682, -0.0, 0.0, 0.0, 0.0, 1.0],
                [0.311412, 0.88394, -0.348815, 0.0, 0.131864, 0.32332, 0.937057, 0.34013, 0.941082, -0.337807, -0.015874, 0.0, 0.0, 0.0, 0.0, 1.0],
                [0.22898, 0.856394, -0.462772, 0.0, 0.07074, 0.459506, 0.885353, 0.34013, 0.970857, -0.235465, 0.044637, -0.0, 0.0, 0.0, 0.0, 1.0],
                [0.91359, -0.002695, -0.406627, -0.0, 0.349702, 0.515512, 0.782276, 0.34013, 0.207512, -0.856878, 0.471909, 0.0, 0.0, 0.0, 0.0, 1.0]
            ]
        },
        {
            "name": "LeftLowerArm",
            "time": [0.0, 0.0667, 0.1667, 0.3333],
            "transform": [
                [0.999992, 5.2e-05, 0.004118, 0.0, -0.001439, 0.941276, 0.337634, 0.312152, -0.003859, -0.337637, 0.941268, 0.0, 0.0, 0.0, 0.0, 1.0],
                [0.999992, -0.003846, 0.001473, -0.0, -0.001439, 0.008651, 0.999962, 0.312152, -0.003859, -0.999955, 0.008645, 0.0, 0.0, 0.0, 0.0, 1.0],
                [0.999992, -0.00383, 0.001514, 0.0, -0.001439, 0.019458, 0.99981, 0.312152, -0.003859, -0.999803, 0.019452, 0.0, 0.0, 0.0, 0.0, 1.0],
                [0.999992, -0.00037, 0.004102, 0.0, -0.001439, 0.901745, 0.432267, 0.312152, -0.003859, -0.432269, 0.901736, 0.0, 0.0, 0.0, 0.0, 1.0]
            ]
        },
        {
            "name": "RightShoulder",
            "time": [0.0, 0.3333],
            "transform": [
                [-0.038206, 0.944895, 0.325137, 0.095562, -0.001055, -0.325413, 0.945572, 0.352916, 0.999269, 0.035784, 0.01343, 0.00204, 0.0, 0.0, 0.0, 1.0],
                [-0.038206, 0.944895, 0.325137, 0.095562, -0.001055, -0.325413, 0.945571, 0.352916, 0.999269, 0.035784, 0.01343, 0.00204, 0.0, 0.0, 0.0, 1.0]
            ]
        },
        {
            "name": "RightArm",
            "time": [0.0, 0.0667, 0.1667, 0.3333],
            "transform": [
                [0.02511, -0.317853, 0.947807, -0.0, -0.892775, 0.419464, 0.164322, 0.293782, -0.449802, -0.850305, -0.273238, 0.0, 0.0, 0.0, 0.0, 1.0],
                [0.02511, -0.95964, 0.28011, 0.0, -0.892776, 0.104546, 0.438203, 0.293782, -0.449802, -0.261078, -0.854117, 0.0, 0.0, 0.0, 0.0, 1.0],
                [-0.062198, -0.81173, 0.580711, 0.0, -0.861597, 0.33735, 0.379271, 0.293782, -0.503769, -0.476749, -0.720366, 0.0, 0.0, 0.0, 0.0, 1.0],
                [0.025111, 0.01985, 0.999487, -0.0, -0.892775, 0.4503, 0.013486, 0.293782, -0.449802, -0.892656, 0.029029, -0.0, 0.0, 0.0, 0.0, 1.0]
            ]
        },
        {
            "name": "RightLowerArm",
            "time": [0.0, 0.0667, 0.1667, 0.3333],
            "transform": [
                [0.998152, 0.016618, 0.058443, 0.0, -0.027742, 0.980406, 0.195023, 0.320511, -0.054057, -0.196284, 0.979056, 0.0, 0.0, 0.0, 0.0, 1.0],
                [0.998152, 0.016618, 0.058443, 0.0, -0.027742, 0.980406, 0.195023, 0.320511, -0.054057, -0.196284, 0.979056, -0.0, 0.0, 0.0, 0.0, 1.0],
                [0.998152, 0.016618, 0.058443, -0.0, -0.027742, 0.980406, 0.195023, 0.320511, -0.054057, -0.196284, 0.979056, 0.0, 0.0, 0.0, 0.0, 1.0],
                [0.998152, 0.016618, 0.058443, -0.0, -0.027742, 0.980406, 0.195023, 0.320511, -0.054057, -0.196284, 0.979056, 0.0, 0.0, 0.0, 0.0, 1.0]
            ]
        },
        {
            "name": "Head",
            "time": [0.0, 0.0667, 0.1667, 0.3333],
            "transform": [
                [0.995079, -0.053581, -0.083353, 0.0, 0.045788, 0.994637, -0.092745, 0.325875, 0.087875, 0.088472, 0.992195, -0.0, 0.0, 0.0, 0.0, 1.0],
                [0.995079, -0.037064, -0.091896, -0.0, 0.045788, 0.994451, 0.094718, 0.325875, 0.087875, -0.098459, 0.991254, -0.0, 0.0, 0.0, 0.0, 1.0],
                [0.995079, -0.037064, -0.091896, -0.0, 0.045788, 0.994451, 0.094718, 0.325875, 0.087875, -0.098459, 0.991254, -0.0, 0.0, 0.0, 0.0, 1.0],
                [0.995079, -0.037064, -0.091896, 0.0, 0.045788, 0.994451, 0.094718, 0.325875, 0.087875, -0.098459, 0.991254, -0.0, 0.0, 0.0, 0.0, 1.0]
            ]
        },
        {
            "name": "RightLeg",
            "time": [0.0, 0.0667, 0.1667, 0.3333],
            "transform": [
                [-0.979083, 0.192197, -0.066759, 0.124009, -0.191345, -0.981339, -0.018987, -0.021387, -0.069162, -0.005814, 0.997585, -0.001198, 0.0, 0.0, 0.0, 1.0],
                [-0.979083, 0.202692, 0.017666, 0.124009, -0.191345, -0.887787, -0.418593, -0.021387, -0.069162, -0.413215, 0.908, -0.001198, 0.0, 0.0, 0.0, 1.0],
                [-0.979083, 0.201835, -0.025673, 0.124009, -0.191345, -0.956313, -0.221026, -0.021387, -0.069162, -0.211488, 0.974927, -0.001198, 0.0, 0.0, 0.0, 1.0],
                [-0.979083, 0.17482, -0.104089, 0.124009, -0.191345, -0.965065, 0.178986, -0.021387, -0.069162, 0.19516, 0.978327, -0.001198, 0.0, 0.0, 0.0, 1.0]
            ]
        },
        {
            "name": "RightFoot",
            "time": [0.0, 0.0667, 0.1667, 0.3333],