{
    "animation": [
        {
            "name": "Root",
            "time": [0.0, 0.1, 0.2333, 2.4, 2.6667, 2.7833, 3.0],
            "transform": [
                [0.999432, -0.003881, -0.033472, -0.005753, -0.033636, -0.17393, -0.984183, -0.1155, -0.002003, 0.98475, -0.173962, 0.637081, 0.0, 0.0, 0.0, 1.0],
                [0.999434, -0.003872, -0.033424, -0.005753, -0.032529, -0.365141, -0.930384, -0.932524, -0.008602, 0.930944, -0.36506, 0.637081, 0.0, 0.0, 0.0, 1.0],
                [0.999434, -0.003866, -0.033406, -0.005753, -0.031768, -0.434387, -0.900166, -1.24268, -0.011031, 0.900718, -0.434264, 0.637081, 0.0, 0.0, 0.0, 1.0],
                [0.999434, -0.003866, -0.033406, -0.005753, -0.029861, -0.55888, -0.828711, -1.24268, -0.015466, 0.829239, -0.55868, 0.637081, 0.0, 0.0, 0.0, 1.0],
                [0.999434, -0.003877, -0.033421, -0.005753, -0.03331, 0.0257, -0.999115, -1.249188, 0.004732, 0.999662, 0.025556, 0.637081, 0.0, 0.0, 0.0, 1.0],
                [0.999433, -0.003879, -0.033433, -0.005753, -0.033625, -0.071223, -0.996894, -1.196686, 0.001486, 0.997453, -0.071313, 0.637081, 0.0, 0.0, 0.0, 1.0],
                [0.999432, -0.003881, -0.033472, -0.005753, -0.032907, 0.101344, -0.994307, -1.161775, 0.007251, 0.994844, 0.101158, 0.637081, 0.0, 0.0, 0.0, 1.0]
            ]
        },
        {
            "name": "Torso",
            "time": [0.0, 0.1, 0.2333, 2.4, 2.6667, 2.7833, 3.0],
            "transform": [
                [0.999418, 0.012176, -0.031872, -0.0, -0.015153, 0.995369, -0.094924, 0.083555, 0.030569, 0.095351, 0.994974, -0.0, 0.0, 0.0, 0.0, 1.0],
                [0.999418, 0.007821, -0.03321, 0.0, -0.015153, 0.97385, -0.226687, 0.083555, 0.030569, 0.227058, 0.973401, -0.0, 0.0, 0.0, 0.0, 1.0],
                [0.999418, 0.006125, -0.033564, -0.0, -0.015153, 0.961092, -0.275814, 0.083555, 0.030569, 0.276162, 0.960625, 0.0, 0.0, 0.0, 0.0, 1.0],
                [0.999418, 0.006125, -0.033564, -0.0, -0.015153, 0.961092, -0.275814, 0.083555, 0.030569, 0.276162, 0.960625, -0.0, 0.0, 0.0, 0.0, 1.0],
                [0.999418, 0.016125, -0.030067, -0.0, -0.015153, 0.999364, 0.032274, 0.083555, 0.030569, -0.0318, 0.999027, -0.0, 0.0, 0.0, 0.0, 1.0],
                [0.999418, 0.017068, -0.029543, 0.0, -0.015153, 0.997844, 0.063852, 0.083555, 0.030569, -0.063367, 0.997522, -0.0, 0.0, 0.0, 0.0, 1.0],
                [0.999418, 0.012176, -0.031872, 0.0, -0.015153, 0.995369, -0.094924, 0.083555, 0.030569, 0.095351, 0.994974, -0.0, 0.0, 0.0, 0.0, 1.0]
            ]
        },
        {
            "name": "Chest",
            "time": [0.0, 0.1, 0.2333, 2.4, 2.6667, 2.7833, 3.0],
            "transform": [
                [0.997739, -0.053583, 0.04057, 0.0, 0.030596, 0.899584, 0.435676, 0.314859, -0.059841, -0.433449, 0.899189, 0.0, 0.0, 0.0, 0.0, 1.0],
                [0.997739, -0.059104, 0.031997, -0.0, 0.030596, 0.823324, 0.566747, 0.314859, -0.059841, -0.564486, 0.82327, 0.0, 0.0, 0.0, 0.0, 1.0],
                [0.997739, -0.060848, 0.028542, 0.0, 0.030596, 0.78933, 0.613206, 0.314859, -0.059841, -0.610946, 0.789407, 0.0, 0.0, 0.0, 0.0, 1.0],
                [0.997739, -0.060848, 0.028542, 0.0, 0.030596, 0.78933, 0.613206, 0.314859, -0.059841, -0.610946, 0.789407, -0.0, 0.0, 0.0, 0.0, 1.0],
                [0.997739, -0.059476, 0.031299, 0.0, 0.030596, 0.816596, 0.576399, 0.31486, -0.059841, -0.574138, 0.816569, 0.0, 0.0, 0.0, 0.0, 1.0],
                [0.997739, -0.057987, 0.033979, 0.0, 0.030596, 0.842029, 0.538564, 0.314859, -0.059841, -0.536307, 0.841899, -0.0, 0.0, 0.0, 0.0, 1.0],
                [0.997739, -0.046021, 0.048981, -0.0, 0.030596, 0.959906, 0.278646, 0.314859, -0.059841, -0.276517, 0.959144, 0.0, 0.0, 0.0, 0.0, 1.0]
            ]
        },
        {
            "name": "LeftShoulder",
            "time": [0.0, 3.0],
            "transform": [
                [0.018324, -0.980857, -0.193867, -0.093367, -0.017111, -0.194179, 0.980817, 0.347989, -0.999686, -0.014655, -0.020341, -0.003363, 0.0, 0.0, 0.0, 1.0],
                [0.018324, -0.980857, -0.193867, -0.093367, -0.017111, -0.194179, 0.980817, 0.347989, -0.999686, -0.014655, -0.020341, -0.003363, 0.0, 0.0, 0.0, 1.0]
            ]
        },
        {
            "name": "LeftArm",
            "time": [0.0, 0.1, 0.2333, 2.4, 2.6667, 2.7833, 3.0],
            "transform": [
                [0.600809, 0.631528, -0.490104, 0.0, 0.294847, 0.3948, 0.870171, 0.34013, 0.74303, -0.667312, 0.050995, 0.0, 0.0, 0.0, 0.0, 1.0],
                [0.313164, 0.929898, -0.192921, -0.0, 0.414205, 0.049064, 0.90886, 0.34013, 0.854612, -0.364531, -0.369803, 0.0, 0.0, 0.0, 0.0, 1.0],
                [0.202175, 0.978891, -0.029974, -0.0, 0.485142, -0.073518, 0.871339, 0.34013, 0.850742, -0.190705, -0.489765, 0.0, 0.0, 0.0, 0.0, 1.0],
                [-0.263241, 0.895256, 0.359473, 0.0, 0.464634, -0.2089, 0.860509, 0.34013, 0.84547, 0.393544, -0.360975, -0.0, 0.0, 0.0, 0.0, 1.0],
                [0.047995, 0.168573, -0.98452, 0.0, 0.82697, 0.546089, 0.133818, 0.34013, 0.560194, -0.820591, -0.113195, -0.0, 0.0, 0.0, 0.0, 1.0],
                [-0.066157, 0.017507, -0.997656, -0.0, 0.861083, 0.506174, -0.048218, 0.34013, 0.504143, -0.862254, -0.048562, 0.0, 0.0, 0.0, 0.0, 1.0],
                [-0.206164, 0.162019, -0.965011, -0.0, 0.915177, 0.380979, -0.131554, 0.34013, 0.346335, -0.910277, -0.22682, -0.0, 0.0, 0.0, 0.0, 1.0]
            ]
        },
        {
            "name": "LeftLowerArm",
            "time": [0.0, 0.1, 0.2333, 2.4, 2.6667, 2.7833, 3.0],
            "transform": [
                [0.999992, -0.00037, 0.004102, -0.0, -0.001439, 0.901745, 0.432267, 0.312152, -0.003859, -0.432269, 0.901736, -0.0, 0.0, 0.0, 0.0, 1.0],
                [0.954091, -0.299465, 0.005513, 0.0, 0.268993, 0.864814, 0.423956, 0.312152, -0.131728, -0.40301, 0.905666, -0.0, 0.0, 0.0, 0.0, 1.0],
                [0.913354, -0.407111, 0.006765, 0.0, 0.366688, 0.829661, 0.420954, 0.312152, -0.176987, -0.381999, 0.907057, 0.0, 0.0, 0.0, 0.0, 1.0],
                [0.913354, -0.40711, 0.006765, 0.0, 0.366688, 0.829661, 0.420954, 0.312152, -0.176987, -0.381999, 0.907057, -0.0, 0.0, 0.0, 0.0, 1.0],
                [0.981075, -0.193351, 0.010386, 0.0, 0.175563, 0.910878, 0.373469, 0.312152, -0.081671, -0.364578, 0.927585, 0.0, 0.0, 0.0, 0.0, 1.0],
                [0.991308, -0.131237, 0.009214, 0.0, 0.119075, 0.924805, 0.361326, 0.312152, -0.05594, -0.357088, 0.932394, 0.0, 0.0, 0.0, 0.0, 1.0],
                [0.999992, 5.2e-05, 0.004118, 0.0, -0.001439, 0.941276, 0.337634, 0.312152, -0.003859, -0.337637, 0.941268, 0.0, 0.0, 0.0, 0.0, 1.0]
            ]
        },
        {
            "name": "RightShoulder",
            "time": [0.0, 3.0],
            "transform": [
                [-0.038206, 0.944895, 0.325137, 0.095562, -0.001055, -0.325413, 0.945571, 0.352916, 0.999269, 0.035784, 0.01343, 0.00204, 0.0, 0.0, 0.0, 1.0],
                [-0.038206, 0.944895, 0.325137, 0.095562, -0.001055, -0.325413, 0.945572, 0.352916, 0.999269, 0.035784, 0.01343, 0.00204, 0.0, 0.0, 0.0, 1.0]
            ]
        },
        {
            "name": "RightArm",
            "time": [0.0, 0.1, 0.2333, 2.4, 2.6667, 2.7833, 3.0],