{
    "animation": [
        {
            "name": "Root",
            "time": [0.0, 0.2167, 0.3667, 0.4833, 0.5667, 0.8, 1.0167],
            "transform": [
                [0.719954, 0.015077, -0.693858, 0.000573, -0.694018, 0.012061, -0.719857, -0.000709, -0.002484, 0.999814, 0.019147, 0.646176, 0.0, 0.0, 0.0, 1.0],
                [0.32025, 0.018934, -0.947144, 0.000573, -0.94733, 0.003779, -0.320238, -0.292726, -0.002484, 0.999814, 0.019147, 0.646176, 0.0, 0.0, 0.0, 1.0],
                [0.199647, 0.018934, -0.979685, 0.000573, -0.979868, 0.003779, -0.199611, -0.292726, -7.7e-05, 0.999814, 0.019308, 0.646176, 0.0, 0.0, 0.0, 1.0],
                [0.882951, 0.017614, -0.469134, 0.097483, -0.469341, 0.010171, -0.882958, 0.732523, -0.010781, 0.999793, 0.017248, 0.755109, 0.0, 0.0, 0.0, 1.0],
                [0.999864, 0.014691, 0.00748, 0.000573, 0.007296, 0.012529, -0.999895, 0.935992, -0.014783, 0.999814, 0.01242, 0.646176, 0.0, 0.0, 0.0, 1.0],
                [0.981, 0.016906, -0.193268, 0.000573, -0.193442, 0.009327, -0.981067, 0.599022, -0.014783, 0.999814, 0.01242, 0.719152, 0.0, 0.0, 0.0, 1.0],
                [0.981, 0.016906, -0.193268, 0.000573, -0.193442, 0.009327, -0.981067, 0.599022, -0.014783, 0.999814, 0.01242, 0.719152, 0.0, 0.0, 0.0, 1.0]
            ]
        },
        {
            "name": "Thigh_R",
            "time": [0.0, 0.2167, 0.3667, 0.4833, 0.5667, 0.8, 1.0167],
            "transform": [
                [0.859297, 0.361235, -0.362101, 0.124994, 0.142636, -0.849108, -0.508593, -0.002831, -0.491185, 0.385383, -0.781163, -1.2e-05, 0.0, 0.0, 0.0, 1.0],
                [0.741755, 0.352877, -0.570331, 0.124994, 0.455935, -0.888975, 0.042944, -0.002831, -0.491857, -0.291886, -0.820292, -1.2e-05, 0.0, 0.0, 0.0, 1.0],
                [0.741755, 0.352877, -0.570331, 0.124994, 0.455935, -0.888974, 0.042944, -0.002831, -0.491857, -0.291886, -0.820292, -1.2e-05, 0.0, 0.0, 0.0, 1.0],
                [0.827003, -0.475081, -0.300604, 0.124994, 0.018894, -0.510905, 0.859429, -0.002831, -0.561879, -0.716428, -0.413546, -1.2e-05, 0.0, 0.0, 0.0, 1.0],
                [0.987055, -0.118143, -0.108458, 0.124994, 0.003156, -0.661828, 0.749648, -0.002831, -0.160347, -0.740285, -0.65289, -1.2e-05, 0.0, 0.0, 0.0, 1.0],
                [0.973169, 0.005631, -0.23002, 0.124994, 0.096786, -0.91697, 0.387033, -0.002831, -0.208742, -0.39891, -0.892915, -1.2e-05, 0.0, 0.0, 0.0, 1.0],
                [0.973169, 0.005631, -0.23002, 0.124994, 0.096786, -0.91697, 0.387033, -0.002831, -0.208742, -0.39891, -0.892915, -1.2e-05, 0.0, 0.0, 0.0, 1.0]
            ]
        },
        {
            "name": "Leg_R",
            "time": [0.0, 0.2167, 0.3667, 0.4833, 0.5667, 0.8, 1.0167],
            "transform": [
                [0.998294, -0.055914, -0.016795, 0.0, 0.058094, 0.922886, 0.380666, 0.37472, -0.005785, -0.380993, 0.924559, 0.0, 0.0, 0.0, 0.0, 1.0],
                [0.997826, 0.064252, 0.014693, -0.0, -0.060075, 0.794901, 0.603759, 0.37472, 0.027114, -0.603329, 0.797031, 0.0, 0.0, 0.0, 0.0, 1.0],
                [0.997826, 0.064252, 0.014693, 0.0, -0.060075, 0.794901, 0.603759, 0.37472, 0.027114, -0.603329, 0.797031, -0.0, 0.0, 0.0, 0.0, 1.0],
                [0.997826, 0.028902, 0.059236, -0.0, -0.060075, 0.029098, 0.997769, 0.37472, 0.027114, -0.999159, 0.030771, -0.0, 0.0, 0.0, 0.0, 1.0],
                [0.997826, 0.065882, -0.001944, 0.0, -0.060075, 0.921225, 0.384364, 0.37472, 0.027114, -0.383412, 0.923179, 0.0, 0.0, 0.0, 0.0, 1.0],
                [0.997826, 0.065882, -0.001944, 0.0, -0.060075, 0.921226, 0.384364, 0.37472, 0.027114, -0.383412, 0.923179, -0.0, 0.0, 0.0, 0.0, 1.0],
                [0.997826, 0.065882, -0.001944, 0.0, -0.060075, 0.921226, 0.384364, 0.37472, 0.027114, -0.383412, 0.923179, -0.0, 0.0, 0.0, 0.0, 1.0]
            ]
        },
        {
            "name": "Knee_R",
            "time": [0.0, 0.3667, 0.4833, 0.5667, 0.8, 1.0167],
            "transform": [
                [1.0, 0.0, -0.0, 0.0, -0.0, 1e-06, -1.0, 0.37472, -0.0, 1.0, 1e-06, 0.0, 0.0, 0.0, 0.0, 1.0],
                [1.0, 0.0, -0.0, 0.0, -0.0, 1e-06, -1.0, 0.37472, -0.0, 1.0, 1e-06, -0.0, 0.0, 0.0, 0.0, 1.0],
                [1.0, 0.0, -0.0, -0.0, -0.0, 0.544892, -0.838506, 0.37472, -0.0, 0.838506, 0.544892, -0.0, 0.0, 0.0, 0.0, 1.0],
                [1.0, 0.0, -0.0, 0.0, -0.0, 0.544892, -0.838506, 0.37472, -0.0, 0.838506, 0.544892, 0.0, 0.0, 0.0, 0.0, 1.0],
                [1.0, 0.0, -0.0, 0.0, -0.0, 0.544892, -0.838506, 0.37472, -0.0, 0.838506, 0.544892, -0.0, 0.0, 0.0, 0.0, 1.0],
                [1.0, 0.0, -0.0, 0.0, -0.0, 0.544892, -0.838506, 0.37472, -0.0, 0.838506, 0.544892, -0.0, 0.0, 0.0, 0.0, 1.0]
            ]
        },
        {
            "name": "Thigh_L",
            "time": [0.0, 0.2167, 0.3667, 0.4833, 0.5667, 0.8, 1.0167],
            "transform": [
                [0.718711, -0.538736, -0.439565, -0.109662, -0.025944, -0.652526, 0.757322, -0.002831, -0.694824, -0.532892, -0.482955, 0.02525, 0.0, 0.0, 0.0, 1.0],
                [0.45439, -0.597591, -0.660616, -0.109662, -0.174839, -0.787001, 0.591659, -0.002831, -0.873476, -0.153342, -0.462088, 0.02525, 0.0, 0.0, 0.0, 1.0],
                [0.45439, -0.597592, -0.660616, -0.109662, -0.174839, -0.787001, 0.591659, -0.002831, -0.873476, -0.153342, -0.462088, 0.02525, 0.0, 0.0, 0.0, 1.0],
                [0.874457, -0.079709, -0.478509, -0.109662, -0.154333, -0.980869, -0.118647, -0.002831, -0.459897, 0.177602, -0.87003, 0.02525, 0.0, 0.0, 0.0, 1.0],
                [0.969435, -0.130763, -0.207596, -0.109662, -0.222128, -0.827085, -0.516322, -0.002831, -0.104183, 0.546654, -0.830852, 0.02525, 0.0, 0.0, 0.0, 1.0],
                [0.969435, -0.198403, -0.144331, -0.109662, -0.222127, -0.959559, -0.172934, -0.002831, -0.104183, 0.199709, -0.974301, 0.02525, 0.0, 0.0, 0.0, 1.0],
                [0.969435, -0.198403, -0.144331, -0.109662, -0.222127, -0.959559, -0.172934, -0.002831, -0.104183, 0.199709, -0.974301, 0.02525, 0.0, 0.0, 0.0, 1.0]
            ]
        },
        {
            "name": "Leg_L",
            "time": [0.0, 0.3667, 0.5667, 0.8, 1.0167],
            "transform": [
                [0.997933, 0.060078, 0.022828, 0.0, -0.064028, 0.960118, 0.272163, 0.37472, -0.005566, -0.273062, 0.961981, -0.0, 0.0, 0.0, 0.0, 1.0],
                [0.997933, 0.060078, 0.022828, 0.0, -0.064028, 0.960118, 0.272163, 0.37472, -0.005566, -0.273062, 0.961981, 0.0, 0.0, 0.0, 0.0, 1.0],
                [0.997933, 0.060078, 0.022828, 0.0, -0.064028, 0.960118, 0.272163, 0.37472, -0.005566, -0.273062, 0.961981, 0.0, 0.0, 0.0, 0.0, 1.0],
                [0.997933, 0.060078, 0.022828, 0.0, -0.064028, 0.960118, 0.272163, 0.37472, -0.005566, -0.273062, 0.961981, 0.0, 0.0, 0.0, 0.0, 1.0],
                [0.997933, 0.060078, 0.022828, 0.0, -0.064028, 0.960118, 0.272163, 0.37472, -0.005566, -0.273062, 0.961981, 0.0, 0.0, 0.0, 0.0, 1.0]
            ]
        },
        {
            "name": "Knee_L",
            "time": [0.0, 0.3667, 0.5667, 0.8, 1.0167],
            "transform": [
                [1.0, 0.0, -0.0, 0.0, -0.0, 1e-06, -1.0, 0.37472, -0.0, 1.0, 1e-06, -0.0, 0.0, 0.0, 0.0, 1.0],
                [1.0, 0.0, -0.0, 0.0, -0.0, 1e-06, -1.0, 0.37472, -0.0, 1.0, 1e-06, 0.0, 0.0, 0.0, 0.0, 1.0],
                [1.0, 0.0, -0.0, 0.0, -0.0, 1e-06, -1.0, 0.37472, -0.0, 1.0, 1e-06, 0.0, 0.0, 0.0, 0.0, 1.0],
                [1.0, 0.0, -0.0, 0.0, -0.0, 1e-06, -1.0, 0.37472, -0.0, 1.0, 1e-06, 0.0, 0.0, 0.0, 0.0, 1.0],
                [1.0, 0.0, -0.0, 0.0, -0.0, 1e-06, -1.0, 0.37472, -0.0, 1.0, 1e-06, 0.0, 0.0, 0.0, 0.0, 1.0]
            ]
        },
        {
            "name": "Torso",
            "time": [0.0, 0.2167, 0.3667, 0.5667, 0.8, 1.0167],