{
    "animation": [
        {
            "name": "Root",
            "time": [0.0, 0.3333, 0.5833, 0.65, 0.75, 1.2167],
            "transform": [
                [0.854689, 0.010023, -0.519043, -5e-06, -0.51914, 0.016502, -0.85453, 0.030328, -0.0, 0.999814, 0.019308, 0.771957, 0.0, 0.0, 0.0, 1.0],
                [0.911203, -0.007954, 0.411882, 0.00195, 0.411959, 0.017593, -0.911033, 0.489656, -0.0, 0.999814, 0.019308, 0.725515, 0.0, 0.0, 0.0, 1.0],
                [0.911203, -0.007954, 0.411882, 0.00195, 0.411959, 0.017593, -0.911033, 0.568331, -0.0, 0.999814, 0.019308, 0.725515, 0.0, 0.0, 0.0, 1.0],
                [0.910134, -0.007242, 0.414251, 0.00195, 0.411213, -0.10632, -0.905317, 0.386923, 0.0506, 0.994306, -0.093788, 0.672225, 0.0, 0.0, 0.0, 1.0],
                [0.909942, -0.007146, 0.414673, 0.00195, 0.410997, -0.118398, -0.903916, 0.342691, 0.055556, 0.99294, -0.104798, 0.667026, 0.0, 0.0, 0.0, 1.0],
                [0.854689, 0.010023, -0.519043, -5e-06, -0.51914, 0.016502, -0.85453, 0.030328, -0.0, 0.999814, 0.019308, 0.771957, 0.0, 0.0, 0.0, 1.0]
            ]
        },
        {
            "name": "Thigh_R",
            "time": [0.0, 0.1333, 0.3333, 0.5833, 0.75, 1.2167],
            "transform": [
                [0.996122, 0.056223, -0.067664, 0.124994, 0.068868, -0.976941, 0.202086, -0.002831, -0.054742, -0.205961, -0.977028, -1.2e-05, 0.0, 0.0, 0.0, 1.0],
                [0.990654, 0.04326, -0.129357, 0.124994, 0.118764, -0.739981, 0.662059, -0.002831, -0.067081, -0.671232, -0.738205, -1.2e-05, 0.0, 0.0, 0.0, 1.0],
                [0.964639, 0.197049, -0.17505, 0.124994, 0.255313, -0.863532, 0.434885, -0.002831, -0.065468, -0.464198, -0.883309, -1.2e-05, 0.0, 0.0, 0.0, 1.0],
                [0.952296, 0.23381, -0.196125, 0.124994, 0.302239, -0.811531, 0.500067, -0.002831, -0.042242, -0.535487, -0.843486, -1.2e-05, 0.0, 0.0, 0.0, 1.0],
                [0.968831, 0.21327, 0.126024, 0.124994, 0.076992, -0.74277, 0.665104, -0.002831, 0.235454, -0.634669, -0.736041, -1.2e-05, 0.0, 0.0, 0.0, 1.0],
                [0.996122, 0.056223, -0.067664, 0.124994, 0.068868, -0.976941, 0.202086, -0.002831, -0.054742, -0.205961, -0.977028, -1.2e-05, 0.0, 0.0, 0.0, 1.0]
            ]
        },
        {
            "name": "Leg_R",
            "time": [0.0, 0.1333, 0.3333, 0.5833, 0.75, 1.2167],
            "transform": [
                [0.998294, -0.058059, -0.006132, 0.0, 0.058094, 0.97748, 0.202875, 0.37472, -0.005785, -0.202886, 0.979185, -0.0, 0.0, 0.0, 0.0, 1.0],
                [0.998294, -0.042604, -0.039917, -0.0, 0.058094, 0.657168, 0.751502, 0.37472, -0.005785, -0.75254, 0.658521, -0.0, 0.0, 0.0, 0.0, 1.0],
                [0.998294, -0.058059, -0.006132, -0.0, 0.058095, 0.97748, 0.202875, 0.37472, -0.005785, -0.202886, 0.979185, 0.0, 0.0, 0.0, 0.0, 1.0],
                [0.998294, -0.058059, -0.006132, -0.0, 0.058094, 0.97748, 0.202875, 0.37472, -0.005785, -0.202886, 0.979185, -0.0, 0.0, 0.0, 0.0, 1.0],
                [0.998294, -0.046536, -0.035254, -0.0, 0.058094, 0.731976, 0.678849, 0.37472, -0.005785, -0.679741, 0.73343, -0.0, 0.0, 0.0, 0.0, 1.0],
                [0.998294, -0.058059, -0.006132, 0.0, 0.058094, 0.97748, 0.202875, 0.37472, -0.005785, -0.202886, 0.979185, -0.0, 0.0, 0.0, 0.0, 1.0]
            ]
        },
        {
            "name": "Knee_R",
            "time": [0.0, 0.3333, 0.5833, 1.2167],
            "transform": [
                [1.0, 0.0, -0.0, 0.0, -0.0, 1e-06, -1.0, 0.37472, -0.0, 1.0, 1e-06, -0.0, 0.0, 0.0, 0.0, 1.0],
                [1.0, 0.0, -0.0, -0.0, -0.0, 1e-06, -1.0, 0.37472, -0.0, 1.0, 1e-06, 0.0, 0.0, 0.0, 0.0, 1.0],
                [1.0, 0.0, -0.0, -0.0, -0.0, 1e-06, -1.0, 0.37472, -0.0, 1.0, 1e-06, -0.0, 0.0, 0.0, 0.0, 1.0],
                [1.0, 0.0, -0.0, 0.0, -0.0, 1e-06, -1.0, 0.37472, -0.0, 1.0, 1e-06, -0.0, 0.0, 0.0, 0.0, 1.0]
            ]
        },
        {
            "name": "Thigh_L",
            "time": [0.0, 0.3333, 0.5833, 0.75, 1.2167],
            "transform": [
                [0.862919, -0.126282, -0.489308, -0.109662, -0.086164, -0.990862, 0.103769, -0.002831, -0.497941, -0.047383, -0.865915, 0.02525, 0.0, 0.0, 0.0, 1.0],
                [0.820735, -0.349474, -0.451952, -0.109662, -0.413518, -0.909237, -0.047869, -0.002831, -0.394202, 0.226179, -0.890757, 0.02525, 0.0, 0.0, 0.0, 1.0],
                [0.807097, -0.377739, -0.45377, -0.109662, -0.462157, -0.882481, -0.087399, -0.002831, -0.367429, 0.280253, -0.886822, 0.02525, 0.0, 0.0, 0.0, 1.0],
                [0.519313, -0.442588, -0.731047, -0.109662, -0.597248, -0.799812, 0.059952, -0.002831, -0.611234, 0.405484, -0.679688, 0.02525, 0.0, 0.0, 0.0, 1.0],
                [0.862919, -0.126282, -0.489308, -0.109662, -0.086164, -0.990862, 0.103769, -0.002831, -0.497941, -0.047383, -0.865915, 0.02525, 0.0, 0.0, 0.0, 1.0]
            ]
        },
        {
            "name": "Leg_L",
            "time": [0.0, 0.3333, 0.5833, 0.75, 1.2167],
            "transform": [
                [0.997933, 0.063289, 0.011181, 0.0, -0.064028, 0.994089, 0.087675, 0.37472, -0.005566, -0.088209, 0.996087, -0.0, 0.0, 0.0, 0.0, 1.0],
                [0.997933, 0.063289, 0.011181, -0.0, -0.064028, 0.994089, 0.087675, 0.37472, -0.005566, -0.088209, 0.996087, -0.0, 0.0, 0.0, 0.0, 1.0],
                [0.997933, 0.063289, 0.011181, 0.0, -0.064028, 0.994089, 0.087675, 0.37472, -0.005566, -0.088209, 0.996087, 0.0, 0.0, 0.0, 0.0, 1.0],
                [0.997933, 0.05995, 0.023163, -0.0, -0.064027, 0.958584, 0.277518, 0.37472, -0.005566, -0.278427, 0.960442, 0.0, 0.0, 0.0, 0.0, 1.0],
                [0.997933, 0.063289, 0.011181, 0.0, -0.064028, 0.994089, 0.087675, 0.37472, -0.005566, -0.088209, 0.996087, -0.0, 0.0, 0.0, 0.0, 1.0]
            ]
        },
        {
            "name": "Knee_L",
            "time": [0.0, 0.3333, 0.5833, 1.2167],
            "transform": [
                [1.0, 0.0, -0.0, 0.0, -0.0, 1e-06, -1.0, 0.37472, -0.0, 1.0, 1e-06, -0.0, 0.0, 0.0, 0.0, 1.0],
                [1.0, 0.0, -0.0, -0.0, -0.0, 1e-06, -1.0, 0.37472, -0.0, 1.0, 1e-06, -0.0, 0.0, 0.0, 0.0, 1.0],
                [1.0, 0.0, -0.0, 0.0, -0.0, 1e-06, -1.0, 0.37472, -0.0, 1.0, 1e-06, 0.0, 0.0, 0.0, 0.0, 1.0],
                [1.0, 0.0, -0.0, 0.0, -0.0, 1e-06, -1.0, 0.37472, -0.0, 1.0, 1e-06, -0.0, 0.0, 0.0, 0.0, 1.0]
            ]
        },
        {
            "name": "Torso",
            "time": [0.0, 0.3333, 0.5833, 0.75, 1.2167],
            "transform": [
                [0.965662, -0.025127, 0.258583, -0.0, 0.020968, 0.999603, 0.018828, 0.05, -0.258953, -0.012759, 0.965806, 0.0, 0.0, 0.0, 0.0, 1.0],
                [0.965662, -0.025127, 0.258583, 0.0, 0.020968, 0.999603, 0.018828, 0.05, -0.258953, -0.012759, 0.965806, -0.0, 0.0, 0.0, 0.0, 1.0],
                [0.965662, -0.025127, 0.258583, -0.0, 0.020968, 0.999603, 0.018828, 0.05, -0.258953, -0.012759, 0.965806, -0.0, 0.0, 0.0, 0.0, 1.0],
                [0.965662, 0.075965, 0.248446, -0.0, 0.020968, 0.930388, -0.365976, 0.05, -0.258953, 0.358619, 0.896848, 0.0, 0.0, 0.0, 0.0, 1.0],
                [0.965662, -0.025127, 0.258583, -0.0, 0.020968, 0.999603, 0.018828, 0.05, -0.258953, -0.012759, 0.965806, 0.0, 0.0, 0.0, 0.0, 1.0]
            ]
        },
        {
            "name": "Chest",
            "time": [0.0, 0.1, 0.2, 0.3333, 0.45, 0.5833, 0.75, 1.0333, 1.2167],