{
    "animation": [
        {
            "name": "Root",
            "time": [0.0, 0.35, 0.5167, 0.6833, 1.15],
            "transform": [
                [0.854689, 0.010023, -0.519043, -5e-06, -0.51914, 0.016502, -0.85453, 0.030328, -0.0, 0.999814, 0.019308, 0.771957, 0.0, 0.0, 0.0, 1.0],
                [0.275538, -0.041348, -0.960401, 0.010179, -0.961276, -0.006473, -0.275511, 0.446749, 0.005176, 0.999124, -0.04153, 0.682393, 0.0, 0.0, 0.0, 1.0],
                [0.275538, -0.041348, -0.960401, 0.010179, -0.961276, -0.006473, -0.275511, 0.525281, 0.005176, 0.999124, -0.04153, 0.682393, 0.0, 0.0, 0.0, 1.0],
                [0.288858, -0.01529, -0.95725, 0.010179, -0.939371, -0.197508, -0.280309, 0.188752, -0.184778, 0.980182, -0.071415, 0.635888, 0.0, 0.0, 0.0, 1.0],
                [0.854689, 0.010023, -0.519043, -5e-06, -0.51914, 0.016502, -0.85453, 0.030328, -0.0, 0.999814, 0.019308, 0.771957, 0.0, 0.0, 0.0, 1.0]
            ]
        },
        {
            "name": "Thigh_R",
            "time": [0.0, 0.35, 0.5167, 0.6833, 1.15],
            "transform": [
                [0.996122, 0.056223, -0.067664, 0.124994, 0.068868, -0.976941, 0.202086, -0.002831, -0.054742, -0.205961, -0.977028, -1.2e-05, 0.0, 0.0, 0.0, 1.0],
                [0.91669, 0.383826, -0.111157, 0.124994, 0.399064, -0.893712, 0.204997, -0.002831, -0.020659, -0.232277, -0.97243, -1.2e-05, 0.0, 0.0, 0.0, 1.0],
                [0.866115, 0.497079, -0.052493, 0.124994, 0.499804, -0.859918, 0.103603, -0.002831, 0.006359, -0.115968, -0.993233, -1.2e-05, 0.0, 0.0, 0.0, 1.0],
                [0.721791, 0.6863, -0.089486, 0.124994, 0.69211, -0.715861, 0.092321, -0.002831, -0.0007, -0.12857, -0.991701, -1.2e-05, 0.0, 0.0, 0.0, 1.0],
                [0.996122, 0.056223, -0.067664, 0.124994, 0.068868, -0.976941, 0.202086, -0.002831, -0.054742, -0.205961, -0.977028, -1.2e-05, 0.0, 0.0, 0.0, 1.0]
            ]
        },
        {
            "name": "Leg_R",
            "time": [0.0, 0.35, 0.5167, 0.6833, 1.15],
            "transform": [
                [0.998294, -0.058059, -0.006132, 0.0, 0.058094, 0.97748, 0.202875, 0.37472, -0.005785, -0.202886, 0.979185, -0.0, 0.0, 0.0, 0.0, 1.0],
                [0.998294, -0.055786, -0.017217, -0.0, 0.058095, 0.919983, 0.38763, 0.37472, -0.005785, -0.387969, 0.921654, -0.0, 0.0, 0.0, 0.0, 1.0],
                [0.998294, -0.055786, -0.017217, 0.0, 0.058095, 0.919983, 0.38763, 0.37472, -0.005785, -0.387969, 0.921654, -0.0, 0.0, 0.0, 0.0, 1.0],
                [0.998294, -0.057246, -0.011461, -0.0, 0.058094, 0.954598, 0.29218, 0.37472, -0.005785, -0.292347, 0.956294, 0.0, 0.0, 0.0, 0.0, 1.0],
                [0.998294, -0.058059, -0.006132, 0.0, 0.058094, 0.97748, 0.202875, 0.37472, -0.005785, -0.202886, 0.979185, -0.0, 0.0, 0.0, 0.0, 1.0]
            ]
        },
        {
            "name": "Knee_R",
            "time": [0.0, 0.35, 0.5167, 1.15],
            "transform": [
                [1.0, 0.0, -0.0, 0.0, -0.0, 1e-06, -1.0, 0.37472, -0.0, 1.0, 1e-06, -0.0, 0.0, 0.0, 0.0, 1.0],
                [1.0, 0.0, -0.0, -0.0, -0.0, 1e-06, -1.0, 0.37472, -0.0, 1.0, 1e-06, -0.0, 0.0, 0.0, 0.0, 1.0],
                [1.0, 0.0, -0.0, 0.0, -0.0, 1e-06, -1.0, 0.37472, -0.0, 1.0, 1e-06, -0.0, 0.0, 0.0, 0.0, 1.0],
                [1.0, 0.0, -0.0, 0.0, -0.0, 1e-06, -1.0, 0.37472, -0.0, 1.0, 1e-06, -0.0, 0.0, 0.0, 0.0, 1.0]
            ]
        },
        {
            "name": "Thigh_L",
            "time": [0.0, 0.2167, 0.35, 0.5167, 1.15],
            "transform": [
                [0.862919, -0.126282, -0.489308, -0.109662, -0.086164, -0.990862, 0.103769, -0.002831, -0.497941, -0.047383, -0.865915, 0.02525, 0.0, 0.0, 0.0, 1.0],
                [0.793344, -0.510709, -0.331332, -0.109662, -0.265886, -0.780291, 0.566084, -0.002831, -0.54764, -0.361003, -0.754829, 0.02525, 0.0, 0.0, 0.0, 1.0],
                [0.40083, -0.633073, -0.662234, -0.109662, -0.247728, -0.770811, 0.586925, -0.002831, -0.882023, -0.071203, -0.465794, 0.02525, 0.0, 0.0, 0.0, 1.0],
                [0.40083, -0.633073, -0.662234, -0.109662, -0.247728, -0.770811, 0.586925, -0.002831, -0.882023, -0.071203, -0.465794, 0.02525, 0.0, 0.0, 0.0, 1.0],
                [0.862919, -0.126282, -0.489308, -0.109662, -0.086164, -0.990862, 0.103769, -0.002831, -0.497941, -0.047383, -0.865915, 0.02525, 0.0, 0.0, 0.0, 1.0]
            ]
        },
        {
            "name": "Leg_L",
            "time": [0.0, 0.2167, 0.35, 0.5167, 0.6833, 1.15],
            "transform": [
                [0.997933, 0.063289, 0.011181, 0.0, -0.064028, 0.994089, 0.087675, 0.37472, -0.005566, -0.088209, 0.996087, -0.0, 0.0, 0.0, 0.0, 1.0],
                [0.997933, 0.032747, 0.0553, -0.0, -0.064028, 0.581094, 0.811314, 0.37472, -0.005567, -0.813177, 0.58199, -0.0, 0.0, 0.0, 0.0, 1.0],
                [0.997933, 0.063289, 0.011181, -0.0, -0.064028, 0.994089, 0.087675, 0.37472, -0.005566, -0.088209, 0.996087, -0.0, 0.0, 0.0, 0.0, 1.0],
                [0.997933, 0.063289, 0.011181, 0.0, -0.064028, 0.994089, 0.087675, 0.37472, -0.005566, -0.088209, 0.996087, -0.0, 0.0, 0.0, 0.0, 1.0],
                [0.997933, 0.03476, 0.054058, -0.0, -0.064028, 0.610561, 0.789377, 0.37472, -0.005567, -0.791206, 0.611525, 0.0, 0.0, 0.0, 0.0, 1.0],
                [0.997933, 0.063289, 0.011181, 0.0, -0.064028, 0.994089, 0.087675, 0.37472, -0.005566, -0.088209, 0.996087, -0.0, 0.0, 0.0, 0.0, 1.0]
            ]
        },
        {
            "name": "Knee_L",
            "time": [0.0, 0.35, 0.5167, 1.15],
            "transform": [
                [1.0, 0.0, -0.0, 0.0, -0.0, 1e-06, -1.0, 0.37472, -0.0, 1.0, 1e-06, -0.0, 0.0, 0.0, 0.0, 1.0],
                [1.0, 0.0, -0.0, -0.0, -0.0, 1e-06, -1.0, 0.37472, -0.0, 1.0, 1e-06, -0.0, 0.0, 0.0, 0.0, 1.0],
                [1.0, 0.0, -0.0, 0.0, -0.0, 1e-06, -1.0, 0.37472, -0.0, 1.0, 1e-06, -0.0, 0.0, 0.0, 0.0, 1.0],
                [1.0, 0.0, -0.0, 0.0, -0.0, 1e-06, -1.0, 0.37472, -0.0, 1.0, 1e-06, -0.0, 0.0, 0.0, 0.0, 1.0]
            ]
        },
        {
            "name": "Torso",
            "time": [0.0, 0.35, 0.5167, 0.6833, 1.15],
            "transform": [
                [0.965662, -0.025127, 0.258583, -0.0, 0.020968, 0.999603, 0.018828, 0.05, -0.258953, -0.012759, 0.965806, 0.0, 0.0, 0.0, 0.0, 1.0],
                [0.906359, -0.025127, 0.42176, -0.0, 0.017394, 0.999603, 0.022172, 0.05, -0.422149, -0.012759, 0.906437, 0.0, 0.0, 0.0, 0.0, 1.0],
                [0.906359, -0.025127, 0.42176, 0.0, 0.017394, 0.999603, 0.022172, 0.05, -0.422149, -0.012759, 0.906437, -0.0, 0.0, 0.0, 0.0, 1.0],
                [0.84088, 0.194201, 0.50518, -0.0, -0.143631, 0.980011, -0.137658, 0.05, -0.521815, 0.043195, 0.851964, -0.0, 0.0, 0.0, 0.0, 1.0],
                [0.965662, -0.025127, 0.258583, -0.0, 0.020968, 0.999603, 0.018828, 0.05, -0.258953, -0.012759, 0.965806, 0.0, 0.0, 0.0, 0.0, 1.0]
            ]
        },
        {
            "name": "Chest",
            "time": [0.0, 0.1167, 0.2167, 0.35, 0.4333, 0.5167, 0.6833, 0.8333, 1.15],