{
    "animation": [
        {
            "name": "Root",
            "time": [0.0, 0.1667, 0.4167, 0.55, 0.85],
            "transform": [
                [0.854689, 0.010023, -0.519043, -5e-06, -0.51914, 0.016502, -0.85453, 0.030328, -0.0, 0.999814, 0.019308, 0.771957, 0.0, 0.0, 0.0, 1.0],
                [0.328071, 0.015196, -0.944531, 0.005277, -0.94463, 0.012207, -0.327909, -2.346995, 0.006547, 0.99981, 0.018359, 0.645862, 0.0, 0.0, 0.0, 1.0],
                [0.22365, 0.015692, -0.974543, 0.006124, -0.974641, 0.011249, -0.223492, -2.728498, 0.007456, 0.999814, 0.01781, 0.625627, 0.0, 0.0, 0.0, 1.0],
                [0.22365, 0.015692, -0.974543, 0.006124, -0.974641, 0.011249, -0.223492, -2.728498, 0.007456, 0.999814, 0.01781, 0.625627, 0.0, 0.0, 0.0, 1.0],
                [0.854689, 0.010023, -0.519043, -5e-06, -0.51914, 0.016502, -0.85453, -3.331772, -0.0, 0.999814, 0.019308, 0.771957, 0.0, 0.0, 0.0, 1.0]
            ]
        },
        {
            "name": "Thigh_R",
            "time": [0.0, 0.1, 0.1667, 0.4167, 0.55, 0.85],
            "transform": [
                [0.996122, 0.056223, -0.067664, 0.124994, 0.068868, -0.976941, 0.202086, -0.002831, -0.054742, -0.205961, -0.977028, -1.2e-05, 0.0, 0.0, 0.0, 1.0],
                [0.697302, 0.583384, -0.416451, 0.124994, 0.649139, -0.760357, 0.021766, -0.002831, -0.303954, -0.285511, -0.908898, -1.2e-05, 0.0, 0.0, 0.0, 1.0],
                [0.727798, 0.462528, -0.506338, 0.124994, 0.503449, -0.861687, -0.063489, -0.002831, -0.465671, -0.208708, -0.859995, -1.2e-05, 0.0, 0.0, 0.0, 1.0],
                [0.706142, 0.479146, -0.521327, 0.124994, 0.518262, -0.851419, -0.080543, -0.002831, -0.482461, -0.213309, -0.849548, -1.2e-05, 0.0, 0.0, 0.0, 1.0],
                [0.706142, 0.479146, -0.521327, 0.124994, 0.518262, -0.851419, -0.080543, -0.002831, -0.482461, -0.213309, -0.849548, -1.2e-05, 0.0, 0.0, 0.0, 1.0],
                [0.996122, 0.056223, -0.067664, 0.124994, 0.068868, -0.976941, 0.202086, -0.002831, -0.054742, -0.205961, -0.977028, -1.2e-05, 0.0, 0.0, 0.0, 1.0]
            ]
        },
        {
            "name": "Leg_R",
            "time": [0.0, 0.1, 0.4167, 0.55, 0.85],
            "transform": [
                [0.998294, -0.058059, -0.006132, 0.0, 0.058094, 0.97748, 0.202875, 0.37472, -0.005785, -0.202886, 0.979185, -0.0, 0.0, 0.0, 0.0, 1.0],
                [0.998294, -0.042659, -0.039857, -0.0, 0.058095, 0.658211, 0.750589, 0.37472, -0.005785, -0.751625, 0.659565, -0.0, 0.0, 0.0, 0.0, 1.0],
                [0.998294, -0.058059, -0.006132, 0.0, 0.058095, 0.97748, 0.202875, 0.37472, -0.005785, -0.202886, 0.979185, -0.0, 0.0, 0.0, 0.0, 1.0],
                [0.998294, -0.058059, -0.006132, 0.0, 0.058095, 0.97748, 0.202875, 0.37472, -0.005785, -0.202886, 0.979185, -0.0, 0.0, 0.0, 0.0, 1.0],
                [0.998294, -0.058059, -0.006132, -0.0, 0.058094, 0.97748, 0.202875, 0.37472, -0.005785, -0.202886, 0.979185, 0.0, 0.0, 0.0, 0.0, 1.0]
            ]
        },
        {
            "name": "Knee_R",
            "time": [0.0, 0.4167, 0.55, 0.85],
            "transform": [
                [1.0, 0.0, -0.0, 0.0, -0.0, 1e-06, -1.0, 0.37472, -0.0, 1.0, 1e-06, -0.0, 0.0, 0.0, 0.0, 1.0],
                [1.0, 0.0, -0.0, 0.0, -0.0, 1e-06, -1.0, 0.37472, -0.0, 1.0, 1e-06, -0.0, 0.0, 0.0, 0.0, 1.0],
                [1.0, 0.0, -0.0, 0.0, -0.0, 1e-06, -1.0, 0.37472, -0.0, 1.0, 1e-06, -0.0, 0.0, 0.0, 0.0, 1.0],
                [1.0, 0.0, -0.0, -0.0, -0.0, 1e-06, -1.0, 0.37472, -0.0, 1.0, 1e-06, 0.0, 0.0, 0.0, 0.0, 1.0]
            ]
        },
        {
            "name": "Thigh_L",
            "time": [0.0, 0.1667, 0.4167, 0.55, 0.85],
            "transform": [
                [0.862919, -0.126282, -0.489308, -0.109662, -0.086164, -0.990862, 0.103769, -0.002831, -0.497941, -0.047383, -0.865915, 0.02525, 0.0, 0.0, 0.0, 1.0],
                [0.277287, -0.699648, -0.658486, -0.109662, -0.163227, -0.709703, 0.685331, -0.002831, -0.946819, -0.08255, -0.310993, 0.02525, 0.0, 0.0, 0.0, 1.0],
                [0.244707, -0.720375, -0.648983, -0.109662, -0.154633, -0.689761, 0.707331, -0.002831, -0.957186, -0.072735, -0.280183, 0.02525, 0.0, 0.0, 0.0, 1.0],
                [0.244707, -0.720375, -0.648983, -0.109662, -0.154633, -0.689761, 0.707331, -0.002831, -0.957186, -0.072735, -0.280183, 0.02525, 0.0, 0.0, 0.0, 1.0],
                [0.862919, -0.126282, -0.489308, -0.109662, -0.086164, -0.990862, 0.103769, -0.002831, -0.497941, -0.047383, -0.865915, 0.02525, 0.0, 0.0, 0.0, 1.0]
            ]
        },
        {
            "name": "Leg_L",
            "time": [0.0, 0.4167, 0.55, 0.85],
            "transform": [
                [0.997933, 0.063289, 0.011181, 0.0, -0.064028, 0.994089, 0.087675, 0.37472, -0.005566, -0.088209, 0.996087, -0.0, 0.0, 0.0, 0.0, 1.0],
                [0.997933, 0.058076, 0.027525, 0.0, -0.064028, 0.935483, 0.347524, 0.37472, -0.005566, -0.348567, 0.937268, 0.0, 0.0, 0.0, 0.0, 1.0],
                [0.997933, 0.058076, 0.027525, 0.0, -0.064028, 0.935483, 0.347524, 0.37472, -0.005566, -0.348567, 0.937268, 0.0, 0.0, 0.0, 0.0, 1.0],
                [0.997933, 0.063289, 0.011181, 0.0, -0.064028, 0.994089, 0.087675, 0.37472, -0.005566, -0.088209, 0.996087, 0.0, 0.0, 0.0, 0.0, 1.0]
            ]
        },
        {
            "name": "Knee_L",
            "time": [0.0, 0.4167, 0.55, 0.85],
            "transform": [
                [1.0, 0.0, -0.0, 0.0, -0.0, 1e-06, -1.0, 0.37472, -0.0, 1.0, 1e-06, -0.0, 0.0, 0.0, 0.0, 1.0],
                [1.0, 0.0, -0.0, 0.0, -0.0, 1e-06, -1.0, 0.37472, -0.0, 1.0, 1e-06, 0.0, 0.0, 0.0, 0.0, 1.0],
                [1.0, 0.0, -0.0, 0.0, -0.0, 1e-06, -1.0, 0.37472, -0.0, 1.0, 1e-06, 0.0, 0.0, 0.0, 0.0, 1.0],
                [1.0, 0.0, -0.0, 0.0, -0.0, 1e-06, -1.0, 0.37472, -0.0, 1.0, 1e-06, 0.0, 0.0, 0.0, 0.0, 1.0]
            ]
        },
        {
            "name": "Torso",
            "time": [0.0, 0.4167, 0.55, 0.85],
            "transform": [
                [0.923727, -0.025127, 0.382228, -0.0, 0.018336, 0.999603, 0.0214, 0.05, -0.382613, -0.012759, 0.92382, 0.0, 0.0, 0.0, 0.0, 1.0],
                [0.965662, -0.025127, 0.258583, 0.0, 0.020968, 0.999603, 0.018828, 0.05, -0.258953, -0.012759, 0.965806, -0.0, 0.0, 0.0, 0.0, 1.0],
                [0.965662, -0.025127, 0.258583, 0.0, 0.020968, 0.999603, 0.018828, 0.05, -0.258953, -0.012759, 0.965806, -0.0, 0.0, 0.0, 0.0, 1.0],
                [0.965662, -0.025127, 0.258583, 0.0, 0.020968, 0.999603, 0.018828, 0.05, -0.258953, -0.012759, 0.965806, -0.0, 0.0, 0.0, 0.0, 1.0]
            ]
        },
        {
            "name": "Chest",
            "time": [0.0, 0.1667, 0.4167, 0.55, 0.85],
            "transform": [
                [0.844429, -0.023894, 0.535135, 0.0, 0.011473, 0.999582, 0.026528, 0.3, -0.535545, -0.016261, 0.84435, -0.0, 0.0, 0.0, 0.0, 1.0],
                [0.95527, -0.023894, -0.294767, -0.0, 0.027625, 0.999582, 0.008498, 0.3, 0.294441, -0.016261, 0.955531, 0.0, 0.0, 0.0, 0.0, 1.0],
                [0.931232, -0.023894, -0.363643, -0.0, 0.028171, 0.999582, 0.006461, 0.3, 0.363337, -0.016261, 0.931516, 0.0, 0.0, 0.0, 0.0, 1.0],
                [0.908996, -0.22476, -0.351012, -0.0, 0.235546, 0.971786, -0.012274, 0.3, 0.343868, -0.071523, 0.936291, 0.0, 0.0, 0.0, 0.0, 1.0],
                [0.997431, -0.023894, 0.067533, 0.0, 0.022738, 0.999582, 0.017843, 0.3, -0.067931, -0.016261, 0.997558, -0.0, 0.0, 0.0, 0.0, 1.0]
            ]
        },
        {
            "name": "Head",
            "time": [0.0, 0.1667, 0.4167, 0.55, 0.85],