{
    
    "animation": [
        {
            "name": "Root",
            "time": [0.0, 0.1833, 0.5, 0.8667, 1.0],
            "transform": [
                [0.991696, 0.016879, -0.127491, -5e-06, -0.128603, 0.130157, -0.983118, 0.000946, 0.0, 0.99135, 0.131247, 0.755725, 0.0, 0.0, 0.0, 1.0],
                [0.991696, 0.016879, -0.127491, -0.001967, -0.128603, 0.130157, -0.983118, -0.014185, 0.0, 0.99135, 0.131247, 0.640475, 0.0, 0.0, 0.0, 1.0],
                [0.991696, -0.029105, -0.125267, -0.052013, -0.128603, -0.224436, -0.965966, -4.081372, 0.0, 0.974054, -0.226315, 0.548773, 0.0, 0.0, 0.0, 1.0],
                [0.991696, -0.029105, -0.125267, -0.125641, -0.128603, -0.224436, -0.965966, -4.649137, 0.0, 0.974054, -0.226315, 0.547016, 0.0, 0.0, 0.0, 1.0],
                [0.991696, -0.029105, -0.125267, -0.125641, -0.128603, -0.224436, -0.965966, -4.649137, 0.0, 0.974054, -0.226315, 0.547016, 0.0, 0.0, 0.0, 1.0]
            ]
        },
        {
            "name": "Thigh_R",
            "time": [0.0, 0.1, 0.3167, 0.5333, 0.8333, 1.0],
            "transform": [
                [0.864378, 0.107235, 0.491276, 0.124994, 0.198861, -0.970246, -0.138102, -0.002831, 0.46185, 0.217068, -0.859986, -1.2e-05, 0.0, 0.0, 0.0, 1.0],
                [0.864378, 0.046859, 0.500655, 0.124994, 0.198861, -0.946334, -0.25476, -0.002831, 0.46185, 0.319769, -0.82731, -1.2e-05, 0.0, 0.0, 0.0, 1.0],
                [0.997022, -0.02663, -0.072374, 0.124994, 0.069059, -0.109382, 0.991598, -0.002831, -0.034323, -0.993641, -0.107218, -1.2e-05, 0.0, 0.0, 0.0, 1.0],
                [0.997022, 0.012649, -0.076073, 0.124994, 0.069059, -0.585486, 0.807735, -0.002831, -0.034323, -0.810581, -0.584618, -1.2e-05, 0.0, 0.0, 0.0, 1.0],
                [0.997022, 0.074958, 0.018121, 0.124994, 0.069059, -0.763253, -0.642396, -0.002831, -0.034322, 0.641734, -0.766158, -1.1e-05, 0.0, 0.0, 0.0, 1.0],
                [0.997022, 0.074958, 0.018121, 0.124994, 0.069059, -0.763253, -0.642396, -0.002831, -0.034322, 0.641734, -0.766158, -1.1e-05, 0.0, 0.0, 0.0, 1.0]
            ]
        },
        {
            "name": "Leg_R",
            "time": [0.0, 0.1, 0.3167, 0.5333, 0.6333, 0.75, 1.0],
            "transform": [
                [1.0, -0.0, 2e-06, -0.0, -0.0, 0.966099, 0.258173, 0.37472, -2e-06, -0.258173, 0.966098, -0.0, 0.0, 0.0, 0.0, 1.0],
                [1.0, -1e-06, 2e-06, 0.0, -0.0, 0.822154, 0.569266, 0.37472, -2e-06, -0.569266, 0.822153, 0.0, 0.0, 0.0, 0.0, 1.0],
                [1.0, -0.0, 2e-06, 0.0, -0.0, 0.997759, 0.066929, 0.37472, -2e-06, -0.066929, 0.997757, 0.0, 0.0, 0.0, 0.0, 1.0],
                [1.0, -1e-06, 1e-06, -0.0, -0.0, 0.7474, 0.664374, 0.37472, -2e-06, -0.664375, 0.747399, 0.0, 0.0, 0.0, 0.0, 1.0],
                [1.0, -2e-06, 0.0, -0.0, -0.0, 0.144103, 0.989562, 0.37472, -2e-06, -0.989563, 0.144103, 0.0, 0.0, 0.0, 0.0, 1.0],
                [1.0, -1e-06, 1e-06, 0.0, -0.0, 0.695256, 0.718762, 0.37472, -2e-06, -0.718763, 0.695255, -0.0, 0.0, 0.0, 0.0, 1.0],
                [1.0, -1e-06, 1e-06, -0.0, -0.0, 0.695256, 0.718762, 0.37472, -2e-06, -0.718763, 0.695255, 1e-06, 0.0, 0.0, 0.0, 1.0]
            ]
        },
        {
            "name": "Knee_R",
            "time": [0.0, 1.0],
            "transform": [
                [1.0, 0.0, -0.0, -0.0, -0.0, 1e-06, -1.0, 0.37472, -0.0, 1.0, 1e-06, -0.0, 0.0, 0.0, 0.0, 1.0],
                [1.0, 0.0, -0.0, -0.0, -0.0, 1e-06, -1.0, 0.37472, -0.0, 1.0, 1e-06, 1e-06, 0.0, 0.0, 0.0, 1.0]
            ]
        },
        {
            "name": "Thigh_L",
            "time": [0.0, 0.1, 0.3167, 0.4333, 0.5333, 0.8333, 1.0],
            "transform": [
                [0.980512, -0.091834, -0.173673, -0.125006, -0.00329, -0.891574, 0.452862, -0.002831, -0.19643, -0.443466, -0.874502, -1.2e-05, 0.0, 0.0, 0.0, 1.0],
                [0.980512, -0.125461, -0.151179, -0.125006, -0.00329, -0.779907, 0.625887, -0.002831, -0.19643, -0.613192, -0.765121, -1.2e-05, 0.0, 0.0, 0.0, 1.0],
                [0.980512, -0.179778, -0.07922, -0.125006, -0.00329, -0.418212, 0.908343, -0.002831, -0.19643, -0.890381, -0.410654, -1.2e-05, 0.0, 0.0, 0.0, 1.0],
                [0.980512, 0.07255, -0.182571, -0.125006, -0.00329, -0.923118, -0.384503, -0.002831, -0.19643, 0.377611, -0.904889, -1.2e-05, 0.0, 0.0, 0.0, 1.0],
                [0.980512, 0.129183, -0.148011, -0.125006, -0.00329, -0.742497, -0.669841, -0.002831, -0.19643, 0.657275, -0.727602, -1.2e-05, 0.0, 0.0, 0.0, 1.0],
                [0.980512, -0.137017, -0.14079, -0.125006, -0.00329, -0.727997, 0.685572, -0.002831, -0.19643, -0.671748, -0.714261, -1.2e-05, 0.0, 0.0, 0.0, 1.0],
                [0.980512, -0.137017, -0.14079, -0.125006, -0.00329, -0.727997, 0.685572, -0.002831, -0.19643, -0.671748, -0.714261, -1.2e-05, 0.0, 0.0, 0.0, 1.0]
            ]
        },
        {
            "name": "Leg_L",
            "time": [0.0, 0.1, 0.3167, 0.35, 0.45, 0.5333, 0.6333, 0.75, 0.8333, 1.0],
            "transform": [
                [1.0, -1e-06, 1e-06, 0.0, 0.0, 0.909188, 0.416386, 0.37472, -1e-06, -0.416385, 0.909189, 0.0, 0.0, 0.0, 0.0, 1.0],
                [1.0, -1e-06, 0.0, 0.0, 0.0, 0.825298, 0.564698, 0.37472, -1e-06, -0.564698, 0.825298, -0.0, 0.0, 0.0, 0.0, 1.0],
                [1.0, -0.0, 1e-06, -0.0, 0.0, 0.984544, 0.175138, 0.37472, -1e-06, -0.175138, 0.984544, -0.0, 0.0, 0.0, 0.0, 1.0],
                [1.0, -1e-06, -1e-06, 0.0, 0.0, -0.459561, 0.888146, 0.374721, -1e-06, -0.888146, -0.459561, -0.0, 0.0, 0.0, 0.0, 1.0],
                [1.0, -1e-06, -0.0, 0.0, 0.0, 0.099227, 0.995065, 0.37472, -1e-06, -0.995064, 0.099227, -0.0, 0.0, 0.0, 0.0, 1.0],
                [1.0, -1e-06, 0.0, -0.0, 0.0, 0.799537, 0.600617, 0.37472, -1e-06, -0.600616, 0.799538, 0.0, 0.0, 0.0, 0.0, 1.0],
                [1.0, -1e-06, 0.0, 0.0, 0.0, 0.572726, 0.819747, 0.37472, -1e-06, -0.819747, 0.572726, 0.0, 0.0, 0.0, 0.0, 1.0],
                [1.0, -1e-06, -0.0, -0.0, 0.0, 0.123541, 0.99234, 0.374721, -1e-06, -0.992339, 0.123541, 0.0, 0.0, 0.0, 0.0, 1.0],
                [1.0, -1e-06, 0.0, -0.0, 0.0, 0.768522, 0.639823, 0.37472, -1e-06, -0.639822, 0.768523, -1e-06, 0.0, 0.0, 0.0, 1.0],
                [1.0, -1e-06, 0.0, 0.0, 0.0, 0.768522, 0.639823, 0.37472, -1e-06, -0.639822, 0.768523, -0.0, 0.0, 0.0, 0.0, 1.0]
            ]
        },
        {
            "name": "Knee_L",
            "time": [0.0, 0.3167, 1.0],
            "transform": [
                [1.0, 0.0, -0.0, 0.0, -0.0, 1e-06, -1.0, 0.37472, -0.0, 1.0, 1e-06, 0.0, 0.0, 0.0, 0.0, 1.0],
                [1.0, 0.0, -0.0, -0.0, -0.0, 0.650894, -0.759168, 0.37472, -0.0, 0.759169, 0.650894, -0.0, 0.0, 0.0, 0.0, 1.0],
                [1.0, 0.0, -0.0, 0.0, -0.0, 0.650894, -0.759168, 0.37472, -0.0, 0.759168, 0.650894, -0.0, 0.0, 0.0, 0.0, 1.0]
            ]
        },
        {
            "name": "Torso",
            "time": [0.0, 0.1833, 0.25, 0.3833, 1.0],
            "transform": [
                [0.990053, -0.012265, -0.140162, 0.0, 0.018639, 0.998847, 0.044254, 0.05, 0.139458, -0.046426, 0.989139, -0.0, 0.0, 0.0, 0.0, 1.0],
                [0.848557, -0.012265, -0.528962, -0.0, 0.034959, 0.998847, 0.03292, 0.05, 0.527948, -0.046426, 0.848007, -0.0, 0.0, 0.0, 0.0, 1.0],
                [0.977326, 0.175931, 0.117824, -0.0, 0.00216, 0.548141, -0.836383, 0.05, -0.211729, 0.817674, 0.535333, -0.0, 0.0, 0.0, 0.0, 1.0],
                [0.977326, 0.03221, 0.209276, 0.0, 0.00216, 0.986794, -0.161966, 0.05, -0.211729, 0.158745, 0.96435, -0.0, 0.0, 0.0, 0.0, 1.0],
                [0.977326, 0.03221, 0.209276, -0.0, 0.00216, 0.986794, -0.161965, 0.05, -0.211729, 0.158745, 0.96435, 1e-06, 0.0, 0.0, 0.0, 1.0]
            ]
        },
        {
            "name": "Chest",
            "time": [0.0, 0.2167, 0.2667, 0.4333, 0.4833, 0.5667, 0.7167, 1.0],