{
    "animation": [
        {
            "name": "Root",
            "time": [0.0, 0.2333, 0.2667, 0.4667, 0.9],
            "transform": [
                [0.854689, 0.010023, -0.519043, -5e-06, -0.51914, 0.016502, -0.85453, 0.030328, -0.0, 0.999814, 0.019308, 0.771957, 0.0, 0.0, 0.0, 1.0],
                [0.128817, 0.006373, -0.991648, -0.036826, -0.986415, -0.101972, -0.128793, -0.052342, -0.101941, 0.994767, -0.006849, 1.085718, 0.0, 0.0, 0.0, 1.0],
                [0.128817, 0.006373, -0.991648, -0.033655, -0.986415, -0.101972, -0.128793, -0.033682, -0.101941, 0.994767, -0.006849, 1.053228, 0.0, 0.0, 0.0, 1.0],
                [0.959088, 0.238495, 0.152545, -0.033655, 0.119354, 0.147977, -0.981762, -1.216313, -0.256719, 0.959804, 0.113458, 1.245857, 0.0, 0.0, 0.0, 1.0],
                [0.874539, -0.031891, -0.483905, -0.033655, -0.484954, -0.055706, -0.872764, -1.890203, 0.000877, 0.997938, -0.064183, 1.053228, 0.0, 0.0, 0.0, 1.0]
            ]
        },
        {
            "name": "Thigh_R",
            "time": [0.0, 0.1167, 0.2333, 0.2667, 0.4667, 0.9],
            "transform": [
                [0.996122, 0.056223, -0.067664, 0.124994, 0.068868, -0.976941, 0.202086, -0.002831, -0.054742, -0.205961, -0.977028, -1.2e-05, 0.0, 0.0, 0.0, 1.0],
                [0.796519, 0.427593, -0.427459, 0.124994, 0.419745, -0.899928, -0.11807, -0.002831, -0.435169, -0.085378, -0.896292, -1.2e-05, 0.0, 0.0, 0.0, 1.0],
                [0.54777, 0.149721, -0.823123, 0.124994, 0.309894, -0.950182, 0.033395, -0.002831, -0.777118, -0.273373, -0.566881, -1.2e-05, 0.0, 0.0, 0.0, 1.0],
                [0.54777, 0.149721, -0.823123, 0.124994, 0.309894, -0.950182, 0.033395, -0.002831, -0.777118, -0.273373, -0.566881, -1.2e-05, 0.0, 0.0, 0.0, 1.0],
                [0.908948, 0.300047, -0.289455, 0.124994, 0.40968, -0.514095, 0.75357, -0.002831, 0.077298, -0.803538, -0.590211, -1.2e-05, 0.0, 0.0, 0.0, 1.0],
                [0.996122, 0.056223, -0.067664, 0.124994, 0.068868, -0.976941, 0.202086, -0.002831, -0.054742, -0.205961, -0.977028, -1.2e-05, 0.0, 0.0, 0.0, 1.0]
            ]
        },
        {
            "name": "Leg_R",
            "time": [0.0, 0.2333, 0.2667, 0.4667, 0.9],
            "transform": [
                [0.998294, -0.058059, -0.006132, 0.0, 0.058094, 0.97748, 0.202875, 0.37472, -0.005785, -0.202886, 0.979185, -0.0, 0.0, 0.0, 0.0, 1.0],
                [0.998294, -0.036093, -0.045889, -0.0, 0.058095, 0.536235, 0.842066, 0.37472, -0.005785, -0.843297, 0.537417, -0.0, 0.0, 0.0, 0.0, 1.0],
                [0.998294, -0.036093, -0.045889, 0.0, 0.058095, 0.536235, 0.842066, 0.37472, -0.005785, -0.843297, 0.537417, 0.0, 0.0, 0.0, 0.0, 1.0],
                [0.998294, -0.051464, -0.027566, -0.0, 0.058095, 0.828887, 0.556391, 0.37472, -0.005785, -0.557044, 0.830462, 0.0, 0.0, 0.0, 0.0, 1.0],
                [0.998294, -0.058059, -0.006132, -0.0, 0.058094, 0.97748, 0.202875, 0.37472, -0.005785, -0.202886, 0.979185, 0.0, 0.0, 0.0, 0.0, 1.0]
            ]
        },
        {
            "name": "Knee_R",
            "time": [0.0, 0.2667, 0.4667, 0.9],
            "transform": [
                [1.0, 0.0, -0.0, 0.0, -0.0, 1e-06, -1.0, 0.37472, -0.0, 1.0, 1e-06, -0.0, 0.0, 0.0, 0.0, 1.0],
                [1.0, 0.0, -0.0, 0.0, -0.0, 1e-06, -1.0, 0.37472, -0.0, 1.0, 1e-06, 0.0, 0.0, 0.0, 0.0, 1.0],
                [1.0, 0.0, -0.0, -0.0, -0.0, 1e-06, -1.0, 0.37472, -0.0, 1.0, 1e-06, 0.0, 0.0, 0.0, 0.0, 1.0],
                [1.0, 0.0, -0.0, -0.0, -0.0, 1e-06, -1.0, 0.37472, -0.0, 1.0, 1e-06, 0.0, 0.0, 0.0, 0.0, 1.0]
            ]
        },
        {
            "name": "Thigh_L",
            "time": [0.0, 0.1167, 0.2333, 0.2667, 0.4667, 0.9],
            "transform": [
                [0.862919, -0.126282, -0.489308, -0.109662, -0.086164, -0.990862, 0.103769, -0.002831, -0.497941, -0.047383, -0.865915, 0.02525, 0.0, 0.0, 0.0, 1.0],
                [0.522548, -0.790375, -0.319766, -0.109662, -0.463275, -0.578057, 0.671733, -0.002831, -0.715764, -0.202873, -0.668225, 0.02525, 0.0, 0.0, 0.0, 1.0],
                [0.5846, -0.604794, -0.540802, -0.109662, -0.375966, -0.792623, 0.479998, -0.002831, -0.718952, -0.077284, -0.69075, 0.02525, 0.0, 0.0, 0.0, 1.0],
                [0.5846, -0.604794, -0.540802, -0.109662, -0.375966, -0.792623, 0.479998, -0.002831, -0.718952, -0.077284, -0.69075, 0.02525, 0.0, 0.0, 0.0, 1.0],
                [0.931674, 0.086312, -0.352891, -0.109662, 0.344121, -0.521051, 0.78108, -0.002831, -0.116458, -0.84915, -0.515152, 0.02525, 0.0, 0.0, 0.0, 1.0],
                [0.862919, -0.126282, -0.489308, -0.109662, -0.086164, -0.990862, 0.103769, -0.002831, -0.497941, -0.047383, -0.865915, 0.02525, 0.0, 0.0, 0.0, 1.0]
            ]
        },
        {
            "name": "Leg_L",
            "time": [0.0, 0.2333, 0.2667, 0.4667, 0.9],
            "transform": [
                [0.997933, 0.063289, 0.011181, 0.0, -0.064028, 0.994089, 0.087675, 0.37472, -0.005566, -0.088209, 0.996087, -0.0, 0.0, 0.0, 0.0, 1.0],
                [0.997933, 0.041872, 0.048757, 0.0, -0.064028, 0.713433, 0.697792, 0.37472, -0.005567, -0.699471, 0.714639, -0.0, 0.0, 0.0, 0.0, 1.0],
                [0.997933, 0.041872, 0.048757, 0.0, -0.064028, 0.713433, 0.697792, 0.37472, -0.005567, -0.699471, 0.714639, -0.0, 0.0, 0.0, 0.0, 1.0],
                [0.997933, 0.05873, 0.026102, -0.0, -0.064028, 0.943674, 0.324621, 0.37472, -0.005567, -0.325621, 0.945484, 0.0, 0.0, 0.0, 0.0, 1.0],
                [0.997933, 0.063289, 0.011181, -0.0, -0.064028, 0.994089, 0.087675, 0.37472, -0.005566, -0.088209, 0.996087, 0.0, 0.0, 0.0, 0.0, 1.0]
            ]
        },
        {
            "name": "Knee_L",
            "time": [0.0, 0.2667, 0.4667, 0.9],
            "transform": [
                [1.0, 0.0, -0.0, 0.0, -0.0, 1e-06, -1.0, 0.37472, -0.0, 1.0, 1e-06, -0.0, 0.0, 0.0, 0.0, 1.0],
                [1.0, 0.0, -0.0, 0.0, -0.0, 1e-06, -1.0, 0.37472, -0.0, 1.0, 1e-06, -0.0, 0.0, 0.0, 0.0, 1.0],
                [1.0, 0.0, -0.0, -0.0, -0.0, 1e-06, -1.0, 0.37472, -0.0, 1.0, 1e-06, 0.0, 0.0, 0.0, 0.0, 1.0],
                [1.0, 0.0, -0.0, -0.0, -0.0, 1e-06, -1.0, 0.37472, -0.0, 1.0, 1e-06, 0.0, 0.0, 0.0, 0.0, 1.0]
            ]
        },
        {
            "name": "Torso",
            "time": [0.0, 0.2333, 0.2667, 0.4667, 0.9],
            "transform": [
                [0.965662, -0.025127, 0.258583, -0.0, 0.020968, 0.999603, 0.018828, 0.05, -0.258953, -0.012759, 0.965806, 0.0, 0.0, 0.0, 0.0, 1.0],
                [0.931854, -0.244163, 0.268389, 0.0, 0.222207, 0.968793, 0.109834, 0.05, -0.286831, -0.042711, 0.957029, -0.0, 0.0, 0.0, 0.0, 1.0],
                [0.931854, -0.244163, 0.268389, 0.0, 0.222207, 0.968793, 0.109834, 0.05, -0.286831, -0.042711, 0.957029, 0.0, 0.0, 0.0, 0.0, 1.0],
                [0.931854, -0.244163, 0.268389, 0.0, 0.222207, 0.968793, 0.109834, 0.05, -0.286831, -0.042711, 0.957029, 0.0, 0.0, 0.0, 0.0, 1.0],
                [0.965662, -0.025127, 0.258583, -0.0, 0.020968, 0.999603, 0.018828, 0.05, -0.258953, -0.012759, 0.965806, -0.0, 0.0, 0.0, 0.0, 1.0]
            ]
        },
        {
            "name": "Chest",
            "time": [0.0, 0.1167, 0.2333, 0.2667, 0.3833, 0.4667, 0.9],