{
    "animation": [
        {
            "name": "Root",
            "time": [0.0, 0.2667, 0.3, 0.3667, 0.4667, 0.9],
            "transform": [
                [0.854689, 0.010023, -0.519043, -5e-06, -0.51914, 0.016502, -0.85453, 0.030328, -0.0, 0.999814, 0.019308, 0.771957, 0.0, 0.0, 0.0, 1.0],
                [0.997703, 0.032031, 0.059688, -0.033655, 0.056837, 0.083544, -0.994882, -0.033682, -0.036854, 0.995989, 0.081532, 1.053228, 0.0, 0.0, 0.0, 1.0],
                [0.997703, 0.032031, 0.059688, -0.033655, 0.056837, 0.083544, -0.994882, -0.033682, -0.036854, 0.995989, 0.081532, 1.053228, 0.0, 0.0, 0.0, 1.0],
                [0.859569, -0.104938, -0.500129, -0.033655, -0.510999, -0.185127, -0.839409, -0.723137, -0.004502, 0.977096, -0.212752, 1.161181, 0.0, 0.0, 0.0, 1.0],
                [0.808129, -0.139602, -0.572222, -0.033655, -0.588799, -0.217198, -0.778551, -0.952849, -0.015598, 0.966093, -0.257722, 1.169208, 0.0, 0.0, 0.0, 1.0],
                [0.874539, -0.031891, -0.483905, -0.033655, -0.484954, -0.055706, -0.872764, -1.890203, 0.000877, 0.997938, -0.064183, 1.053228, 0.0, 0.0, 0.0, 1.0]
            ]
        },
        {
            "name": "Thigh_R",
            "time": [0.0, 0.2667, 0.3, 0.4667, 0.9],
            "transform": [
                [0.996122, 0.056223, -0.067664, 0.124994, 0.068868, -0.976941, 0.202086, -0.002831, -0.054742, -0.205961, -0.977028, -1.2e-05, 0.0, 0.0, 0.0, 1.0],
                [0.958532, -0.145369, -0.24512, 0.124994, 0.111464, -0.60036, 0.791923, -0.002831, -0.262281, -0.786404, -0.559263, -1.2e-05, 0.0, 0.0, 0.0, 1.0],
                [0.958532, -0.145369, -0.24512, 0.124994, 0.111464, -0.60036, 0.791923, -0.002831, -0.262281, -0.786404, -0.559263, -1.2e-05, 0.0, 0.0, 0.0, 1.0],
                [0.958532, -0.145369, -0.24512, 0.124994, 0.111464, -0.60036, 0.791923, -0.002831, -0.262281, -0.786404, -0.559263, -1.2e-05, 0.0, 0.0, 0.0, 1.0],
                [0.996122, 0.056223, -0.067664, 0.124994, 0.068868, -0.976941, 0.202086, -0.002831, -0.054742, -0.205961, -0.977028, -1.2e-05, 0.0, 0.0, 0.0, 1.0]
            ]
        },
        {
            "name": "Leg_R",
            "time": [0.0, 0.2667, 0.3, 0.4667, 0.9],
            "transform": [
                [0.998294, -0.058059, -0.006132, 0.0, 0.058094, 0.97748, 0.202875, 0.37472, -0.005785, -0.202886, 0.979185, -0.0, 0.0, 0.0, 0.0, 1.0],
                [0.998294, -0.052906, -0.024685, 0.0, 0.058095, 0.858316, 0.509823, 0.37472, -0.005785, -0.510388, 0.859924, 0.0, 0.0, 0.0, 0.0, 1.0],
                [0.998294, -0.052906, -0.024685, 0.0, 0.058095, 0.858316, 0.509823, 0.37472, -0.005785, -0.510388, 0.859924, 0.0, 0.0, 0.0, 0.0, 1.0],
                [0.998294, -0.052906, -0.024685, -0.0, 0.058095, 0.858316, 0.509823, 0.37472, -0.005785, -0.510388, 0.859924, 0.0, 0.0, 0.0, 0.0, 1.0],
                [0.998294, -0.058059, -0.006132, -0.0, 0.058094, 0.97748, 0.202875, 0.37472, -0.005785, -0.202886, 0.979185, 0.0, 0.0, 0.0, 0.0, 1.0]
            ]
        },
        {
            "name": "Knee_R",
            "time": [0.0, 0.2667, 0.3, 0.4667, 0.9],
            "transform": [
                [1.0, 0.0, -0.0, 0.0, -0.0, 1e-06, -1.0, 0.37472, -0.0, 1.0, 1e-06, -0.0, 0.0, 0.0, 0.0, 1.0],
                [1.0, 0.0, -0.0, 0.0, -0.0, 1e-06, -1.0, 0.37472, -0.0, 1.0, 1e-06, 0.0, 0.0, 0.0, 0.0, 1.0],
                [1.0, 0.0, -0.0, 0.0, -0.0, 1e-06, -1.0, 0.37472, -0.0, 1.0, 1e-06, 0.0, 0.0, 0.0, 0.0, 1.0],
                [1.0, 0.0, -0.0, -0.0, -0.0, 1e-06, -1.0, 0.37472, -0.0, 1.0, 1e-06, 0.0, 0.0, 0.0, 0.0, 1.0],
                [1.0, 0.0, -0.0, -0.0, -0.0, 1e-06, -1.0, 0.37472, -0.0, 1.0, 1e-06, 0.0, 0.0, 0.0, 0.0, 1.0]
            ]
        },
        {
            "name": "Thigh_L",
            "time": [0.0, 0.2667, 0.3, 0.4, 0.4667, 0.9],
            "transform": [
                [0.862919, -0.126282, -0.489308, -0.109662, -0.086164, -0.990862, 0.103769, -0.002831, -0.497941, -0.047383, -0.865915, 0.02525, 0.0, 0.0, 0.0, 1.0],
                [0.819191, 0.087429, -0.566817, -0.109662, -0.233554, -0.851796, -0.46893, -0.002831, -0.52381, 0.516526, -0.677365, 0.02525, 0.0, 0.0, 0.0, 1.0],
                [0.819191, 0.087429, -0.566817, -0.109662, -0.233554, -0.851796, -0.46893, -0.002831, -0.52381, 0.516526, -0.677365, 0.02525, 0.0, 0.0, 0.0, 1.0],
                [0.682152, -0.702273, -0.20367, -0.109662, -0.367, -0.569741, 0.735327, -0.002831, -0.632439, -0.426858, -0.646384, 0.02525, 0.0, 0.0, 0.0, 1.0],
                [0.819191, -0.499003, -0.282704, -0.109662, -0.233554, -0.740458, 0.630217, -0.002831, -0.523811, -0.450241, -0.723121, 0.02525, 0.0, 0.0, 0.0, 1.0],
                [0.862919, -0.126282, -0.489308, -0.109662, -0.086164, -0.990862, 0.103769, -0.002831, -0.497941, -0.047383, -0.865915, 0.02525, 0.0, 0.0, 0.0, 1.0]
            ]
        },
        {
            "name": "Leg_L",
            "time": [0.0, 0.2667, 0.3, 0.4667, 0.9],
            "transform": [
                [0.997933, 0.063289, 0.011181, 0.0, -0.064028, 0.994089, 0.087675, 0.37472, -0.005566, -0.088209, 0.996087, -0.0, 0.0, 0.0, 0.0, 1.0],
                [0.998872, 0.040201, 0.025276, 0.0, -0.046968, 0.914875, 0.400995, 0.37472, -0.007004, -0.40173, 0.915732, 0.0, 0.0, 0.0, 0.0, 1.0],
                [0.998872, 0.040201, 0.025276, 0.0, -0.046968, 0.914875, 0.400995, 0.37472, -0.007004, -0.40173, 0.915732, 0.0, 0.0, 0.0, 0.0, 1.0],
                [0.998872, 0.022983, 0.041555, -0.0, -0.046968, 0.607216, 0.793148, 0.37472, -0.007004, -0.794204, 0.607611, 0.0, 0.0, 0.0, 0.0, 1.0],
                [0.997933, 0.063289, 0.011181, -0.0, -0.064028, 0.994089, 0.087675, 0.37472, -0.005566, -0.088209, 0.996087, 0.0, 0.0, 0.0, 0.0, 1.0]
            ]
        },
        {
            "name": "Knee_L",
            "time": [0.0, 0.2667, 0.3, 0.4667, 0.9],
            "transform": [
                [1.0, 0.0, -0.0, 0.0, -0.0, 1e-06, -1.0, 0.37472, -0.0, 1.0, 1e-06, -0.0, 0.0, 0.0, 0.0, 1.0],
                [1.0, 0.0, -0.0, 0.0, -0.0, 1e-06, -1.0, 0.37472, -0.0, 1.0, 1e-06, 0.0, 0.0, 0.0, 0.0, 1.0],
                [1.0, 0.0, -0.0, 0.0, -0.0, 1e-06, -1.0, 0.37472, -0.0, 1.0, 1e-06, 0.0, 0.0, 0.0, 0.0, 1.0],
                [1.0, 0.0, -0.0, -0.0, -0.0, 1e-06, -1.0, 0.37472, -0.0, 1.0, 1e-06, 0.0, 0.0, 0.0, 0.0, 1.0],
                [1.0, 0.0, -0.0, -0.0, -0.0, 1e-06, -1.0, 0.37472, -0.0, 1.0, 1e-06, 0.0, 0.0, 0.0, 0.0, 1.0]
            ]
        },
        {
            "name": "Torso",
            "time": [0.0, 0.2667, 0.3, 0.4667, 0.9],
            "transform": [
                [0.965662, -0.025127, 0.258583, -0.0, 0.020968, 0.999603, 0.018828, 0.05, -0.258953, -0.012759, 0.965806, 0.0, 0.0, 0.0, 0.0, 1.0],
                [0.591383, -0.002379, 0.806387, -0.0, -0.176442, 0.975383, 0.132276, 0.05, -0.786851, -0.220507, 0.576405, 0.0, 0.0, 0.0, 0.0, 1.0],
                [0.591383, -0.002379, 0.806387, -0.0, -0.176442, 0.975383, 0.132276, 0.05, -0.786851, -0.220507, 0.576405, 0.0, 0.0, 0.0, 0.0, 1.0],
                [0.591383, -0.002379, 0.806388, 0.0, -0.176442, 0.975383, 0.132276, 0.05, -0.786851, -0.220507, 0.576405, -0.0, 0.0, 0.0, 0.0, 1.0],
                [0.965662, -0.025127, 0.258583, -0.0, 0.020968, 0.999603, 0.018828, 0.05, -0.258953, -0.012759, 0.965806, -0.0, 0.0, 0.0, 0.0, 1.0]
            ]
        },
        {
            "name": "Chest",
            "time": [0.0, 0.1167, 0.2667, 0.3, 0.4667, 0.9],