{
    "animation": [
        {
            "name": "Root",
            "time": [0.0, 0.15, 0.2667, 0.4167, 0.5333],
            "transform": [
                [0.999993, 0.0, 0.00369, -5e-06, 0.003615, 0.200435, -0.9797, 0.051056, -0.00074, 0.979707, 0.200434, 0.777146, 0.0, 0.0, 0.0, 1.0],
                [0.995477, -0.015162, 0.093788, -5e-06, 0.095003, 0.165226, -0.981669, 0.042329, -0.000612, 0.986139, 0.165919, 0.612818, 0.0, 0.0, 0.0, 1.0],
                [0.999993, 0.0, 0.00369, -5e-06, 0.003668, 0.11067, -0.99385, 0.028481, -0.000408, 0.993857, 0.110669, 0.785788, 0.0, 0.0, 0.0, 1.0],
                [0.994426, 0.017088, -0.104046, -5e-06, -0.105438, 0.155748, -0.982153, 0.008241, -0.000578, 0.987649, 0.156681, 0.637068, 0.0, 0.0, 0.0, 1.0],
                [0.999993, 0.0, 0.00369, -5e-06, 0.003615, 0.200435, -0.9797, 0.051056, -0.00074, 0.979707, 0.200434, 0.777146, 0.0, 0.0, 0.0, 1.0]
            ]
        },
        {
            "name": "Thigh_R",
            "time": [0.0, 0.15, 0.2667, 0.4167, 0.5333],
            "transform": [
                [0.998775, 0.047939, 0.01225, 0.124994, 0.031117, -0.801048, 0.597788, -0.002831, 0.03847, -0.596673, -0.801561, -1.2e-05, 0.0, 0.0, 0.0, 1.0],
                [0.997943, 0.046618, -0.044007, 0.124994, 0.059822, -0.43035, 0.900677, -0.002831, 0.023049, -0.901455, -0.432255, -1.2e-05, 0.0, 0.0, 0.0, 1.0],
                [0.999819, -0.002717, -0.018807, 0.124994, -0.006181, -0.982397, -0.186693, -0.002831, -0.017969, 0.186776, -0.982238, -1.2e-05, 0.0, 0.0, 0.0, 1.0],
                [0.995395, 0.075369, -0.059219, 0.124994, 0.012827, -0.717009, -0.696945, -0.002831, -0.094988, 0.692975, -0.714676, -1.2e-05, 0.0, 0.0, 0.0, 1.0],
                [0.998775, 0.047939, 0.01225, 0.124994, 0.031117, -0.801048, 0.597788, -0.002831, 0.03847, -0.596673, -0.801561, -1.2e-05, 0.0, 0.0, 0.0, 1.0]
            ]
        },
        {
            "name": "Leg_R",
            "time": [0.0, 0.15, 0.2667, 0.4167, 0.5333],
            "transform": [
                [1.0, -1e-06, 2e-06, 0.0, -2e-06, 0.034215, 0.999414, 0.37472, -1e-06, -0.999415, 0.034215, -0.0, 0.0, 0.0, 0.0, 1.0],
                [1.0, -0.0, 1e-06, 0.0, -0.0, 0.916049, 0.401067, 0.37472, -1e-06, -0.401068, 0.916048, -0.0, 0.0, 0.0, 0.0, 1.0],
                [1.0, -0.0, 2e-06, 0.0, 0.0, 0.999953, 0.009717, 0.37472, -2e-06, -0.009717, 0.999952, 0.0, 0.0, 0.0, 0.0, 1.0],
                [1.0, 0.0, 1e-06, 0.0, -0.0, 0.999949, 0.010125, 0.37472, -1e-06, -0.010125, 0.999948, -0.0, 0.0, 0.0, 0.0, 1.0],
                [1.0, -1e-06, 2e-06, 0.0, -2e-06, 0.034215, 0.999414, 0.37472, -1e-06, -0.999415, 0.034215, -0.0, 0.0, 0.0, 0.0, 1.0]
            ]
        },
        {
            "name": "Knee_R",
            "time": [0.0, 0.5333],
            "transform": [
                [1.0, 0.0, -0.0, 0.0, -0.0, 1e-06, -1.0, 0.37472, -0.0, 1.0, 1e-06, -0.0, 0.0, 0.0, 0.0, 1.0],
                [1.0, 0.0, -0.0, 0.0, -0.0, 1e-06, -1.0, 0.37472, -0.0, 1.0, 1e-06, -0.0, 0.0, 0.0, 0.0, 1.0]
            ]
        },
        {
            "name": "Thigh_L",
            "time": [0.0, 0.15, 0.2667, 0.4167, 0.5333],
            "transform": [
                [0.996627, -0.082057, 1.6e-05, -0.125006, -0.080565, -0.978556, -0.189574, -0.002831, 0.015571, 0.188934, -0.981866, -1.2e-05, 0.0, 0.0, 0.0, 1.0],
                [0.994167, -0.107775, -0.003976, -0.125006, -0.091088, -0.819356, -0.566003, -0.002831, 0.057744, 0.563064, -0.824393, -1.2e-05, 0.0, 0.0, 0.0, 1.0],
                [0.994561, -0.058491, 0.086176, -0.125006, -0.10408, -0.52768, 0.843043, -0.002831, -0.003837, -0.847427, -0.530898, -1.2e-05, 0.0, 0.0, 0.0, 1.0],
                [0.999723, -0.023445, 0.001926, -0.125006, -0.011716, -0.425278, 0.904986, -0.002831, -0.020398, -0.904759, -0.425435, -1.2e-05, 0.0, 0.0, 0.0, 1.0],
                [0.996627, -0.082057, 1.6e-05, -0.125006, -0.080565, -0.978556, -0.189574, -0.002831, 0.015571, 0.188934, -0.981866, -1.2e-05, 0.0, 0.0, 0.0, 1.0]
            ]
        },
        {
            "name": "Leg_L",
            "time": [0.0, 0.15, 0.2667, 0.4167, 0.5333],
            "transform": [
                [1.0, -0.0, 1e-06, -0.0, 0.0, 0.999948, 0.010137, 0.37472, -1e-06, -0.010137, 0.999949, -0.0, 0.0, 0.0, 0.0, 1.0],
                [1.0, -1e-06, 2e-06, 0.0, 0.0, 0.866113, 0.499847, 0.37472, -2e-06, -0.499847, 0.866114, -0.0, 0.0, 0.0, 0.0, 1.0],
                [1.0, -1e-06, 1e-06, 0.0, -1e-06, -0.003588, 0.999994, 0.37472, -1e-06, -0.999993, -0.003588, 0.0, 0.0, 0.0, 0.0, 1.0],
                [0.999982, -0.005936, 0.001341, 0.0, 0.004607, 0.882374, 0.470527, 0.37472, -0.003976, -0.470512, 0.882385, 0.0, 0.0, 0.0, 0.0, 1.0],
                [1.0, -0.0, 1e-06, -0.0, 0.0, 0.999948, 0.010137, 0.37472, -1e-06, -0.010137, 0.999949, -0.0, 0.0, 0.0, 0.0, 1.0]
            ]
        },
        {
            "name": "Knee_L",
            "time": [0.0, 0.5333],
            "transform": [
                [1.0, 0.0, -0.0, -0.0, -0.0, 1e-06, -1.0, 0.37472, -0.0, 1.0, 1e-06, -0.0, 0.0, 0.0, 0.0, 1.0],
                [1.0, 0.0, -0.0, -0.0, -0.0, 1e-06, -1.0, 0.37472, -0.0, 1.0, 1e-06, -0.0, 0.0, 0.0, 0.0, 1.0]
            ]
        },
        {
            "name": "Torso",
            "time": [0.0, 0.15, 0.2667, 0.4167, 0.5333],
            "transform": [
                [0.996095, -0.062087, 0.062765, 0.0, 0.023954, 0.874335, 0.484731, 0.05, -0.084973, -0.481335, 0.872408, -0.0, 0.0, 0.0, 0.0, 1.0],
                [0.996095, -0.062087, 0.062765, 0.0, 0.023954, 0.874335, 0.484731, 0.05, -0.084973, -0.481335, 0.872408, 0.0, 0.0, 0.0, 0.0, 1.0],
                [0.996095, -0.062087, 0.062765, 0.0, 0.023954, 0.874335, 0.484731, 0.05, -0.084973, -0.481335, 0.872409, -0.0, 0.0, 0.0, 0.0, 1.0],
                [0.996095, -0.062087, 0.062765, -0.0, 0.023954, 0.874335, 0.484731, 0.05, -0.084973, -0.481335, 0.872409, 0.0, 0.0, 0.0, 0.0, 1.0],
                [0.996095, -0.062087, 0.062765, 0.0, 0.023954, 0.874335, 0.484731, 0.05, -0.084973, -0.481335, 0.872408, -0.0, 0.0, 0.0, 0.0, 1.0]
            ]
        },
        {
            "name": "Chest",
            "time": [0.0, 0.15, 0.2667, 0.4167, 0.5333],
            "transform": [
                [0.997431, -0.024568, 0.067291, 0.0, 0.022738, 0.999354, 0.027825, 0.3, -0.067931, -0.026224, 0.997346, -0.0, 0.0, 0.0, 0.0, 1.0],
                [0.997431, -0.024568, 0.067291, 0.0, 0.022738, 0.999354, 0.027825, 0.3, -0.067931, -0.026224, 0.997346, 0.0, 0.0, 0.0, 0.0, 1.0],
                [0.997431, -0.033558, 0.063289, 0.0, 0.022738, 0.98611, 0.164528, 0.3, -0.067931, -0.162667, 0.98434, -0.0, 0.0, 0.0, 0.0, 1.0],
                [0.997431, -0.024568, 0.067291, 0.0, 0.022738, 0.999354, 0.027825, 0.3, -0.067931, -0.026224, 0.997346, -0.0, 0.0, 0.0, 0.0, 1.0],
                [0.997431, -0.024568, 0.067291, 0.0, 0.022738, 0.999354, 0.027825, 0.3, -0.067931, -0.026224, 0.997346, -0.0, 0.0, 0.0, 0.0, 1.0]
            ]
        },
        {
            "name": "Head",
            "time": [0.0, 0.5333],
            "transform": [
                [0.997046, 0.001291, -0.076793, -0.0, -0.036749, 0.885994, -0.462237, 0.4, 0.067442, 0.463694, 0.883425, 0.0, 0.0, 0.0, 0.0, 1.0],
                [0.997046, 0.001291, -0.076793, -0.0, -0.036749, 0.885994, -0.462237, 0.4, 0.067442, 0.463694, 0.883425, 0.0, 0.0, 0.0, 0.0, 1.0]
            ]
        },
        {
            "name": "Shoulder_R",
            "time": [0.0, 0.15, 0.5333],
            "transform": [
                [-0.059544, 0.923942, 0.37787, -0.0, -0.044266, -0.380613, 0.923674, 0.4, 0.997244, 0.038273, 0.063562, 0.0, 0.0, 0.0, 0.0, 1.0],
                [0.028348, 0.970169, 0.240765, 0.0, -0.19365, -0.230968, 0.953495, 0.4, 0.980661, -0.073654, 0.181326, -0.0, 0.0, 0.0, 0.0, 1.0],
                [-0.059544, 0.923942, 0.37787, -0.0, -0.044266, -0.380613, 0.923674, 0.4, 0.997244, 0.038273, 0.063562, 0.0, 0.0, 0.0, 0.0, 1.0]
            ]
        },
        {
            "name": "Arm_R",