{
    
    "animation": [
        {
            "name": "Root",
            "time": [0.0, 0.2667, 0.3333, 0.45, 0.6167, 1.0],
            "transform": [
                [0.854689, 0.0, -0.51914, -5e-06, -0.51914, 0.0, -0.854689, 0.000946, 0.0, 1.0, 0.0, 0.755725, 0.0, 0.0, 0.0, 1.0],
                [0.682907, 0.0, -0.730505, -5e-06, -0.730505, 0.0, -0.682907, 0.000946, 0.0, 1.0, 0.0, 0.71461, 0.0, 0.0, 0.0, 1.0],
                [0.682907, 0.0, -0.730505, -5e-06, -0.730505, 0.0, -0.682907, 0.000946, 0.0, 1.0, 0.0, 0.71461, 0.0, 0.0, 0.0, 1.0],
                [0.682907, 0.0, -0.730505, -5e-06, -0.730505, 0.0, -0.682907, 0.000946, 0.0, 1.0, 0.0, 0.71461, 0.0, 0.0, 0.0, 1.0],
                [0.682907, 0.0, -0.730505, 0.021411, -0.730505, 0.0, -0.682907, -0.355919, 0.0, 1.0, 0.0, 0.576404, 0.0, 0.0, 0.0, 1.0],
                [0.682907, 0.0, -0.730505, 0.021411, -0.730505, 0.0, -0.682907, -0.355919, 0.0, 1.0, 0.0, 0.618532, 0.0, 0.0, 0.0, 1.0]
            ]
        },
        {
            "name": "Thigh_R",
            "time": [0.0, 0.2667, 0.3333, 0.45, 0.6167, 1.0],
            "transform": [
                [0.996122, 0.056386, -0.067528, 0.124994, 0.068868, -0.977426, 0.199728, -0.002831, -0.054742, -0.203604, -0.977522, -1.2e-05, 0.0, 0.0, 0.0, 1.0],
                [0.789946, 0.343695, 0.507797, 0.124994, 0.354295, -0.931747, 0.07949, -0.002831, 0.50046, 0.117117, -0.857802, -1.2e-05, 0.0, 0.0, 0.0, 1.0],
                [0.789946, 0.343695, 0.507797, 0.124994, 0.354295, -0.931747, 0.07949, -0.002831, 0.50046, 0.117117, -0.857802, -1.2e-05, 0.0, 0.0, 0.0, 1.0],
                [0.789946, 0.343695, 0.507797, 0.124994, 0.354295, -0.931747, 0.07949, -0.002831, 0.50046, 0.117117, -0.857802, -1.2e-05, 0.0, 0.0, 0.0, 1.0],
                [0.634616, 0.582583, 0.507797, 0.124994, 0.638861, -0.765203, 0.07949, -0.002831, 0.434878, 0.273966, -0.857802, -1.2e-05, 0.0, 0.0, 0.0, 1.0],
                [0.712952, 0.440592, 0.545506, 0.124994, 0.443094, -0.886018, 0.136514, -0.002831, 0.543476, 0.144382, -0.826914, -1.2e-05, 0.0, 0.0, 0.0, 1.0]
            ]
        },
        {
            "name": "Leg_R",
            "time": [0.0, 0.1167, 0.2667, 0.3333, 0.45, 1.0],
            "transform": [
                [1.0, -0.0, 2e-06, -0.0, -0.0, 0.9661, 0.258173, 0.37472, -2e-06, -0.258173, 0.966098, -0.0, 0.0, 0.0, 0.0, 1.0],
                [1.0, -2e-06, 1e-06, 0.0, -0.0, 0.297781, 0.954634, 0.37472, -2e-06, -0.954635, 0.29778, -0.0, 0.0, 0.0, 0.0, 1.0],
                [1.0, -1e-06, 2e-06, -0.0, -0.0, 0.916428, 0.400201, 0.37472, -2e-06, -0.400202, 0.916427, 0.0, 0.0, 0.0, 0.0, 1.0],
                [0.995407, 0.095739, 2e-06, -0.0, -0.087739, 0.912218, 0.400201, 0.37472, 0.038313, -0.398363, 0.916427, 0.0, 0.0, 0.0, 0.0, 1.0],
                [0.995407, 0.095739, 2e-06, -0.0, -0.087739, 0.912218, 0.400201, 0.37472, 0.038313, -0.398363, 0.916427, 0.0, 0.0, 0.0, 0.0, 1.0],
                [0.995407, 0.094257, 0.016779, -0.0, -0.087739, 0.827969, 0.553868, 0.37472, 0.038313, -0.552796, 0.832435, 0.0, 0.0, 0.0, 0.0, 1.0]
            ]
        },
        {
            "name": "Knee_R",
            "time": [0.0, 1.0],
            "transform": [
                [1.0, 0.0, -0.0, -0.0, -0.0, 1e-06, -1.0, 0.37472, -0.0, 1.0, 1e-06, -0.0, 0.0, 0.0, 0.0, 1.0],
                [1.0, 0.0, -0.0, -0.0, -0.0, 1e-06, -1.0, 0.37472, -0.0, 1.0, 1e-06, 0.0, 0.0, 0.0, 0.0, 1.0]
            ]
        },
        {
            "name": "Thigh_L",
            "time": [0.0, 0.1833, 0.3333, 0.45, 0.6167, 1.0],
            "transform": [
                [0.866588, -0.133703, -0.480778, -0.125006, -0.027838, -0.974891, 0.220935, -0.002831, -0.498245, -0.178075, -0.848552, -1.2e-05, 0.0, 0.0, 0.0, 1.0],
                [0.683357, -0.490605, -0.540675, -0.125006, -0.066502, -0.779316, 0.623092, -0.002831, -0.727049, -0.389838, -0.565177, -1.2e-05, 0.0, 0.0, 0.0, 1.0],
                [0.683357, -0.490605, -0.540675, -0.125006, -0.066502, -0.779316, 0.623092, -0.002831, -0.727049, -0.389838, -0.565178, -1.2e-05, 0.0, 0.0, 0.0, 1.0],
                [0.683357, -0.490605, -0.540675, -0.125006, -0.066502, -0.779316, 0.623092, -0.002831, -0.727049, -0.389838, -0.565178, -1.2e-05, 0.0, 0.0, 0.0, 1.0],
                [0.683357, -0.595073, -0.422979, -0.125006, -0.066503, -0.627684, 0.775622, -0.002831, -0.727049, -0.501898, -0.468506, -1.2e-05, 0.0, 0.0, 0.0, 1.0],
                [0.683357, -0.595073, -0.422979, -0.125006, -0.066503, -0.627684, 0.775622, -0.002831, -0.727049, -0.501898, -0.468506, -1.2e-05, 0.0, 0.0, 0.0, 1.0]
            ]
        },
        {
            "name": "Leg_L",
            "time": [0.0, 0.1833, 0.3333, 0.45, 0.6167, 1.0],
            "transform": [
                [1.0, -0.0, 1e-06, 0.0, 0.0, 0.984973, 0.172708, 0.37472, -1e-06, -0.172708, 0.984973, 0.0, 0.0, 0.0, 0.0, 1.0],
                [1.0, -0.0, 1e-06, 0.0, 0.0, 0.98833, 0.152325, 0.37472, -1e-06, -0.152325, 0.988331, -0.0, 0.0, 0.0, 0.0, 1.0],
                [1.0, -1e-06, 0.0, 0.0, 0.0, 0.847801, 0.530314, 0.37472, -1e-06, -0.530313, 0.847802, 0.0, 0.0, 0.0, 0.0, 1.0],
                [1.0, -1e-06, 0.0, 0.0, 0.0, 0.847801, 0.530314, 0.37472, -1e-06, -0.530313, 0.847802, 0.0, 0.0, 0.0, 0.0, 1.0],
                [1.0, -0.0, 1e-06, 0.0, 0.0, 0.981498, 0.191471, 0.37472, -1e-06, -0.191471, 0.981498, 0.0, 0.0, 0.0, 0.0, 1.0],
                [1.0, -1e-06, 0.0, 0.0, 0.0, 0.758394, 0.651796, 0.37472, -1e-06, -0.651796, 0.758395, 0.0, 0.0, 0.0, 0.0, 1.0]
            ]
        },
        {
            "name": "Knee_L",
            "time": [0.0, 1.0],
            "transform": [
                [1.0, 0.0, -0.0, 0.0, -0.0, 1e-06, -1.0, 0.37472, -0.0, 1.0, 1e-06, 0.0, 0.0, 0.0, 0.0, 1.0],
                [1.0, 0.0, -0.0, 0.0, -0.0, 1e-06, -1.0, 0.37472, -0.0, 1.0, 1e-06, 0.0, 0.0, 0.0, 0.0, 1.0]
            ]
        },
        {
            "name": "Torso",
            "time": [0.0, 0.2667, 0.3333, 0.45, 1.0],
            "transform": [
                [0.99978, -0.020971, -0.000197, -0.0, 0.020971, 0.999603, 0.018833, 0.05, -0.000198, -0.018833, 0.999823, 0.0, 0.0, 0.0, 0.0, 1.0],
                [0.975194, -0.020971, 0.220354, 0.0, 0.0163, 0.999603, 0.022996, 0.05, -0.220749, -0.018833, 0.975149, -0.0, 0.0, 0.0, 0.0, 1.0],
                [0.975194, -0.020971, 0.220354, 0.0, 0.0163, 0.999603, 0.022996, 0.05, -0.220749, -0.018833, 0.975149, -0.0, 0.0, 0.0, 0.0, 1.0],
                [0.975194, -0.020971, 0.220354, 0.0, 0.0163, 0.999603, 0.022996, 0.05, -0.220749, -0.018833, 0.975149, -0.0, 0.0, 0.0, 0.0, 1.0],
                [0.975194, -0.020971, 0.220354, 0.0, 0.0163, 0.999603, 0.022996, 0.05, -0.220749, -0.018833, 0.975149, -0.0, 0.0, 0.0, 0.0, 1.0]
            ]
        },
        {
            "name": "Chest",
            "time": [0.0, 0.2667, 0.3333, 0.45, 0.6167, 1.0],
            "transform": [
                [0.999771, -0.021411, -0.000206, 0.0, 0.021411, 0.999586, 0.019228, 0.3, -0.000206, -0.019228, 0.999815, 0.0, 0.0, 0.0, 0.0, 1.0],
                [0.783206, -0.021411, -0.621394, -0.0, 0.028724, 0.999586, 0.001761, 0.3, 0.621099, -0.019228, 0.783496, -0.0, 0.0, 0.0, 0.0, 1.0],
                [0.70883, -0.021411, -0.705055, -0.0, 0.028741, 0.999586, -0.001461, 0.3, 0.704794, -0.019228, 0.709151, -0.0, 0.0, 0.0, 0.0, 1.0],
                [0.70883, -0.021411, -0.705055, -0.0, 0.028741, 0.999586, -0.001461, 0.3, 0.704794, -0.019228, 0.709151, -0.0, 0.0, 0.0, 0.0, 1.0],
                [0.689019, 0.167782, -0.705055, 0.0, -0.238006, 0.971263, -0.001461, 0.3, 0.684548, 0.168814, 0.709151, -0.0, 0.0, 0.0, 0.0, 1.0],
                [0.706981, -0.055465, -0.705055, 0.0, 0.076764, 0.997048, -0.001461, 0.3, 0.703055, -0.05309, 0.709152, -0.0, 0.0, 0.0, 0.0, 1.0]
            ]
        },
        {
            "name": "Head",
            "time": [0.0, 0.2667, 1.0],