{
    "animation": [
        {
            "name": "Root",
            "time": [0.0, 0.1167, 0.3667, 0.6, 0.7667],
            "transform": [
                [0.976247, -0.044948, 0.211945, -0.008526, 0.188365, -0.307259, -0.932797, -0.000867, 0.107049, 0.950564, -0.291494, 0.667791, 0.0, 0.0, 0.0, 1.0],
                [0.976247, -0.044948, 0.211945, -0.008526, 0.188365, -0.307259, -0.932797, -0.000867, 0.107049, 0.950564, -0.291494, 0.667791, 0.0, 0.0, 0.0, 1.0],
                [0.769392, -0.07355, 0.634529, -0.008526, 0.638153, 0.0446, -0.768616, 1.407113, 0.028231, 0.996294, 0.081251, 0.667791, 0.0, 0.0, 0.0, 1.0],
                [0.769392, -0.07355, 0.634529, -0.008526, 0.630441, -0.072529, -0.772842, 1.498705, 0.102864, 0.994651, -0.009435, 0.608821, 0.0, 0.0, 0.0, 1.0],
                [0.769392, -0.07355, 0.634529, -0.008526, 0.630441, -0.072529, -0.772842, 1.498705, 0.102864, 0.994651, -0.009435, 0.608821, 0.0, 0.0, 0.0, 1.0]
            ]
        },
        {
            "name": "Thigh_R",
            "time": [0.0, 0.15, 0.2333, 0.3667, 0.6, 0.7667],
            "transform": [
                [0.895366, -0.19989, 0.397948, 0.124994, 0.199856, -0.618198, -0.76019, -0.002831, 0.397965, 0.760179, -0.513565, -1.2e-05, 0.0, 0.0, 0.0, 1.0],
                [0.895366, -0.19989, 0.397948, 0.124994, 0.199856, -0.618198, -0.76019, -0.002831, 0.397965, 0.760179, -0.513565, -1.2e-05, 0.0, 0.0, 0.0, 1.0],
                [0.968579, 0.158284, 0.191835, 0.124994, 0.088836, -0.940632, 0.327591, -0.002831, 0.232299, -0.300255, -0.92514, -1.2e-05, 0.0, 0.0, 0.0, 1.0],
                [0.782021, 0.472439, 0.4065, 0.124994, 0.043458, -0.69197, 0.720616, -0.002831, 0.621734, -0.54587, -0.561668, -1.2e-05, 0.0, 0.0, 0.0, 1.0],
                [0.643541, 0.574077, 0.50625, 0.124994, 0.029793, -0.679693, 0.73289, -0.002831, 0.764831, -0.456561, -0.454516, -1.2e-05, 0.0, 0.0, 0.0, 1.0],
                [0.643541, 0.574077, 0.50625, 0.124994, 0.029793, -0.679693, 0.73289, -0.002831, 0.764831, -0.456561, -0.454516, -1.2e-05, 0.0, 0.0, 0.0, 1.0]
            ]
        },
        {
            "name": "Leg_R",
            "time": [0.0, 0.15, 0.2333, 0.3667, 0.6, 0.7667],
            "transform": [
                [0.996317, -0.071578, 0.047216, 0.0, 0.061413, 0.979929, 0.189656, 0.37472, -0.059844, -0.186058, 0.980714, 0.0, 0.0, 0.0, 0.0, 1.0],
                [0.996317, -0.071578, 0.047216, 0.0, 0.061413, 0.979929, 0.189656, 0.37472, -0.059844, -0.186058, 0.980714, -0.0, 0.0, 0.0, 0.0, 1.0],
                [0.996317, -0.073805, -0.043654, 0.0, 0.061413, 0.258869, 0.963957, 0.37472, -0.059844, -0.963089, 0.262448, 0.0, 0.0, 0.0, 0.0, 1.0],
                [0.996317, -0.083961, -0.017415, 0.0, 0.061413, 0.556947, 0.828274, 0.37472, -0.059844, -0.826294, 0.560051, -0.0, 0.0, 0.0, 0.0, 1.0],
                [0.996317, -0.083961, -0.017415, 0.0, 0.061413, 0.556947, 0.828274, 0.37472, -0.059844, -0.826294, 0.560051, -0.0, 0.0, 0.0, 0.0, 1.0],
                [0.996317, -0.083961, -0.017415, 0.0, 0.061413, 0.556947, 0.828274, 0.37472, -0.059844, -0.826294, 0.560051, -0.0, 0.0, 0.0, 0.0, 1.0]
            ]
        },
        {
            "name": "Knee_R",
            "time": [0.0, 0.15, 0.2333, 0.3667, 0.6, 0.7667],
            "transform": [
                [1.0, 0.0, -0.0, 0.0, -0.0, 1e-06, -1.0, 0.37472, -0.0, 1.0, 1e-06, 0.0, 0.0, 0.0, 0.0, 1.0],
                [1.0, 0.0, -0.0, 0.0, -0.0, 1e-06, -1.0, 0.37472, -0.0, 1.0, 1e-06, -0.0, 0.0, 0.0, 0.0, 1.0],
                [1.0, 0.0, -0.0, 0.0, -0.0, 0.291711, -0.956506, 0.37472, -0.0, 0.956506, 0.291711, 0.0, 0.0, 0.0, 0.0, 1.0],
                [1.0, 0.0, -0.0, 0.0, -0.0, 0.291711, -0.956507, 0.37472, -0.0, 0.956506, 0.291711, -0.0, 0.0, 0.0, 0.0, 1.0],
                [1.0, 0.0, -0.0, 0.0, -0.0, 0.291711, -0.956506, 0.37472, -0.0, 0.956506, 0.291711, -0.0, 0.0, 0.0, 0.0, 1.0],
                [1.0, 0.0, -0.0, 0.0, -0.0, 0.291711, -0.956506, 0.37472, -0.0, 0.956506, 0.291711, -0.0, 0.0, 0.0, 0.0, 1.0]
            ]
        },
        {
            "name": "Thigh_L",
            "time": [0.0, 0.15, 0.3667, 0.6, 0.7667],
            "transform": [
                [0.956251, 0.027629, 0.291239, -0.125006, -0.137321, -0.836645, 0.530252, -0.002831, 0.258314, -0.547047, -0.796249, -1.2e-05, 0.0, 0.0, 0.0, 1.0],
                [0.956251, -0.050195, 0.288208, -0.125006, -0.137321, -0.946907, 0.290707, -0.002831, 0.258314, -0.317566, -0.912373, -1.2e-05, 0.0, 0.0, 0.0, 1.0],
                [0.830088, -0.403847, 0.384526, -0.125006, -0.216365, -0.868804, -0.445382, -0.002831, 0.513944, 0.286509, -0.808562, -1.2e-05, 0.0, 0.0, 0.0, 1.0],
                [0.777641, -0.576512, 0.250814, -0.125006, -0.450267, -0.789118, -0.417794, -0.002831, 0.438785, 0.211961, -0.873235, -1.2e-05, 0.0, 0.0, 0.0, 1.0],
                [0.777641, -0.576512, 0.250814, -0.125006, -0.450267, -0.789118, -0.417794, -0.002831, 0.438785, 0.211961, -0.873235, -1.2e-05, 0.0, 0.0, 0.0, 1.0]
            ]
        },
        {
            "name": "Leg_L",
            "time": [0.0, 0.15, 0.3667, 0.6, 0.7667],
            "transform": [
                [0.999625, 0.023845, 0.013445, -0.0, -0.027322, 0.899396, 0.436281, 0.37472, -0.001689, -0.436484, 0.899711, 0.0, 0.0, 0.0, 0.0, 1.0],
                [0.999625, 0.023845, 0.013445, 0.0, -0.027322, 0.899396, 0.436281, 0.37472, -0.001689, -0.436484, 0.899711, 0.0, 0.0, 0.0, 0.0, 1.0],
                [0.999625, 0.025104, 0.010915, 0.0, -0.027322, 0.939579, 0.341239, 0.37472, -0.001689, -0.341409, 0.939914, -0.0, 0.0, 0.0, 0.0, 1.0],
                [0.999625, 0.025104, 0.010915, -0.0, -0.027322, 0.939579, 0.341239, 0.37472, -0.001689, -0.341409, 0.939914, 0.0, 0.0, 0.0, 0.0, 1.0],
                [0.999625, 0.025104, 0.010915, -0.0, -0.027322, 0.939579, 0.341239, 0.37472, -0.001689, -0.341409, 0.939914, 0.0, 0.0, 0.0, 0.0, 1.0]
            ]
        },
        {
            "name": "Knee_L",
            "time": [0.0, 0.15, 0.3667, 0.6, 0.7667],
            "transform": [
                [1.0, 0.0, -0.0, -0.0, -0.0, 1e-06, -1.0, 0.37472, -0.0, 1.0, 1e-06, 0.0, 0.0, 0.0, 0.0, 1.0],
                [1.0, 0.0, -0.0, 0.0, -0.0, 1e-06, -1.0, 0.37472, -0.0, 1.0, 1e-06, 0.0, 0.0, 0.0, 0.0, 1.0],
                [1.0, 0.0, -0.0, 0.0, -0.0, 1e-06, -1.0, 0.37472, -0.0, 1.0, 1e-06, -0.0, 0.0, 0.0, 0.0, 1.0],
                [1.0, 0.0, -0.0, -0.0, -0.0, 1e-06, -1.0, 0.37472, -0.0, 1.0, 1e-06, 0.0, 0.0, 0.0, 0.0, 1.0],
                [1.0, 0.0, -0.0, -0.0, -0.0, 1e-06, -1.0, 0.37472, -0.0, 1.0, 1e-06, 0.0, 0.0, 0.0, 0.0, 1.0]
            ]
        },
        {
            "name": "Torso",
            "time": [0.0, 0.15, 0.3667, 0.6, 0.7667],
            "transform": [
                [0.889297, -0.020934, -0.45685, 0.0, 0.05067, 0.997312, 0.052936, 0.05, 0.454514, -0.070225, 0.887967, -0.0, 0.0, 0.0, 0.0, 1.0],
                [0.889297, -0.020934, -0.45685, -0.0, 0.05067, 0.997312, 0.052936, 0.05, 0.454514, -0.070225, 0.887967, -0.0, 0.0, 0.0, 0.0, 1.0],
                [0.959956, 0.09834, 0.262322, 0.0, -0.169504, 0.949407, 0.264377, 0.05, -0.223051, -0.298255, 0.928058, -0.0, 0.0, 0.0, 0.0, 1.0],
                [0.959956, 0.098341, 0.262322, -0.0, -0.169504, 0.949407, 0.264377, 0.05, -0.223051, -0.298255, 0.928058, -0.0, 0.0, 0.0, 0.0, 1.0],
                [0.959956, 0.098341, 0.262322, -0.0, -0.169504, 0.949407, 0.264377, 0.05, -0.223051, -0.298255, 0.928058, -0.0, 0.0, 0.0, 0.0, 1.0]
            ]
        },
        {
            "name": "Chest",
            "time": [0.0, 0.15, 0.3667, 0.6, 0.7667],