{
    "animation": [
        {
            "name": "Root",
            "time": [0.0, 0.2333, 0.4667, 0.7, 0.9333],
            "transform": [
                [0.996276, 0.029404, -0.081058, -5e-06, -0.086227, 0.339743, -0.936557, 0.000946, -0.0, 0.940058, 0.341013, 0.743765, 0.0, 0.0, 0.0, 1.0],
                [0.996276, 0.029404, -0.081058, -5e-06, -0.086227, 0.339743, -0.936557, 0.000946, -0.0, 0.940058, 0.341013, 0.587449, 0.0, 0.0, 0.0, 1.0],
                [0.996276, 0.029404, -0.081058, -5e-06, -0.086227, 0.339743, -0.936557, 0.000946, -0.0, 0.940058, 0.341013, 0.791647, 0.0, 0.0, 0.0, 1.0],
                [0.996276, 0.029404, -0.081058, -5e-06, -0.086227, 0.339743, -0.936557, 0.000946, -0.0, 0.940058, 0.341013, 0.598826, 0.0, 0.0, 0.0, 1.0],
                [0.996276, 0.029404, -0.081058, -5e-06, -0.086227, 0.339743, -0.936557, 0.000946, -0.0, 0.940058, 0.341013, 0.743765, 0.0, 0.0, 0.0, 1.0]
            ]
        },
        {
            "name": "Thigh_R",
            "time": [0.0, 0.2333, 0.4667, 0.7, 0.9333],
            "transform": [
                [0.999125, 0.035212, -0.022566, 0.124994, 0.036959, -0.995918, 0.082324, -0.002831, -0.019575, -0.083085, -0.996351, -1.2e-05, 0.0, 0.0, 0.0, 1.0],
                [0.993473, 0.106204, -0.041611, 0.124994, 0.067375, -0.840737, -0.537232, -0.002831, -0.09204, 0.530921, -0.842408, -1.2e-05, 0.0, 0.0, 0.0, 1.0],
                [0.997278, -0.051434, -0.052826, 0.124994, 0.015785, -0.550935, 0.834398, -0.002831, -0.07202, -0.832959, -0.548626, -1.2e-05, 0.0, 0.0, 0.0, 1.0],
                [0.993473, -0.071774, -0.088653, 0.124994, 0.067375, -0.257904, 0.963818, -0.002831, -0.092041, -0.963499, -0.251386, -1.2e-05, 0.0, 0.0, 0.0, 1.0],
                [0.999125, 0.035212, -0.022566, 0.124994, 0.036959, -0.995918, 0.082324, -0.002831, -0.019575, -0.083085, -0.996351, -1.2e-05, 0.0, 0.0, 0.0, 1.0]
            ]
        },
        {
            "name": "Leg_R",
            "time": [0.0, 0.2333, 0.4667, 0.6167, 0.7, 0.9333],
            "transform": [
                [1.0, -0.0, 1e-06, -0.0, 0.0, 0.997612, 0.069073, 0.37472, -1e-06, -0.069073, 0.997611, 0.0, 0.0, 0.0, 0.0, 1.0],
                [1.0, -0.0, 1e-06, -0.0, 0.0, 0.997612, 0.069073, 0.37472, -1e-06, -0.069073, 0.997611, 0.0, 0.0, 0.0, 0.0, 1.0],
                [1.0, -1e-06, 0.0, -0.0, -0.0, -0.144033, 0.989572, 0.37472, -1e-06, -0.989574, -0.144033, 0.0, 0.0, 0.0, 0.0, 1.0],
                [1.0, -0.0, 1e-06, 0.0, 0.0, 0.948623, 0.31641, 0.37472, -1e-06, -0.316411, 0.948622, -0.0, 0.0, 0.0, 0.0, 1.0],
                [1.0, -0.0, 1e-06, -0.0, 0.0, 0.898424, 0.439131, 0.37472, -1e-06, -0.439132, 0.898422, 0.0, 0.0, 0.0, 0.0, 1.0],
                [1.0, -0.0, 1e-06, -0.0, 0.0, 0.997612, 0.069073, 0.37472, -1e-06, -0.069073, 0.997611, 0.0, 0.0, 0.0, 0.0, 1.0]
            ]
        },
        {
            "name": "Knee_R",
            "time": [0.0, 0.2333, 0.4667, 0.7, 0.9333],
            "transform": [
                [1.0, 0.0, -0.0, -0.0, -0.0, 1e-06, -1.0, 0.37472, -0.0, 1.0, 1e-06, 0.0, 0.0, 0.0, 0.0, 1.0],
                [1.0, 0.0, -0.0, -0.0, -0.0, 1e-06, -1.0, 0.37472, -0.0, 1.0, 1e-06, 0.0, 0.0, 0.0, 0.0, 1.0],
                [1.0, 0.0, -0.0, -0.0, -0.0, 0.629944, -0.776641, 0.37472, -0.0, 0.776641, 0.629944, 0.0, 0.0, 0.0, 0.0, 1.0],
                [1.0, 0.0, -0.0, -0.0, -0.0, 1e-06, -1.0, 0.37472, -0.0, 1.0, 1e-06, 0.0, 0.0, 0.0, 0.0, 1.0],
                [1.0, 0.0, -0.0, -0.0, -0.0, 1e-06, -1.0, 0.37472, -0.0, 1.0, 1e-06, 0.0, 0.0, 0.0, 0.0, 1.0]
            ]
        },
        {
            "name": "Thigh_L",
            "time": [0.0, 0.2333, 0.4667, 0.7, 0.9333],
            "transform": [
                [0.997238, -0.065025, 0.035863, -0.125006, -0.052324, -0.272621, 0.960697, -0.002831, -0.052692, -0.959922, -0.275271, -1.2e-05, 0.0, 0.0, 0.0, 1.0],
                [0.997238, -0.066838, 0.032358, -0.125006, -0.052324, -0.323267, 0.94486, -0.002831, -0.052692, -0.943944, -0.325872, -1.2e-05, 0.0, 0.0, 0.0, 1.0],
                [0.997238, -0.068368, -0.028987, -0.125006, -0.052324, -0.923918, 0.378995, -0.002831, -0.052692, -0.376431, -0.924945, -1.2e-05, 0.0, 0.0, 0.0, 1.0],
                [0.997238, -0.023492, -0.070445, -0.125006, -0.052324, -0.89543, -0.442117, -0.002831, -0.052692, 0.444583, -0.894186, -1.2e-05, 0.0, 0.0, 0.0, 1.0],
                [0.997238, -0.070021, 0.024727, -0.125006, -0.052324, -0.4263, 0.903067, -0.002831, -0.052692, -0.901868, -0.428787, -1.2e-05, 0.0, 0.0, 0.0, 1.0]
            ]
        },
        {
            "name": "Leg_L",
            "time": [0.0, 0.15, 0.2333, 0.4667, 0.7, 0.9333],
            "transform": [
                [0.999989, 0.003287, -0.003303, 0.0, 0.003782, -0.158539, 0.987346, 0.37472, 0.002722, -0.987347, -0.15855, -0.0, 0.0, 0.0, 0.0, 1.0],
                [0.999989, -0.001896, -0.004257, -0.0, 0.003782, 0.863871, 0.503698, 0.37472, 0.002722, -0.503708, 0.86387, -0.0, 0.0, 0.0, 0.0, 1.0],
                [0.999989, -0.002947, -0.00361, 0.0, 0.003782, 0.965758, 0.259415, 0.37472, 0.002722, -0.259425, 0.96576, -0.0, 0.0, 0.0, 0.0, 1.0],
                [0.999989, -0.002947, -0.00361, -0.0, 0.003782, 0.965758, 0.259415, 0.37472, 0.002722, -0.259425, 0.96576, -0.0, 0.0, 0.0, 0.0, 1.0],
                [0.999989, -0.002947, -0.00361, -0.0, 0.003782, 0.965758, 0.259415, 0.37472, 0.002722, -0.259425, 0.96576, -0.0, 0.0, 0.0, 0.0, 1.0],
                [0.999989, 0.003287, -0.003303, -0.0, 0.003782, -0.158539, 0.987346, 0.37472, 0.002722, -0.987347, -0.15855, -0.0, 0.0, 0.0, 0.0, 1.0]
            ]
        },
        {
            "name": "Knee_L",
            "time": [0.0, 0.2333, 0.4667, 0.7, 0.9333],
            "transform": [
                [1.0, 0.0, -0.0, 0.0, -0.0, 0.410561, -0.911833, 0.37472, -0.0, 0.911833, 0.410561, -0.0, 0.0, 0.0, 0.0, 1.0],
                [1.0, 0.0, -0.0, 0.0, -0.0, 0.410561, -0.911833, 0.37472, -0.0, 0.911833, 0.410561, -0.0, 0.0, 0.0, 0.0, 1.0],
                [1.0, 0.0, -0.0, -0.0, -0.0, 0.410561, -0.911833, 0.37472, -0.0, 0.911833, 0.410561, -0.0, 0.0, 0.0, 0.0, 1.0],
                [1.0, 0.0, -0.0, -0.0, -0.0, 0.410561, -0.911833, 0.37472, -0.0, 0.911833, 0.410561, -0.0, 0.0, 0.0, 0.0, 1.0],
                [1.0, 0.0, -0.0, -0.0, -0.0, 0.410561, -0.911833, 0.37472, -0.0, 0.911833, 0.410561, -0.0, 0.0, 0.0, 0.0, 1.0]
            ]
        },
        {
            "name": "Torso",
            "time": [0.0, 0.2333, 0.4667, 0.7, 0.9333],
            "transform": [
                [0.99978, -0.020814, -0.00257, 0.0, 0.020971, 0.991049, 0.13184, 0.05, -0.000198, -0.131865, 0.991268, -0.0, 0.0, 0.0, 0.0, 1.0],
                [0.940652, -0.020814, -0.338733, 0.0, 0.064099, 0.991049, 0.117102, 0.05, 0.333264, -0.131865, 0.933567, -0.0, 0.0, 0.0, 0.0, 1.0],
                [0.99978, -0.020814, -0.00257, 0.0, 0.020971, 0.991049, 0.13184, 0.05, -0.000198, -0.131865, 0.991268, 0.0, 0.0, 0.0, 0.0, 1.0],
                [0.929586, -0.020814, 0.368018, -0.0, -0.029366, 0.991049, 0.130228, 0.05, -0.367435, -0.131865, 0.920654, -0.0, 0.0, 0.0, 0.0, 1.0],
                [0.99978, -0.020814, -0.00257, 0.0, 0.020971, 0.991049, 0.13184, 0.05, -0.000198, -0.131865, 0.991268, -0.0, 0.0, 0.0, 0.0, 1.0]
            ]
        },
        {
            "name": "Chest",
            "time": [0.0, 0.2333, 0.4667, 0.7, 0.9333],