{
    "animation": [
        {
            "name": "Root",
            "time": [0.0, 0.3667, 0.5833, 0.8, 1.4333],
            "transform": [
                [0.854339, 0.028643, -0.518927, -5e-06, -0.51914, 0.0, -0.854689, 0.000946, -0.024481, 0.99959, 0.01487, 0.753683, 0.0, 0.0, 0.0, 1.0],
                [0.854339, 0.028643, -0.518927, -0.02911, -0.51914, 0.0, -0.854689, -0.124557, -0.024481, 0.99959, 0.01487, 0.706623, 0.0, 0.0, 0.0, 1.0],
                [0.854339, 0.028643, -0.518927, -0.02911, -0.51914, 0.0, -0.854689, -0.124557, -0.024481, 0.99959, 0.01487, 0.706623, 0.0, 0.0, 0.0, 1.0],
                [0.854339, 0.028643, -0.518927, -0.02911, -0.51914, 0.0, -0.854689, -0.124557, -0.024481, 0.99959, 0.01487, 0.706623, 0.0, 0.0, 0.0, 1.0],
                [0.854339, 0.028643, -0.518927, 0.001997, -0.51914, 0.0, -0.854689, -0.007876, -0.024481, 0.99959, 0.01487, 0.719525, 0.0, 0.0, 0.0, 1.0]
            ]
        },
        {
            "name": "Thigh_R",
            "time": [0.0, 0.1667, 0.3667, 0.5833, 0.8, 1.0667, 1.4333],
            "transform": [
                [0.960515, 0.273283, -0.052206, 0.124994, 0.274652, -0.961312, 0.020994, -0.002831, -0.044449, -0.034503, -0.998416, -1.2e-05, 0.0, 0.0, 0.0, 1.0],
                [0.933657, 0.351756, 0.067463, 0.124994, 0.340767, -0.930391, 0.135077, -0.002831, 0.110281, -0.103126, -0.988536, -1.2e-05, 0.0, 0.0, 0.0, 1.0],
                [0.850896, 0.412394, 0.325432, 0.124994, 0.426405, -0.90401, 0.03068, -0.002831, 0.306846, 0.112661, -0.945068, -1.2e-05, 0.0, 0.0, 0.0, 1.0],
                [0.850896, 0.412394, 0.325432, 0.124994, 0.426405, -0.90401, 0.03068, -0.002831, 0.306846, 0.112661, -0.945068, -1.2e-05, 0.0, 0.0, 0.0, 1.0],
                [0.850896, 0.412394, 0.325432, 0.124994, 0.426405, -0.90401, 0.03068, -0.002831, 0.306846, 0.112661, -0.945068, -1.2e-05, 0.0, 0.0, 0.0, 1.0],
                [0.93021, 0.366234, 0.024072, 0.124994, 0.341821, -0.888349, 0.30658, -0.002831, 0.133665, -0.276954, -0.951541, -1.2e-05, 0.0, 0.0, 0.0, 1.0],
                [0.960515, 0.260119, -0.098729, 0.124994, 0.274652, -0.943162, 0.187102, -0.002831, -0.044449, -0.206829, -0.977367, -1.2e-05, 0.0, 0.0, 0.0, 1.0]
            ]
        },
        {
            "name": "Leg_R",
            "time": [0.0, 0.1667, 0.3667, 0.5833, 0.8, 1.0667, 1.4333],
            "transform": [
                [1.0, -0.0, 1e-06, -0.0, 0.0, 0.977553, 0.210691, 0.37472, -1e-06, -0.210691, 0.977552, -0.0, 0.0, 0.0, 0.0, 1.0],
                [1.0, -1e-06, 1e-06, 0.0, 0.0, 0.770882, 0.636978, 0.37472, -1e-06, -0.636979, 0.770881, 0.0, 0.0, 0.0, 0.0, 1.0],
                [1.0, -0.0, 1e-06, 0.0, 0.0, 0.961087, 0.276247, 0.37472, -1e-06, -0.276247, 0.961086, -0.0, 0.0, 0.0, 0.0, 1.0],
                [1.0, -0.0, 1e-06, 0.0, 0.0, 0.961087, 0.276247, 0.37472, -1e-06, -0.276247, 0.961086, -0.0, 0.0, 0.0, 0.0, 1.0],
                [1.0, -0.0, 1e-06, 0.0, 0.0, 0.961087, 0.276247, 0.37472, -1e-06, -0.276247, 0.961086, -0.0, 0.0, 0.0, 0.0, 1.0],
                [1.0, -1e-06, 1e-06, 0.0, 0.0, 0.675725, 0.737154, 0.37472, -1e-06, -0.737155, 0.675724, 0.0, 0.0, 0.0, 0.0, 1.0],
                [1.0, -1e-06, 1e-06, 0.0, 0.0, 0.851802, 0.523865, 0.37472, -1e-06, -0.523866, 0.8518, 0.0, 0.0, 0.0, 0.0, 1.0]
            ]
        },
        {
            "name": "Knee_R",
            "time": [0.0, 0.3667, 0.5833, 0.8, 1.4333],
            "transform": [
                [1.0, 0.0, -0.0, -0.0, -0.0, 1e-06, -1.0, 0.37472, -0.0, 1.0, 1e-06, -0.0, 0.0, 0.0, 0.0, 1.0],
                [1.0, 0.0, -0.0, 0.0, -0.0, 1e-06, -1.0, 0.37472, -0.0, 1.0, 1e-06, -0.0, 0.0, 0.0, 0.0, 1.0],
                [1.0, 0.0, -0.0, 0.0, -0.0, 1e-06, -1.0, 0.37472, -0.0, 1.0, 1e-06, -0.0, 0.0, 0.0, 0.0, 1.0],
                [1.0, 0.0, -0.0, 0.0, -0.0, 1e-06, -1.0, 0.37472, -0.0, 1.0, 1e-06, -0.0, 0.0, 0.0, 0.0, 1.0],
                [1.0, 0.0, -0.0, 0.0, -0.0, 1e-06, -1.0, 0.37472, -0.0, 1.0, 1e-06, 0.0, 0.0, 0.0, 0.0, 1.0]
            ]
        },
        {
            "name": "Thigh_L",
            "time": [0.0, 0.3667, 0.5833, 0.8, 1.4333],
            "transform": [
                [0.74123, -0.283974, -0.608224, -0.125006, -0.051449, -0.927475, 0.370329, -0.002831, -0.669276, -0.243206, -0.702082, -1.2e-05, 0.0, 0.0, 0.0, 1.0],
                [0.74123, -0.395959, -0.542028, -0.125006, -0.051449, -0.838626, 0.542271, -0.002831, -0.669276, -0.374061, -0.641987, -1.2e-05, 0.0, 0.0, 0.0, 1.0],
                [0.74123, -0.39593, -0.542049, -0.125006, -0.051449, -0.838656, 0.542226, -0.002831, -0.669276, -0.374027, -0.642007, -1.2e-05, 0.0, 0.0, 0.0, 1.0],
                [0.74123, -0.394804, -0.54287, -0.125006, -0.051449, -0.83978, 0.540484, -0.002831, -0.669276, -0.372693, -0.642782, -1.2e-05, 0.0, 0.0, 0.0, 1.0],
                [0.74123, -0.361254, -0.56575, -0.125006, -0.051449, -0.870926, 0.488713, -0.002831, -0.669276, -0.333141, -0.664143, -1.2e-05, 0.0, 0.0, 0.0, 1.0]
            ]
        },
        {
            "name": "Leg_L",
            "time": [0.0, 0.3667, 0.5833, 0.8, 1.4333],
            "transform": [
                [0.998576, 0.053293, 0.002315, -0.0, -0.051599, 0.954021, 0.295265, 0.37472, 0.013527, -0.294964, 0.955413, -0.0, 0.0, 0.0, 0.0, 1.0],
                [0.998576, 0.053293, 0.002315, -0.0, -0.051599, 0.954021, 0.295265, 0.37472, 0.013527, -0.294964, 0.955413, -0.0, 0.0, 0.0, 0.0, 1.0],
                [0.998576, 0.053291, 0.002351, -0.0, -0.051599, 0.953822, 0.295906, 0.37472, 0.013527, -0.295606, 0.955215, 0.0, 0.0, 0.0, 0.0, 1.0],
                [0.998576, 0.053212, 0.003738, -0.0, -0.051599, 0.945787, 0.32066, 0.37472, 0.013527, -0.320396, 0.947187, 0.0, 0.0, 0.0, 0.0, 1.0],
                [0.998576, 0.049769, 0.019197, -0.0, -0.051599, 0.809961, 0.58421, 0.37472, 0.013527, -0.584368, 0.811376, -0.0, 0.0, 0.0, 0.0, 1.0]
            ]
        },
        {
            "name": "Knee_L",
            "time": [0.0, 0.3667, 0.5833, 0.8, 1.4333],
            "transform": [
                [1.0, 0.0, -0.0, -0.0, -0.0, 1e-06, -1.0, 0.37472, -0.0, 1.0, 1e-06, -0.0, 0.0, 0.0, 0.0, 1.0],
                [1.0, 0.0, -0.0, -0.0, -0.0, 1e-06, -1.0, 0.37472, -0.0, 1.0, 1e-06, -0.0, 0.0, 0.0, 0.0, 1.0],
                [1.0, 0.0, -0.0, -0.0, -0.0, 1e-06, -1.0, 0.37472, -0.0, 1.0, 1e-06, 0.0, 0.0, 0.0, 0.0, 1.0],
                [1.0, 0.0, -0.0, -0.0, -0.0, 1e-06, -1.0, 0.37472, -0.0, 1.0, 1e-06, 0.0, 0.0, 0.0, 0.0, 1.0],
                [1.0, 0.0, -0.0, -0.0, -0.0, 1e-06, -1.0, 0.37472, -0.0, 1.0, 1e-06, -0.0, 0.0, 0.0, 0.0, 1.0]
            ]
        },
        {
            "name": "Torso",
            "time": [0.0, 0.3667, 0.5833, 0.8, 1.4333],
            "transform": [
                [0.999042, -0.043673, -0.002705, 0.0, 0.04367, 0.999045, -0.001423, 0.05, 0.002765, 0.001304, 0.999995, -0.0, 0.0, 0.0, 0.0, 1.0],
                [0.999042, -0.043673, -0.002705, 0.0, 0.04367, 0.999045, -0.001423, 0.05, 0.002765, 0.001304, 0.999995, 0.0, 0.0, 0.0, 0.0, 1.0],
                [0.999042, -0.043673, -0.002705, 0.0, 0.04367, 0.999045, -0.001423, 0.05, 0.002765, 0.001304, 0.999995, 0.0, 0.0, 0.0, 0.0, 1.0],
                [0.999042, -0.043673, -0.002705, 0.0, 0.04367, 0.999045, -0.001423, 0.05, 0.002765, 0.001304, 0.999995, 0.0, 0.0, 0.0, 0.0, 1.0],
                [0.999042, -0.043673, -0.002705, 0.0, 0.04367, 0.999045, -0.001423, 0.05, 0.002765, 0.001304, 0.999995, 0.0, 0.0, 0.0, 0.0, 1.0]
            ]
        },
        {
            "name": "Chest",
            "time": [0.0, 0.3667, 0.5833, 0.8, 1.05, 1.1833, 1.4333],