{
    "animation": [
        {
            "name": "Root",
            "time": [0.0, 0.0667, 0.3, 0.5333],
            "transform": [
                [0.720335, 0.00764, -0.693584, -0.003101, -0.691297, 0.089784, -0.716971, -0.008805, 0.056795, 0.995932, 0.069955, 0.627408, 0.0, 0.0, 0.0, 1.0],
                [0.459395, 0.055676, -0.886485, -0.011603, -0.885092, 0.112543, -0.451605, -0.25494, 0.074624, 0.992086, 0.100981, 0.500755, 0.0, 0.0, 0.0, 1.0],
                [0.515127, 0.045752, -0.855892, -0.009939, -0.854221, 0.109373, -0.508275, -0.206763, 0.070357, 0.992947, 0.095423, 0.525545, 0.0, 0.0, 0.0, 1.0],
                [0.720335, 0.00764, -0.693584, -0.003101, -0.691297, 0.089784, -0.716971, -0.008805, 0.056795, 0.995932, 0.069955, 0.627408, 0.0, 0.0, 0.0, 1.0]
            ]
        },
        {
            "name": "Thigh_R",
            "time": [0.0, 0.0667, 0.3, 0.5333],
            "transform": [
                [0.907163, 0.396473, -0.140941, 0.124994, 0.401647, -0.915747, 0.009144, -0.002831, -0.125441, -0.064903, -0.989976, -1.2e-05, 0.0, 0.0, 0.0, 1.0],
                [0.902373, 0.427298, -0.056022, 0.124994, 0.40452, -0.795002, 0.452031, -0.002831, 0.148614, -0.430561, -0.890242, -1.2e-05, 0.0, 0.0, 0.0, 1.0],
                [0.905259, 0.418819, -0.071388, 0.124994, 0.413956, -0.831661, 0.370105, -0.002831, 0.095637, -0.364591, -0.926244, -1.2e-05, 0.0, 0.0, 0.0, 1.0],
                [0.907163, 0.396473, -0.140941, 0.124994, 0.401647, -0.915747, 0.009144, -0.002831, -0.125441, -0.064903, -0.989976, -1.2e-05, 0.0, 0.0, 0.0, 1.0]
            ]
        },
        {
            "name": "Leg_R",
            "time": [0.0, 0.0667, 0.3, 0.5333],
            "transform": [
                [1.0, -1e-06, 1e-06, 0.0, 0.0, 0.851828, 0.523823, 0.37472, -1e-06, -0.523824, 0.851826, -0.0, 0.0, 0.0, 0.0, 1.0],
                [1.0, -1e-06, 0.0, 0.0, -0.0, 0.248224, 0.968702, 0.37472, -1e-06, -0.968703, 0.248224, -0.0, 0.0, 0.0, 0.0, 1.0],
                [1.0, -1e-06, 0.0, 0.0, 0.0, 0.388927, 0.921268, 0.37472, -1e-06, -0.921269, 0.388927, 0.0, 0.0, 0.0, 0.0, 1.0],
                [1.0, -1e-06, 1e-06, 0.0, 0.0, 0.851828, 0.523823, 0.37472, -1e-06, -0.523824, 0.851826, -0.0, 0.0, 0.0, 0.0, 1.0]
            ]
        },
        {
            "name": "Knee_R",
            "time": [0.0, 0.0667, 0.3, 0.5333],
            "transform": [
                [1.0, 0.0, -0.0, 0.0, -0.0, 1e-06, -1.0, 0.37472, -0.0, 1.0, 1e-06, -0.0, 0.0, 0.0, 0.0, 1.0],
                [1.0, 0.0, -0.0, 0.0, -0.0, 1e-06, -1.0, 0.37472, -0.0, 1.0, 1e-06, -0.0, 0.0, 0.0, 0.0, 1.0],
                [1.0, 0.0, -0.0, 0.0, -0.0, 1e-06, -1.0, 0.37472, -0.0, 1.0, 1e-06, 0.0, 0.0, 0.0, 0.0, 1.0],
                [1.0, 0.0, -0.0, 0.0, -0.0, 1e-06, -1.0, 0.37472, -0.0, 1.0, 1e-06, -0.0, 0.0, 0.0, 0.0, 1.0]
            ]
        },
        {
            "name": "Thigh_L",
            "time": [0.0, 0.0667, 0.3, 0.5333],
            "transform": [
                [0.74123, -0.507175, -0.439717, -0.125006, -0.051449, -0.69607, 0.716128, -0.002831, -0.669276, -0.508192, -0.542042, -1.2e-05, 0.0, 0.0, 0.0, 1.0],
                [0.673656, -0.736682, -0.059041, -0.125006, -0.109367, -0.178381, 0.977864, -0.002831, -0.730907, -0.652288, -0.200736, -1.2e-05, 0.0, 0.0, 0.0, 1.0],
                [0.688867, -0.710762, -0.142405, -0.125006, -0.102527, -0.29001, 0.951515, -0.002831, -0.7176, -0.640868, -0.272651, -1.2e-05, 0.0, 0.0, 0.0, 1.0],
                [0.74123, -0.507175, -0.439717, -0.125006, -0.051449, -0.69607, 0.716128, -0.002831, -0.669276, -0.508192, -0.542042, -1.2e-05, 0.0, 0.0, 0.0, 1.0]
            ]
        },
        {
            "name": "Leg_L",
            "time": [0.0, 0.0667, 0.3, 0.5333],
            "transform": [
                [0.998576, 0.053001, -0.006029, -0.0, -0.051599, 0.988408, 0.142782, 0.37472, 0.013527, -0.142268, 0.989736, 0.0, 0.0, 0.0, 0.0, 1.0],
                [0.998576, 0.038326, 0.037103, -0.0, -0.051599, 0.517626, 0.85405, 0.37472, 0.013527, -0.854748, 0.518867, 0.0, 0.0, 0.0, 0.0, 1.0],
                [0.998576, 0.044049, 0.030085, 0.0, -0.051599, 0.654623, 0.754192, 0.37472, 0.013527, -0.75467, 0.655965, 0.0, 0.0, 0.0, 0.0, 1.0],
                [0.998576, 0.053001, -0.006029, -0.0, -0.051599, 0.988408, 0.142782, 0.37472, 0.013527, -0.142268, 0.989736, 0.0, 0.0, 0.0, 0.0, 1.0]
            ]
        },
        {
            "name": "Knee_L",
            "time": [0.0, 0.0667, 0.3, 0.5333],
            "transform": [
                [1.0, 0.0, -0.0, -0.0, -0.0, 1e-06, -1.0, 0.37472, -0.0, 1.0, 1e-06, 0.0, 0.0, 0.0, 0.0, 1.0],
                [1.0, 0.0, -0.0, -0.0, -0.0, 1e-06, -1.0, 0.37472, -0.0, 1.0, 1e-06, 0.0, 0.0, 0.0, 0.0, 1.0],
                [1.0, 0.0, -0.0, 0.0, -0.0, 1e-06, -1.0, 0.37472, -0.0, 1.0, 1e-06, 0.0, 0.0, 0.0, 0.0, 1.0],
                [1.0, 0.0, -0.0, -0.0, -0.0, 1e-06, -1.0, 0.37472, -0.0, 1.0, 1e-06, 0.0, 0.0, 0.0, 0.0, 1.0]
            ]
        },
        {
            "name": "Torso",
            "time": [0.0, 0.0667, 0.3, 0.5333],
            "transform": [
                [0.999042, -0.043673, -0.002706, 0.0, 0.04367, 0.999045, -0.001423, 0.05, 0.002765, 0.001304, 0.999995, 0.0, 0.0, 0.0, 0.0, 1.0],
                [0.999042, -0.043673, -0.002706, 0.0, 0.04367, 0.999045, -0.001423, 0.05, 0.002765, 0.001304, 0.999995, 0.0, 0.0, 0.0, 0.0, 1.0],
                [0.999042, -0.043673, -0.002706, -0.0, 0.04367, 0.999045, -0.001423, 0.05, 0.002765, 0.001304, 0.999995, -0.0, 0.0, 0.0, 0.0, 1.0],
                [0.999042, -0.043673, -0.002706, 0.0, 0.04367, 0.999045, -0.001423, 0.05, 0.002765, 0.001304, 0.999995, 0.0, 0.0, 0.0, 0.0, 1.0]
            ]
        },
        {
            "name": "Chest",
            "time": [0.0, 0.0667, 0.3, 0.5333],
            "transform": [
                [0.962136, -0.021171, 0.271748, -0.0, -0.023167, 0.987019, 0.158921, 0.3, -0.271585, -0.159199, 0.949156, -0.0, 0.0, 0.0, 0.0, 1.0],
                [0.969063, -0.186992, 0.161094, -0.0, 0.07484, 0.844586, 0.530163, 0.3, -0.235194, -0.501705, 0.832452, 0.0, 0.0, 0.0, 0.0, 1.0],
                [0.969362, -0.158331, 0.1878, -0.0, 0.054713, 0.884509, 0.463304, 0.3, -0.239466, -0.438834, 0.866072, 0.0, 0.0, 0.0, 0.0, 1.0],
                [0.962136, -0.021171, 0.271748, -0.0, -0.023167, 0.987019, 0.158921, 0.3, -0.271585, -0.159199, 0.949156, -0.0, 0.0, 0.0, 0.0, 1.0]
            ]
        },
        {
            "name": "Head",
            "time": [0.0, 0.0667, 0.3, 0.5333],
            "transform": [
                [0.856171, -0.003896, 0.516677, -0.0, 0.082121, 0.988287, -0.12863, 0.4, -0.510124, 0.152559, 0.846463, -0.0, 0.0, 0.0, 0.0, 1.0],
                [0.425963, -0.003896, 0.904732, 0.0, 0.139667, 0.988287, -0.061502, 0.4, -0.893895, 0.152559, 0.421518, 0.0, 0.0, 0.0, 0.0, 1.0],
                [0.526317, -0.003896, 0.85028, 0.0, 0.131746, 0.988287, -0.077022, 0.4, -0.84002, 0.152559, 0.520665, 0.0, 0.0, 0.0, 0.0, 1.0],
                [0.856171, -0.003896, 0.516677, -0.0, 0.082121, 0.988287, -0.12863, 0.4, -0.510124, 0.152559, 0.846463, -0.0, 0.0, 0.0, 0.0, 1.0]
            ]
        },
        {
            "name": "Shoulder_R",
            "time": [0.0, 0.0667, 0.3, 0.5333],
            "transform": [
                [0.110305, 0.959352, 0.259762, -0.0, 0.091141, -0.270019, 0.958532, 0.4, 0.98971, -0.082056, -0.11722, -0.0, 0.0, 0.0, 0.0, 1.0],
                [0.86121, 0.436854, 0.259762, 0.0, -0.175035, -0.224898, 0.958532, 0.4, 0.477158, -0.870964, -0.11722, 0.0, 0.0, 0.0, 0.0, 1.0],
                [0.763629, 0.591096, 0.259762, 0.0, -0.129592, -0.253816, 0.958532, 0.4, 0.632516, -0.765626, -0.11722, 0.0, 0.0, 0.0, 0.0, 1.0],
                [0.110305, 0.959352, 0.259762, -0.0, 0.091141, -0.270019, 0.958532, 0.4, 0.98971, -0.082056, -0.11722, -0.0, 0.0, 0.0, 0.0, 1.0]
            ]
        },
        {
            "name": "Arm_R",
            "time": [0.0, 0.0667, 0.3, 0.5333],