{
    "animation": [
        {
            "name": "Root",
            "time": [0.0, 0.1167, 0.2, 0.25, 0.3667, 0.4167, 0.4667],
            "transform": [
                [0.89632, 0.0, -0.443408, -5e-06, -0.432742, 0.218019, -0.874759, 0.152767, 0.096671, 0.975945, 0.195415, 0.709658, 0.0, 0.0, 0.0, 1.0],
                [0.991661, -0.006485, -0.12871, -5e-06, -0.126951, 0.122688, -0.984292, 0.0836, 0.022174, 0.992424, 0.120842, 0.501285, 0.0, 0.0, 0.0, 1.0],
                [0.936054, -0.003328, -0.351842, -5e-06, -0.347412, 0.149716, -0.925684, 0.133968, 0.055757, 0.988723, 0.138986, 0.736846, 0.0, 0.0, 0.0, 1.0],
                [0.89632, -0.0, -0.443408, -5e-06, -0.437627, 0.160952, -0.884634, 0.155693, 0.071367, 0.986962, 0.144264, 0.765508, 0.0, 0.0, 0.0, 1.0],
                [0.89632, 0.0, -0.443408, -5e-06, -0.441304, 0.097303, -0.892067, 0.060558, 0.043145, 0.995255, 0.087215, 0.569897, 0.0, 0.0, 0.0, 1.0],
                [0.89632, 0.0, -0.443408, -5e-06, -0.437841, 0.157956, -0.885068, 0.106662, 0.070039, 0.987446, 0.141579, 0.751221, 0.0, 0.0, 0.0, 1.0],
                [0.89632, 0.0, -0.443408, -5e-06, -0.432742, 0.218019, -0.874759, 0.152767, 0.096671, 0.975945, 0.195415, 0.709658, 0.0, 0.0, 0.0, 1.0]
            ]
        },
        {
            "name": "Thigh_R",
            "time": [0.0, 0.0667, 0.1167, 0.2, 0.25, 0.3667, 0.4667],
            "transform": [
                [0.918972, -0.225248, -0.323654, 0.124994, 0.110295, -0.641194, 0.75941, -0.002831, -0.378582, -0.733572, -0.564398, -1.2e-05, 0.0, 0.0, 0.0, 1.0],
                [0.951843, -0.274836, -0.135865, 0.124994, 0.078603, -0.209578, 0.974628, -0.002831, -0.296337, -0.93837, -0.177883, -1.2e-05, 0.0, 0.0, 0.0, 1.0],
                [0.984045, -0.17225, -0.04454, 0.124994, 0.0, -0.250342, 0.968157, -0.002831, -0.177915, -0.952709, -0.246349, -1.2e-05, 0.0, 0.0, 0.0, 1.0],
                [0.940107, -0.144853, -0.308571, 0.124994, 0.038721, -0.853982, 0.518857, -0.002831, -0.338673, -0.499728, -0.797228, -1.2e-05, 0.0, 0.0, 0.0, 1.0],
                [0.893621, 0.080884, -0.441473, 0.124994, 0.086795, -0.996201, -0.006829, -0.002831, -0.440348, -0.032215, -0.897249, -1.2e-05, 0.0, 0.0, 0.0, 1.0],
                [0.892818, 0.265224, -0.364049, 0.124994, 0.001463, -0.80995, -0.586495, -0.002831, -0.450414, 0.5231, -0.723528, -1.2e-05, 0.0, 0.0, 0.0, 1.0],
                [0.918972, -0.225248, -0.323654, 0.124994, 0.110295, -0.641194, 0.75941, -0.002831, -0.378582, -0.733572, -0.564398, -1.2e-05, 0.0, 0.0, 0.0, 1.0]
            ]
        },
        {
            "name": "Leg_R",
            "time": [0.0, 0.0667, 0.1167, 0.25, 0.3667, 0.4667],
            "transform": [
                [1.0, -1e-06, 1e-06, -0.0, -1e-06, -0.091644, 0.995791, 0.37472, -0.0, -0.995793, -0.091644, -0.0, 0.0, 0.0, 0.0, 1.0],
                [1.0, 0.0, 1e-06, 0.0, -1e-06, 0.791818, 0.610757, 0.37472, -0.0, -0.610758, 0.791817, -0.0, 0.0, 0.0, 0.0, 1.0],
                [1.0, 0.0, 1e-06, 0.0, -1e-06, 0.819152, 0.573576, 0.37472, -1e-06, -0.573577, 0.819151, -0.0, 0.0, 0.0, 0.0, 1.0],
                [1.0, 0.0, 1e-06, 0.0, -0.0, 0.953718, 0.300706, 0.37472, -1e-06, -0.300706, 0.953716, -0.0, 0.0, 0.0, 0.0, 1.0],
                [1.0, 1e-06, 1e-06, -0.0, -1e-06, 0.974253, 0.225462, 0.37472, -0.0, -0.225463, 0.974251, -0.0, 0.0, 0.0, 0.0, 1.0],
                [1.0, -1e-06, 1e-06, -0.0, -1e-06, -0.091644, 0.995791, 0.37472, -0.0, -0.995793, -0.091644, -0.0, 0.0, 0.0, 0.0, 1.0]
            ]
        },
        {
            "name": "Knee_R",
            "time": [0.0, 0.0667, 0.1167, 0.25, 0.3667, 0.4667],
            "transform": [
                [1.0, 0.0, -0.0, -0.000179, -0.0, 1e-06, -1.0, 0.436391, -0.0, 1.0, 1e-06, -0.000613, 0.0, 0.0, 0.0, 1.0],
                [1.0, 0.0, -0.0, -0.000234, -0.0, -0.124768, -0.992186, 0.423801, -0.0, 0.992186, -0.124768, -0.000249, 0.0, 0.0, 0.0, 1.0],
                [1.0, 0.0, -0.0, -0.000322, -0.0, 1e-06, -1.0, 0.39431, -0.0, 1.0, 1e-06, 0.000335, 0.0, 0.0, 0.0, 1.0],
                [1.0, 0.0, -0.0, 0.0, -0.0, 1e-06, -1.0, 0.37472, -0.0, 1.0, 1e-06, -0.0, 0.0, 0.0, 0.0, 1.0],
                [1.0, -0.0, -0.0, 0.0, -0.0, -0.266541, -0.963824, 0.399872, 0.0, 0.963824, -0.266541, 0.001742, 0.0, 0.0, 0.0, 1.0],
                [1.0, 0.0, -0.0, -0.000179, -0.0, 1e-06, -1.0, 0.436391, -0.0, 1.0, 1e-06, -0.000613, 0.0, 0.0, 0.0, 1.0]
            ]
        },
        {
            "name": "Thigh_L",
            "time": [0.0, 0.1167, 0.25, 0.3167, 0.3667, 0.4667],
            "transform": [
                [0.887332, 0.08605, -0.45303, -0.125006, -0.066843, -0.948056, -0.311001, -0.002831, -0.456259, 0.306244, -0.835489, -1.2e-05, 0.0, 0.0, 0.0, 1.0],
                [0.988065, 0.11271, -0.104988, -0.125006, 0.005106, -0.705185, -0.709004, -0.002831, -0.153948, 0.700008, -0.697344, -1.2e-05, 0.0, 0.0, 0.0, 1.0],
                [0.854613, -0.409765, -0.318949, -0.125006, -0.087524, -0.719117, 0.689355, -0.002831, -0.511835, -0.561216, -0.650431, -1.2e-05, 0.0, 0.0, 0.0, 1.0],
                [0.884062, -0.442115, -0.151549, -0.125006, -0.011335, -0.344448, 0.938736, -0.002831, -0.46723, -0.828185, -0.309526, -1.2e-05, 0.0, 0.0, 0.0, 1.0],
                [0.895891, -0.41581, -0.15646, -0.125006, -0.006683, -0.364746, 0.931083, -0.002831, -0.444221, -0.833104, -0.329552, -1.2e-05, 0.0, 0.0, 0.0, 1.0],
                [0.887332, 0.08605, -0.45303, -0.125006, -0.066843, -0.948056, -0.311001, -0.002831, -0.456259, 0.306244, -0.835489, -1.2e-05, 0.0, 0.0, 0.0, 1.0]
            ]
        },
        {
            "name": "Leg_L",
            "time": [0.0, 0.1167, 0.25, 0.3167, 0.3667, 0.4667],
            "transform": [
                [1.0, 0.0, 1e-06, -0.0, -0.0, 0.984272, 0.176659, 0.37472, -1e-06, -0.17666, 0.984272, 0.0, 0.0, 0.0, 0.0, 1.0],
                [1.0, 1e-06, 1e-06, 0.0, -1e-06, 0.994353, 0.106117, 0.37472, -0.0, -0.106117, 0.994354, 0.0, 0.0, 0.0, 0.0, 1.0],
                [1.0, -1e-06, 1e-06, -0.0, -1e-06, -0.474771, 0.880109, 0.37472, -1e-06, -0.880109, -0.474771, 0.0, 0.0, 0.0, 0.0, 1.0],
                [1.0, 0.0, 1e-06, -0.0, -1e-06, 0.839728, 0.543007, 0.37472, -0.0, -0.543006, 0.839729, 0.0, 0.0, 0.0, 0.0, 1.0],
                [1.0, 0.0, 1e-06, -0.0, -1e-06, 0.819152, 0.573577, 0.37472, -1e-06, -0.573576, 0.819152, -0.0, 0.0, 0.0, 0.0, 1.0],
                [1.0, 0.0, 1e-06, -0.0, -0.0, 0.984272, 0.176659, 0.37472, -1e-06, -0.17666, 0.984272, 0.0, 0.0, 0.0, 0.0, 1.0]
            ]
        },
        {
            "name": "Knee_L",
            "time": [0.0, 0.1167, 0.25, 0.3167, 0.3667, 0.4667],
            "transform": [
                [1.0, 0.0, -0.0, -0.0, -0.0, 1e-06, -1.0, 0.37472, -0.0, 1.0, 1e-06, 0.0, 0.0, 0.0, 0.0, 1.0],
                [1.0, -0.0, -0.0, 2.5e-05, -0.0, -0.273199, -0.961958, 0.399689, -0.0, 0.961958, -0.273199, -7e-06, 0.0, 0.0, 0.0, 1.0],
                [1.0, 0.0, -0.0, -0.0001, -0.0, 1e-06, -1.0, 0.433466, -0.0, 1.0, 1e-06, -0.000823, 0.0, 0.0, 0.0, 1.0],
                [1.0, 0.0, -0.0, -0.000214, -0.0, -0.157737, -0.987481, 0.412589, -0.0, 0.987481, -0.157737, 0.000686, 0.0, 0.0, 0.0, 1.0],
                [1.0, 0.0, -0.0, -0.000258, -0.0, 1e-06, -1.0, 0.391327, -0.0, 1.0, 1e-06, 0.001626, 0.0, 0.0, 0.0, 1.0],
                [1.0, 0.0, -0.0, -0.0, -0.0, 1e-06, -1.0, 0.37472, -0.0, 1.0, 1e-06, 0.0, 0.0, 0.0, 0.0, 1.0]
            ]
        },
        {
            "name": "Torso",
            "time": [0.0, 0.1167, 0.25, 0.3667, 0.4667],