{
    "animation": [
        {
            "name": "Root",
            "time": [0.0, 0.2167, 0.2833, 0.35, 0.6833, 0.95],
            "transform": [
                [0.99307, 0.0, 0.117525, -5e-06, 0.117272, 0.065644, -0.990928, 0.066967, -0.007715, 0.997843, 0.065189, 0.611345, 0.0, 0.0, 0.0, 1.0],
                [0.828677, -0.018002, 0.559437, -5e-06, 0.559354, 0.063127, -0.826522, -0.158706, -0.020437, 0.997843, 0.062382, 0.611345, 0.0, 0.0, 0.0, 1.0],
                [0.999369, 0.01002, -0.034073, -5e-06, -0.03512, 0.135995, -0.990087, 0.390568, -0.005287, 0.990659, 0.136261, 0.700371, 0.0, 0.0, 0.0, 1.0],
                [0.911901, 0.04993, -0.407361, -5e-06, -0.409973, 0.065071, -0.909773, 1.086693, -0.018918, 0.996631, 0.079809, 0.63514, 0.0, 0.0, 0.0, 1.0],
                [0.905383, 0.050353, -0.421599, -5e-06, -0.423693, 0.042457, -0.90481, 1.125353, -0.02766, 0.997829, 0.059775, 0.604744, 0.0, 0.0, 0.0, 1.0],
                [0.905383, 0.050353, -0.421599, -5e-06, -0.423693, 0.042457, -0.90481, 1.125353, -0.02766, 0.997829, 0.059775, 0.604744, 0.0, 0.0, 0.0, 1.0]
            ]
        },
        {
            "name": "Thigh_R",
            "time": [0.0, 0.2167, 0.2833, 0.35, 0.6833, 0.95],
            "transform": [
                [0.989653, 0.123394, 0.073209, 0.124994, -0.004555, -0.482967, 0.875626, -0.002831, 0.143405, -0.866898, -0.477409, -1.2e-05, 0.0, 0.0, 0.0, 1.0],
                [0.873772, 0.452932, 0.177126, 0.124994, 0.012671, -0.385281, 0.922712, -0.002831, 0.48617, -0.803994, -0.342388, -1.2e-05, 0.0, 0.0, 0.0, 1.0],
                [0.991865, 0.115234, -0.054082, 0.124994, 0.126538, -0.846321, 0.517422, -0.002831, 0.013854, -0.520054, -0.854021, -1.2e-05, 0.0, 0.0, 0.0, 1.0],
                [0.958119, 0.285758, -0.018696, 0.124994, 0.267831, -0.917287, -0.294699, -0.002831, -0.101363, 0.277349, -0.955407, -1.2e-05, 0.0, 0.0, 0.0, 1.0],
                [0.941399, 0.337289, 0.001688, 0.124994, 0.314402, -0.875682, -0.36651, -0.002831, -0.122142, 0.345562, -0.930413, -1.2e-05, 0.0, 0.0, 0.0, 1.0],
                [0.941399, 0.337289, 0.001688, 0.124994, 0.314402, -0.875682, -0.36651, -0.002831, -0.122142, 0.345562, -0.930413, -1.2e-05, 0.0, 0.0, 0.0, 1.0]
            ]
        },
        {
            "name": "Leg_R",
            "time": [0.0, 0.2167, 0.35, 0.6833, 0.95],
            "transform": [
                [0.998295, -0.036028, -0.045939, -0.0, 0.058094, 0.535052, 0.842819, 0.37472, -0.005785, -0.844051, 0.536232, -0.0, 0.0, 0.0, 0.0, 1.0],
                [0.998294, -0.036028, -0.045939, -0.0, 0.058094, 0.535052, 0.842819, 0.37472, -0.005785, -0.844051, 0.536232, 0.0, 0.0, 0.0, 0.0, 1.0],
                [0.998294, -0.054259, -0.021549, 0.0, 0.058094, 0.886666, 0.458747, 0.37472, -0.005785, -0.459217, 0.888305, -0.0, 0.0, 0.0, 0.0, 1.0],
                [0.998294, -0.057086, -0.012229, -0.0, 0.058094, 0.95059, 0.304965, 0.37472, -0.005785, -0.305156, 0.952284, 0.0, 0.0, 0.0, 0.0, 1.0],
                [0.998294, -0.057086, -0.012229, -0.0, 0.058094, 0.95059, 0.304965, 0.37472, -0.005785, -0.305156, 0.952284, 0.0, 0.0, 0.0, 0.0, 1.0]
            ]
        },
        {
            "name": "Knee_R",
            "time": [0.0, 0.2167, 0.35, 0.6833, 0.95],
            "transform": [
                [1.0, 0.0, -0.0, -0.0, -0.0, 1e-06, -1.0, 0.37472, -0.0, 1.0, 1e-06, -0.0, 0.0, 0.0, 0.0, 1.0],
                [1.0, 0.0, -0.0, -0.0, -0.0, 1e-06, -1.0, 0.37472, -0.0, 1.0, 1e-06, 0.0, 0.0, 0.0, 0.0, 1.0],
                [1.0, 0.0, -0.0, 0.0, -0.0, 1e-06, -1.0, 0.37472, -0.0, 1.0, 1e-06, -0.0, 0.0, 0.0, 0.0, 1.0],
                [1.0, 0.0, -0.0, -0.0, -0.0, 1e-06, -1.0, 0.37472, -0.0, 1.0, 1e-06, 0.0, 0.0, 0.0, 0.0, 1.0],
                [1.0, 0.0, -0.0, -0.0, -0.0, 1e-06, -1.0, 0.37472, -0.0, 1.0, 1e-06, 0.0, 0.0, 0.0, 0.0, 1.0]
            ]
        },
        {
            "name": "Thigh_L",
            "time": [0.0, 0.2167, 0.2833, 0.35, 0.6833, 0.95],
            "transform": [
                [0.654866, -0.363438, -0.662618, -0.109662, -0.569286, -0.813883, -0.116222, -0.002831, -0.497054, 0.45333, -0.739885, 0.02525, 0.0, 0.0, 0.0, 1.0],
                [0.370725, -0.61646, -0.694651, -0.109662, -0.518038, -0.758041, 0.396245, -0.002831, -0.770842, 0.212958, -0.600375, 0.02525, 0.0, 0.0, 0.0, 1.0],
                [0.896186, -0.407098, -0.176414, -0.109662, -0.362152, -0.900903, 0.239206, -0.002831, -0.256312, -0.150484, -0.954808, 0.02525, 0.0, 0.0, 0.0, 1.0],
                [0.877599, -0.397991, -0.267249, -0.109662, -0.077742, -0.668244, 0.739869, -0.002831, -0.473049, -0.628532, -0.617391, 0.02525, 0.0, 0.0, 0.0, 1.0],
                [0.851136, -0.437672, -0.289846, -0.109662, -0.001635, -0.554353, 0.83228, -0.002831, -0.524942, -0.70791, -0.472545, 0.02525, 0.0, 0.0, 0.0, 1.0],
                [0.851136, -0.437672, -0.289846, -0.109662, -0.001635, -0.554353, 0.83228, -0.002831, -0.524942, -0.70791, -0.472545, 0.02525, 0.0, 0.0, 0.0, 1.0]
            ]
        },
        {
            "name": "Leg_L",
            "time": [0.0, 0.2167, 0.2833, 0.35, 0.6833, 0.95],
            "transform": [
                [0.997933, 0.05699, 0.029709, -0.0, -0.064028, 0.921625, 0.382762, 0.37472, -0.005566, -0.383872, 0.92337, 0.0, 0.0, 0.0, 0.0, 1.0],
                [0.997933, 0.037391, 0.052273, 0.0, -0.064028, 0.648848, 0.75822, 0.37472, -0.005567, -0.759999, 0.649901, -0.0, 0.0, 0.0, 0.0, 1.0],
                [0.997933, 0.017711, 0.06178, 0.0, -0.064028, 0.357241, 0.931816, 0.37472, -0.005567, -0.933844, 0.357636, 0.0, 0.0, 0.0, 0.0, 1.0],
                [0.997933, 0.03965, 0.05058, -0.0, -0.064028, 0.681518, 0.728995, 0.37472, -0.005567, -0.730726, 0.682648, 0.0, 0.0, 0.0, 0.0, 1.0],
                [0.997933, 0.046314, 0.044559, -0.0, -0.064028, 0.776484, 0.626875, 0.37472, -0.005567, -0.628432, 0.777845, -0.0, 0.0, 0.0, 0.0, 1.0],
                [0.997933, 0.046314, 0.044559, -0.0, -0.064028, 0.776484, 0.626875, 0.37472, -0.005567, -0.628432, 0.777845, -0.0, 0.0, 0.0, 0.0, 1.0]
            ]
        },
        {
            "name": "Knee_L",
            "time": [0.0, 0.2167, 0.35, 0.6833, 0.95],
            "transform": [
                [1.0, 0.0, -0.0, -0.0, -0.0, 1e-06, -1.0, 0.37472, -0.0, 1.0, 1e-06, 0.0, 0.0, 0.0, 0.0, 1.0],
                [1.0, 0.0, -0.0, 0.0, -0.0, 1e-06, -1.0, 0.37472, -0.0, 1.0, 1e-06, -0.0, 0.0, 0.0, 0.0, 1.0],
                [1.0, 0.0, -0.0, -0.0, -0.0, 1e-06, -1.0, 0.37472, -0.0, 1.0, 1e-06, 0.0, 0.0, 0.0, 0.0, 1.0],
                [1.0, 0.0, -0.0, -0.0, -0.0, 1e-06, -1.0, 0.37472, -0.0, 1.0, 1e-06, -0.0, 0.0, 0.0, 0.0, 1.0],
                [1.0, 0.0, -0.0, -0.0, -0.0, 1e-06, -1.0, 0.37472, -0.0, 1.0, 1e-06, -0.0, 0.0, 0.0, 0.0, 1.0]
            ]
        },
        {
            "name": "Torso",
            "time": [0.0, 0.2167, 0.35, 0.6833, 0.95],
            "transform": [
                [0.965662, -0.025127, 0.258583, 0.0, 0.020968, 0.999603, 0.018828, 0.05, -0.258953, -0.012759, 0.965806, 0.0, 0.0, 0.0, 0.0, 1.0],
                [0.965662, -0.025127, 0.258583, -0.0, 0.020968, 0.999603, 0.018828, 0.05, -0.258953, -0.012759, 0.965806, 0.0, 0.0, 0.0, 0.0, 1.0],
                [0.992226, -0.064959, 0.106153, -0.0, 0.06153, 0.997482, 0.035272, 0.05, -0.108176, -0.028467, 0.993724, 0.0, 0.0, 0.0, 0.0, 1.0],
                [0.995409, -0.077062, 0.056773, -0.0, 0.074906, 0.996421, 0.039163, 0.05, -0.059588, -0.03473, 0.997619, -0.0, 0.0, 0.0, 0.0, 1.0],
                [0.995409, -0.077062, 0.056773, -0.0, 0.074906, 0.996421, 0.039163, 0.05, -0.059588, -0.03473, 0.997619, -0.0, 0.0, 0.0, 0.0, 1.0]
            ]
        },
        {
            "name": "Chest",
            "time": [0.0, 0.2167, 0.2833, 0.35, 0.5333, 0.6833, 0.95],