{
    "animation": [
        {
            "name": "Root",
            "time": [0.0, 0.2, 0.3167, 0.8, 1.1167],
            "transform": [
                [0.911829, 0.111329, -0.395189, -0.166588, -0.389773, -0.067743, -0.918416, 0.124048, -0.129018, 0.991472, -0.018376, 0.613028, 0.0, 0.0, 0.0, 1.0],
                [0.561849, 0.057817, -0.825217, -0.166588, -0.807485, -0.178376, -0.562273, -0.137313, -0.179708, 0.982262, -0.053534, 0.613028, 0.0, 0.0, 0.0, 1.0],
                [0.929837, 0.154781, 0.333836, -0.166588, 0.323165, 0.090379, -0.942017, 2.217455, -0.175978, 0.983806, 0.034018, 0.613028, 0.0, 0.0, 0.0, 1.0],
                [0.856577, 0.136243, 0.497708, -0.166588, 0.48283, 0.128707, -0.866204, 2.595338, -0.182073, 0.982279, 0.044465, 0.613028, 0.0, 0.0, 0.0, 1.0],
                [0.854689, 0.0, -0.51914, -5e-06, -0.51914, 0.0, -0.854689, 2.41342, 0.0, 1.0, 0.0, 0.777146, 0.0, 0.0, 0.0, 1.0]
            ]
        },
        {
            "name": "Thigh_R",
            "time": [0.0, 0.2, 0.3167, 0.8, 1.1167],
            "transform": [
                [0.757916, 0.651108, -0.040242, 0.124994, 0.603464, -0.676351, 0.42235, -0.002831, 0.247777, -0.34439, -0.90554, -1.2e-05, 0.0, 0.0, 0.0, 1.0],
                [0.757916, 0.628227, -0.175757, 0.124994, 0.603464, -0.572859, 0.554673, -0.002831, 0.247777, -0.526458, -0.813294, -1.2e-05, 0.0, 0.0, 0.0, 1.0],
                [0.782741, 0.61869, -0.067357, 0.124994, 0.362001, -0.364585, 0.857923, -0.002831, 0.506232, -0.695913, -0.509345, -1.2e-05, 0.0, 0.0, 0.0, 1.0],
                [0.809852, 0.586441, -0.01498, 0.124994, 0.284683, -0.370551, 0.884108, -0.002831, 0.512926, -0.72026, -0.467044, -1.2e-05, 0.0, 0.0, 0.0, 1.0],
                [0.987912, 0.153416, 0.022211, 0.124994, 0.152036, -0.986881, 0.054282, -0.002831, 0.030247, -0.050248, -0.998279, -1.2e-05, 0.0, 0.0, 0.0, 1.0]
            ]
        },
        {
            "name": "Leg_R",
            "time": [0.0, 0.2, 0.3167, 0.8, 1.1167],
            "transform": [
                [0.999075, -0.041449, -0.011428, -0.0, 0.042956, 0.973596, 0.224205, 0.37472, 0.001833, -0.224489, 0.974474, 0.0, 0.0, 0.0, 0.0, 1.0],
                [0.999076, -0.012005, -0.041285, 0.0, 0.042956, 0.319644, 0.946563, 0.37472, 0.001833, -0.947462, 0.319863, -0.0, 0.0, 0.0, 0.0, 1.0],
                [0.999536, -0.004111, -0.030177, 0.0, 0.027229, 0.564504, 0.824981, 0.37472, 0.013644, -0.825421, 0.564353, 0.0, 0.0, 0.0, 0.0, 1.0],
                [0.999597, -0.006645, -0.027598, 0.0, 0.023968, 0.718471, 0.695144, 0.37472, 0.01521, -0.695527, 0.718339, -0.0, 0.0, 0.0, 0.0, 1.0],
                [0.998294, -0.058382, 2e-06, 0.0, 0.058095, 0.993385, 0.099059, 0.37472, -0.005785, -0.09889, 0.995081, -0.0, 0.0, 0.0, 0.0, 1.0]
            ]
        },
        {
            "name": "Knee_R",
            "time": [0.0, 0.2, 0.3167, 0.8, 1.1167],
            "transform": [
                [1.0, 0.0, -0.0, -0.0, -0.0, 1e-06, -1.0, 0.37472, -0.0, 1.0, 1e-06, 0.0, 0.0, 0.0, 0.0, 1.0],
                [1.0, 0.0, -0.0, 0.0, -0.0, 1e-06, -1.0, 0.37472, -0.0, 1.0, 1e-06, -0.0, 0.0, 0.0, 0.0, 1.0],
                [1.0, 0.0, -0.0, 0.0, -0.0, 1e-06, -1.0, 0.37472, -0.0, 1.0, 1e-06, 0.0, 0.0, 0.0, 0.0, 1.0],
                [1.0, 0.0, -0.0, 0.0, -0.0, 1e-06, -1.0, 0.37472, -0.0, 1.0, 1e-06, -0.0, 0.0, 0.0, 0.0, 1.0],
                [1.0, 0.0, -0.0, 0.0, -0.0, 1e-06, -1.0, 0.37472, -0.0, 1.0, 1e-06, -0.0, 0.0, 0.0, 0.0, 1.0]
            ]
        },
        {
            "name": "Thigh_L",
            "time": [0.0, 0.2, 0.3167, 0.8, 1.1167],
            "transform": [
                [0.874021, -0.314787, -0.370128, -0.109662, -0.351816, -0.935405, -0.035236, -0.002831, -0.335128, 0.161015, -0.928312, 0.02525, 0.0, 0.0, 0.0, 1.0],
                [0.850488, -0.394696, -0.347684, -0.109662, -0.209938, -0.860792, 0.463641, -0.002831, -0.48228, -0.321329, -0.814955, 0.02525, 0.0, 0.0, 0.0, 1.0],
                [0.983336, -0.025809, 0.179951, -0.109662, 0.015166, -0.974774, -0.222676, -0.002831, 0.181159, 0.221695, -0.95814, 0.02525, 0.0, 0.0, 0.0, 1.0],
                [0.962744, -0.011155, 0.270183, -0.109662, 0.074228, -0.949869, -0.30371, -0.002831, 0.260026, 0.31245, -0.913652, 0.02525, 0.0, 0.0, 0.0, 1.0],
                [0.779746, -0.258577, -0.570204, -0.109662, -0.133597, -0.958473, 0.251956, -0.002831, -0.611675, -0.120283, -0.781911, 0.02525, 0.0, 0.0, 0.0, 1.0]
            ]
        },
        {
            "name": "Leg_L",
            "time": [0.0, 0.2, 0.3167, 0.8, 1.1167],
            "transform": [
                [0.997933, 0.060521, 0.021628, -0.0, -0.064028, 0.965345, 0.252999, 0.37472, -0.005566, -0.25386, 0.967225, 0.0, 0.0, 0.0, 0.0, 1.0],
                [0.997933, 0.060521, 0.021628, 0.0, -0.064028, 0.965345, 0.252999, 0.37472, -0.005566, -0.253861, 0.967225, 0.0, 0.0, 0.0, 0.0, 1.0],
                [0.997933, 0.060521, 0.021628, 0.0, -0.064028, 0.965345, 0.252999, 0.37472, -0.005566, -0.25386, 0.967225, -0.0, 0.0, 0.0, 0.0, 1.0],
                [0.997933, 0.060521, 0.021628, 0.0, -0.064028, 0.965345, 0.252999, 0.37472, -0.005566, -0.25386, 0.967225, 0.0, 0.0, 0.0, 0.0, 1.0],
                [0.997933, 0.060521, 0.021628, 0.0, -0.064028, 0.965345, 0.252999, 0.37472, -0.005566, -0.25386, 0.967225, -1e-06, 0.0, 0.0, 0.0, 1.0]
            ]
        },
        {
            "name": "Knee_L",
            "time": [0.0, 0.2, 0.3167, 0.8, 1.1167],
            "transform": [
                [1.0, 0.0, -0.0, -0.0, -0.0, 1e-06, -1.0, 0.37472, -0.0, 1.0, 1e-06, 0.0, 0.0, 0.0, 0.0, 1.0],
                [1.0, 0.0, -0.0, 0.0, -0.0, 1e-06, -1.0, 0.37472, -0.0, 1.0, 1e-06, 0.0, 0.0, 0.0, 0.0, 1.0],
                [1.0, 0.0, -0.0, 0.0, -0.0, 1e-06, -1.0, 0.37472, -0.0, 1.0, 1e-06, -0.0, 0.0, 0.0, 0.0, 1.0],
                [1.0, 0.0, -0.0, 0.0, -0.0, 1e-06, -1.0, 0.37472, -0.0, 1.0, 1e-06, 0.0, 0.0, 0.0, 0.0, 1.0],
                [1.0, 0.0, -0.0, 0.0, -0.0, 1e-06, -1.0, 0.37472, -0.0, 1.0, 1e-06, -1e-06, 0.0, 0.0, 0.0, 1.0]
            ]
        },
        {
            "name": "Torso",
            "time": [0.0, 0.2, 0.3167, 0.8, 1.1167],
            "transform": [
                [0.982675, -0.115286, 0.145117, 0.0, 0.103471, 0.990863, 0.086512, 0.05, -0.153765, -0.069998, 0.985625, -0.0, 0.0, 0.0, 0.0, 1.0],
                [0.982675, -0.115286, 0.145117, 0.0, 0.103471, 0.990863, 0.086512, 0.05, -0.153765, -0.069998, 0.985625, -0.0, 0.0, 0.0, 0.0, 1.0],
                [0.978927, -0.1421, 0.146664, 0.0, 0.120995, 0.982154, 0.143993, 0.05, -0.164508, -0.123213, 0.97865, -0.0, 0.0, 0.0, 0.0, 1.0],
                [0.977134, -0.146862, 0.153758, 0.0, 0.123185, 0.980424, 0.153606, 0.05, -0.173307, -0.131153, 0.976096, 0.0, 0.0, 0.0, 0.0, 1.0],
                [0.965662, -0.025127, 0.258583, -0.0, 0.020968, 0.999603, 0.018828, 0.05, -0.258953, -0.012759, 0.965806, 0.0, 0.0, 0.0, 0.0, 1.0]
            ]
        },
        {
            "name": "Chest",
            "time": [0.0, 0.2, 0.3167, 0.8, 1.1167],
            "transform": [
                [0.997411, 0.054241, 0.047206, 0.0, -0.063925, 0.969477, 0.236702, 0.3, -0.032927, -0.239107, 0.970435, 0.0, 0.0, 0.0, 0.0, 1.0],
                [0.997411, 0.054241, 0.047206, -0.0, -0.063925, 0.969477, 0.236702, 0.3, -0.032927, -0.239107, 0.970435, 0.0, 0.0, 0.0, 0.0, 1.0],
                [0.937847, 0.157742, 0.309127, 0.0, -0.207777, 0.968666, 0.136072, 0.3, -0.277976, -0.191845, 0.941236, -0.0, 0.0, 0.0, 0.0, 1.0],
                [0.906208, 0.240138, 0.348024, -0.0, -0.298897, 0.94599, 0.125552, 0.3, -0.299077, -0.217799, 0.929041, -0.0, 0.0, 0.0, 0.0, 1.0],
                [0.986768, -0.023894, -0.160365, 0.0, 0.026191, 0.999582, 0.012223, 0.3, 0.160006, -0.016261, 0.986982, 0.0, 0.0, 0.0, 0.0, 1.0]
            ]
        },
        {
            "name": "Head",
            "time": [0.0, 0.2, 0.3167, 0.8, 1.1167],