{
    "animation": [
        {
            "name": "Root",
            "time": [0.0, 0.15, 0.2167, 0.2667, 0.3333, 0.4167, 0.5333],
            "transform": [
                [0.960075, 0.0, 0.279741, -5e-06, 0.272986, 0.218437, -0.936891, 0.000946, -0.061106, 0.975851, 0.209716, 0.797984, 0.0, 0.0, 0.0, 1.0],
                [0.929117, -0.021159, 0.36918, -5e-06, 0.364702, 0.21741, -0.905387, 0.000946, -0.061106, 0.975851, 0.209716, 0.589331, 0.0, 0.0, 0.0, 1.0],
                [0.997323, 0.051242, 0.052156, -0.003126, 0.04015, 0.212341, -0.97637, -0.011989, -0.061106, 0.975851, 0.209716, 0.734653, 0.0, 0.0, 0.0, 1.0],
                [0.984196, 0.093894, -0.150138, -5e-06, -0.166203, 0.197227, -0.966167, 0.000946, -0.061106, 0.975851, 0.209716, 0.695056, 0.0, 0.0, 0.0, 1.0],
                [0.984196, 0.115134, -0.134542, 0.012124, -0.166203, 0.338419, -0.926201, 0.026423, -0.061106, 0.933925, 0.352207, 0.734946, 0.0, 0.0, 0.0, 1.0],
                [0.984196, 0.093894, -0.150138, -5e-06, -0.166203, 0.197227, -0.966167, 0.000946, -0.061106, 0.975851, 0.209716, 0.538921, 0.0, 0.0, 0.0, 1.0],
                [0.960075, 0.0, 0.279741, -5e-06, 0.272986, 0.218437, -0.936891, 0.000946, -0.061106, 0.975851, 0.209716, 0.797984, 0.0, 0.0, 0.0, 1.0]
            ]
        },
        {
            "name": "Thigh_R",
            "time": [0.0, 0.0833, 0.15, 0.2667, 0.3333, 0.4167, 0.4667, 0.5333],
            "transform": [
                [0.973617, 0.224496, 0.040881, 0.124994, 0.061261, -0.429728, 0.900877, -0.002831, 0.219811, -0.874603, -0.432145, -1.2e-05, 0.0, 0.0, 0.0, 1.0],
                [0.940084, 0.331577, 0.079351, 0.124994, -0.019798, -0.179256, 0.983604, -0.002831, 0.340365, -0.92624, -0.161952, -1.2e-05, 0.0, 0.0, 0.0, 1.0],
                [0.90513, 0.362766, 0.221673, 0.124994, -0.078689, -0.369453, 0.925912, -0.002831, 0.417788, -0.855512, -0.305859, -1.2e-05, 0.0, 0.0, 0.0, 1.0],
                [0.978403, 0.152037, -0.140038, 0.124994, 0.164166, -0.983222, 0.079502, -0.002831, -0.125601, -0.100773, -0.98695, -1.2e-05, 0.0, 0.0, 0.0, 1.0],
                [0.971802, 0.234893, -0.020617, 0.124994, 0.174671, -0.775854, -0.606249, -0.002831, -0.1584, 0.585552, -0.795008, -1.2e-05, 0.0, 0.0, 0.0, 1.0],
                [0.986654, 0.15327, -0.05497, 0.124994, 0.095148, -0.816655, -0.569227, -0.002831, -0.132137, 0.556399, -0.820341, -1.2e-05, 0.0, 0.0, 0.0, 1.0],
                [0.996199, 0.086978, -0.004615, 0.124994, 0.087099, -0.995128, 0.046156, -0.002831, -0.000578, -0.046382, -0.998924, -1.2e-05, 0.0, 0.0, 0.0, 1.0],
                [0.973617, 0.224496, 0.040881, 0.124994, 0.061261, -0.429728, 0.900877, -0.002831, 0.219811, -0.874603, -0.432145, -1.2e-05, 0.0, 0.0, 0.0, 1.0]
            ]
        },
        {
            "name": "Leg_R",
            "time": [0.0, 0.0833, 0.15, 0.2667, 0.4167, 0.5333],
            "transform": [
                [1.0, -2e-06, 1e-06, 0.0, -2e-06, -0.50759, 0.861598, 0.37472, -1e-06, -0.8616, -0.507589, 0.0, 0.0, 0.0, 0.0, 1.0],
                [1.0, 1e-06, 2e-06, -0.0, -1e-06, 0.867029, 0.498258, 0.37472, -1e-06, -0.498259, 0.867028, -0.0, 0.0, 0.0, 0.0, 1.0],
                [1.0, 1e-06, 2e-06, -0.0, -1e-06, 0.888926, 0.458051, 0.37472, -1e-06, -0.458052, 0.888925, 0.0, 0.0, 0.0, 0.0, 1.0],
                [0.999395, -0.034514, 0.004231, 0.0, 0.034355, 0.998858, 0.033237, 0.37472, -0.005373, -0.033072, 0.999438, -0.0, 0.0, 0.0, 0.0, 1.0],
                [0.999395, -0.034514, 0.004231, -0.0, 0.034355, 0.998858, 0.033237, 0.37472, -0.005373, -0.033072, 0.999438, -0.0, 0.0, 0.0, 0.0, 1.0],
                [1.0, -2e-06, 1e-06, 0.0, -2e-06, -0.50759, 0.861598, 0.37472, -1e-06, -0.8616, -0.507589, 0.0, 0.0, 0.0, 0.0, 1.0]
            ]
        },
        {
            "name": "Knee_R",
            "time": [0.0, 0.0833, 0.15, 0.2667, 0.4167, 0.5333],
            "transform": [
                [1.0, 0.0, -0.0, -0.000179, -0.0, 1e-06, -1.0, 0.436391, -0.0, 1.0, 1e-06, -0.000613, 0.0, 0.0, 0.0, 1.0],
                [1.0, -0.0, -0.0, -0.000179, -0.0, -0.361492, -0.932375, 0.436391, -0.0, 0.932375, -0.361492, -0.000613, 0.0, 0.0, 0.0, 1.0],
                [1.0, -0.0, -0.0, -0.000179, -0.0, -0.260585, -0.965451, 0.436391, -0.0, 0.965451, -0.260585, -0.000613, 0.0, 0.0, 0.0, 1.0],
                [1.0, -0.0, -0.0, -0.000179, -0.0, -0.260585, -0.965451, 0.436391, -0.0, 0.965451, -0.260585, -0.000613, 0.0, 0.0, 0.0, 1.0],
                [1.0, -0.0, -0.0, -0.000179, -0.0, -0.260585, -0.965451, 0.436391, -0.0, 0.965451, -0.260585, -0.000613, 0.0, 0.0, 0.0, 1.0],
                [1.0, 0.0, -0.0, -0.000179, -0.0, 1e-06, -1.0, 0.436391, -0.0, 1.0, 1e-06, -0.000613, 0.0, 0.0, 0.0, 1.0]
            ]
        },
        {
            "name": "Thigh_L",
            "time": [0.0, 0.0833, 0.15, 0.2167, 0.2667, 0.3333, 0.4167, 0.4667, 0.5333],
            "transform": [
                [0.959241, -0.005375, 0.282535, -0.125006, -0.02173, -0.998261, 0.054788, -0.002831, 0.281749, -0.058694, -0.957691, -1.2e-05, 0.0, 0.0, 0.0, 1.0],
                [0.941384, -0.256407, 0.219204, -0.125006, -0.044293, -0.738139, -0.673193, -0.002831, 0.334414, 0.624025, -0.706229, -1.2e-05, 0.0, 0.0, 0.0, 1.0],
                [0.92261, -0.240952, 0.301219, -0.125006, -0.045785, -0.843784, -0.534726, -0.002831, 0.383007, 0.479553, -0.789515, -1.2e-05, 0.0, 0.0, 0.0, 1.0],
                [0.99851, 0.004564, 0.054369, -0.125006, -0.020863, -0.888819, 0.457784, -0.002831, 0.050413, -0.458236, -0.887399, -1.2e-05, 0.0, 0.0, 0.0, 1.0],
                [0.981707, -0.186942, -0.036084, -0.125006, -0.011385, -0.246828, 0.968992, -0.002831, -0.190052, -0.950857, -0.244442, -1.2e-05, 0.0, 0.0, 0.0, 1.0],
                [0.981182, -0.192463, 0.015425, -0.125006, -0.004573, 0.056702, 0.99838, -0.002831, -0.193026, -0.979665, 0.054755, -1.2e-05, 0.0, 0.0, 0.0, 1.0],
                [0.981707, -0.179616, -0.063144, -0.125006, -0.011385, -0.386442, 0.922243, -0.002831, -0.190052, -0.904655, -0.381418, -1.2e-05, 0.0, 0.0, 0.0, 1.0],
                [0.999807, 0.019486, 0.002156, -0.125006, 0.014694, -0.817605, 0.575592, -0.002831, 0.012979, -0.57545, -0.817734, -1.2e-05, 0.0, 0.0, 0.0, 1.0],
                [0.959241, -0.005375, 0.282535, -0.125006, -0.02173, -0.998261, 0.054788, -0.002831, 0.281749, -0.058694, -0.957691, -1.2e-05, 0.0, 0.0, 0.0, 1.0]
            ]
        },
        {
            "name": "Leg_L",
            "time": [0.0, 0.15, 0.2667, 0.3333, 0.4167, 0.5333],
            "transform": [
                [1.0, -0.0, 1e-06, -0.0, 0.0, 0.999948, 0.010137, 0.37472, -1e-06, -0.010137, 0.999949, -0.0, 0.0, 0.0, 0.0, 1.0],
                [1.0, -0.0, 1e-06, -0.0, 0.0, 0.999948, 0.010137, 0.37472, -1e-06, -0.010137, 0.999949, -0.0, 0.0, 0.0, 0.0, 1.0],
                [0.998876, -0.041922, 0.022113, 0.0, -0.038489, -0.445202, 0.894603, 0.37472, -0.027659, -0.894448, -0.446316, 0.0, 0.0, 0.0, 0.0, 1.0],
                [0.998769, 0.001629, 0.049571, -0.0, -0.041242, 0.582467, 0.811808, 0.37472, -0.027551, -0.812853, 0.581817, 0.0, 0.0, 0.0, 0.0, 1.0],
                [0.998876, 0.022708, 0.041603, 0.0, -0.038489, 0.900853, 0.432415, 0.37472, -0.027659, -0.43353, 0.900715, 0.0, 0.0, 0.0, 0.0, 1.0],
                [1.0, -0.0, 1e-06, -0.0, 0.0, 0.999948, 0.010137, 0.37472, -1e-06, -0.010137, 0.999949, -0.0, 0.0, 0.0, 0.0, 1.0]
            ]
        },
        {
            "name": "Knee_L",
            "time": [0.0, 0.15, 0.2667, 0.4167, 0.5333],