{
    "animation": [
        {
            "name": "Root",
            "time": [0.0, 0.25, 0.5417, 1.0, 1.25, 1.5417, 1.75],
            "transform": [
                [1.0, 0.0, 0.0, 0.0, 0.0, 0.178759, -0.983893, -0.158286, -0.0, 0.983893, 0.178759, 0.8563, 0.0, 0.0, 0.0, 1.0],
                [0.993022, -0.021081, 0.11603, 0.014062, 0.117929, 0.177511, -0.977027, -1.200714, -0.0, 0.983893, 0.178759, 0.800368, 0.0, 0.0, 0.0, 1.0],
                [0.913213, -0.072841, 0.400918, 0.078042, 0.407482, 0.163245, -0.898504, -1.529579, -0.0, 0.983893, 0.178759, 0.778717, 0.0, 0.0, 0.0, 1.0],
                [0.803474, -0.106422, 0.58575, 0.163858, 0.595339, 0.143628, -0.790533, -1.703367, -0.0, 0.983893, 0.178759, 0.733796, 0.0, 0.0, 0.0, 1.0],
                [0.926659, -0.067196, 0.369847, 0.137256, 0.375902, 0.165649, -0.911734, 0.294275, -0.0, 0.983893, 0.178759, 0.921596, 0.0, 0.0, 0.0, 1.0],
                [0.990172, 0.105553, -0.091748, 0.021553, -0.109559, 0.177683, -0.97797, 0.719028, -0.086925, 0.978411, 0.187501, 0.674116, 0.0, 0.0, 0.0, 1.0],
                [0.990172, 0.105553, -0.091748, 0.021553, -0.109559, 0.177683, -0.97797, 0.719028, -0.086925, 0.978411, 0.187501, 0.674116, 0.0, 0.0, 0.0, 1.0]
            ]
        },
        {
            "name": "Torso",
            "time": [0.0, 0.5417, 1.0, 1.5417, 1.75],
            "transform": [
                [0.999794, -0.005792, 0.019434, 0.0, 0.003938, 0.995555, 0.094098, 0.115569, -0.019892, -0.094002, 0.995373, 0.0, 0.0, 0.0, 0.0, 1.0],
                [0.999794, -0.005792, 0.019434, -0.0, 0.003938, 0.995555, 0.094098, 0.115569, -0.019893, -0.094002, 0.995373, 0.0, 0.0, 0.0, 0.0, 1.0],
                [0.999794, -0.005792, 0.019434, 0.0, 0.003938, 0.995555, 0.094098, 0.115569, -0.019892, -0.094002, 0.995373, -0.0, 0.0, 0.0, 0.0, 1.0],
                [0.999794, -0.005792, 0.019434, -0.0, 0.003938, 0.995555, 0.094098, 0.115569, -0.019893, -0.094002, 0.995373, 0.0, 0.0, 0.0, 0.0, 1.0],
                [0.999794, -0.005792, 0.019434, -0.0, 0.003938, 0.995555, 0.094098, 0.115569, -0.019893, -0.094002, 0.995373, 0.0, 0.0, 0.0, 0.0, 1.0]
            ]
        },
        {
            "name": "Chest",
            "time": [0.0, 0.5417, 1.0, 1.5417, 1.75],
            "transform": [
                [0.999957, 0.002468, -0.008984, 0.0, -0.002303, 0.99983, 0.018279, 0.222409, 0.009028, -0.018257, 0.999793, -0.0, 0.0, 0.0, 0.0, 1.0],
                [0.809006, 0.368867, 0.457652, 0.0, -0.339477, 0.928815, -0.148519, 0.222409, -0.479858, -0.035209, 0.876639, -0.0, 0.0, 0.0, 0.0, 1.0],
                [0.809007, 0.368867, 0.457652, -0.0, -0.339477, 0.928815, -0.148519, 0.222409, -0.479858, -0.035209, 0.876639, -0.0, 0.0, 0.0, 0.0, 1.0],
                [0.953131, -0.032509, -0.300808, 0.0, 0.133501, 0.937382, 0.321702, 0.22241, 0.271514, -0.346782, 0.897788, 0.0, 0.0, 0.0, 0.0, 1.0],
                [0.953131, -0.032509, -0.300808, 0.0, 0.133501, 0.937382, 0.321702, 0.22241, 0.271514, -0.346782, 0.897788, 0.0, 0.0, 0.0, 0.0, 1.0]
            ]
        },
        {
            "name": "Head",
            "time": [0.0, 0.5417, 1.0, 1.5417, 1.75],
            "transform": [
                [0.999241, -0.002813, 0.038845, -0.0, -0.01264, 0.919981, 0.391759, 0.585241, -0.036838, -0.391953, 0.919247, -0.0, 0.0, 0.0, 0.0, 1.0],
                [0.50714, -0.186586, -0.841424, -0.0, 0.629703, 0.746799, 0.21393, 0.585241, 0.588459, -0.638339, 0.496225, 0.0, 0.0, 0.0, 0.0, 1.0],
                [0.77959, 0.55279, -0.294386, 0.0, -0.533863, 0.832316, 0.149132, 0.585241, 0.327461, 0.0409, 0.943979, -0.0, 0.0, 0.0, 0.0, 1.0],
                [0.851893, -0.028579, 0.522936, -0.0, 0.029058, 0.999551, 0.007289, 0.585241, -0.52291, 0.008986, 0.85234, 0.0, 0.0, 0.0, 0.0, 1.0],
                [0.851893, -0.028579, 0.522936, -0.0, 0.029058, 0.999551, 0.007289, 0.585241, -0.52291, 0.008986, 0.85234, 0.0, 0.0, 0.0, 0.0, 1.0]
            ]
        },
        {
            "name": "Arm_L",
            "time": [0.0, 0.5417, 1.0, 1.0833, 1.2083, 1.5417, 1.75],
            "transform": [
                [-0.178362, -0.590178, -0.787323, -0.20071, 0.074787, -0.805969, 0.587214, 0.585979, -0.981118, 0.045855, 0.187892, -0.002076, 0.0, 0.0, 0.0, 1.0],
                [-0.806268, -0.590178, -0.04027, -0.20071, 0.585659, -0.805969, 0.086124, 0.58598, -0.083285, 0.045855, 0.99547, -0.002076, 0.0, 0.0, 0.0, 1.0],
                [-0.806268, -0.590178, -0.04027, -0.200709, 0.585658, -0.805969, 0.086124, 0.585979, -0.083285, 0.045855, 0.99547, -0.002076, 0.0, 0.0, 0.0, 1.0],
                [0.196622, -0.90933, 0.366686, -0.200709, 0.906901, 0.310812, 0.284477, 0.58598, -0.372654, 0.276613, 0.885784, -0.002076, 0.0, 0.0, 0.0, 1.0],
                [0.783977, -0.00696, 0.62075, -0.20071, -0.051263, 0.995796, 0.075907, 0.585979, -0.618669, -0.091331, 0.780324, -0.002076, 0.0, 0.0, 0.0, 1.0],
                [-0.096786, -0.338902, 0.93583, -0.20071, -0.526186, 0.815529, 0.240916, 0.585979, -0.844843, -0.469103, -0.257258, -0.002076, 0.0, 0.0, 0.0, 1.0],
                [-0.096786, -0.338902, 0.93583, -0.20071, -0.526186, 0.815529, 0.240916, 0.585979, -0.844843, -0.469103, -0.257258, -0.002076, 0.0, 0.0, 0.0, 1.0]
            ]
        },
        {
            "name": "Blade",
            "time": [0.0, 0.5417, 1.0, 1.5417, 1.75],
            "transform": [
                [-0.085499, 0.980987, 0.174225, -0.0, -0.642637, 0.079332, -0.762052, 0.779125, -0.761385, -0.177119, 0.623636, -0.0, 0.0, 0.0, 0.0, 1.0],
                [-0.295122, 0.946047, -0.133782, -0.0, -0.62746, -0.297494, -0.719577, 0.779125, -0.720553, -0.12842, 0.681404, 0.0, 0.0, 0.0, 0.0, 1.0],
                [-0.295122, 0.946047, -0.133782, 0.0, -0.62746, -0.297494, -0.719577, 0.779125, -0.720554, -0.12842, 0.681404, -0.0, 0.0, 0.0, 0.0, 1.0],
                [-0.066269, 0.99659, 0.049167, 0.0, -0.526296, 0.006952, -0.850273, 0.779125, -0.847715, -0.082224, 0.52404, -0.0, 0.0, 0.0, 0.0, 1.0],
                [-0.066269, 0.99659, 0.049167, 0.0, -0.526296, 0.006952, -0.850273, 0.779125, -0.847715, -0.082224, 0.52404, -0.0, 0.0, 0.0, 0.0, 1.0]
            ]
        },
        {
            "name": "Cloth",
            "time": [0.0, 0.5417, 1.0, 1.2083, 1.5417, 1.75],
            "transform": [
                [-0.992195, 0.032201, 0.120469, 0.001532, -0.074132, -0.929147, -0.362202, 0.625485, 0.100269, -0.368305, 0.924284, -0.133792, 0.0, 0.0, 0.0, 1.0],
                [-0.73177, 0.524916, -0.434713, 0.001532, -0.260824, -0.804957, -0.53293, 0.625485, -0.629671, -0.276598, 0.725956, -0.133792, 0.0, 0.0, 0.0, 1.0],
                [-0.705587, 0.610925, -0.359051, 0.001532, -0.325617, -0.729548, -0.601442, 0.625485, -0.629383, -0.307456, 0.713689, -0.133792, 0.0, 0.0, 0.0, 1.0],
                [-0.382185, 0.442218, -0.811405, 0.001532, 0.067601, -0.86233, -0.501813, 0.625485, -0.921612, -0.246636, 0.299675, -0.133792, 0.0, 0.0, 0.0, 1.0],
                [-0.899927, 0.033998, -0.434714, 0.001532, 0.226636, -0.815244, -0.53293, 0.625485, -0.372518, -0.578119, 0.725956, -0.133792, 0.0, 0.0, 0.0, 1.0],
                [-0.899927, 0.033998, -0.434714, 0.001532, 0.226636, -0.815244, -0.53293, 0.625485, -0.372518, -0.578119, 0.725956, -0.133792, 0.0, 0.0, 0.0, 1.0]
            ]
        },
        {
            "name": "LowerCloth",
            "time": [0.0, 0.5417, 1.0, 1.2083, 1.5417, 1.75],