{
    "animation": [
        {
            "name": "Root",
            "time": [0.0, 0.25, 0.4167, 0.5417, 0.6667, 1.0, 1.1667],
            "transform": [
                [1.0, 0.0, 0.0, 0.0, 0.0, 0.178759, -0.983893, -0.158286, -0.0, 0.983893, 0.178759, 0.8563, 0.0, 0.0, 0.0, 1.0],
                [0.951824, -0.054815, 0.301706, 0.0, 0.306645, 0.170147, -0.936493, -0.158286, -0.0, 0.983893, 0.178759, 0.811712, 0.0, 0.0, 0.0, 1.0],
                [0.921186, -0.069559, 0.382855, 0.0, 0.389123, 0.16467, -0.906348, -0.158286, -0.0, 0.983893, 0.178759, 0.752669, 0.0, 0.0, 0.0, 1.0],
                [0.998262, 0.010535, -0.057985, 0.095645, -0.058766, 0.252361, -0.965847, 0.478203, 0.004458, 0.967576, 0.252542, 0.858447, 0.0, 0.0, 0.0, 1.0],
                [0.869101, 0.08842, -0.486668, 0.172714, -0.494635, 0.155359, -0.855102, 0.916197, -0.0, 0.983893, 0.178759, 0.792345, 0.0, 0.0, 0.0, 1.0],
                [0.869101, 0.08842, -0.486668, 0.152535, -0.494635, 0.155359, -0.855102, 1.132824, -0.0, 0.983893, 0.178759, 0.706736, 0.0, 0.0, 0.0, 1.0],
                [0.869101, 0.08842, -0.486668, 0.152535, -0.494635, 0.155359, -0.855102, 1.132824, -0.0, 0.983893, 0.178759, 0.706736, 0.0, 0.0, 0.0, 1.0]
            ]
        },
        {
            "name": "Torso",
            "time": [0.0, 0.25, 0.4167, 0.6667, 1.0, 1.1667],
            "transform": [
                [0.999794, -0.005792, 0.019434, 0.0, 0.003938, 0.995555, 0.094098, 0.115569, -0.019892, -0.094002, 0.995373, 0.0, 0.0, 0.0, 0.0, 1.0],
                [0.999794, -0.005792, 0.019434, -0.0, 0.003938, 0.995555, 0.094098, 0.115569, -0.019893, -0.094002, 0.995373, 0.0, 0.0, 0.0, 0.0, 1.0],
                [0.999794, -0.005792, 0.019434, -0.0, 0.003938, 0.995555, 0.094098, 0.115569, -0.019893, -0.094002, 0.995373, 0.0, 0.0, 0.0, 0.0, 1.0],
                [0.999794, -0.005792, 0.019434, -0.0, 0.003938, 0.995555, 0.094098, 0.115569, -0.019893, -0.094002, 0.995373, -0.0, 0.0, 0.0, 0.0, 1.0],
                [0.999794, -0.005792, 0.019434, 0.0, 0.003938, 0.995555, 0.094098, 0.115569, -0.019893, -0.094002, 0.995373, 0.0, 0.0, 0.0, 0.0, 1.0],
                [0.999794, -0.005792, 0.019434, 0.0, 0.003938, 0.995555, 0.094098, 0.115569, -0.019893, -0.094002, 0.995373, 0.0, 0.0, 0.0, 0.0, 1.0]
            ]
        },
        {
            "name": "Chest",
            "time": [0.0, 0.25, 0.4167, 0.6667, 1.0, 1.1667],
            "transform": [
                [0.999957, 0.002468, -0.008984, 0.0, -0.002303, 0.99983, 0.018279, 0.222409, 0.009028, -0.018257, 0.999793, -0.0, 0.0, 0.0, 0.0, 1.0],
                [0.999957, 0.002468, -0.008984, -0.0, -0.002303, 0.99983, 0.018279, 0.22241, 0.009028, -0.018257, 0.999793, 0.0, 0.0, 0.0, 0.0, 1.0],
                [0.962631, 0.002468, 0.270805, 0.0, -0.007319, 0.99983, 0.016907, 0.22241, -0.270717, -0.018257, 0.962486, 0.0, 0.0, 0.0, 0.0, 1.0],
                [0.949145, 0.074496, -0.3059, -0.0, -0.072423, 0.997209, 0.018137, 0.222409, 0.306397, 0.00494, 0.951891, -0.0, 0.0, 0.0, 0.0, 1.0],
                [0.92554, -0.023006, -0.377949, -0.0, 0.067715, 0.992118, 0.105432, 0.222409, 0.372545, -0.123174, 0.919804, -0.0, 0.0, 0.0, 0.0, 1.0],
                [0.92554, -0.023006, -0.377949, -0.0, 0.067715, 0.992118, 0.105432, 0.222409, 0.372545, -0.123174, 0.919804, -0.0, 0.0, 0.0, 0.0, 1.0]
            ]
        },
        {
            "name": "Head",
            "time": [0.0, 0.25, 0.4167, 0.6667, 1.0, 1.1667],
            "transform": [
                [0.999241, -0.002813, 0.038845, -0.0, -0.01264, 0.919981, 0.391759, 0.585241, -0.036838, -0.391953, 0.919247, -0.0, 0.0, 0.0, 0.0, 1.0],
                [0.980438, 0.151227, -0.125982, -0.0, -0.091504, 0.916892, 0.388505, 0.585241, 0.174264, -0.369378, 0.912793, 0.0, 0.0, 0.0, 0.0, 1.0],
                [0.649988, 0.091501, -0.754416, 0.0, 0.35602, 0.840381, 0.408667, 0.585241, 0.67139, -0.534216, 0.513662, -0.0, 0.0, 0.0, 0.0, 1.0],
                [0.590815, -0.002813, 0.806802, -0.0, -0.314702, 0.919981, 0.233661, 0.585241, -0.7429, -0.391953, 0.542654, -0.0, 0.0, 0.0, 0.0, 1.0],
                [0.590815, -0.002813, 0.806802, -0.0, -0.314702, 0.919981, 0.233661, 0.585241, -0.7429, -0.391953, 0.542654, 0.0, 0.0, 0.0, 0.0, 1.0],
                [0.590815, -0.002813, 0.806802, -0.0, -0.314702, 0.919981, 0.233661, 0.585241, -0.7429, -0.391953, 0.542654, 0.0, 0.0, 0.0, 0.0, 1.0]
            ]
        },
        {
            "name": "Arm_L",
            "time": [0.0, 0.25, 0.4167, 0.6667, 1.0, 1.1667],
            "transform": [
                [-0.178362, -0.590178, -0.787323, -0.20071, 0.074787, -0.805969, 0.587214, 0.585979, -0.981118, 0.045855, 0.187892, -0.002076, 0.0, 0.0, 0.0, 1.0],
                [-0.178362, -0.590178, -0.787322, -0.20071, 0.074787, -0.805969, 0.587214, 0.585979, -0.981118, 0.045855, 0.187892, -0.002076, 0.0, 0.0, 0.0, 1.0],
                [-0.511256, -0.716444, -0.474685, -0.20071, -0.01713, -0.543722, 0.83909, 0.585979, -0.859257, 0.437121, 0.265708, -0.002076, 0.0, 0.0, 0.0, 1.0],
                [0.496682, -0.533631, -0.684504, -0.20071, 0.722954, -0.182024, 0.666486, 0.585979, -0.480254, -0.825896, 0.295383, -0.002076, 0.0, 0.0, 0.0, 1.0],
                [0.628669, -0.369094, -0.684504, -0.20071, 0.744805, 0.032576, 0.666486, 0.585979, -0.223698, -0.92882, 0.295383, -0.002076, 0.0, 0.0, 0.0, 1.0],
                [0.628669, -0.369094, -0.684504, -0.20071, 0.744805, 0.032576, 0.666486, 0.585979, -0.223698, -0.92882, 0.295383, -0.002076, 0.0, 0.0, 0.0, 1.0]
            ]
        },
        {
            "name": "Blade",
            "time": [0.0, 0.25, 0.4167, 0.6667, 1.0, 1.1667],
            "transform": [
                [-0.085499, 0.980987, 0.174225, -0.0, -0.642637, 0.079332, -0.762052, 0.779125, -0.761385, -0.177119, 0.623636, -0.0, 0.0, 0.0, 0.0, 1.0],
                [-0.085499, 0.980987, 0.174225, -0.0, -0.642637, 0.079332, -0.762052, 0.779125, -0.761385, -0.177118, 0.623636, -0.0, 0.0, 0.0, 0.0, 1.0],
                [-0.085499, 0.980987, 0.174225, -0.0, -0.642637, 0.079332, -0.762052, 0.779125, -0.761385, -0.177119, 0.623636, -0.0, 0.0, 0.0, 0.0, 1.0],
                [-0.085499, 0.980987, 0.174225, 0.0, -0.642637, 0.079332, -0.762052, 0.779125, -0.761385, -0.177119, 0.623636, -0.0, 0.0, 0.0, 0.0, 1.0],
                [0.000494, 0.827263, 0.561815, -0.0, -0.4854, 0.491389, -0.723135, 0.779125, -0.874292, -0.272348, 0.401796, 0.0, 0.0, 0.0, 0.0, 1.0],
                [0.000494, 0.827263, 0.561815, -0.0, -0.4854, 0.491389, -0.723135, 0.779125, -0.874292, -0.272348, 0.401796, 0.0, 0.0, 0.0, 0.0, 1.0]
            ]
        },
        {
            "name": "Cloth",
            "time": [0.0, 0.25, 0.4167, 0.6667, 1.0, 1.1667],
            "transform": [
                [-0.992195, 0.032201, 0.120469, 0.001532, -0.074132, -0.929147, -0.362202, 0.625485, 0.100269, -0.368305, 0.924284, -0.133792, 0.0, 0.0, 0.0, 1.0],
                [-0.992195, 0.032201, 0.120469, 0.001532, -0.074132, -0.929147, -0.362202, 0.625485, 0.100269, -0.368305, 0.924284, -0.133792, 0.0, 0.0, 0.0, 1.0],
                [-0.903393, 0.34539, 0.254141, 0.001532, -0.406712, -0.877951, -0.25256, 0.625485, 0.135892, -0.331523, 0.933611, -0.133792, 0.0, 0.0, 0.0, 1.0],
                [-0.998321, 0.032201, -0.048146, 0.001532, -0.012149, -0.929147, -0.36951, 0.625485, -0.056635, -0.368305, 0.92798, -0.133792, 0.0, 0.0, 0.0, 1.0],
                [-0.965403, -0.231269, 0.120469, 0.001532, 0.174161, -0.915684, -0.362201, 0.625485, 0.194076, -0.328689, 0.924284, -0.133792, 0.0, 0.0, 0.0, 1.0],
                [-0.965403, -0.231269, 0.120469, 0.001532, 0.174161, -0.915684, -0.362201, 0.625485, 0.194076, -0.328689, 0.924284, -0.133792, 0.0, 0.0, 0.0, 1.0]
            ]
        },
        {
            "name": "LowerCloth",
            "time": [0.0, 0.25, 0.4167, 0.6667, 1.0, 1.1667],