{
    "animation": [
        {
            "name": "Root",
            "time": [0.0, 0.2083, 0.375, 0.625, 0.75, 1.0417],
            "transform": [
                [1.0, 0.0, 0.0, 0.0, 0.0, 0.178759, -0.983893, -0.158286, -0.0, 0.983893, 0.178759, 0.8563, 0.0, 0.0, 0.0, 1.0],
                [0.946435, -0.0, -0.322894, 0.0, -0.317693, 0.178759, -0.931191, -0.481933, 0.05772, 0.983893, 0.169184, 0.8563, 0.0, 0.0, 0.0, 1.0],
                [0.946435, -0.0, -0.322894, 0.0, -0.317693, 0.178759, -0.931191, -0.481933, 0.05772, 0.983893, 0.169184, 0.8563, 0.0, 0.0, 0.0, 1.0],
                [0.844073, -0.214314, 0.491538, 0.0, 0.46202, -0.174601, -0.869513, 0.773812, 0.272171, 0.961033, -0.048359, 0.930943, 0.0, 0.0, 0.0, 1.0],
                [0.844073, -0.214314, 0.491538, 0.0, 0.46202, -0.174601, -0.869513, 0.773812, 0.272171, 0.961033, -0.048359, 0.930943, 0.0, 0.0, 0.0, 1.0],
                [0.832348, -0.211309, 0.512392, 0.0, 0.53686, 0.077588, -0.840096, 0.848079, 0.137765, 0.974335, 0.178023, 0.854291, 0.0, 0.0, 0.0, 1.0]
            ]
        },
        {
            "name": "Torso",
            "time": [0.0, 0.375, 0.625, 0.75, 1.0417],
            "transform": [
                [0.999794, -0.005792, 0.019434, 0.0, 0.003938, 0.995555, 0.094098, 0.115569, -0.019892, -0.094002, 0.995373, 0.0, 0.0, 0.0, 0.0, 1.0],
                [0.999794, -0.005792, 0.019434, -0.0, 0.003938, 0.995555, 0.094098, 0.115569, -0.019893, -0.094002, 0.995373, 0.0, 0.0, 0.0, 0.0, 1.0],
                [0.999794, -0.005792, 0.019434, -0.0, 0.003938, 0.995555, 0.094098, 0.115569, -0.019892, -0.094002, 0.995373, -0.0, 0.0, 0.0, 0.0, 1.0],
                [0.999794, -0.005792, 0.019434, -0.0, 0.003938, 0.995555, 0.094098, 0.115569, -0.019892, -0.094002, 0.995373, -0.0, 0.0, 0.0, 0.0, 1.0],
                [0.999794, -0.005792, 0.019434, -0.0, 0.003938, 0.995555, 0.094098, 0.115569, -0.019892, -0.094002, 0.995373, 0.0, 0.0, 0.0, 0.0, 1.0]
            ]
        },
        {
            "name": "Chest",
            "time": [0.0, 0.2083, 0.375, 0.625, 0.75, 1.0417],
            "transform": [
                [0.999957, 0.002468, -0.008984, 0.0, -0.002303, 0.99983, 0.018279, 0.222409, 0.009028, -0.018257, 0.999793, -0.0, 0.0, 0.0, 0.0, 1.0],
                [0.944427, 0.171323, -0.280548, -0.0, -0.097144, 0.960789, 0.259706, 0.22241, 0.314041, -0.21802, 0.924038, 0.0, 0.0, 0.0, 0.0, 1.0],
                [0.944427, 0.202809, -0.258703, -0.0, -0.097144, 0.924035, 0.369759, 0.22241, 0.314041, -0.324079, 0.892385, 0.0, 0.0, 0.0, 0.0, 1.0],
                [0.944796, 0.202809, 0.257349, -0.0, -0.271631, 0.924035, 0.269026, 0.22241, -0.183238, -0.324079, 0.928115, -0.0, 0.0, 0.0, 0.0, 1.0],
                [0.944796, 0.202809, 0.257349, -0.0, -0.271631, 0.924035, 0.269026, 0.22241, -0.183238, -0.324079, 0.928115, -0.0, 0.0, 0.0, 0.0, 1.0],
                [0.944796, 0.202809, 0.257349, -0.0, -0.271631, 0.924035, 0.269026, 0.22241, -0.183238, -0.324079, 0.928115, -0.0, 0.0, 0.0, 0.0, 1.0]
            ]
        },
        {
            "name": "Head",
            "time": [0.0, 0.2083, 0.375, 0.625, 0.75, 1.0417],
            "transform": [
                [0.999241, -0.002813, 0.038845, -0.0, -0.01264, 0.919981, 0.391759, 0.585241, -0.036838, -0.391953, 0.919247, -0.0, 0.0, 0.0, 0.0, 1.0],
                [0.856154, -0.233211, 0.4611, 0.0, 0.066663, 0.934751, 0.348993, 0.585241, -0.512402, -0.268054, 0.815838, -0.0, 0.0, 0.0, 0.0, 1.0],
                [0.833227, -0.552357, 0.025192, -0.0, 0.549746, 0.83245, 0.069326, 0.585241, -0.059264, -0.043915, 0.997276, 0.0, 0.0, 0.0, 0.0, 1.0],
                [0.768748, 0.325209, -0.550695, 0.0, -0.078463, 0.902517, 0.423445, 0.585241, 0.634721, -0.282314, 0.719325, -0.0, 0.0, 0.0, 0.0, 1.0],
                [0.768748, 0.325209, -0.550695, 0.0, -0.078463, 0.902517, 0.423445, 0.585241, 0.634721, -0.282314, 0.719325, -0.0, 0.0, 0.0, 0.0, 1.0],
                [0.735191, 0.336399, -0.588498, 0.0, -0.126094, 0.920886, 0.368874, 0.585241, 0.666029, -0.196987, 0.719445, 0.0, 0.0, 0.0, 0.0, 1.0]
            ]
        },
        {
            "name": "Arm_L",
            "time": [0.0, 0.2083, 0.375, 0.625, 0.75, 1.0417],
            "transform": [
                [-0.178362, -0.590178, -0.787323, -0.20071, 0.074787, -0.805969, 0.587214, 0.585979, -0.981118, 0.045855, 0.187892, -0.002076, 0.0, 0.0, 0.0, 1.0],
                [-0.178362, -0.819827, -0.544124, -0.20071, 0.074787, -0.562687, 0.82328, 0.58598, -0.981118, 0.106149, 0.161674, -0.002076, 0.0, 0.0, 0.0, 1.0],
                [-0.178362, -0.819827, -0.544124, -0.20071, 0.074787, -0.562687, 0.82328, 0.58598, -0.981118, 0.106149, 0.161674, -0.002076, 0.0, 0.0, 0.0, 1.0],
                [-0.401736, -0.736571, -0.544124, -0.20071, -0.086486, -0.561008, 0.82328, 0.585979, -0.911662, 0.3778, 0.161674, -0.002076, 0.0, 0.0, 0.0, 1.0],
                [-0.401736, -0.736571, -0.544124, -0.20071, -0.086486, -0.561008, 0.82328, 0.585979, -0.911662, 0.3778, 0.161674, -0.002076, 0.0, 0.0, 0.0, 1.0],
                [-0.401736, -0.736571, -0.544124, -0.200709, -0.086485, -0.561008, 0.82328, 0.585979, -0.911662, 0.377801, 0.161674, -0.002076, 0.0, 0.0, 0.0, 1.0]
            ]
        },
        {
            "name": "Blade",
            "time": [0.0, 0.375, 0.625, 0.75, 1.0417],
            "transform": [
                [-0.085499, 0.980987, 0.174225, -0.0, -0.642637, 0.079332, -0.762052, 0.779125, -0.761385, -0.177119, 0.623636, -0.0, 0.0, 0.0, 0.0, 1.0],
                [-0.085499, 0.980987, 0.174225, 0.0, -0.642637, 0.079332, -0.762052, 0.779125, -0.761385, -0.177119, 0.623636, 0.0, 0.0, 0.0, 0.0, 1.0],
                [0.269028, 0.796546, 0.541422, -0.0, -0.55032, 0.588475, -0.592322, 0.779125, -0.790425, -0.138604, 0.596672, 0.0, 0.0, 0.0, 0.0, 1.0],
                [0.269028, 0.796546, 0.541422, -0.0, -0.55032, 0.588475, -0.592322, 0.779125, -0.790425, -0.138604, 0.596672, 0.0, 0.0, 0.0, 0.0, 1.0],
                [0.269028, 0.796546, 0.541422, -0.0, -0.55032, 0.588475, -0.592322, 0.779125, -0.790425, -0.138604, 0.596671, 0.0, 0.0, 0.0, 0.0, 1.0]
            ]
        },
        {
            "name": "Cloth",
            "time": [0.0, 0.375, 0.625, 1.0417],
            "transform": [
                [-0.992195, 0.032201, 0.120469, 0.001532, -0.074132, -0.929147, -0.362202, 0.625485, 0.100269, -0.368305, 0.924284, -0.133792, 0.0, 0.0, 0.0, 1.0],
                [-0.992195, 0.006637, 0.124522, 0.001532, -0.074132, -0.834354, -0.546222, 0.625485, 0.100269, -0.551189, 0.828336, -0.133792, 0.0, 0.0, 0.0, 1.0],
                [-0.811824, -0.158099, 0.562092, 0.001532, -0.32633, -0.675427, -0.661292, 0.625485, 0.484202, -0.720281, 0.496737, -0.133792, 0.0, 0.0, 0.0, 1.0],
                [-0.982885, 0.135766, 0.124522, 0.001532, -0.182136, -0.817599, -0.546222, 0.625485, 0.02765, -0.559553, 0.828336, -0.133792, 0.0, 0.0, 0.0, 1.0]
            ]
        },
        {
            "name": "LowerCloth",
            "time": [0.0, 0.375, 0.625, 1.0417],
            "transform": [
                [0.991727, 0.011836, 0.127818, -0.0, -0.029337, 0.990286, 0.13592, 0.627449, -0.124967, -0.138545, 0.98244, -0.0, 0.0, 0.0, 0.0, 1.0],
                [0.991727, 0.011836, 0.127818, 0.0, -0.029337, 0.990285, 0.13592, 0.627449, -0.124967, -0.138545, 0.98244, 0.0, 0.0, 0.0, 0.0, 1.0],
                [0.991727, -0.01587, 0.12738, -0.0, -0.029337, 0.938044, 0.345272, 0.627449, -0.124967, -0.346152, 0.929818, -0.0, 0.0, 0.0, 0.0, 1.0],
                [0.985011, -0.11583, 0.127818, 0.0, 0.09829, 0.985832, 0.13592, 0.627449, -0.14175, -0.121319, 0.98244, 0.0, 0.0, 0.0, 0.0, 1.0]
            ]
        },
        {
            "name": "Leg_L",
            "time": [0.0, 0.2083, 0.375, 0.625, 0.75, 1.0417],