{
    "animation": [
        {
            "name": "Root",
            "time": [0.0, 0.3333, 0.5417, 0.7083, 0.8333, 1.2083, 1.375],
            "transform": [
                [1.0, 0.0, 0.0, 0.0, 0.0, 0.178759, -0.983893, -0.158286, -0.0, 0.983893, 0.178759, 0.8563, 0.0, 0.0, 0.0, 1.0],
                [0.963324, -0.047968, 0.26402, 0.04779, 0.268342, 0.172203, -0.947807, 0.155426, -0.0, 0.983893, 0.178759, 0.841285, 0.0, 0.0, 0.0, 1.0],
                [0.963324, -0.047968, 0.26402, 0.042707, 0.268342, 0.172203, -0.947807, 0.155426, -0.0, 0.983893, 0.178759, 0.77335, 0.0, 0.0, 0.0, 1.0],
                [0.99974, -0.004075, 0.022429, 0.021656, 0.021927, 0.440987, -0.897245, 1.246966, -0.006235, 0.897504, 0.440962, 0.912783, 0.0, 0.0, 0.0, 1.0],
                [0.960172, 0.049947, -0.27491, 0.042707, -0.279411, 0.171639, -0.944706, 2.57837, -0.0, 0.983893, 0.178759, 0.77335, 0.0, 0.0, 0.0, 1.0],
                [0.960172, 0.049947, -0.27491, 0.042707, -0.279411, 0.171639, -0.944706, 3.040183, -0.0, 0.983893, 0.178759, 0.77335, 0.0, 0.0, 0.0, 1.0],
                [0.960172, 0.049947, -0.27491, 0.042707, -0.279411, 0.171639, -0.944706, 3.040183, -0.0, 0.983893, 0.178759, 0.77335, 0.0, 0.0, 0.0, 1.0]
            ]
        },
        {
            "name": "Torso",
            "time": [0.0, 0.3333, 0.5417, 0.8333, 1.2083, 1.375],
            "transform": [
                [0.999794, -0.005792, 0.019434, 0.0, 0.003938, 0.995555, 0.094098, 0.115569, -0.019892, -0.094002, 0.995373, 0.0, 0.0, 0.0, 0.0, 1.0],
                [0.999794, -0.005792, 0.019434, 0.0, 0.003938, 0.995555, 0.094098, 0.115569, -0.019892, -0.094002, 0.995373, -0.0, 0.0, 0.0, 0.0, 1.0],
                [0.999794, -0.005792, 0.019434, -0.0, 0.003938, 0.995555, 0.094098, 0.115569, -0.019892, -0.094002, 0.995373, -0.0, 0.0, 0.0, 0.0, 1.0],
                [0.999794, -0.005792, 0.019431, -0.0, 0.003938, 0.995555, 0.094098, 0.115569, -0.01989, -0.094002, 0.995373, 0.0, 0.0, 0.0, 0.0, 1.0],
                [0.999794, -0.005792, 0.019431, -0.0, 0.003938, 0.995555, 0.094098, 0.115569, -0.01989, -0.094002, 0.995373, 0.0, 0.0, 0.0, 0.0, 1.0],
                [0.999794, -0.005792, 0.019431, -0.0, 0.003938, 0.995555, 0.094098, 0.115569, -0.01989, -0.094002, 0.995373, 0.0, 0.0, 0.0, 0.0, 1.0]
            ]
        },
        {
            "name": "Chest",
            "time": [0.0, 0.3333, 0.5417, 0.8333, 1.2083, 1.375],
            "transform": [
                [0.999957, 0.002468, -0.008984, 0.0, -0.002303, 0.99983, 0.018279, 0.222409, 0.009028, -0.018257, 0.999793, -0.0, 0.0, 0.0, 0.0, 1.0],
                [0.979037, 0.002468, 0.203668, -0.0, -0.006134, 0.99983, 0.017372, 0.222409, -0.20359, -0.018257, 0.978886, 0.0, 0.0, 0.0, 0.0, 1.0],
                [0.975067, -0.003142, 0.22189, -0.0, -0.000985, 0.999829, 0.018487, 0.222409, -0.221911, -0.018245, 0.974896, -0.0, 0.0, 0.0, 0.0, 1.0],
                [0.814389, -0.003142, -0.580311, -0.0, 0.013146, 0.999829, 0.013035, 0.22241, 0.580171, -0.018245, 0.814291, 0.0, 0.0, 0.0, 0.0, 1.0],
                [0.814389, -0.003142, -0.580311, -0.0, 0.013146, 0.999829, 0.013035, 0.22241, 0.580171, -0.018245, 0.814291, -0.0, 0.0, 0.0, 0.0, 1.0],
                [0.814389, -0.003142, -0.580311, -0.0, 0.013146, 0.999829, 0.013035, 0.22241, 0.580171, -0.018245, 0.814291, -0.0, 0.0, 0.0, 0.0, 1.0]
            ]
        },
        {
            "name": "Head",
            "time": [0.0, 0.3333, 0.5417, 0.8333, 1.2083, 1.375],
            "transform": [
                [0.999241, -0.002813, 0.038845, -0.0, -0.01264, 0.919981, 0.391759, 0.585241, -0.036838, -0.391953, 0.919247, -0.0, 0.0, 0.0, 0.0, 1.0],
                [0.959341, 0.141107, -0.244445, -0.0, -0.039285, 0.924386, 0.379431, 0.585241, 0.279502, -0.354401, 0.892344, 0.0, 0.0, 0.0, 0.0, 1.0],
                [0.840095, 0.171976, -0.514457, 0.0, 0.047947, 0.921157, 0.386227, 0.585241, 0.540317, -0.349133, 0.765613, 0.0, 0.0, 0.0, 0.0, 1.0],
                [0.741658, 0.171976, 0.648357, -0.0, -0.354334, 0.921157, 0.160988, 0.585241, -0.569552, -0.349133, 0.744121, 0.0, 0.0, 0.0, 0.0, 1.0],
                [0.851117, -0.190111, 0.489344, -0.0, 0.01987, 0.943124, 0.331846, 0.585241, -0.5246, -0.272716, 0.806486, 0.0, 0.0, 0.0, 0.0, 1.0],
                [0.851117, -0.190111, 0.489344, -0.0, 0.01987, 0.943124, 0.331846, 0.585241, -0.5246, -0.272716, 0.806486, 0.0, 0.0, 0.0, 0.0, 1.0]
            ]
        },
        {
            "name": "Arm_L",
            "time": [0.0, 0.3333, 0.5417, 0.7083, 0.8333, 1.0, 1.2083, 1.375],
            "transform": [
                [-0.178362, -0.590178, -0.787323, -0.20071, 0.074787, -0.805969, 0.587214, 0.585979, -0.981118, 0.045855, 0.187892, -0.002076, 0.0, 0.0, 0.0, 1.0],
                [-0.360731, -0.872447, -0.329711, -0.20071, 0.003672, -0.354838, 0.93492, 0.585979, -0.932662, 0.336044, 0.131205, -0.002076, 0.0, 0.0, 0.0, 1.0],
                [-0.454386, -0.822167, -0.342892, -0.20071, -0.014605, -0.377996, 0.925692, 0.58598, -0.890684, 0.42563, 0.159749, -0.002076, 0.0, 0.0, 0.0, 1.0],
                [0.15834, -0.982367, -0.099419, -0.20071, 0.474666, -0.012559, 0.880076, 0.58598, -0.865806, -0.186541, 0.464308, -0.002076, 0.0, 0.0, 0.0, 1.0],
                [0.627463, -0.741292, -0.238279, -0.20071, 0.352259, -0.002665, 0.935899, 0.58598, -0.694409, -0.671177, 0.259454, -0.002076, 0.0, 0.0, 0.0, 1.0],
                [0.510365, -0.849776, -0.131942, -0.20071, 0.297337, 0.030408, 0.954288, 0.58598, -0.806919, -0.526266, 0.268189, -0.002076, 0.0, 0.0, 0.0, 1.0],
                [0.510365, -0.849776, -0.131942, -0.20071, 0.297337, 0.030408, 0.954288, 0.585979, -0.806919, -0.526266, 0.268189, -0.002076, 0.0, 0.0, 0.0, 1.0],
                [0.510365, -0.849776, -0.131942, -0.20071, 0.297337, 0.030408, 0.954288, 0.585979, -0.806919, -0.526266, 0.268189, -0.002076, 0.0, 0.0, 0.0, 1.0]
            ]
        },
        {
            "name": "Blade",
            "time": [0.0, 0.3333, 0.5417, 0.625, 0.7083, 0.8333, 1.0, 1.2083, 1.375],
            "transform": [
                [-0.085499, 0.980987, 0.174225, -0.0, -0.642637, 0.079332, -0.762052, 0.779125, -0.761385, -0.177119, 0.623636, -0.0, 0.0, 0.0, 0.0, 1.0],
                [-0.554, 0.754658, -0.351533, 0.0, -0.384955, -0.606611, -0.695581, 0.779125, -0.73817, -0.250027, 0.626571, -0.0, 0.0, 0.0, 0.0, 1.0],
                [-0.617336, 0.662472, -0.424295, 0.0, -0.284137, -0.690688, -0.664994, 0.779125, -0.733595, -0.289967, 0.614619, -0.0, 0.0, 0.0, 0.0, 1.0],
                [-0.608097, 0.649809, -0.456034, 0.0, -0.228, -0.693204, -0.683729, 0.779125, -0.760417, -0.311797, 0.569691, -0.0, 0.0, 0.0, 0.0, 1.0],
                [-0.112439, 0.985505, 0.127033, -0.0, -0.269271, 0.09284, -0.958579, 0.779125, -0.956478, -0.141988, 0.254929, -0.0, 0.0, 0.0, 0.0, 1.0],
                [0.120796, 0.096042, 0.98802, -0.0, 0.007673, 0.995189, -0.097676, 0.779125, -0.992648, 0.019381, 0.119478, -0.0, 0.0, 0.0, 0.0, 1.0],
                [0.215572, 0.267141, 0.939236, -0.0, -0.136858, 0.960623, -0.241813, 0.779125, -0.96685, -0.076413, 0.243644, -0.0, 0.0, 0.0, 0.0, 1.0],
                [0.215572, 0.267141, 0.939236, 0.0, -0.136858, 0.960623, -0.241813, 0.779125, -0.96685, -0.076413, 0.243644, -0.0, 0.0, 0.0, 0.0, 1.0],
                [0.215572, 0.267141, 0.939236, 0.0, -0.136858, 0.960623, -0.241813, 0.779125, -0.96685, -0.076413, 0.243644, -0.0, 0.0, 0.0, 0.0, 1.0]
            ]
        },
        {
            "name": "Cloth",
            "time": [0.0, 0.3333, 0.5417, 0.75, 1.2083, 1.375],