{
    "animation": [
        {
            "name": "Root",
            "time": [0.0, 0.2083, 0.5833, 0.875],
            "transform": [
                [1.0, 0.0, 0.0, 0.0, 0.0, 0.178759, -0.983893, -0.158286, -0.0, 0.983893, 0.178759, 0.8563, 0.0, 0.0, 0.0, 1.0],
                [1.0, 0.0, 0.0, 0.0, 0.0, -0.371217, -0.928546, -0.158286, 0.0, 0.928546, -0.371217, 0.8563, 0.0, 0.0, 0.0, 1.0],
                [1.0, -0.0, 0.0, 0.0, 0.0, -0.251825, -0.967773, -0.158286, 0.0, 0.967773, -0.251825, 0.763912, 0.0, 0.0, 0.0, 1.0],
                [1.0, 0.0, 0.0, 0.0, 0.0, 0.178759, -0.983893, -0.158286, -0.0, 0.983893, 0.178759, 0.8563, 0.0, 0.0, 0.0, 1.0]
            ]
        },
        {
            "name": "Torso",
            "time": [0.0, 0.2083, 0.875],
            "transform": [
                [0.999794, -0.005792, 0.019434, 0.0, 0.003938, 0.995555, 0.094098, 0.115569, -0.019892, -0.094002, 0.995373, 0.0, 0.0, 0.0, 0.0, 1.0],
                [0.999794, -0.005792, 0.019434, -0.0, 0.008974, 0.985763, -0.1679, 0.115569, -0.018185, 0.168039, 0.985613, -0.0, 0.0, 0.0, 0.0, 1.0],
                [0.999794, -0.005792, 0.019434, 0.0, 0.003938, 0.995555, 0.094098, 0.115569, -0.019892, -0.094002, 0.995373, 0.0, 0.0, 0.0, 0.0, 1.0]
            ]
        },
        {
            "name": "Chest",
            "time": [0.0, 0.2083, 0.5833, 0.875],
            "transform": [
                [0.999957, 0.002468, -0.008984, 0.0, -0.002303, 0.99983, 0.018279, 0.222409, 0.009028, -0.018257, 0.999793, -0.0, 0.0, 0.0, 0.0, 1.0],
                [0.999866, 0.015737, 0.004485, -0.0, -0.012404, 0.55015, 0.834974, 0.222409, 0.010673, -0.834918, 0.550271, 0.0, 0.0, 0.0, 0.0, 1.0],
                [0.999894, 0.014507, 0.001367, 0.0, -0.010871, 0.680194, 0.732952, 0.222409, 0.009704, -0.732889, 0.680279, -0.0, 0.0, 0.0, 0.0, 1.0],
                [0.999957, 0.002468, -0.008984, 0.0, -0.002303, 0.99983, 0.018279, 0.222409, 0.009028, -0.018257, 0.999793, -0.0, 0.0, 0.0, 0.0, 1.0]
            ]
        },
        {
            "name": "Head",
            "time": [0.0, 0.2083, 0.5833, 0.875],
            "transform": [
                [0.999241, -0.002813, 0.038845, -0.0, -0.01264, 0.919981, 0.391759, 0.585241, -0.036838, -0.391953, 0.919247, -0.0, 0.0, 0.0, 0.0, 1.0],
                [0.999184, -0.00144, 0.040369, -0.0, -0.021265, 0.830939, 0.555957, 0.585241, -0.034345, -0.556361, 0.83023, 0.0, 0.0, 0.0, 0.0, 1.0],
                [0.999119, -0.000454, 0.041963, -0.0, -0.028609, 0.724173, 0.689024, 0.585241, -0.030701, -0.689618, 0.723522, 0.0, 0.0, 0.0, 0.0, 1.0],
                [0.999241, -0.002813, 0.038845, -0.0, -0.01264, 0.919981, 0.391759, 0.585241, -0.036838, -0.391953, 0.919247, -0.0, 0.0, 0.0, 0.0, 1.0]
            ]
        },
        {
            "name": "Arm_L",
            "time": [0.0, 0.2083, 0.5833, 0.875],
            "transform": [
                [-0.178362, -0.590178, -0.787323, -0.20071, 0.074787, -0.805969, 0.587214, 0.585979, -0.981118, 0.045855, 0.187892, -0.002076, 0.0, 0.0, 0.0, 1.0],
                [-0.139813, -0.764631, -0.62912, -0.20071, 0.115318, -0.643611, 0.756615, 0.58598, -0.983439, 0.033236, 0.17816, -0.002076, 0.0, 0.0, 0.0, 1.0],
                [-0.129039, -0.626849, -0.768381, -0.20071, 0.087047, -0.779028, 0.620917, 0.585979, -0.987811, 0.013238, 0.15509, -0.002076, 0.0, 0.0, 0.0, 1.0],
                [-0.178362, -0.590178, -0.787323, -0.20071, 0.074787, -0.805969, 0.587214, 0.585979, -0.981118, 0.045855, 0.187892, -0.002076, 0.0, 0.0, 0.0, 1.0]
            ]
        },
        {
            "name": "Blade",
            "time": [0.0, 0.875],
            "transform": [
                [-0.085499, 0.980987, 0.174225, -0.0, -0.642637, 0.079332, -0.762052, 0.779125, -0.761385, -0.177119, 0.623636, -0.0, 0.0, 0.0, 0.0, 1.0],
                [-0.085499, 0.980987, 0.174225, -0.0, -0.642637, 0.079332, -0.762052, 0.779125, -0.761385, -0.177119, 0.623636, -0.0, 0.0, 0.0, 0.0, 1.0]
            ]
        },
        {
            "name": "Cloth",
            "time": [0.0, 0.2083, 0.5833, 0.875],
            "transform": [
                [-0.992195, 0.032201, 0.120469, 0.001532, -0.074132, -0.929147, -0.362202, 0.625485, 0.100269, -0.368305, 0.924284, -0.133792, 0.0, 0.0, 0.0, 1.0],
                [-0.973668, -0.068563, 0.217419, 0.001532, -0.128474, -0.622813, -0.77175, 0.625485, 0.188324, -0.779362, 0.597606, -0.133792, 0.0, 0.0, 0.0, 1.0],
                [-0.971156, 0.030512, -0.236484, 0.001532, 0.154661, -0.674248, -0.722129, 0.625485, -0.181485, -0.737875, 0.650083, -0.133791, 0.0, 0.0, 0.0, 1.0],
                [-0.992195, 0.032201, 0.120469, 0.001532, -0.074132, -0.929147, -0.362202, 0.625485, 0.100269, -0.368305, 0.924284, -0.133792, 0.0, 0.0, 0.0, 1.0]
            ]
        },
        {
            "name": "LowerCloth",
            "time": [0.0, 0.2083, 0.5833, 0.875],
            "transform": [
                [0.991727, 0.011836, 0.127818, -0.0, -0.029337, 0.990286, 0.13592, 0.627449, -0.124967, -0.138545, 0.98244, -0.0, 0.0, 0.0, 0.0, 1.0],
                [0.993454, 0.108762, 0.034919, -0.0, -0.112424, 0.985085, 0.130261, 0.627449, -0.02023, -0.133334, 0.990865, -0.0, 0.0, 0.0, 0.0, 1.0],
                [0.923314, -0.042726, 0.381662, -0.0, -0.007934, 0.991458, 0.130185, 0.627449, -0.383964, -0.12323, 0.915088, -0.0, 0.0, 0.0, 0.0, 1.0],
                [0.991727, 0.011836, 0.127818, -0.0, -0.029337, 0.990286, 0.13592, 0.627449, -0.124967, -0.138545, 0.98244, -0.0, 0.0, 0.0, 0.0, 1.0]
            ]
        },
        {
            "name": "Leg_L",
            "time": [0.0, 0.2083, 0.5833, 0.875],
            "transform": [
                [-0.978688, 0.025622, 0.203749, -0.207806, -0.19538, -0.421642, -0.885463, 0.115569, 0.063222, -0.906401, 0.417662, -0.0, 0.0, 0.0, 0.0, 1.0],
                [-0.909695, -0.108034, 0.400979, -0.207806, -0.058838, -0.922298, -0.381976, 0.115569, 0.411088, -0.371075, 0.832653, -0.0, 0.0, 0.0, 0.0, 1.0],
                [-0.975499, -0.085014, 0.202915, -0.207806, -0.147527, -0.431457, -0.88999, 0.115569, 0.16321, -0.898119, 0.408343, -0.0, 0.0, 0.0, 0.0, 1.0],
                [-0.978688, 0.025622, 0.203749, -0.207806, -0.19538, -0.421642, -0.885463, 0.115569, 0.063222, -0.906401, 0.417662, -0.0, 0.0, 0.0, 0.0, 1.0]
            ]
        },
        {
            "name": "Shin_L",
            "time": [0.0, 0.875],
            "transform": [
                [0.978659, 0.190258, -0.077644, -0.0, -0.025139, -0.26416, -0.964151, 0.509061, -0.203948, 0.945527, -0.25374, 0.0, 0.0, 0.0, 0.0, 1.0],
                [0.978659, 0.190258, -0.077644, -0.0, -0.025139, -0.26416, -0.964151, 0.509061, -0.203948, 0.945527, -0.25374, 0.0, 0.0, 0.0, 0.0, 1.0]
            ]
        },
        {
            "name": "Foot_L",
            "time": [0.0, 0.875],
            "transform": [
                [0.99669, 0.017068, 0.079485, -0.0, -0.070447, 0.669315, 0.739632, 0.436117, -0.040576, -0.742783, 0.668302, 0.0, 0.0, 0.0, 0.0, 1.0],
                [0.99669, 0.017068, 0.079485, -0.0, -0.070447, 0.669315, 0.739632, 0.436117, -0.040576, -0.742783, 0.668302, 0.0, 0.0, 0.0, 0.0, 1.0]
            ]
        },
        {
            "name": "Leg_R",
            "time": [0.0, 0.2083, 0.5833, 0.875],
            "transform": [
                [-0.978688, 0.025622, 0.203749, 0.191296, -0.19538, -0.421642, -0.885463, 0.113517, 0.063222, -0.9064, 0.417662, 0.00081, 0.0, 0.0, 0.0, 1.0],
                [-0.977249, 0.143031, 0.156608, 0.191296, -0.211055, -0.58282, -0.784715, 0.113517, -0.020964, -0.799915, 0.599748, 0.00081, 0.0, 0.0, 0.0, 1.0],
                [-0.987557, 0.017372, 0.156297, 0.191296, -0.054463, -0.970155, -0.23629, 0.113517, 0.147528, -0.241862, 0.95903, 0.00081, 0.0, 0.0, 0.0, 1.0],
                [-0.978688, 0.025622, 0.203749, 0.191296, -0.19538, -0.421642, -0.885463, 0.113517, 0.063222, -0.9064, 0.417662, 0.00081, 0.0, 0.0, 0.0, 1.0]
            ]
        },
        {
            "name": "Shin_R",