{
    "animation": [
        {
            "name": "Root",
            "time": [0.0, 0.125, 0.4583, 0.7083, 1.0, 1.5833, 2.0833],
            "transform": [
                [1.0, 0.0, 0.0, 0.0, 0.0, 0.178759, -0.983893, -0.158286, -0.0, 0.983893, 0.178759, 0.8563, 0.0, 0.0, 0.0, 1.0],
                [1.0, 0.0, 0.0, 0.0, 0.0, -0.311341, -0.950298, -0.158286, 0.0, 0.950298, -0.311341, 0.8563, 0.0, 0.0, 0.0, 1.0],
                [1.0, 0.0, 0.0, 0.0, 0.0, -0.355218, -0.934784, -0.158286, 0.0, 0.934784, -0.355218, 0.8563, 0.0, 0.0, 0.0, 1.0],
                [1.0, 0.0, 0.0, 0.0, 0.0, 0.363625, -0.931546, -0.158286, -0.0, 0.931546, 0.363625, 0.567555, 0.0, 0.0, 0.0, 1.0],
                [1.0, 0.0, 0.0, 0.0, 0.0, 0.363625, -0.931546, -0.158286, -0.0, 0.931546, 0.363625, 0.514059, 0.0, 0.0, 0.0, 1.0],
                [1.0, 0.0, 0.0, 0.0, 0.0, 0.363625, -0.931546, -0.158286, -0.0, 0.931546, 0.363625, 0.514059, 0.0, 0.0, 0.0, 1.0],
                [1.0, 0.0, 0.0, 0.0, 0.0, 0.178759, -0.983893, -0.158286, -0.0, 0.983893, 0.178759, 0.8563, 0.0, 0.0, 0.0, 1.0]
            ]
        },
        {
            "name": "Torso",
            "time": [0.0, 0.125, 0.4583, 1.0, 1.5833, 2.0833],
            "transform": [
                [0.999794, -0.005792, 0.019434, 0.0, 0.003938, 0.995555, 0.094098, 0.115569, -0.019892, -0.094002, 0.995373, 0.0, 0.0, 0.0, 0.0, 1.0],
                [0.999794, -0.005792, 0.019434, 0.0, 0.010739, 0.964144, -0.265162, 0.115569, -0.017201, 0.265317, 0.964008, 0.0, 0.0, 0.0, 0.0, 1.0],
                [0.999794, -0.005792, 0.019434, -0.0, 0.010739, 0.964144, -0.265162, 0.115569, -0.017201, 0.265317, 0.964008, 0.0, 0.0, 0.0, 0.0, 1.0],
                [0.999794, -0.005792, 0.019434, 0.0, 0.010739, 0.964144, -0.265162, 0.115569, -0.017201, 0.265317, 0.964008, -0.0, 0.0, 0.0, 0.0, 1.0],
                [0.999794, -0.005792, 0.019434, 0.0, 0.010739, 0.964144, -0.265162, 0.115569, -0.017201, 0.265317, 0.964008, -0.0, 0.0, 0.0, 0.0, 1.0],
                [0.999794, -0.005792, 0.019434, 0.0, 0.003938, 0.995555, 0.094098, 0.115569, -0.019892, -0.094002, 0.995373, 0.0, 0.0, 0.0, 0.0, 1.0]
            ]
        },
        {
            "name": "Chest",
            "time": [0.0, 0.125, 0.4583, 0.7083, 1.0, 1.5833, 1.7917, 2.0833],
            "transform": [
                [0.999957, 0.002468, -0.008984, 0.0, -0.002303, 0.99983, 0.018279, 0.222409, 0.009028, -0.018257, 0.999793, -0.0, 0.0, 0.0, 0.0, 1.0],
                [0.999935, 0.010713, -0.003947, 0.0, -0.007515, 0.877888, 0.478807, 0.22241, 0.008594, -0.478746, 0.877911, -0.0, 0.0, 0.0, 0.0, 1.0],
                [0.999952, -0.000941, -0.009752, -0.0, -0.000568, 0.988125, -0.153648, 0.222409, 0.009781, 0.153646, 0.988078, -0.0, 0.0, 0.0, 0.0, 1.0],
                [0.99994, 0.009874, -0.004745, 0.0, -0.006894, 0.903781, 0.427939, 0.22241, 0.008514, -0.427881, 0.903795, 0.0, 0.0, 0.0, 0.0, 1.0],
                [0.999924, 0.012146, -0.002342, 0.0, -0.008654, 0.8222, 0.569133, 0.222409, 0.008838, -0.56907, 0.822242, 0.0, 0.0, 0.0, 0.0, 1.0],
                [0.999924, 0.012146, -0.002342, 0.0, -0.008654, 0.8222, 0.569133, 0.222409, 0.008838, -0.56907, 0.822242, 0.0, 0.0, 0.0, 0.0, 1.0],
                [0.999912, 0.013238, -0.000843, -0.0, -0.00961, 0.766766, 0.641855, 0.22241, 0.009144, -0.64179, 0.766826, -0.0, 0.0, 0.0, 0.0, 1.0],
                [0.999957, 0.002468, -0.008984, 0.0, -0.002303, 0.99983, 0.018279, 0.222409, 0.009028, -0.018257, 0.999793, -0.0, 0.0, 0.0, 0.0, 1.0]
            ]
        },
        {
            "name": "Head",
            "time": [0.0, 0.125, 0.4583, 0.7083, 1.0, 1.5833, 1.7917, 2.0833],
            "transform": [
                [0.999241, -0.002813, 0.038845, -0.0, -0.01264, 0.919981, 0.391759, 0.585241, -0.036838, -0.391953, 0.919247, -0.0, 0.0, 0.0, 0.0, 1.0],
                [0.999107, -0.000314, 0.04225, -0.0, -0.029794, 0.703773, 0.709799, 0.585241, -0.029957, -0.710424, 0.703136, 0.0, 0.0, 0.0, 0.0, 1.0],
                [0.999206, -0.001899, 0.039794, 0.0, -0.018229, 0.866373, 0.499065, 0.585241, -0.035424, -0.499394, 0.86565, -0.0, 0.0, 0.0, 0.0, 1.0],
                [0.999104, -0.000276, 0.042331, 0.0, -0.030124, 0.697923, 0.715539, 0.585241, -0.029742, -0.716173, 0.697289, 0.0, 0.0, 0.0, 0.0, 1.0],
                [0.999182, -0.001417, 0.0404, 0.0, -0.021421, 0.828982, 0.558864, 0.585241, -0.034283, -0.559273, 0.828274, -0.0, 0.0, 0.0, 0.0, 1.0],
                [0.999182, -0.001417, 0.0404, 0.0, -0.021421, 0.828982, 0.558864, 0.585241, -0.034283, -0.559273, 0.828274, -0.0, 0.0, 0.0, 0.0, 1.0],
                [0.999118, -0.000442, 0.041986, -0.0, -0.028708, 0.722517, 0.690757, 0.585241, -0.030641, -0.691353, 0.721867, -0.0, 0.0, 0.0, 0.0, 1.0],
                [0.999241, -0.002813, 0.038845, -0.0, -0.01264, 0.919981, 0.391759, 0.585241, -0.036838, -0.391953, 0.919247, -0.0, 0.0, 0.0, 0.0, 1.0]
            ]
        },
        {
            "name": "Arm_L",
            "time": [0.0, 0.125, 0.4583, 0.7083, 1.0, 1.5833, 1.7917, 2.0833],
            "transform": [
                [-0.178362, -0.590178, -0.787323, -0.20071, 0.074787, -0.805969, 0.587214, 0.585979, -0.981118, 0.045855, 0.187892, -0.002076, 0.0, 0.0, 0.0, 1.0],
                [-0.178554, -0.585012, -0.791125, -0.20071, 0.609602, -0.69691, 0.377759, 0.585979, -0.772337, -0.41482, 0.481061, -0.002076, 0.0, 0.0, 0.0, 1.0],
                [-0.180278, -0.582213, -0.792798, -0.20071, 0.830438, -0.522041, 0.194538, 0.58598, -0.527135, -0.623298, 0.577604, -0.002076, 0.0, 0.0, 0.0, 1.0],
                [-0.203592, -0.349201, -0.914663, -0.20071, 0.563261, -0.805916, 0.182309, 0.585979, -0.800804, -0.478077, 0.36077, -0.002076, 0.0, 0.0, 0.0, 1.0],
                [-0.204337, -0.347299, -0.915221, -0.20071, 0.706159, -0.699786, 0.107887, 0.585979, -0.677927, -0.624245, 0.388241, -0.002076, 0.0, 0.0, 0.0, 1.0],
                [-0.204337, -0.347299, -0.915221, -0.20071, 0.706159, -0.699786, 0.107887, 0.585979, -0.677927, -0.624245, 0.388241, -0.002076, 0.0, 0.0, 0.0, 1.0],
                [-0.173452, -0.435213, -0.883461, -0.20071, 0.792429, -0.594332, 0.137203, 0.585979, -0.584782, -0.676282, 0.447964, -0.002076, 0.0, 0.0, 0.0, 1.0],
                [-0.178362, -0.590178, -0.787323, -0.20071, 0.074787, -0.805969, 0.587214, 0.585979, -0.981118, 0.045855, 0.187892, -0.002076, 0.0, 0.0, 0.0, 1.0]
            ]
        },
        {
            "name": "Blade",
            "time": [0.0, 0.4583, 0.7083, 1.0, 1.5833, 2.0833],
            "transform": [
                [-0.085499, 0.980987, 0.174225, -0.0, -0.642637, 0.079332, -0.762052, 0.779125, -0.761385, -0.177119, 0.623636, -0.0, 0.0, 0.0, 0.0, 1.0],
                [-0.085499, 0.980987, 0.174225, 0.0, -0.642637, 0.079332, -0.762052, 0.779125, -0.761385, -0.177118, 0.623636, -0.0, 0.0, 0.0, 0.0, 1.0],
                [0.029428, 0.85242, 0.522029, -0.0, -0.584815, 0.438224, -0.682607, 0.779125, -0.810633, -0.285203, 0.511404, 0.0, 0.0, 0.0, 0.0, 1.0],
                [0.029428, 0.85242, 0.522029, -0.0, -0.584815, 0.438224, -0.682607, 0.779125, -0.810633, -0.285203, 0.511404, -0.0, 0.0, 0.0, 0.0, 1.0],
                [0.029428, 0.85242, 0.522029, -0.0, -0.584815, 0.438224, -0.682607, 0.779125, -0.810633, -0.285203, 0.511404, -0.0, 0.0, 0.0, 0.0, 1.0],
                [-0.085499, 0.980987, 0.174225, -0.0, -0.642637, 0.079332, -0.762052, 0.779125, -0.761385, -0.177119, 0.623636, -0.0, 0.0, 0.0, 0.0, 1.0]
            ]
        },
        {
            "name": "Cloth",
            "time": [0.0, 0.25, 0.4583, 0.7083, 1.0, 1.5833, 2.0833],