{
    "animation": [
        {
            "name": "Root",
            "time": [0.0, 0.2333, 0.4833, 1.4],
            "transform": [
                [1.0, -0.0, 0.0, -0.005131, -0.0, -0.968749, -0.248041, 0.327471, 0.0, 0.248041, -0.968749, 0.031464, 0.0, 0.0, 0.0, 1.0],
                [1.0, -0.0, 0.0, -0.005131, -0.0, -0.999395, 0.034786, 0.327471, 0.0, -0.034786, -0.999395, 0.031464, 0.0, 0.0, 0.0, 1.0],
                [1.0, -0.0, 0.0, -0.005131, -0.0, -0.999395, 0.034786, 0.327471, 0.0, -0.034786, -0.999395, 0.031464, 0.0, 0.0, 0.0, 1.0],
                [1.0, -0.0, 0.0, -0.005131, -0.0, -0.999395, 0.034786, 0.327471, 0.0, -0.034786, -0.999395, 0.031464, 0.0, 0.0, 0.0, 1.0]
            ]
        },
        {
            "name": "Torso",
            "time": [0.0, 0.3667, 0.4833, 1.4],
            "transform": [
                [0.999794, -0.005792, 0.019434, 0.0, 0.003938, 0.995555, 0.094098, 0.115569, -0.019892, -0.094002, 0.995373, -0.0, 0.0, 0.0, 0.0, 1.0],
                [0.999849, -0.01547, -0.007883, 0.0, 0.016943, 0.968529, 0.248322, 0.115569, 0.003793, -0.248418, 0.968645, 0.0, 0.0, 0.0, 0.0, 1.0],
                [0.999849, -0.01645, -0.005555, 0.0, 0.016943, 0.994308, 0.105186, 0.115569, 0.003793, -0.105264, 0.994437, 0.0, 0.0, 0.0, 0.0, 1.0],
                [0.999849, -0.01645, -0.005555, 0.0, 0.016943, 0.994308, 0.105186, 0.115569, 0.003793, -0.105264, 0.994437, 0.0, 0.0, 0.0, 0.0, 1.0]
            ]
        },
        {
            "name": "Chest",
            "time": [0.0, 0.2333, 0.4833, 1.4],
            "transform": [
                [0.999957, 0.007792, -0.005108, 0.0, -0.002303, 0.737988, 0.67481, 0.222409, 0.009028, -0.674769, 0.737974, 0.0, 0.0, 0.0, 0.0, 1.0],
                [0.999978, 0.001222, -0.00651, 0.0, -0.002118, 0.990239, -0.139366, 0.22241, 0.006276, 0.139377, 0.99022, -0.0, 0.0, 0.0, 0.0, 1.0],
                [0.999957, 0.002468, -0.008984, -0.0, -0.002303, 0.99983, 0.018279, 0.222409, 0.009028, -0.018257, 0.999793, -0.0, 0.0, 0.0, 0.0, 1.0],
                [0.999957, 0.002468, -0.008984, -0.0, -0.002303, 0.99983, 0.018279, 0.222409, 0.009028, -0.018257, 0.999793, -0.0, 0.0, 0.0, 0.0, 1.0]
            ]
        },
        {
            "name": "Head",
            "time": [0.0, 0.2333, 0.4833, 1.4],
            "transform": [
                [0.999241, -0.002813, 0.038845, 0.0, -0.01264, 0.919981, 0.391759, 0.585241, -0.036838, -0.391953, 0.919247, -0.0, 0.0, 0.0, 0.0, 1.0],
                [0.999241, 0.011806, 0.037114, -0.0, -0.01264, 0.999671, 0.022317, 0.585241, -0.036838, -0.022769, 0.999062, 0.0, 0.0, 0.0, 0.0, 1.0],
                [0.999241, 0.011806, 0.037114, -0.0, -0.01264, 0.999671, 0.022317, 0.585241, -0.036838, -0.022769, 0.999062, 0.0, 0.0, 0.0, 0.0, 1.0],
                [0.999241, 0.011806, 0.037114, -0.0, -0.01264, 0.999671, 0.022317, 0.585241, -0.036838, -0.022769, 0.999062, 0.0, 0.0, 0.0, 0.0, 1.0]
            ]
        },
        {
            "name": "Arm_L",
            "time": [0.0, 0.2333, 0.4833, 1.4],
            "transform": [
                [0.367309, -0.862476, -0.348165, -0.20071, 0.158417, -0.310849, 0.937164, 0.585979, -0.916509, -0.399383, 0.022453, -0.002076, 0.0, 0.0, 0.0, 1.0],
                [-0.08483, -0.933587, -0.348165, -0.20071, -0.007644, -0.348804, 0.937164, 0.585979, -0.996366, 0.082162, 0.022453, -0.002076, 0.0, 0.0, 0.0, 1.0],
                [-0.08483, -0.933587, -0.348165, -0.20071, -0.007644, -0.348804, 0.937164, 0.585979, -0.996366, 0.082162, 0.022453, -0.002076, 0.0, 0.0, 0.0, 1.0],
                [-0.08483, -0.933587, -0.348165, -0.20071, -0.007644, -0.348804, 0.937164, 0.585979, -0.996366, 0.082162, 0.022453, -0.002076, 0.0, 0.0, 0.0, 1.0]
            ]
        },
        {
            "name": "Blade",
            "time": [0.0, 0.4833, 1.4],
            "transform": [
                [0.141698, 0.834871, 0.531894, -0.0, -0.523362, 0.519262, -0.675618, 0.779125, -0.840246, -0.182639, 0.510518, 0.0, 0.0, 0.0, 0.0, 1.0],
                [0.340656, 0.310083, 0.887582, -0.0, -0.3872, 0.906542, -0.168098, 0.779125, -0.856755, -0.286408, 0.428883, -0.0, 0.0, 0.0, 0.0, 1.0],
                [0.340656, 0.310083, 0.887582, -0.0, -0.3872, 0.906542, -0.168098, 0.779125, -0.856755, -0.286408, 0.428883, -0.0, 0.0, 0.0, 0.0, 1.0]
            ]
        },
        {
            "name": "Cloth",
            "time": [0.0, 0.2333, 0.4833, 1.4],
            "transform": [
                [-0.992195, 0.032201, 0.120469, 0.001532, -0.074132, -0.929147, -0.362202, 0.625485, 0.100269, -0.368305, 0.924284, -0.133792, 0.0, 0.0, 0.0, 1.0],
                [-0.992195, 0.048549, 0.114859, 0.001532, -0.074132, -0.970303, -0.230254, 0.625485, 0.100269, -0.236971, 0.966331, -0.133792, 0.0, 0.0, 0.0, 1.0],
                [-0.992195, 0.073879, 0.100457, 0.001532, -0.074132, -0.997248, 0.001214, 0.625485, 0.100269, -0.006242, 0.994943, -0.133792, 0.0, 0.0, 0.0, 1.0],
                [-0.992195, 0.068955, 0.103898, 0.001532, -0.074132, -0.996149, -0.046818, 0.625485, 0.100269, -0.054154, 0.993487, -0.133792, 0.0, 0.0, 0.0, 1.0]
            ]
        },
        {
            "name": "LowerCloth",
            "time": [0.0, 0.4833, 1.4],
            "transform": [
                [0.991727, 0.011836, 0.127818, -0.0, -0.029337, 0.990285, 0.135919, 0.627449, -0.124967, -0.138545, 0.98244, -0.0, 0.0, 0.0, 0.0, 1.0],
                [0.991727, -0.022566, 0.126365, -0.0, -0.029337, 0.918527, 0.394268, 0.627449, -0.124967, -0.394713, 0.910266, -0.0, 0.0, 0.0, 0.0, 1.0],
                [0.991727, -0.014447, 0.127549, -0.0, -0.029337, 0.94184, 0.334778, 0.627449, -0.124967, -0.33575, 0.933625, -0.0, 0.0, 0.0, 0.0, 1.0]
            ]
        },
        {
            "name": "Leg_L",
            "time": [0.0, 0.4833, 1.4],
            "transform": [
                [-0.978688, -0.067732, 0.193862, -0.207806, -0.19538, 0.016483, -0.980589, 0.115569, 0.063222, -0.997568, -0.029365, -0.0, 0.0, 0.0, 0.0, 1.0],
                [-0.991179, -0.013778, 0.131815, -0.207806, -0.035141, -0.931661, -0.361627, 0.115569, 0.127789, -0.36307, 0.922958, -0.0, 0.0, 0.0, 0.0, 1.0],
                [-0.991179, -0.013778, 0.131815, -0.207806, -0.035141, -0.931661, -0.361627, 0.115569, 0.127789, -0.36307, 0.922958, -0.0, 0.0, 0.0, 0.0, 1.0]
            ]
        },
        {
            "name": "Shin_L",
            "time": [0.0, 0.2333, 0.4833, 1.4],
            "transform": [
                [0.978659, 0.134902, 0.15501, 0.0, -0.025139, 0.82727, -0.561242, 0.509061, -0.203948, 0.545368, 0.813007, 0.0, 0.0, 0.0, 0.0, 1.0],
                [0.978659, 0.201549, 0.040056, 0.0, -0.025139, 0.310893, -0.950112, 0.509061, -0.203948, 0.928829, 0.309325, -0.0, 0.0, 0.0, 0.0, 1.0],
                [0.978659, 0.173944, 0.109408, -0.0, -0.025139, 0.629767, -0.776377, 0.509061, -0.203948, 0.757059, 0.6207, -0.0, 0.0, 0.0, 0.0, 1.0],
                [0.978659, 0.173944, 0.109408, -0.0, -0.025139, 0.629767, -0.776377, 0.509061, -0.203948, 0.757059, 0.6207, -0.0, 0.0, 0.0, 0.0, 1.0]
            ]
        },
        {
            "name": "Foot_L",
            "time": [0.0, 0.4833, 1.4],
            "transform": [
                [0.99669, 0.017068, 0.079485, -0.0, -0.070447, 0.669315, 0.739632, 0.436117, -0.040576, -0.742783, 0.668302, -0.0, 0.0, 0.0, 0.0, 1.0],
                [0.99669, 0.017068, 0.079485, 0.0, -0.070447, 0.669315, 0.739632, 0.436117, -0.040576, -0.742783, 0.668301, 0.0, 0.0, 0.0, 0.0, 1.0],
                [0.99669, 0.017068, 0.079485, 0.0, -0.070447, 0.669315, 0.739632, 0.436117, -0.040576, -0.742783, 0.668301, 0.0, 0.0, 0.0, 0.0, 1.0]
            ]
        },
        {
            "name": "Leg_R",
            "time": [0.0, 0.2333, 0.4833, 1.4],