{
    
    "animation": [
        {
            "name": "Root",
            "time": [0.0, 0.3333, 0.6167, 0.8667, 1.1],
            "transform": [
                [0.962132, -0.004694, 0.272545, 0.137022, 0.272055, 0.07888, -0.959043, 0.081139, -0.016997, 0.996873, 0.07717, 0.714127, 0.0, 0.0, 0.0, 1.0],
                [0.654649, -0.004694, 0.755918, 0.033157, 0.753813, 0.07888, -0.652337, 0.050891, -0.056565, 0.996873, 0.055178, 0.686275, 0.0, 0.0, 0.0, 1.0],
                [0.955183, -0.004694, -0.29598, 0.020479, -0.294707, 0.07888, -0.952326, 0.415205, 0.027817, 0.996873, 0.073962, 0.683516, 0.0, 0.0, 0.0, 1.0],
                [0.955183, -0.004694, -0.29598, 0.019227, -0.294707, 0.07888, -0.952326, 0.485508, 0.027817, 0.996873, 0.073962, 0.654593, 0.0, 0.0, 0.0, 1.0],
                [0.955183, -0.004694, -0.29598, 0.019227, -0.294707, 0.07888, -0.952326, 0.485508, 0.027817, 0.996873, 0.073962, 0.654593, 0.0, 0.0, 0.0, 1.0]
            ]
        },
        {
            "name": "Thigh_R",
            "time": [0.0, 0.3333, 0.45, 0.6167, 0.8667, 1.1],
            "transform": [
                [0.933597, 0.23879, 0.267161, 0.124994, -0.034178, -0.682841, 0.729766, -0.002831, 0.35669, -0.690437, -0.629339, -1.2e-05, 0.0, 0.0, 0.0, 1.0],
                [0.851257, 0.451646, 0.267161, 0.124994, 0.127364, -0.671728, 0.729766, -0.002831, 0.509056, -0.587191, -0.629339, -1.2e-05, 0.0, 0.0, 0.0, 1.0],
                [0.932171, 0.162067, 0.323716, 0.124994, 0.062704, -0.952959, 0.296536, -0.002831, 0.356547, -0.256123, -0.898485, -1.2e-05, 0.0, 0.0, 0.0, 1.0],
                [0.972548, -0.017519, 0.232041, 0.124994, 0.05557, -0.950826, -0.304693, -0.002831, 0.225969, 0.309222, -0.923753, -1.2e-05, 0.0, 0.0, 0.0, 1.0],
                [0.957843, 0.060916, 0.280758, 0.124994, 0.181149, -0.886566, -0.425654, -0.002831, 0.222981, 0.458568, -0.860229, -1.2e-05, 0.0, 0.0, 0.0, 1.0],
                [0.957843, 0.060916, 0.280758, 0.124994, 0.181149, -0.886566, -0.425654, -0.002831, 0.222981, 0.458568, -0.860229, -1.2e-05, 0.0, 0.0, 0.0, 1.0]
            ]
        },
        {
            "name": "Leg_R",
            "time": [0.0, 0.3333, 0.8667, 1.1],
            "transform": [
                [1.0, -1e-06, 2e-06, -0.0, -0.0, 0.847124, 0.531395, 0.37472, -2e-06, -0.531396, 0.847123, -0.0, 0.0, 0.0, 0.0, 1.0],
                [1.0, -0.0, 2e-06, 0.0, -0.0, 0.958578, 0.284831, 0.37472, -2e-06, -0.284831, 0.958577, -0.0, 0.0, 0.0, 0.0, 1.0],
                [1.0, -0.0, 2e-06, 0.0, -0.0, 0.958578, 0.284831, 0.37472, -2e-06, -0.284831, 0.958577, -0.0, 0.0, 0.0, 0.0, 1.0],
                [1.0, -0.0, 2e-06, 0.0, -0.0, 0.958578, 0.284831, 0.37472, -2e-06, -0.284831, 0.958577, -0.0, 0.0, 0.0, 0.0, 1.0]
            ]
        },
        {
            "name": "Knee_R",
            "time": [0.0, 0.3333, 0.8667, 1.1],
            "transform": [
                [1.0, 0.0, -0.0, -0.0, -0.0, 1e-06, -1.0, 0.37472, -0.0, 1.0, 1e-06, -0.0, 0.0, 0.0, 0.0, 1.0],
                [1.0, 0.0, -0.0, 0.0, -0.0, 1e-06, -1.0, 0.37472, -0.0, 1.0, 1e-06, -0.0, 0.0, 0.0, 0.0, 1.0],
                [1.0, 0.0, -0.0, 0.0, -0.0, 1e-06, -1.0, 0.37472, -0.0, 1.0, 1e-06, -0.0, 0.0, 0.0, 0.0, 1.0],
                [1.0, 0.0, -0.0, 0.0, -0.0, 1e-06, -1.0, 0.37472, -0.0, 1.0, 1e-06, -0.0, 0.0, 0.0, 0.0, 1.0]
            ]
        },
        {
            "name": "Thigh_L",
            "time": [0.0, 0.3333, 0.45, 0.6167, 0.8667, 1.1],
            "transform": [
                [0.963835, -0.209415, 0.164824, -0.125006, -0.103358, -0.863811, -0.493101, -0.002831, 0.245639, 0.458233, -0.854215, -1.2e-05, 0.0, 0.0, 0.0, 1.0],
                [0.808626, -0.235327, 0.539206, -0.125006, -0.044608, -0.938403, -0.342652, -0.002831, 0.586628, 0.253025, -0.769315, -1.2e-05, 0.0, 0.0, 0.0, 1.0],
                [0.922162, 0.127024, 0.365352, -0.125006, -0.128139, -0.790883, 0.598401, -0.002831, 0.364962, -0.598639, -0.713046, -1.2e-05, 0.0, 0.0, 0.0, 1.0],
                [0.996331, -0.003712, 0.085491, -0.125006, -0.056199, -0.781778, 0.621019, -0.002831, 0.06453, -0.623545, -0.779119, -1.2e-05, 0.0, 0.0, 0.0, 1.0],
                [0.992559, -0.048182, 0.11182, -0.125006, -0.111997, -0.721575, 0.683217, -0.002831, 0.047768, -0.690657, -0.721603, -1.2e-05, 0.0, 0.0, 0.0, 1.0],
                [0.992559, -0.048182, 0.11182, -0.125006, -0.111997, -0.721575, 0.683217, -0.002831, 0.047768, -0.690657, -0.721603, -1.2e-05, 0.0, 0.0, 0.0, 1.0]
            ]
        },
        {
            "name": "Leg_L",
            "time": [0.0, 0.3333, 0.45, 0.6167, 0.8667, 1.1],
            "transform": [
                [1.0, -0.0, 1e-06, 0.0, 0.0, 0.985637, 0.168874, 0.37472, -1e-06, -0.168874, 0.985638, -0.0, 0.0, 0.0, 0.0, 1.0],
                [1.0, -0.0, 1e-06, 0.0, 0.0, 0.985637, 0.168874, 0.37472, -1e-06, -0.168874, 0.985638, -0.0, 0.0, 0.0, 0.0, 1.0],
                [1.0, -1e-06, 0.0, -0.0, 0.0, 0.23892, 0.971039, 0.37472, -1e-06, -0.971039, 0.23892, 0.0, 0.0, 0.0, 0.0, 1.0],
                [1.0, -0.0, 1e-06, -0.0, 0.0, 0.92916, 0.369677, 0.37472, -1e-06, -0.369676, 0.929161, 0.0, 0.0, 0.0, 0.0, 1.0],
                [1.0, -0.0, 1e-06, -0.0, 0.0, 0.92916, 0.369677, 0.37472, -1e-06, -0.369676, 0.929161, 0.0, 0.0, 0.0, 0.0, 1.0],
                [1.0, -0.0, 1e-06, -0.0, 0.0, 0.92916, 0.369677, 0.37472, -1e-06, -0.369676, 0.929161, 0.0, 0.0, 0.0, 0.0, 1.0]
            ]
        },
        {
            "name": "Knee_L",
            "time": [0.0, 0.3333, 0.45, 0.8667, 1.1],
            "transform": [
                [1.0, 0.0, -0.0, 0.0, -0.0, 1e-06, -1.0, 0.37472, -0.0, 1.0, 1e-06, -0.0, 0.0, 0.0, 0.0, 1.0],
                [1.0, 0.0, -0.0, 0.0, -0.0, 1e-06, -1.0, 0.37472, -0.0, 1.0, 1e-06, -0.0, 0.0, 0.0, 0.0, 1.0],
                [1.0, 0.0, -0.0, -0.0, -0.0, 0.33299, -0.94293, 0.37472, -0.0, 0.942931, 0.33299, 0.0, 0.0, 0.0, 0.0, 1.0],
                [1.0, 0.0, -0.0, -0.0, -0.0, 0.33299, -0.94293, 0.37472, -0.0, 0.94293, 0.332989, 0.0, 0.0, 0.0, 0.0, 1.0],
                [1.0, 0.0, -0.0, -0.0, -0.0, 0.33299, -0.94293, 0.37472, -0.0, 0.94293, 0.332989, 0.0, 0.0, 0.0, 0.0, 1.0]
            ]
        },
        {
            "name": "Torso",
            "time": [0.0, 0.3333, 0.5167, 0.8667, 1.1],
            "transform": [
                [0.975861, 0.0108, 0.218127, 0.0, -0.002643, 0.999287, -0.037655, 0.05, -0.218378, 0.036169, 0.975194, -0.0, 0.0, 0.0, 0.0, 1.0],
                [0.975861, 0.0108, 0.218127, 0.0, -0.002643, 0.999287, -0.037655, 0.05, -0.218378, 0.036169, 0.975194, -0.0, 0.0, 0.0, 0.0, 1.0],
                [0.885481, 0.0108, -0.46455, -0.0, -0.026362, 0.999287, -0.027017, 0.05, 0.463927, 0.036169, 0.885135, -0.0, 0.0, 0.0, 0.0, 1.0],
                [0.873169, -0.124413, -0.471271, -0.0, 0.07761, 0.990028, -0.117567, 0.05, 0.481198, 0.06608, 0.874117, -0.0, 0.0, 0.0, 0.0, 1.0],
                [0.873169, -0.124413, -0.471271, -0.0, 0.07761, 0.990028, -0.117567, 0.05, 0.481198, 0.06608, 0.874117, -0.0, 0.0, 0.0, 0.0, 1.0]
            ]
        },
        {
            "name": "Chest",
            "time": [0.0, 0.3333, 0.5, 0.8667, 1.1],
            "transform": [
                [0.701401, -0.122288, 0.702198, 0.0, -0.379785, 0.769554, 0.513372, 0.3, -0.603159, -0.626763, 0.493323, -0.0, 0.0, 0.0, 0.0, 1.0],
                [0.983382, 0.043441, 0.176275, -0.0, -0.128564, 0.852184, 0.507201, 0.3, -0.128186, -0.521435, 0.843608, -0.0, 0.0, 0.0, 0.0, 1.0],
                [0.999812, 0.018531, -0.005645, 0.0, -0.016535, 0.96818, 0.249709, 0.3, 0.010093, -0.249568, 0.968305, -0.0, 0.0, 0.0, 0.0, 1.0],
                [0.93226, 0.356321, 0.062658, 0.0, -0.360133, 0.897424, 0.254823, 0.3, 0.034568, -0.260127, 0.964956, 0.0, 0.0, 0.0, 0.0, 1.0],
                [0.93226, 0.356321, 0.062658, 0.0, -0.360133, 0.897424, 0.254823, 0.3, 0.034568, -0.260127, 0.964956, 0.0, 0.0, 0.0, 0.0, 1.0]
            ]
        },
        {
            "name": "Head",
            "time": [0.0, 0.3333, 0.6167, 0.8667, 1.1],