{
    
    "animation": [
        {
            "name": "Root",
            "time": [0.0, 0.3167, 1.1167, 1.2667, 1.65],
            "transform": [
                [0.834853, 0.0, -0.550472, -5e-06, -0.550472, 0.0, -0.834853, 0.000946, 0.0, 1.0, 0.0, 0.755725, 0.0, 0.0, 0.0, 1.0],
                [0.834853, 0.0, -0.550472, -5e-06, -0.550472, 0.0, -0.834853, 0.000946, 0.0, 1.0, 0.0, 0.755725, 0.0, 0.0, 0.0, 1.0],
                [0.962132, -0.004694, 0.272545, -0.02711, 0.272055, 0.07888, -0.959043, 0.622552, -0.016997, 0.996873, 0.07717, 0.719198, 0.0, 0.0, 0.0, 1.0],
                [0.962132, -0.004694, 0.272545, 0.015032, 0.272055, 0.07888, -0.959043, 0.684845, -0.016997, 0.996873, 0.07717, 0.664923, 0.0, 0.0, 0.0, 1.0],
                [0.962132, -0.004694, 0.272545, 0.015032, 0.272055, 0.07888, -0.959043, 0.684845, -0.016997, 0.996873, 0.07717, 0.664923, 0.0, 0.0, 0.0, 1.0]
            ]
        },
        {
            "name": "Thigh_R",
            "time": [0.0, 0.3167, 0.5167, 1.1167, 1.2667, 1.65],
            "transform": [
                [0.996122, 0.062436, -0.061977, 0.124994, 0.068868, -0.99179, 0.107731, -0.002831, -0.054742, -0.11158, -0.992247, -1.2e-05, 0.0, 0.0, 0.0, 1.0],
                [0.945744, 0.1058, -0.307203, 0.124994, -0.009612, -0.935971, -0.35194, -0.002831, -0.324769, 0.335798, -0.884175, -1.2e-05, 0.0, 0.0, 0.0, 1.0],
                [0.993058, 0.105875, 0.051238, 0.124994, 0.054839, -0.802123, 0.594633, -0.002831, 0.104057, -0.587694, -0.802364, -1.2e-05, 0.0, 0.0, 0.0, 1.0],
                [0.933597, 0.190975, 0.303191, 0.124994, -0.034178, -0.794815, 0.605887, -0.002831, 0.35669, -0.576015, -0.735512, -1.2e-05, 0.0, 0.0, 0.0, 1.0],
                [0.933597, 0.23879, 0.267161, 0.124994, -0.034178, -0.682841, 0.729766, -0.002831, 0.35669, -0.690437, -0.629339, -1.2e-05, 0.0, 0.0, 0.0, 1.0],
                [0.933597, 0.23879, 0.267161, 0.124994, -0.034178, -0.682841, 0.729766, -0.002831, 0.35669, -0.690437, -0.629339, -1.2e-05, 0.0, 0.0, 0.0, 1.0]
            ]
        },
        {
            "name": "Leg_R",
            "time": [0.0, 0.3167, 0.5167, 1.1167, 1.2667, 1.65],
            "transform": [
                [1.0, -0.0, 2e-06, -0.0, -0.0, 0.987268, 0.15907, 0.37472, -2e-06, -0.15907, 0.987267, 0.0, 0.0, 0.0, 0.0, 1.0],
                [1.0, -0.0, 2e-06, 0.0, -0.0, 0.987268, 0.15907, 0.37472, -2e-06, -0.15907, 0.987267, -0.0, 0.0, 0.0, 0.0, 1.0],
                [1.0, -2e-06, 1e-06, 0.0, -0.0, 0.188805, 0.982014, 0.37472, -2e-06, -0.982015, 0.188805, 0.0, 0.0, 0.0, 0.0, 1.0],
                [1.0, -1e-06, 2e-06, -0.0, -0.0, 0.847124, 0.531395, 0.37472, -2e-06, -0.531396, 0.847123, 0.0, 0.0, 0.0, 0.0, 1.0],
                [1.0, -1e-06, 2e-06, -0.0, -0.0, 0.847124, 0.531395, 0.37472, -2e-06, -0.531396, 0.847123, 0.0, 0.0, 0.0, 0.0, 1.0],
                [1.0, -1e-06, 2e-06, -0.0, -0.0, 0.847124, 0.531395, 0.37472, -2e-06, -0.531396, 0.847123, 0.0, 0.0, 0.0, 0.0, 1.0]
            ]
        },
        {
            "name": "Knee_R",
            "time": [0.0, 0.3167, 1.2667, 1.65],
            "transform": [
                [1.0, 0.0, -0.0, -0.0, -0.0, 1e-06, -1.0, 0.37472, 0.0, 1.0, 1e-06, 0.0, 0.0, 0.0, 0.0, 1.0],
                [1.0, 0.0, -0.0, 0.0, -0.0, 1e-06, -1.0, 0.37472, -0.0, 1.0, 1e-06, -0.0, 0.0, 0.0, 0.0, 1.0],
                [1.0, 0.0, -0.0, -0.0, -0.0, 1e-06, -1.0, 0.37472, -0.0, 1.0, 1e-06, 0.0, 0.0, 0.0, 0.0, 1.0],
                [1.0, 0.0, -0.0, -0.0, -0.0, 1e-06, -1.0, 0.37472, -0.0, 1.0, 1e-06, 0.0, 0.0, 0.0, 0.0, 1.0]
            ]
        },
        {
            "name": "Thigh_L",
            "time": [0.0, 0.3167, 1.1167, 1.2667, 1.65],
            "transform": [
                [0.866588, -0.188811, -0.461924, -0.125006, -0.027838, -0.942508, 0.333022, -0.002831, -0.498245, -0.275734, -0.822023, -1.2e-05, 0.0, 0.0, 0.0, 1.0],
                [0.866588, -0.246609, -0.433829, -0.125006, -0.027838, -0.891895, 0.451385, -0.002831, -0.498245, -0.379088, -0.779771, -1.2e-05, 0.0, 0.0, 0.0, 1.0],
                [0.963835, -0.169506, 0.205643, -0.125006, -0.103358, -0.949012, -0.297815, -0.002831, 0.245639, 0.26579, -0.93221, -1.2e-05, 0.0, 0.0, 0.0, 1.0],
                [0.963835, -0.209415, 0.164824, -0.125006, -0.103358, -0.863811, -0.493101, -0.002831, 0.245639, 0.458233, -0.854215, -1.2e-05, 0.0, 0.0, 0.0, 1.0],
                [0.963835, -0.209415, 0.164824, -0.125006, -0.103358, -0.863811, -0.493101, -0.002831, 0.245639, 0.458233, -0.854215, -1.2e-05, 0.0, 0.0, 0.0, 1.0]
            ]
        },
        {
            "name": "Leg_L",
            "time": [0.0, 0.3167, 1.1167, 1.2667, 1.65],
            "transform": [
                [1.0, -0.0, 1e-06, -0.0, 0.0, 0.978347, 0.206971, 0.37472, -1e-06, -0.206971, 0.978347, 0.0, 0.0, 0.0, 0.0, 1.0],
                [1.0, -1e-06, 0.0, -0.0, 0.0, 0.799589, 0.600548, 0.37472, -1e-06, -0.600547, 0.799589, -0.0, 0.0, 0.0, 0.0, 1.0],
                [1.0, -0.0, 1e-06, 0.0, 0.0, 0.985637, 0.168874, 0.37472, -1e-06, -0.168874, 0.985638, -0.0, 0.0, 0.0, 0.0, 1.0],
                [1.0, -0.0, 1e-06, 0.0, 0.0, 0.985637, 0.168874, 0.37472, -1e-06, -0.168874, 0.985638, -0.0, 0.0, 0.0, 0.0, 1.0],
                [1.0, -0.0, 1e-06, 0.0, 0.0, 0.985637, 0.168874, 0.37472, -1e-06, -0.168874, 0.985638, -0.0, 0.0, 0.0, 0.0, 1.0]
            ]
        },
        {
            "name": "Knee_L",
            "time": [0.0, 0.3167, 1.2667, 1.65],
            "transform": [
                [1.0, 0.0, -0.0, -0.0, -0.0, 1e-06, -1.0, 0.37472, -0.0, 1.0, 1e-06, 0.0, 0.0, 0.0, 0.0, 1.0],
                [1.0, 0.0, -0.0, -0.0, -0.0, 1e-06, -1.0, 0.37472, -0.0, 1.0, 1e-06, -0.0, 0.0, 0.0, 0.0, 1.0],
                [1.0, 0.0, -0.0, 0.0, -0.0, 1e-06, -1.0, 0.37472, -0.0, 1.0, 1e-06, -0.0, 0.0, 0.0, 0.0, 1.0],
                [1.0, 0.0, -0.0, 0.0, -0.0, 1e-06, -1.0, 0.37472, -0.0, 1.0, 1e-06, -0.0, 0.0, 0.0, 0.0, 1.0]
            ]
        },
        {
            "name": "Torso",
            "time": [0.0, 0.3167, 1.1167, 1.2667, 1.65],
            "transform": [
                [0.981277, 0.0108, -0.192301, -0.0, -0.017548, 0.999287, -0.033421, 0.05, 0.191803, 0.036169, 0.980767, -0.0, 0.0, 0.0, 0.0, 1.0],
                [0.996724, 0.0108, 0.080153, -0.0, -0.007859, 0.999287, -0.03692, 0.05, -0.080495, 0.036169, 0.996099, -0.0, 0.0, 0.0, 0.0, 1.0],
                [0.975861, 0.0108, 0.218127, 0.0, -0.002643, 0.999287, -0.037655, 0.05, -0.218378, 0.036169, 0.975194, -0.0, 0.0, 0.0, 0.0, 1.0],
                [0.975861, 0.0108, 0.218127, 0.0, -0.002643, 0.999287, -0.037655, 0.05, -0.218378, 0.036169, 0.975194, 0.0, 0.0, 0.0, 0.0, 1.0],
                [0.975861, 0.0108, 0.218127, 0.0, -0.002643, 0.999287, -0.037655, 0.05, -0.218378, 0.036169, 0.975194, 0.0, 0.0, 0.0, 0.0, 1.0]
            ]
        },
        {
            "name": "Chest",
            "time": [0.0, 0.3167, 0.5833, 1.2667, 1.65],
            "transform": [
                [0.999771, -0.020499, -0.006186, 0.0, 0.021411, 0.954317, 0.298026, 0.3, -0.000206, -0.29809, 0.954538, -0.0, 0.0, 0.0, 0.0, 1.0],
                [0.398838, -0.020499, -0.916793, 0.0, 0.281208, 0.954318, 0.100997, 0.3, 0.872841, -0.29809, 0.386383, -0.0, 0.0, 0.0, 0.0, 1.0],
                [0.712948, -0.020499, 0.700917, -0.0, -0.195071, 0.954317, 0.22633, 0.3, -0.673537, -0.29809, 0.67638, -0.0, 0.0, 0.0, 0.0, 1.0],
                [0.701401, -0.122288, 0.702198, -0.0, -0.379785, 0.769554, 0.513372, 0.3, -0.603159, -0.626763, 0.493323, -0.0, 0.0, 0.0, 0.0, 1.0],
                [0.701401, -0.122288, 0.702198, -0.0, -0.379785, 0.769554, 0.513372, 0.3, -0.603159, -0.626763, 0.493323, -0.0, 0.0, 0.0, 0.0, 1.0]
            ]
        },
        {
            "name": "Head",
            "time": [0.0, 0.3167, 0.4, 1.1167, 1.2667, 1.65],