{
    "animation": [
        {
            "name": "Root",
            "time": [0.0, 0.4, 0.6833, 0.8333, 1.0],
            "transform": [
                [0.955183, -0.004694, -0.29598, 0.062931, -0.294707, 0.07888, -0.952326, -0.040387, 0.027817, 0.996873, 0.073962, 0.662735, 0.0, 0.0, 0.0, 1.0],
                [0.674722, -0.141971, 0.724289, 0.105191, 0.730592, -0.010882, -0.682728, 0.444562, 0.104809, 0.989811, 0.09638, 0.77626, 0.0, 0.0, 0.0, 1.0],
                [0.674722, -0.141971, 0.724289, 0.098632, 0.730592, -0.010882, -0.682728, 1.11649, 0.104809, 0.989811, 0.09638, 0.571718, 0.0, 0.0, 0.0, 1.0],
                [0.674722, -0.141971, 0.724289, 0.098632, 0.730592, -0.010882, -0.682728, 1.11649, 0.104809, 0.989811, 0.09638, 0.571718, 0.0, 0.0, 0.0, 1.0],
                [0.674722, -0.141971, 0.724289, 0.122535, 0.730592, -0.010882, -0.682728, 1.191112, 0.104809, 0.989811, 0.09638, 0.577924, 0.0, 0.0, 0.0, 1.0]
            ]
        },
        {
            "name": "Thigh_R",
            "time": [0.0, 0.4, 0.8333, 1.0],
            "transform": [
                [0.957843, 0.060916, 0.280758, 0.124994, 0.181149, -0.886566, -0.425654, -0.002831, 0.222981, 0.458568, -0.860229, -1.2e-05, 0.0, 0.0, 0.0, 1.0],
                [0.700315, 0.530613, 0.477502, 0.124994, -0.020632, -0.653598, 0.756559, -0.002831, 0.713535, -0.53968, -0.446778, -1.2e-05, 0.0, 0.0, 0.0, 1.0],
                [0.678726, 0.524793, 0.513733, 0.124994, -0.085722, -0.638138, 0.765134, -0.002831, 0.72937, -0.563353, -0.388137, -1.2e-05, 0.0, 0.0, 0.0, 1.0],
                [0.678726, 0.524793, 0.513733, 0.124994, -0.085722, -0.638138, 0.765134, -0.002831, 0.72937, -0.563353, -0.388137, -1.2e-05, 0.0, 0.0, 0.0, 1.0]
            ]
        },
        {
            "name": "Leg_R",
            "time": [0.0, 0.4, 0.4833, 0.8333, 1.0],
            "transform": [
                [1.0, -0.0, 2e-06, 0.0, -0.0, 0.958578, 0.284831, 0.37472, -2e-06, -0.284831, 0.958577, 0.0, 0.0, 0.0, 0.0, 1.0],
                [1.0, -0.0, 2e-06, 0.0, -0.0, 0.958578, 0.284831, 0.37472, -2e-06, -0.284831, 0.958577, 0.0, 0.0, 0.0, 0.0, 1.0],
                [1.0, -1e-06, 2e-06, 0.0, -0.0, 0.854553, 0.519364, 0.37472, -2e-06, -0.519365, 0.854552, 0.0, 0.0, 0.0, 0.0, 1.0],
                [1.0, -1e-06, 2e-06, 0.0, -0.0, 0.806502, 0.591232, 0.37472, -2e-06, -0.591232, 0.806501, -0.0, 0.0, 0.0, 0.0, 1.0],
                [1.0, -1e-06, 1e-06, -0.0, -0.0, 0.65521, 0.755446, 0.37472, -2e-06, -0.755447, 0.655209, -0.0, 0.0, 0.0, 0.0, 1.0]
            ]
        },
        {
            "name": "Knee_R",
            "time": [0.0, 0.4, 0.8333, 1.0],
            "transform": [
                [1.0, 0.0, -0.0, 0.0, -0.0, 1e-06, -1.0, 0.37472, -0.0, 1.0, 1e-06, 0.0, 0.0, 0.0, 0.0, 1.0],
                [1.0, 0.0, -0.0, 0.0, -0.0, 1e-06, -1.0, 0.37472, -0.0, 1.0, 1e-06, 0.0, 0.0, 0.0, 0.0, 1.0],
                [1.0, 0.0, -0.0, 0.0, -0.0, 1e-06, -1.0, 0.37472, -0.0, 1.0, 1e-06, -0.0, 0.0, 0.0, 0.0, 1.0],
                [1.0, 0.0, -0.0, -0.0, -0.0, 1e-06, -1.0, 0.37472, -0.0, 1.0, 1e-06, -0.0, 0.0, 0.0, 0.0, 1.0]
            ]
        },
        {
            "name": "Thigh_L",
            "time": [0.0, 0.4, 0.6833, 0.8333, 1.0],
            "transform": [
                [0.992559, -0.048182, 0.11182, -0.125006, -0.111997, -0.721575, 0.683217, -0.002831, 0.047768, -0.690657, -0.721603, -1.2e-05, 0.0, 0.0, 0.0, 1.0],
                [0.855573, -0.057, 0.514533, -0.125006, -0.21665, -0.942118, 0.255882, -0.002831, 0.470165, -0.330399, -0.818401, -1.2e-05, 0.0, 0.0, 0.0, 1.0],
                [0.697319, -0.571558, 0.432511, -0.125006, -0.297132, -0.779646, -0.551238, -0.002831, 0.65227, 0.255877, -0.713491, -1.2e-05, 0.0, 0.0, 0.0, 1.0],
                [0.697319, -0.571558, 0.432511, -0.125006, -0.297132, -0.779646, -0.551238, -0.002831, 0.65227, 0.255877, -0.713491, -1.2e-05, 0.0, 0.0, 0.0, 1.0],
                [0.697319, -0.535023, 0.476964, -0.125006, -0.297132, -0.821351, -0.486923, -0.002831, 0.65227, 0.19782, -0.731717, -1.2e-05, 0.0, 0.0, 0.0, 1.0]
            ]
        },
        {
            "name": "Leg_L",
            "time": [0.0, 0.4, 0.8333, 1.0],
            "transform": [
                [1.0, -0.0, 1e-06, -0.0, 0.0, 0.92916, 0.369677, 0.37472, -1e-06, -0.369676, 0.929161, -0.0, 0.0, 0.0, 0.0, 1.0],
                [1.0, -0.0, 1e-06, 0.0, 0.0, 0.92916, 0.369677, 0.37472, -1e-06, -0.369676, 0.929161, -0.0, 0.0, 0.0, 0.0, 1.0],
                [1.0, -0.0, 1e-06, 0.0, 0.0, 0.92916, 0.369677, 0.37472, -1e-06, -0.369676, 0.929161, 0.0, 0.0, 0.0, 0.0, 1.0],
                [1.0, -0.0, 1e-06, -0.0, 0.0, 0.92916, 0.369677, 0.37472, -1e-06, -0.369676, 0.929161, 0.0, 0.0, 0.0, 0.0, 1.0]
            ]
        },
        {
            "name": "Knee_L",
            "time": [0.0, 0.4, 0.8333, 1.0],
            "transform": [
                [1.0, 0.0, -0.0, -0.0, -0.0, 0.33299, -0.942931, 0.37472, -0.0, 0.94293, 0.33299, -0.0, 0.0, 0.0, 0.0, 1.0],
                [1.0, 0.0, -0.0, 0.0, -0.0, 0.33299, -0.942931, 0.37472, -0.0, 0.942931, 0.33299, -0.0, 0.0, 0.0, 0.0, 1.0],
                [1.0, 0.0, -0.0, 0.0, -0.0, 0.33299, -0.942931, 0.37472, -0.0, 0.942931, 0.33299, 0.0, 0.0, 0.0, 0.0, 1.0],
                [1.0, 0.0, -0.0, -0.0, -0.0, 0.33299, -0.942931, 0.37472, -0.0, 0.942931, 0.33299, 0.0, 0.0, 0.0, 0.0, 1.0]
            ]
        },
        {
            "name": "Torso",
            "time": [0.0, 0.4, 0.6833, 0.8333, 1.0],
            "transform": [
                [0.885481, 0.0108, -0.464549, -0.0, -0.026362, 0.999287, -0.027017, 0.05, 0.463927, 0.036169, 0.885135, -0.0, 0.0, 0.0, 0.0, 1.0],
                [0.885481, 0.0108, -0.46455, 0.0, -0.026362, 0.999287, -0.027017, 0.05, 0.463927, 0.036169, 0.885135, 0.0, 0.0, 0.0, 0.0, 1.0],
                [0.885481, 0.321752, -0.335259, 0.0, -0.026362, 0.755112, 0.655065, 0.05, 0.463927, -0.57121, 0.67712, 0.0, 0.0, 0.0, 0.0, 1.0],
                [0.885481, 0.321752, -0.335259, 0.0, -0.026362, 0.755112, 0.655065, 0.05, 0.463927, -0.57121, 0.67712, 0.0, 0.0, 0.0, 0.0, 1.0],
                [0.885481, 0.321752, -0.335259, 0.0, -0.026362, 0.755112, 0.655065, 0.05, 0.463927, -0.57121, 0.67712, 0.0, 0.0, 0.0, 0.0, 1.0]
            ]
        },
        {
            "name": "Chest",
            "time": [0.0, 0.4, 0.6833, 0.8333, 1.0],
            "transform": [
                [0.976071, 0.217379, -0.005645, -0.0, -0.20912, 0.94547, 0.249709, 0.3, 0.059619, -0.242553, 0.968305, -0.0, 0.0, 0.0, 0.0, 1.0],
                [0.950333, -0.11931, 0.287459, 0.0, 0.12652, 0.991942, -0.006566, 0.3, -0.284359, 0.042609, 0.957771, 0.0, 0.0, 0.0, 0.0, 1.0],
                [0.409486, 0.299345, 0.861809, 0.0, -0.529443, 0.847268, -0.042731, 0.3, -0.742974, -0.438781, 0.505431, -0.0, 0.0, 0.0, 0.0, 1.0],
                [0.409486, 0.299345, 0.861809, 0.0, -0.529443, 0.847268, -0.042731, 0.3, -0.742974, -0.438781, 0.505431, -0.0, 0.0, 0.0, 0.0, 1.0],
                [0.44534, 0.309377, 0.840213, -0.0, -0.481077, 0.874124, -0.066877, 0.3, -0.75514, -0.374424, 0.538117, -0.0, 0.0, 0.0, 0.0, 1.0]
            ]
        },
        {
            "name": "Head",
            "time": [0.0, 0.4, 0.6833, 0.8333, 1.0],