{
    
    "animation": [
        {
            "name": "Root",
            "time": [0.0, 0.25, 0.3333, 0.7833, 1.1333, 1.4167],
            "transform": [
                [0.834853, 0.0, -0.550472, -5e-06, -0.550472, 0.0, -0.834853, 0.000946, 0.0, 1.0, 0.0, 0.755725, 0.0, 0.0, 0.0, 1.0],
                [0.807678, 0.038114, 0.588391, -0.050663, 0.571055, 0.197899, -0.796701, 0.32274, -0.146807, 0.979481, 0.138073, 0.6919, 0.0, 0.0, 0.0, 1.0],
                [0.797245, 0.049816, 0.601597, -0.050663, 0.574072, 0.24559, -0.781106, 0.32274, -0.186658, 0.968093, 0.167198, 0.6919, 0.0, 0.0, 0.0, 1.0],
                [0.992683, 0.023567, 0.118431, -0.001847, 0.119193, -0.348382, -0.929744, 0.782278, 0.019348, 0.937056, -0.348641, 0.805546, 0.0, 0.0, 0.0, 1.0],
                [0.999814, -0.001906, 0.019198, 0.108313, 0.019293, 0.098762, -0.994924, 1.213057, -0.0, 0.995109, 0.09878, 0.651538, 0.0, 0.0, 0.0, 1.0],
                [0.999814, -0.001906, 0.019198, 0.108313, 0.019293, 0.098762, -0.994924, 1.213057, -0.0, 0.995109, 0.09878, 0.651538, 0.0, 0.0, 0.0, 1.0]
            ]
        },
        {
            "name": "Thigh_R",
            "time": [0.0, 0.25, 0.3333, 0.7833, 1.1333, 1.4167],
            "transform": [
                [0.996122, 0.062436, -0.061977, 0.124994, 0.068868, -0.99179, 0.107731, -0.002831, -0.054742, -0.11158, -0.992247, -1.2e-05, 0.0, 0.0, 0.0, 1.0],
                [0.791355, 0.45879, 0.404064, 0.124994, 0.012589, -0.673017, 0.739519, -0.002831, 0.611226, -0.580134, -0.538373, -1.2e-05, 0.0, 0.0, 0.0, 1.0],
                [0.791355, 0.518561, 0.323806, 0.124994, 0.012589, -0.543359, 0.839405, -0.002831, 0.611227, -0.66019, -0.43652, -1.2e-05, 0.0, 0.0, 0.0, 1.0],
                [0.996304, -0.008045, 0.085519, 0.124994, 0.015383, -0.962798, -0.269777, -0.002831, 0.084508, 0.270096, -0.959118, -1.2e-05, 0.0, 0.0, 0.0, 1.0],
                [0.996304, -0.028856, 0.080905, 0.124994, 0.015383, -0.866718, -0.498557, -0.002831, 0.084508, 0.497959, -0.863073, -1.2e-05, 0.0, 0.0, 0.0, 1.0],
                [0.996304, -0.028856, 0.080905, 0.124994, 0.015383, -0.866718, -0.498557, -0.002831, 0.084508, 0.497959, -0.863073, -1.2e-05, 0.0, 0.0, 0.0, 1.0]
            ]
        },
        {
            "name": "Leg_R",
            "time": [0.0, 0.25, 0.3333, 0.7833, 1.4167],
            "transform": [
                [1.0, -0.0, 2e-06, -0.0, -0.0, 0.987268, 0.15907, 0.37472, -2e-06, -0.15907, 0.987267, 0.0, 0.0, 0.0, 0.0, 1.0],
                [1.0, -1e-06, 1e-06, 0.0, -0.0, 0.60915, 0.793055, 0.37472, -2e-06, -0.793056, 0.609149, -0.0, 0.0, 0.0, 0.0, 1.0],
                [1.0, -1e-06, 1e-06, 0.0, -0.0, 0.524595, 0.851351, 0.37472, -2e-06, -0.851353, 0.524594, 0.0, 0.0, 0.0, 0.0, 1.0],
                [1.0, -0.0, 2e-06, -0.0, -0.0, 0.987268, 0.15907, 0.37472, -2e-06, -0.15907, 0.987267, 0.0, 0.0, 0.0, 0.0, 1.0],
                [1.0, -0.0, 2e-06, 0.0, -0.0, 0.987268, 0.15907, 0.37472, -2e-06, -0.15907, 0.987267, -0.0, 0.0, 0.0, 0.0, 1.0]
            ]
        },
        {
            "name": "Knee_R",
            "time": [0.0, 0.25, 0.3333, 0.7833, 1.4167],
            "transform": [
                [1.0, 0.0, -0.0, -0.0, -0.0, 1e-06, -1.0, 0.37472, 0.0, 1.0, 1e-06, 0.0, 0.0, 0.0, 0.0, 1.0],
                [1.0, 0.0, -0.0, 0.0, -0.0, 1e-06, -1.0, 0.37472, -0.0, 1.0, 1e-06, -0.0, 0.0, 0.0, 0.0, 1.0],
                [1.0, 0.0, -0.0, 0.0, -0.0, 1e-06, -1.0, 0.37472, -0.0, 1.0, 1e-06, 0.0, 0.0, 0.0, 0.0, 1.0],
                [1.0, 0.0, -0.0, -0.0, -0.0, 1e-06, -1.0, 0.37472, -0.0, 1.0, 1e-06, 0.0, 0.0, 0.0, 0.0, 1.0],
                [1.0, 0.0, -0.0, 0.0, -0.0, 1e-06, -1.0, 0.37472, -0.0, 1.0, 1e-06, -0.0, 0.0, 0.0, 0.0, 1.0]
            ]
        },
        {
            "name": "Thigh_L",
            "time": [0.0, 0.25, 0.3333, 0.7833, 1.1333, 1.4167],
            "transform": [
                [0.866588, -0.188811, -0.461924, -0.125006, -0.027838, -0.942508, 0.333022, -0.002831, -0.498245, -0.275734, -0.822023, -1.2e-05, 0.0, 0.0, 0.0, 1.0],
                [0.814176, -0.168475, 0.555636, -0.125006, -0.05206, -0.974305, -0.219135, -0.002831, 0.578278, 0.149489, -0.802027, -1.2e-05, 0.0, 0.0, 0.0, 1.0],
                [0.814177, -0.168475, 0.555636, -0.125006, -0.05206, -0.974305, -0.219135, -0.002831, 0.578278, 0.149489, -0.802027, -1.2e-05, 0.0, 0.0, 0.0, 1.0],
                [0.999901, -0.004895, -0.013117, -0.125006, 0.006225, -0.683735, 0.729704, -0.002831, -0.01254, -0.729714, -0.683637, -1.2e-05, 0.0, 0.0, 0.0, 1.0],
                [0.999901, -0.005295, -0.01296, -0.125006, 0.006225, -0.661021, 0.750341, -0.002831, -0.01254, -0.750348, -0.660924, -1.2e-05, 0.0, 0.0, 0.0, 1.0],
                [0.999901, -0.005295, -0.01296, -0.125006, 0.006225, -0.661021, 0.750341, -0.002831, -0.01254, -0.750348, -0.660924, -1.2e-05, 0.0, 0.0, 0.0, 1.0]
            ]
        },
        {
            "name": "Leg_L",
            "time": [0.0, 0.25, 0.3333, 0.7833, 0.9667, 1.4167],
            "transform": [
                [1.0, -0.0, 1e-06, -0.0, 0.0, 0.978347, 0.206971, 0.37472, -1e-06, -0.206971, 0.978347, 0.0, 0.0, 0.0, 0.0, 1.0],
                [1.0, -0.0, 1e-06, 0.0, 0.0, 0.978347, 0.206971, 0.37472, -1e-06, -0.206971, 0.978347, -0.0, 0.0, 0.0, 0.0, 1.0],
                [1.0, -0.0, 1e-06, -0.0, 0.0, 0.978347, 0.206971, 0.37472, -1e-06, -0.206971, 0.978347, 0.0, 0.0, 0.0, 0.0, 1.0],
                [1.0, -1e-06, 0.0, 0.0, 0.0, 0.799735, 0.600353, 0.37472, -1e-06, -0.600353, 0.799735, -0.0, 0.0, 0.0, 0.0, 1.0],
                [1.0, -0.0, 1e-06, -0.0, 0.0, 0.958376, 0.285509, 0.37472, -1e-06, -0.285509, 0.958377, 0.0, 0.0, 0.0, 0.0, 1.0],
                [1.0, -0.0, 1e-06, -0.0, 0.0, 0.958376, 0.285509, 0.37472, -1e-06, -0.285508, 0.958377, 0.0, 0.0, 0.0, 0.0, 1.0]
            ]
        },
        {
            "name": "Knee_L",
            "time": [0.0, 0.25, 0.3333, 0.7833, 1.4167],
            "transform": [
                [1.0, 0.0, -0.0, -0.0, -0.0, 1e-06, -1.0, 0.37472, -0.0, 1.0, 1e-06, 0.0, 0.0, 0.0, 0.0, 1.0],
                [1.0, 0.0, -0.0, 0.0, -0.0, 1e-06, -1.0, 0.37472, -0.0, 1.0, 1e-06, -0.0, 0.0, 0.0, 0.0, 1.0],
                [1.0, 0.0, -0.0, -0.0, -0.0, 1e-06, -1.0, 0.37472, -0.0, 1.0, 1e-06, 0.0, 0.0, 0.0, 0.0, 1.0],
                [1.0, 0.0, -0.0, 0.0, -0.0, 1e-06, -1.0, 0.37472, -0.0, 1.0, 1e-06, -0.0, 0.0, 0.0, 0.0, 1.0],
                [1.0, 0.0, -0.0, -0.0, -0.0, 1e-06, -1.0, 0.37472, -0.0, 1.0, 1e-06, 0.0, 0.0, 0.0, 0.0, 1.0]
            ]
        },
        {
            "name": "Torso",
            "time": [0.0, 0.25, 0.3333, 0.7833, 1.4167],
            "transform": [
                [0.981277, 0.0108, -0.192301, -0.0, -0.017548, 0.999287, -0.033421, 0.05, 0.191803, 0.036169, 0.980767, -0.0, 0.0, 0.0, 0.0, 1.0],
                [0.99103, 0.0108, 0.133199, 0.0, -0.005879, 0.999287, -0.037287, 0.05, -0.133507, 0.036169, 0.990387, 0.0, 0.0, 0.0, 0.0, 1.0],
                [0.99103, 0.0108, 0.133199, 0.0, -0.005879, 0.999287, -0.037287, 0.05, -0.133507, 0.036169, 0.990388, -0.0, 0.0, 0.0, 0.0, 1.0],
                [0.887092, 0.0108, -0.461466, -0.0, -0.026268, 0.999287, -0.027108, 0.05, 0.460844, 0.036169, 0.886744, 0.0, 0.0, 0.0, 0.0, 1.0],
                [0.887092, 0.0108, -0.461466, 0.0, -0.026268, 0.999287, -0.027108, 0.05, 0.460844, 0.036169, 0.886744, 0.0, 0.0, 0.0, 0.0, 1.0]
            ]
        },
        {
            "name": "Chest",
            "time": [0.0, 0.25, 0.3333, 0.7833, 1.1333, 1.4167],