{
    
    "animation": [
        {
            "name": "Root",
            "time": [0.0, 0.35, 0.4333, 1.1167, 1.3],
            "transform": [
                [0.986655, 0.0, 0.162827, -5e-06, 0.162827, 0.0, -0.986655, 0.000946, 0.0, 1.0, 0.0, 0.755725, 0.0, 0.0, 0.0, 1.0],
                [0.855566, 0.0, 0.517693, -0.044391, 0.517693, 0.0, -0.855566, -0.178712, 0.0, 1.0, 0.0, 0.770179, 0.0, 0.0, 0.0, 1.0],
                [0.520987, 0.0, 0.853565, -0.044391, 0.853565, 0.0, -0.520987, -0.178712, 0.0, 1.0, 0.0, 0.770179, 0.0, 0.0, 0.0, 1.0],
                [0.796199, 0.122255, -0.592555, -0.003698, -0.603188, 0.236855, -0.761619, 2.008879, 0.047238, 0.963822, 0.262327, 0.695782, 0.0, 0.0, 0.0, 1.0],
                [0.796199, 0.122255, -0.592555, -0.003698, -0.603188, 0.236855, -0.761619, 2.008879, 0.047238, 0.963822, 0.262327, 0.695782, 0.0, 0.0, 0.0, 1.0]
            ]
        },
        {
            "name": "Thigh_R",
            "time": [0.0, 0.35, 0.4333, 0.5833, 0.8667, 1.1167, 1.3],
            "transform": [
                [0.994117, 0.05868, 0.091034, 0.124994, 0.001917, -0.849909, 0.526924, -0.002831, 0.10829, -0.523648, -0.845024, -1.2e-05, 0.0, 0.0, 0.0, 1.0],
                [0.994117, 0.074774, 0.078354, 0.124994, 0.001917, -0.735474, 0.677549, -0.002831, 0.10829, -0.673411, -0.731293, -1.2e-05, 0.0, 0.0, 0.0, 1.0],
                [0.994117, 0.074773, 0.078354, 0.124994, 0.001917, -0.735474, 0.677549, -0.002831, 0.10829, -0.673411, -0.731293, -1.2e-05, 0.0, 0.0, 0.0, 1.0],
                [0.956939, 0.122892, 0.262992, 0.124994, 0.009909, -0.919266, 0.393507, -0.002831, 0.290119, -0.373955, -0.880902, -1.2e-05, 0.0, 0.0, 0.0, 1.0],
                [0.95949, 0.182557, -0.214596, 0.124994, 0.137227, -0.968032, -0.209952, -0.002831, -0.246064, 0.171999, -0.953871, -1.2e-05, 0.0, 0.0, 0.0, 1.0],
                [0.95949, 0.169807, -0.22482, 0.124994, 0.137226, -0.978577, -0.153467, -0.002831, -0.246064, 0.116399, -0.962239, -1.2e-05, 0.0, 0.0, 0.0, 1.0],
                [0.95949, 0.169807, -0.22482, 0.124994, 0.137226, -0.978577, -0.153467, -0.002831, -0.246064, 0.116399, -0.962239, -1.2e-05, 0.0, 0.0, 0.0, 1.0]
            ]
        },
        {
            "name": "Leg_R",
            "time": [0.0, 0.35, 0.4333, 1.1167, 1.3],
            "transform": [
                [1.0, -0.0, 2e-06, 0.0, -0.0, 0.939619, 0.342225, 0.37472, -2e-06, -0.342225, 0.939617, 0.0, 0.0, 0.0, 0.0, 1.0],
                [1.0, -0.0, 2e-06, 0.0, -0.0, 0.939619, 0.342225, 0.37472, -2e-06, -0.342225, 0.939617, -0.0, 0.0, 0.0, 0.0, 1.0],
                [1.0, -0.0, 2e-06, -0.0, -0.0, 0.939619, 0.342225, 0.37472, -2e-06, -0.342225, 0.939617, 0.0, 0.0, 0.0, 0.0, 1.0],
                [1.0, -0.0, 2e-06, -0.0, -0.0, 0.939619, 0.342225, 0.37472, -2e-06, -0.342225, 0.939617, -0.0, 0.0, 0.0, 0.0, 1.0],
                [1.0, -0.0, 2e-06, -0.0, -0.0, 0.939619, 0.342225, 0.37472, -2e-06, -0.342225, 0.939617, -0.0, 0.0, 0.0, 0.0, 1.0]
            ]
        },
        {
            "name": "Knee_R",
            "time": [0.0, 0.35, 0.4333, 1.1167, 1.3],
            "transform": [
                [1.0, 0.0, -0.0, 0.0, -0.0, 1e-06, -1.0, 0.37472, -0.0, 1.0, 1e-06, 0.0, 0.0, 0.0, 0.0, 1.0],
                [1.0, 0.0, -0.0, 0.0, -0.0, 1e-06, -1.0, 0.37472, -0.0, 1.0, 1e-06, -0.0, 0.0, 0.0, 0.0, 1.0],
                [1.0, 0.0, -0.0, -0.0, -0.0, 1e-06, -1.0, 0.37472, -0.0, 1.0, 1e-06, 0.0, 0.0, 0.0, 0.0, 1.0],
                [1.0, 0.0, -0.0, -0.0, -0.0, 1e-06, -1.0, 0.37472, -0.0, 1.0, 1e-06, -0.0, 0.0, 0.0, 0.0, 1.0],
                [1.0, 0.0, -0.0, -0.0, -0.0, 1e-06, -1.0, 0.37472, -0.0, 1.0, 1e-06, -0.0, 0.0, 0.0, 0.0, 1.0]
            ]
        },
        {
            "name": "Thigh_L",
            "time": [0.0, 0.35, 0.4333, 0.5833, 0.8667, 1.1167, 1.3],
            "transform": [
                [0.990936, -0.095386, 0.094586, -0.125006, -0.066464, -0.960044, -0.271842, -0.002831, 0.116737, 0.263093, -0.957682, -1.2e-05, 0.0, 0.0, 0.0, 1.0],
                [0.990936, -0.04945, 0.124899, -0.125006, -0.066464, -0.988481, 0.135967, -0.002831, 0.116737, -0.143035, -0.982809, -1.2e-05, 0.0, 0.0, 0.0, 1.0],
                [0.990936, -0.04945, 0.124899, -0.125006, -0.066464, -0.988481, 0.135967, -0.002831, 0.116736, -0.143035, -0.982809, -1.2e-05, 0.0, 0.0, 0.0, 1.0],
                [0.991437, 0.108586, 0.072526, -0.125006, 0.00415, -0.581339, 0.813651, -0.002831, 0.130513, -0.806383, -0.576812, -1.2e-05, 0.0, 0.0, 0.0, 1.0],
                [0.965809, -0.209141, -0.153204, -0.125006, -0.010834, -0.622992, 0.782153, -0.002831, -0.259025, -0.753752, -0.603957, -1.2e-05, 0.0, 0.0, 0.0, 1.0],
                [0.965809, -0.224202, -0.130171, -0.125006, -0.010834, -0.53657, 0.843786, -0.002831, -0.259025, -0.813527, -0.520654, -1.2e-05, 0.0, 0.0, 0.0, 1.0],
                [0.965809, -0.224202, -0.130171, -0.125006, -0.010834, -0.53657, 0.843786, -0.002831, -0.259025, -0.813527, -0.520654, -1.2e-05, 0.0, 0.0, 0.0, 1.0]
            ]
        },
        {
            "name": "Leg_L",
            "time": [0.0, 0.35, 0.4333, 0.5833, 0.8667, 1.1167, 1.3],
            "transform": [
                [1.0, -0.0, 1e-06, -0.0, 0.0, 0.978347, 0.206971, 0.37472, -1e-06, -0.206971, 0.978347, 0.0, 0.0, 0.0, 0.0, 1.0],
                [1.0, -0.0, 1e-06, 0.0, 0.0, 0.978347, 0.206971, 0.37472, -1e-06, -0.206971, 0.978347, -0.0, 0.0, 0.0, 0.0, 1.0],
                [1.0, -0.0, 1e-06, -0.0, 0.0, 0.978347, 0.206971, 0.37472, -1e-06, -0.206971, 0.978347, 0.0, 0.0, 0.0, 0.0, 1.0],
                [1.0, -1e-06, 0.0, 0.0, 0.0, 0.430546, 0.902569, 0.37472, -1e-06, -0.902568, 0.430546, 0.0, 0.0, 0.0, 0.0, 1.0],
                [1.0, -1e-06, 0.0, -0.0, 0.0, 0.864161, 0.503216, 0.37472, -1e-06, -0.503216, 0.864161, 0.0, 0.0, 0.0, 0.0, 1.0],
                [1.0, -1e-06, 1e-06, -0.0, 0.0, 0.86416, 0.503216, 0.37472, -1e-06, -0.503216, 0.864161, 0.0, 0.0, 0.0, 0.0, 1.0],
                [1.0, -1e-06, 1e-06, -0.0, 0.0, 0.86416, 0.503216, 0.37472, -1e-06, -0.503216, 0.864161, 0.0, 0.0, 0.0, 0.0, 1.0]
            ]
        },
        {
            "name": "Knee_L",
            "time": [0.0, 0.35, 0.4333, 0.5833, 1.1167, 1.3],
            "transform": [
                [1.0, 0.0, -0.0, -0.0, -0.0, 1e-06, -1.0, 0.37472, -0.0, 1.0, 1e-06, 0.0, 0.0, 0.0, 0.0, 1.0],
                [1.0, 0.0, -0.0, 0.0, -0.0, 1e-06, -1.0, 0.37472, -0.0, 1.0, 1e-06, -0.0, 0.0, 0.0, 0.0, 1.0],
                [1.0, 0.0, -0.0, -0.0, -0.0, 1e-06, -1.0, 0.37472, -0.0, 1.0, 1e-06, 0.0, 0.0, 0.0, 0.0, 1.0],
                [1.0, 0.0, -0.0, 0.0, -0.0, 0.453814, -0.891096, 0.37472, -0.0, 0.891096, 0.453814, 0.0, 0.0, 0.0, 0.0, 1.0],
                [1.0, 0.0, -0.0, -0.0, -0.0, 1e-06, -1.0, 0.37472, -0.0, 1.0, 1e-06, 0.0, 0.0, 0.0, 0.0, 1.0],
                [1.0, 0.0, -0.0, -0.0, -0.0, 1e-06, -1.0, 0.37472, -0.0, 1.0, 1e-06, 0.0, 0.0, 0.0, 0.0, 1.0]
            ]
        },
        {
            "name": "Torso",
            "time": [0.0, 0.35, 0.4333, 0.8667, 1.1167, 1.3],
            "transform": [
                [0.999721, 0.0108, -0.020992, -0.0, -0.01155, 0.999287, -0.035937, 0.05, 0.020589, 0.036169, 0.999134, -0.0, 0.0, 0.0, 0.0, 1.0],
                [0.913792, 0.0108, 0.40604, 0.0, 0.004825, 0.999287, -0.037438, 0.05, -0.406155, 0.036169, 0.913088, -0.0, 0.0, 0.0, 0.0, 1.0],
                [0.992531, 0.0108, 0.121514, 0.0, -0.006317, 0.999287, -0.037215, 0.05, -0.121829, 0.036169, 0.991892, -0.0, 0.0, 0.0, 0.0, 1.0],
                [0.843162, -0.013205, -0.537498, -0.0, 0.097972, 0.986735, 0.129444, 0.05, 0.528658, -0.161802, 0.833271, 0.0, 0.0, 0.0, 0.0, 1.0],
                [0.843162, -0.013205, -0.537498, -0.0, 0.097972, 0.986735, 0.129444, 0.05, 0.528658, -0.161802, 0.833271, 0.0, 0.0, 0.0, 0.0, 1.0],
                [0.843162, -0.013205, -0.537498, -0.0, 0.097972, 0.986735, 0.129444, 0.05, 0.528658, -0.161802, 0.833271, 0.0, 0.0, 0.0, 0.0, 1.0]
            ]
        },
        {
            "name": "Chest",