{
    
    "animation": [
        {
            "name": "Root",
            "time": [0.0, 0.15, 0.2667, 0.4167, 0.5333],
            "transform": [
                [1.0, 0.0, 0.0, -5e-06, 0.0, 0.0, -1.0, 0.000946, 0.0, 1.0, 0.0, 0.797984, 0.0, 0.0, 0.0, 1.0],
                [0.951269, 0.0, -0.308362, -5e-06, -0.301544, 0.209121, -0.930236, 0.000946, 0.064485, 0.97789, 0.198931, 0.64394, 0.0, 0.0, 0.0, 1.0],
                [1.0, 0.0, 0.0, -5e-06, 0.0, 0.0, -1.0, 0.000946, 0.0, 1.0, 0.0, 0.796622, 0.0, 0.0, 0.0, 1.0],
                [0.952763, -0.0, 0.303714, -5e-06, 0.296255, 0.220268, -0.929363, 0.000946, -0.066899, 0.975439, 0.209863, 0.6484, 0.0, 0.0, 0.0, 1.0],
                [1.0, 0.0, 0.0, -5e-06, 0.0, 0.0, -1.0, 0.000946, 0.0, 1.0, 0.0, 0.797984, 0.0, 0.0, 0.0, 1.0]
            ]
        },
        {
            "name": "Thigh_R",
            "time": [0.0, 0.15, 0.2333, 0.2667, 0.4167, 0.5333],
            "transform": [
                [0.998775, 0.047939, 0.01225, 0.124994, 0.031117, -0.801048, 0.597788, -0.002831, 0.03847, -0.596673, -0.801561, -1.2e-05, 0.0, 0.0, 0.0, 1.0],
                [0.96321, -0.231158, -0.137079, 0.124994, 0.02036, -0.445833, 0.894884, -0.002831, -0.267974, -0.864751, -0.424727, -1.2e-05, 0.0, 0.0, 0.0, 1.0],
                [0.994406, 0.009596, -0.105183, 0.124994, 0.021531, -0.993369, 0.112919, -0.002831, -0.103402, -0.114552, -0.988022, -1.2e-05, 0.0, 0.0, 0.0, 1.0],
                [0.999819, -0.002717, -0.018807, 0.124994, -0.006181, -0.982397, -0.186693, -0.002831, -0.017969, 0.186776, -0.982239, -1.2e-05, 0.0, 0.0, 0.0, 1.0],
                [0.951933, -0.125716, 0.279317, 0.124994, -0.00084, -0.91296, -0.408043, -0.002831, 0.306304, 0.388195, -0.869185, -1.2e-05, 0.0, 0.0, 0.0, 1.0],
                [0.998775, 0.047939, 0.01225, 0.124994, 0.031117, -0.801048, 0.597788, -0.002831, 0.03847, -0.596673, -0.801561, -1.2e-05, 0.0, 0.0, 0.0, 1.0]
            ]
        },
        {
            "name": "Leg_R",
            "time": [0.0, 0.1, 0.15, 0.2667, 0.4167, 0.5333],
            "transform": [
                [1.0, -1e-06, 2e-06, 0.0, -2e-06, 0.034215, 0.999414, 0.37472, -1e-06, -0.999415, 0.034215, 0.0, 0.0, 0.0, 0.0, 1.0],
                [1.0, 0.0, 1e-06, 0.0, -1e-06, 0.953875, 0.300206, 0.37472, -1e-06, -0.300206, 0.953874, 0.0, 0.0, 0.0, 0.0, 1.0],
                [1.0, -0.0, 1e-06, -0.0, -0.0, 0.916049, 0.401068, 0.37472, -1e-06, -0.401068, 0.916048, -0.0, 0.0, 0.0, 0.0, 1.0],
                [1.0, -0.0, 2e-06, -0.0, 0.0, 0.999953, 0.009717, 0.37472, -2e-06, -0.009717, 0.999952, 0.0, 0.0, 0.0, 0.0, 1.0],
                [1.0, 0.0, 1e-06, -0.0, -0.0, 0.999949, 0.010125, 0.37472, -1e-06, -0.010125, 0.999948, 0.0, 0.0, 0.0, 0.0, 1.0],
                [1.0, -1e-06, 2e-06, 0.0, -2e-06, 0.034215, 0.999414, 0.37472, -1e-06, -0.999415, 0.034215, 0.0, 0.0, 0.0, 0.0, 1.0]
            ]
        },
        {
            "name": "Knee_R",
            "time": [0.0, 0.15, 0.2667, 0.4167, 0.5333],
            "transform": [
                [1.0, 0.0, -0.0, -0.000179, -0.0, 0.312231, -0.950006, 0.436391, -0.0, 0.950006, 0.312231, -0.000613, 0.0, 0.0, 0.0, 1.0],
                [1.0, -0.0, -0.0, 0.0, -0.0, -0.268046, -0.963406, 0.415544, -0.0, 0.963406, -0.268046, -0.0, 0.0, 0.0, 0.0, 1.0],
                [1.0, 0.0, -0.0, -0.0, -0.0, 1e-06, -1.0, 0.37472, -0.0, 1.0, 1e-06, 0.0, 0.0, 0.0, 0.0, 1.0],
                [1.0, 0.0, -0.0, -0.0, -0.0, 1e-06, -1.0, 0.37472, -0.0, 1.0, 1e-06, 0.0, 0.0, 0.0, 0.0, 1.0],
                [1.0, 0.0, -0.0, -0.000179, -0.0, 0.312231, -0.950006, 0.436391, -0.0, 0.950006, 0.312231, -0.000613, 0.0, 0.0, 0.0, 1.0]
            ]
        },
        {
            "name": "Thigh_L",
            "time": [0.0, 0.15, 0.2333, 0.2667, 0.4167, 0.4667, 0.5333],
            "transform": [
                [0.996627, -0.082057, 1.6e-05, -0.125006, -0.080565, -0.978555, -0.189574, -0.002831, 0.015571, 0.188934, -0.981866, -1.2e-05, 0.0, 0.0, 0.0, 1.0],
                [0.935263, 0.033187, -0.352393, -0.125006, -0.099472, -0.930826, -0.351664, -0.002831, -0.339687, 0.363952, -0.867266, -1.2e-05, 0.0, 0.0, 0.0, 1.0],
                [0.996267, -0.085292, 0.013287, -0.125006, -0.071908, -0.734889, 0.674364, -0.002831, -0.047754, -0.672803, -0.738279, -1.2e-05, 0.0, 0.0, 0.0, 1.0],
                [0.994561, -0.058491, 0.086176, -0.125006, -0.10408, -0.52768, 0.843043, -0.002831, -0.003837, -0.847427, -0.530898, -1.2e-05, 0.0, 0.0, 0.0, 1.0],
                [0.951446, 0.280654, 0.12642, -0.125006, 0.006909, -0.430072, 0.902768, -0.002831, 0.307735, -0.858062, -0.41113, -1.2e-05, 0.0, 0.0, 0.0, 1.0],
                [0.991529, 0.031284, 0.126054, -0.125006, -0.048909, -0.809168, 0.585538, -0.002831, 0.120317, -0.586743, -0.800784, -1.2e-05, 0.0, 0.0, 0.0, 1.0],
                [0.996627, -0.082057, 1.6e-05, -0.125006, -0.080565, -0.978555, -0.189574, -0.002831, 0.015571, 0.188934, -0.981866, -1.2e-05, 0.0, 0.0, 0.0, 1.0]
            ]
        },
        {
            "name": "Leg_L",
            "time": [0.0, 0.15, 0.2667, 0.35, 0.4167, 0.5333],
            "transform": [
                [1.0, -0.0, 1e-06, 0.0, 0.0, 0.999948, 0.010137, 0.37472, -1e-06, -0.010137, 0.999949, -0.0, 0.0, 0.0, 0.0, 1.0],
                [1.0, -1e-06, 2e-06, 0.0, 0.0, 0.866113, 0.499847, 0.37472, -2e-06, -0.499847, 0.866114, 0.0, 0.0, 0.0, 0.0, 1.0],
                [1.0, -1e-06, 1e-06, -0.0, -1e-06, -0.003588, 0.999994, 0.37472, -1e-06, -0.999993, -0.003588, -0.0, 0.0, 0.0, 0.0, 1.0],
                [0.999993, -0.003179, 0.001825, -0.0, 0.001989, 0.888747, 0.458393, 0.37472, -0.003079, -0.458386, 0.888748, 0.0, 0.0, 0.0, 0.0, 1.0],
                [0.999982, -0.005936, 0.001341, -0.0, 0.004607, 0.882373, 0.470527, 0.37472, -0.003976, -0.470512, 0.882385, -0.0, 0.0, 0.0, 0.0, 1.0],
                [1.0, -0.0, 1e-06, 0.0, 0.0, 0.999948, 0.010137, 0.37472, -1e-06, -0.010137, 0.999949, -0.0, 0.0, 0.0, 0.0, 1.0]
            ]
        },
        {
            "name": "Knee_L",
            "time": [0.0, 0.15, 0.2667, 0.35, 0.4167, 0.5333],
            "transform": [
                [1.0, 0.0, -0.0, 0.0, -0.0, 1e-06, -1.0, 0.37472, -0.0, 1.0, 1e-06, -0.0, 0.0, 0.0, 0.0, 1.0],
                [1.0, 0.0, -0.0, 0.0, -0.0, 1e-06, -1.0, 0.37472, -0.0, 1.0, 1e-06, 0.0, 0.0, 0.0, 0.0, 1.0],
                [1.0, 0.0, -0.0, -0.0001, -0.0, 0.293638, -0.955917, 0.433466, -0.0, 0.955917, 0.293638, -0.000823, 0.0, 0.0, 0.0, 1.0],
                [1.0, 0.0, -0.0, -0.000113, -0.0, -0.268643, -0.96324, 0.426368, -0.0, 0.96324, -0.268643, -0.00073, 0.0, 0.0, 0.0, 1.0],
                [1.0, 0.0, -0.0, -0.000114, -0.0, -0.232829, -0.972518, 0.411945, -0.0, 0.972518, -0.232829, -0.000532, 0.0, 0.0, 0.0, 1.0],
                [1.0, 0.0, -0.0, 0.0, -0.0, 1e-06, -1.0, 0.37472, -0.0, 1.0, 1e-06, -0.0, 0.0, 0.0, 0.0, 1.0]
            ]
        },
        {
            "name": "Torso",
            "time": [0.0, 0.5333],
            "transform": [
                [0.999968, -0.007869, -0.001429, 0.0, 0.007836, 0.928156, 0.372108, 0.05, -0.001602, -0.372108, 0.928188, 0.0, 0.0, 0.0, 0.0, 1.0],
                [0.999968, -0.007869, -0.001429, 0.0, 0.007836, 0.928156, 0.372108, 0.05, -0.001602, -0.372108, 0.928188, 0.0, 0.0, 0.0, 0.0, 1.0]
            ]
        },
        {
            "name": "Chest",
            "time": [0.0, 0.15, 0.2667, 0.4167, 0.5333],