{
    
    "animation": [
        {
            "name": "Root",
            "time": [0.0, 0.2167, 0.3833, 0.6, 0.7667],
            "transform": [
                [1.0, 0.0, 0.0, -5e-06, 0.0, 0.0, -1.0, 0.000946, 0.0, 1.0, 0.0, 0.735366, 0.0, 0.0, 0.0, 1.0],
                [1.0, 0.0, 0.0, -5e-06, 0.0, 0.0, -1.0, 0.000946, 0.0, 1.0, 0.0, 0.584068, 0.0, 0.0, 0.0, 1.0],
                [1.0, 0.0, 0.0, -5e-06, 0.0, 0.0, -1.0, 0.000946, 0.0, 1.0, 0.0, 0.735366, 0.0, 0.0, 0.0, 1.0],
                [1.0, 0.0, 0.0, -5e-06, 0.0, 0.0, -1.0, 0.000946, 0.0, 1.0, 0.0, 0.584068, 0.0, 0.0, 0.0, 1.0],
                [1.0, 0.0, 0.0, -5e-06, 0.0, 0.0, -1.0, 0.000946, 0.0, 1.0, 0.0, 0.735366, 0.0, 0.0, 0.0, 1.0]
            ]
        },
        {
            "name": "Thigh_R",
            "time": [0.0, 0.2167, 0.3833, 0.6, 0.7667],
            "transform": [
                [1.0, -0.0, -0.0, 0.124994, 0.0, -0.756937, 0.653486, -0.002831, -0.0, -0.653484, -0.756939, -1.2e-05, 0.0, 0.0, 0.0, 1.0],
                [1.0, -0.0, -0.0, 0.124994, 0.0, -0.518795, 0.854898, -0.002831, -0.0, -0.854896, -0.518796, -1.2e-05, 0.0, 0.0, 0.0, 1.0],
                [1.0, -0.0, -0.0, 0.124994, 0.0, -0.903603, 0.428366, -0.002831, -0.0, -0.428365, -0.903606, -1.2e-05, 0.0, 0.0, 0.0, 1.0],
                [1.0, -0.0, -0.0, 0.124994, -0.0, -0.916024, -0.40112, -0.002831, -0.0, 0.401119, -0.916026, -1.2e-05, 0.0, 0.0, 0.0, 1.0],
                [1.0, -0.0, -0.0, 0.124994, 0.0, -0.756937, 0.653486, -0.002831, -0.0, -0.653484, -0.756939, -1.2e-05, 0.0, 0.0, 0.0, 1.0]
            ]
        },
        {
            "name": "Leg_R",
            "time": [0.0, 0.15, 0.2167, 0.3833, 0.6, 0.7667],
            "transform": [
                [1.0, -0.0, 1e-06, 0.0, -1e-06, 0.013508, 0.999908, 0.37472, -0.0, -0.99991, 0.013508, -0.0, 0.0, 0.0, 0.0, 1.0],
                [1.0, 0.0, 1e-06, 0.0, -1e-06, 0.803959, 0.594685, 0.37472, -0.0, -0.594686, 0.803958, -0.0, 0.0, 0.0, 0.0, 1.0],
                [1.0, 0.0, 1e-06, -0.0, -1e-06, 0.52004, 0.854141, 0.37472, -0.0, -0.854143, 0.520039, 0.0, 0.0, 0.0, 0.0, 1.0],
                [1.0, 0.0, 1e-06, 0.0, -0.0, 0.905651, 0.424025, 0.37472, -1e-06, -0.424026, 0.905649, -0.0, 0.0, 0.0, 0.0, 1.0],
                [1.0, 0.0, 1e-06, 0.0, -0.0, 0.876461, 0.481474, 0.37472, -0.0, -0.481474, 0.87646, -0.0, 0.0, 0.0, 0.0, 1.0],
                [1.0, -0.0, 1e-06, 0.0, -1e-06, 0.013508, 0.999908, 0.37472, -0.0, -0.99991, 0.013508, -0.0, 0.0, 0.0, 0.0, 1.0]
            ]
        },
        {
            "name": "Knee_R",
            "time": [0.0, 0.15, 0.2167, 0.3833, 0.6, 0.7667],
            "transform": [
                [1.0, 0.0, -0.0, 0.0, -0.0, 1e-06, -1.0, 0.471392, -0.0, 1.0, 1e-06, -0.004956, 0.0, 0.0, 0.0, 1.0],
                [1.0, -0.0, -0.0, 0.0, -0.0, -0.416942, -0.908933, 0.445846, -0.0, 0.908933, -0.416942, -0.002989, 0.0, 0.0, 0.0, 1.0],
                [1.0, 0.0, -0.0, -0.0, -0.0, 1e-06, -1.0, 0.427012, -0.0, 1.0, 1e-06, -0.001877, 0.0, 0.0, 0.0, 1.0],
                [1.0, 0.0, -0.0, 0.0, -0.0, 1e-06, -1.0, 0.37472, -0.0, 1.0, 1e-06, -0.0, 0.0, 0.0, 0.0, 1.0],
                [1.0, 0.0, -0.0, 0.0, -0.0, 1e-06, -1.0, 0.37472, -0.0, 1.0, 1e-06, -0.0, 0.0, 0.0, 0.0, 1.0],
                [1.0, 0.0, -0.0, 0.0, -0.0, 1e-06, -1.0, 0.471392, -0.0, 1.0, 1e-06, -0.004956, 0.0, 0.0, 0.0, 1.0]
            ]
        },
        {
            "name": "Thigh_L",
            "time": [0.0, 0.2167, 0.3833, 0.6, 0.7667],
            "transform": [
                [0.999999, -0.0, 0.0, -0.125006, -0.0, -0.905198, 0.42499, -0.002831, -0.0, -0.42499, -0.905198, -1.2e-05, 0.0, 0.0, 0.0, 1.0],
                [0.999999, -0.0, -0.0, -0.125006, 0.0, -0.914312, -0.40501, -0.002831, 0.0, 0.405011, -0.914312, -1.2e-05, 0.0, 0.0, 0.0, 1.0],
                [0.999999, -0.0, 0.0, -0.125006, -0.0, -0.757491, 0.652845, -0.002831, -0.0, -0.652845, -0.757491, -1.2e-05, 0.0, 0.0, 0.0, 1.0],
                [0.999999, -0.0, 0.0, -0.125006, -0.0, -0.504049, 0.863675, -0.002831, -0.0, -0.863675, -0.504049, -1.2e-05, 0.0, 0.0, 0.0, 1.0],
                [0.999999, -0.0, 0.0, -0.125006, -0.0, -0.905198, 0.42499, -0.002831, -0.0, -0.42499, -0.905198, -1.2e-05, 0.0, 0.0, 0.0, 1.0]
            ]
        },
        {
            "name": "Leg_L",
            "time": [0.0, 0.2167, 0.3833, 0.5167, 0.6, 0.7667],
            "transform": [
                [1.0, -0.0, 1e-06, 0.0, -0.0, 0.909076, 0.416629, 0.37472, -1e-06, -0.416629, 0.909077, -0.0, 0.0, 0.0, 0.0, 1.0],
                [1.0, 0.0, 1e-06, 0.0, -1e-06, 0.886696, 0.462353, 0.37472, -1e-06, -0.462353, 0.886696, 0.0, 0.0, 0.0, 0.0, 1.0],
                [1.0, -0.0, 1e-06, 0.0, -1e-06, 0.013859, 0.999904, 0.37472, -0.0, -0.999904, 0.013859, 0.0, 0.0, 0.0, 0.0, 1.0],
                [1.0, 1e-06, 0.0, 0.0, -1e-06, 0.844761, 0.535144, 0.37472, -0.0, -0.535144, 0.844761, -0.0, 0.0, 0.0, 0.0, 1.0],
                [1.0, 0.0, 1e-06, -0.0, -1e-06, 0.487709, 0.873006, 0.37472, -0.0, -0.873006, 0.487709, -0.0, 0.0, 0.0, 0.0, 1.0],
                [1.0, -0.0, 1e-06, 0.0, -0.0, 0.909076, 0.416629, 0.37472, -1e-06, -0.416629, 0.909077, -0.0, 0.0, 0.0, 0.0, 1.0]
            ]
        },
        {
            "name": "Knee_L",
            "time": [0.0, 0.2167, 0.3833, 0.5167, 0.6, 0.7667],
            "transform": [
                [1.0, 0.0, -0.0, 0.0, -0.0, 1e-06, -1.0, 0.37472, -0.0, 1.0, 1e-06, -0.0, 0.0, 0.0, 0.0, 1.0],
                [1.0, 0.0, -0.0, 0.0, -0.0, 1e-06, -1.0, 0.385335, -0.0, 1.0, 1e-06, -0.001833, 0.0, 0.0, 0.0, 1.0],
                [1.0, 0.0, -0.0, 0.0, -0.0, 1e-06, -1.0, 0.476473, -0.0, 1.0, 1e-06, -0.000924, 0.0, 0.0, 0.0, 1.0],
                [1.0, -0.0, -0.0, 0.0, -0.0, -0.359366, -0.933197, 0.456766, -0.0, 0.933197, -0.359367, -0.002819, 0.0, 0.0, 0.0, 1.0],
                [1.0, 0.0, -0.0, 0.0, -0.0, 1e-06, -1.0, 0.432729, -0.0, 1.0, 1e-06, -0.003694, 0.0, 0.0, 0.0, 1.0],
                [1.0, 0.0, -0.0, 0.0, -0.0, 1e-06, -1.0, 0.37472, -0.0, 1.0, 1e-06, -0.0, 0.0, 0.0, 0.0, 1.0]
            ]
        },
        {
            "name": "Torso",
            "time": [0.0, 0.7667],
            "transform": [
                [1.0, 0.0, 0.0, 0.0, 0.0, 0.933509, 0.358554, 0.05, 0.0, -0.358554, 0.933509, 0.0, 0.0, 0.0, 0.0, 1.0],
                [1.0, 0.0, 0.0, 0.0, 0.0, 0.933509, 0.358554, 0.05, 0.0, -0.358554, 0.933509, 0.0, 0.0, 0.0, 0.0, 1.0]
            ]
        },
        {
            "name": "Chest",
            "time": [0.0, 0.2167, 0.3833, 0.6, 0.7667],
            "transform": [
                [0.982081, 0.188459, -0.0, -0.0, -0.173183, 0.902475, 0.394393, 0.3, 0.074327, -0.387325, 0.918942, 0.0, 0.0, 0.0, 0.0, 1.0],
                [0.982081, 0.187514, -0.018849, -0.0, -0.173183, 0.937395, 0.302155, 0.3, 0.074327, -0.293476, 0.953073, 0.0, 0.0, 0.0, 0.0, 1.0],
                [0.982081, 0.185742, 0.031887, -0.0, -0.173183, 0.822734, 0.541403, 0.3, 0.074327, -0.537224, 0.840159, 0.0, 0.0, 0.0, 0.0, 1.0],
                [0.982081, 0.187514, -0.018849, -0.0, -0.173183, 0.937395, 0.302155, 0.3, 0.074327, -0.293476, 0.953073, 0.0, 0.0, 0.0, 0.0, 1.0],
                [0.982081, 0.188459, -0.0, -0.0, -0.173183, 0.902475, 0.394393, 0.3, 0.074327, -0.387325, 0.918942, 0.0, 0.0, 0.0, 0.0, 1.0]
            ]
        },
        {
            "name": "Head",
            "time": [0.0, 0.2, 0.3833, 0.6, 0.7667],