{
    "animation": [
        {
            "name": "Root",
            "time": [0.0, 0.05, 0.0667, 0.1, 0.4333],
            "transform": [
                [0.926699, 0.067395, 0.369713, 0.034498, 0.362969, 0.094415, -0.927005, -0.089469, -0.097382, 0.993249, 0.063032, 0.637842, 0.0, 0.0, 0.0, 1.0],
                [0.99429, 0.067395, -0.082731, 0.034498, -0.088903, 0.094415, -0.991555, -0.089469, -0.059015, 0.993249, 0.099867, 0.637842, 0.0, 0.0, 0.0, 1.0],
                [0.951644, 0.067395, -0.299719, 0.034498, -0.305137, 0.094415, -0.947617, -0.089469, -0.035567, 0.993249, 0.110414, 0.586568, 0.0, 0.0, 0.0, 1.0],
                [0.76572, 0.067395, -0.639633, 0.034498, -0.643109, 0.094415, -0.759932, -0.089469, 0.009175, 0.993249, 0.115638, 0.694773, 0.0, 0.0, 0.0, 1.0],
                [0.386305, 0.067395, -0.919906, 0.034498, -0.920334, 0.094415, -0.379568, -0.089469, 0.061272, 0.993249, 0.098499, 0.637842, 0.0, 0.0, 0.0, 1.0]
            ]
        },
        {
            "name": "Thigh_R",
            "time": [0.0, 0.05, 0.1, 0.4333],
            "transform": [
                [0.931159, 0.352506, -0.09317, 0.124994, 0.282106, -0.534642, 0.796602, -0.002831, 0.230994, -0.768045, -0.597283, -1.2e-05, 0.0, 0.0, 0.0, 1.0],
                [0.95953, 0.221295, -0.174153, 0.124994, 0.255078, -0.420983, 0.870464, -0.002831, 0.119314, -0.879658, -0.460395, -1.2e-05, 0.0, 0.0, 0.0, 1.0],
                [0.900702, 0.366732, -0.2329, 0.124994, 0.431663, -0.694996, 0.575018, -0.002831, 0.049013, -0.618453, -0.784291, -1.2e-05, 0.0, 0.0, 0.0, 1.0],
                [0.87608, 0.463879, -0.131523, 0.124994, 0.47994, -0.86514, 0.145554, -0.002831, -0.046267, -0.190639, -0.980569, -1.2e-05, 0.0, 0.0, 0.0, 1.0]
            ]
        },
        {
            "name": "Leg_R",
            "time": [0.0, 0.1, 0.4333],
            "transform": [
                [1.0, -1e-06, 0.0, 0.0, 0.0, 0.616321, 0.787495, 0.37472, -1e-06, -0.787496, 0.61632, -0.0, 0.0, 0.0, 0.0, 1.0],
                [1.0, -1e-06, 1e-06, -0.0, -0.0, 0.663535, 0.748145, 0.37472, -1e-06, -0.748146, 0.663534, 0.0, 0.0, 0.0, 0.0, 1.0],
                [1.0, -1e-06, 1e-06, -0.0, 0.0, 0.875255, 0.483663, 0.37472, -1e-06, -0.483663, 0.875254, 0.0, 0.0, 0.0, 0.0, 1.0]
            ]
        },
        {
            "name": "Knee_R",
            "time": [0.0, 0.1, 0.4333],
            "transform": [
                [1.0, 0.0, -0.0, 0.0, -0.0, 1e-06, -1.0, 0.37472, -0.0, 1.0, 1e-06, -0.0, 0.0, 0.0, 0.0, 1.0],
                [1.0, 0.0, -0.0, -0.0, -0.0, 1e-06, -1.0, 0.37472, -0.0, 1.0, 1e-06, 0.0, 0.0, 0.0, 0.0, 1.0],
                [1.0, 0.0, -0.0, -0.0, -0.0, 1e-06, -1.0, 0.37472, -0.0, 1.0, 1e-06, 0.0, 0.0, 0.0, 0.0, 1.0]
            ]
        },
        {
            "name": "Thigh_L",
            "time": [0.0, 0.05, 0.1, 0.2167, 0.4333],
            "transform": [
                [0.653955, -0.304328, -0.692623, -0.125006, -0.446481, -0.894336, -0.028599, -0.002831, -0.610733, 0.327946, -0.720732, -1.2e-05, 0.0, 0.0, 0.0, 1.0],
                [0.390374, -0.445001, -0.805966, -0.125006, -0.312021, -0.887566, 0.338924, -0.002831, -0.866169, 0.119172, -0.485333, -1.2e-05, 0.0, 0.0, 0.0, 1.0],
                [0.547769, -0.765264, -0.338114, -0.125006, -0.292687, -0.553886, 0.779452, -0.002831, -0.783762, -0.327998, -0.527384, -1.2e-05, 0.0, 0.0, 0.0, 1.0],
                [0.541242, -0.666558, -0.512599, -0.125006, -0.257833, -0.7118, 0.653347, -0.002831, -0.800361, -0.221454, -0.557117, -1.2e-05, 0.0, 0.0, 0.0, 1.0],
                [0.522931, -0.715812, -0.462769, -0.125006, -0.188122, -0.626452, 0.756417, -0.002831, -0.831355, -0.308497, -0.462251, -1.2e-05, 0.0, 0.0, 0.0, 1.0]
            ]
        },
        {
            "name": "Leg_L",
            "time": [0.0, 0.05, 0.1, 0.2167, 0.4333],
            "transform": [
                [0.998576, 0.053337, 0.000783, -0.0, -0.051599, 0.962109, 0.267739, 0.37472, 0.013527, -0.267398, 0.963491, -0.0, 0.0, 0.0, 0.0, 1.0],
                [0.998576, 0.040685, 0.0345, 0.0, -0.051599, 0.57271, 0.818133, 0.37472, 0.013527, -0.818748, 0.573994, 0.0, 0.0, 0.0, 0.0, 1.0],
                [0.998576, 0.033853, 0.041224, -0.0, -0.051599, 0.417038, 0.907424, 0.37472, 0.013527, -0.908258, 0.418191, -0.0, 0.0, 0.0, 0.0, 1.0],
                [0.998577, 0.053079, 0.005298, 0.0, -0.051599, 0.935971, 0.348275, 0.37472, 0.013527, -0.348052, 0.937378, 0.0, 0.0, 0.0, 0.0, 1.0],
                [0.998576, 0.053337, 0.000783, 0.0, -0.051599, 0.962109, 0.267739, 0.37472, 0.013527, -0.267398, 0.963492, -0.0, 0.0, 0.0, 0.0, 1.0]
            ]
        },
        {
            "name": "Knee_L",
            "time": [0.0, 0.1, 0.4333],
            "transform": [
                [1.0, 0.0, -0.0, -0.0, -0.0, 1e-06, -1.0, 0.37472, -0.0, 1.0, 1e-06, -0.0, 0.0, 0.0, 0.0, 1.0],
                [1.0, 0.0, -0.0, -0.0, -0.0, 1e-06, -1.0, 0.37472, -0.0, 1.0, 1e-06, -0.0, 0.0, 0.0, 0.0, 1.0],
                [1.0, 0.0, -0.0, 0.0, -0.0, 1e-06, -1.0, 0.37472, -0.0, 1.0, 1e-06, -0.0, 0.0, 0.0, 0.0, 1.0]
            ]
        },
        {
            "name": "Torso",
            "time": [0.0, 0.1, 0.4333],
            "transform": [
                [0.855595, -0.041339, 0.515993, -0.0, -0.104165, 0.962666, 0.249846, 0.05, -0.507057, -0.267516, 0.819346, -0.0, 0.0, 0.0, 0.0, 1.0],
                [0.851784, -0.020709, 0.523484, -0.0, -0.006857, 0.998692, 0.050667, 0.05, -0.523849, -0.046747, 0.850528, -0.0, 0.0, 0.0, 0.0, 1.0],
                [0.85073, -0.010682, 0.525494, 0.0, 0.038735, 0.998349, -0.042415, 0.05, -0.524173, 0.056439, 0.849739, 0.0, 0.0, 0.0, 0.0, 1.0]
            ]
        },
        {
            "name": "Chest",
            "time": [0.0, 0.1, 0.4333],
            "transform": [
                [0.846975, -0.060058, 0.528229, -0.0, -0.068134, 0.973142, 0.219892, 0.3, -0.527248, -0.222234, 0.820136, -0.0, 0.0, 0.0, 0.0, 1.0],
                [0.966869, -0.085995, -0.240352, 0.0, 0.122472, 0.982378, 0.141189, 0.3, 0.223975, -0.165948, 0.960363, 0.0, 0.0, 0.0, 0.0, 1.0],
                [0.817053, -0.110358, -0.565902, 0.0, 0.175822, 0.982451, 0.062263, 0.3, 0.5491, -0.15037, 0.822118, -0.0, 0.0, 0.0, 0.0, 1.0]
            ]
        },
        {
            "name": "Head",
            "time": [0.0, 0.1, 0.4333],
            "transform": [
                [0.496258, -0.185498, -0.848127, -0.0, -0.249085, 0.905415, -0.343773, 0.4, 0.831676, 0.381855, 0.403115, 0.0, 0.0, 0.0, 0.0, 1.0],
                [0.895406, 0.037576, 0.443662, -0.0, 0.041728, 0.984965, -0.167638, 0.4, -0.44329, 0.168617, 0.880376, -0.0, 0.0, 0.0, 0.0, 1.0],
                [0.451675, -0.006009, 0.892163, -0.0, 0.028505, 0.999564, -0.007699, 0.4, -0.891727, 0.028908, 0.451649, 0.0, 0.0, 0.0, 0.0, 1.0]
            ]
        },
        {
            "name": "Shoulder_R",
            "time": [0.0, 0.1, 0.4333],
            "transform": [
                [0.196175, 0.945536, 0.259762, -0.0, 0.066476, -0.277124, 0.958532, 0.4, 0.978313, -0.170772, -0.11722, 0.0, 0.0, 0.0, 0.0, 1.0],
                [0.196175, 0.945536, 0.259761, -0.0, 0.066476, -0.277124, 0.958532, 0.4, 0.978313, -0.170772, -0.11722, -0.0, 0.0, 0.0, 0.0, 1.0],
                [0.196175, 0.945536, 0.259761, -0.0, 0.066476, -0.277124, 0.958532, 0.4, 0.978313, -0.170772, -0.11722, 0.0, 0.0, 0.0, 0.0, 1.0]
            ]
        },
        {
            "name": "Arm_R",
            "time": [0.0, 0.1, 0.4333],
            "transform": [
                [-0.120425, -0.992717, -0.003316, -0.0, -0.201179, 0.027675, -0.979163, 0.39386, 0.972124, -0.117249, -0.203047, 0.0, 0.0, 0.0, 0.0, 1.0],
                [-0.120425, -0.298349, -0.946829, -0.0, -0.201179, 0.941314, -0.271024, 0.393861, 0.972124, 0.157844, -0.173379, 0.0, 0.0, 0.0, 0.0, 1.0],
                [-0.120425, 0.242062, -0.962758, -0.0, -0.201179, 0.943742, 0.262445, 0.39386, 0.972124, 0.225292, -0.064952, 0.0, 0.0, 0.0, 0.0, 1.0]
            ]
        },
        {
            "name": "Hand_R",