{
    "animation": [
        {
            "name": "Root",
            "time": [0.0, 0.25, 0.4, 0.5, 0.7, 1.1833],
            "transform": [
                [0.854339, 0.028643, -0.518927, -5e-06, -0.51914, 0.0, -0.854689, 0.000946, -0.024481, 0.99959, 0.01487, 0.753683, 0.0, 0.0, 0.0, 1.0],
                [0.283491, 0.028643, -0.958547, -0.009954, -0.95894, 0.0, -0.283608, -0.47503, -0.008123, 0.99959, 0.027467, 0.590176, 0.0, 0.0, 0.0, 1.0],
                [0.191035, -0.029137, -0.981151, -0.003939, -0.948275, 0.2527, -0.192138, -0.867118, 0.253535, 0.967106, 0.020645, 0.671554, 0.0, 0.0, 0.0, 1.0],
                [0.983126, -0.082383, -0.163326, 0.056507, -0.154784, 0.101199, -0.982752, 0.372222, 0.097491, 0.991449, 0.08674, 0.739324, 0.0, 0.0, 0.0, 1.0],
                [0.619159, 0.035462, 0.784464, 0.042222, 0.772883, 0.149187, -0.616762, 1.231304, -0.138903, 0.988173, 0.064962, 0.483965, 0.0, 0.0, 0.0, 1.0],
                [0.578539, 0.039441, 0.814701, 0.01525, 0.801967, 0.154712, -0.576986, 1.393605, -0.1488, 0.987172, 0.057877, 0.572477, 0.0, 0.0, 0.0, 1.0]
            ]
        },
        {
            "name": "Thigh_R",
            "time": [0.0, 0.25, 0.4, 0.5, 0.7, 1.1833],
            "transform": [
                [0.992811, 0.11785, -0.020883, 0.124994, 0.118536, -0.992318, 0.035348, -0.002831, -0.016557, -0.037569, -0.999157, -1.2e-05, 0.0, 0.0, 0.0, 1.0],
                [0.875688, 0.467603, -0.120483, 0.124994, 0.47183, -0.881655, 0.007548, -0.002831, -0.102695, -0.063456, -0.992687, -1.2e-05, 0.0, 0.0, 0.0, 1.0],
                [0.969284, 0.238724, -0.059146, 0.124994, 0.227942, -0.962287, -0.148469, -0.002831, -0.092358, 0.130427, -0.987147, -1.2e-05, 0.0, 0.0, 0.0, 1.0],
                [0.933783, 0.280443, -0.222259, 0.124994, 0.338189, -0.894624, 0.292015, -0.002831, -0.116945, -0.347843, -0.930231, -1.2e-05, 0.0, 0.0, 0.0, 1.0],
                [0.685821, 0.725954, 0.051368, 0.124994, 0.231062, -0.284129, 0.930527, -0.002831, 0.690116, -0.626304, -0.362603, -1.2e-05, 0.0, 0.0, 0.0, 1.0],
                [0.663517, 0.720788, 0.200519, 0.124994, 0.202801, -0.431257, 0.879141, -0.002831, 0.72015, -0.542658, -0.432324, -1.2e-05, 0.0, 0.0, 0.0, 1.0]
            ]
        },
        {
            "name": "Leg_R",
            "time": [0.0, 0.25, 0.3833, 0.5333, 0.7, 1.1833],
            "transform": [
                [1.0, -0.0, 1e-06, 0.0, 0.0, 0.997612, 0.069073, 0.37472, -1e-06, -0.069073, 0.997611, 0.0, 0.0, 0.0, 0.0, 1.0],
                [1.0, -0.0, 1e-06, -0.0, 0.0, 0.874326, 0.485341, 0.37472, -1e-06, -0.485341, 0.874324, 0.0, 0.0, 0.0, 0.0, 1.0],
                [1.0, 0.0, 1e-06, -0.0, -0.0, 0.977208, 0.212289, 0.37472, -1e-06, -0.212289, 0.977206, 0.0, 0.0, 0.0, 0.0, 1.0],
                [1.0, -1e-06, 0.0, 0.0, -0.0, -0.182921, 0.983127, 0.37472, -1e-06, -0.983129, -0.18292, 0.0, 0.0, 0.0, 0.0, 1.0],
                [1.0, -1e-06, 1e-06, 0.0, 0.0, 0.861731, 0.507366, 0.37472, -1e-06, -0.507366, 0.86173, 0.0, 0.0, 0.0, 0.0, 1.0],
                [1.0, -0.0, 1e-06, -0.0, 0.0, 0.861122, 0.508399, 0.37472, -1e-06, -0.5084, 0.861121, -0.0, 0.0, 0.0, 0.0, 1.0]
            ]
        },
        {
            "name": "Knee_R",
            "time": [0.0, 0.25, 0.4, 0.7, 1.1833],
            "transform": [
                [1.0, 0.0, -0.0, 0.0, -0.0, 1e-06, -1.0, 0.37472, -0.0, 1.0, 1e-06, 0.0, 0.0, 0.0, 0.0, 1.0],
                [1.0, 0.0, -0.0, -0.0, -0.0, 1e-06, -1.0, 0.37472, -0.0, 1.0, 1e-06, 0.0, 0.0, 0.0, 0.0, 1.0],
                [1.0, 0.0, -0.0, 0.0, -0.0, 1e-06, -1.0, 0.37472, -0.0, 1.0, 1e-06, 0.0, 0.0, 0.0, 0.0, 1.0],
                [1.0, 0.0, -0.0, 0.0, -0.0, 1e-06, -1.0, 0.37472, -0.0, 1.0, 1e-06, 0.0, 0.0, 0.0, 0.0, 1.0],
                [1.0, 0.0, -0.0, -0.0, -0.0, 1e-06, -1.0, 0.37472, -0.0, 1.0, 1e-06, -0.0, 0.0, 0.0, 0.0, 1.0]
            ]
        },
        {
            "name": "Thigh_L",
            "time": [0.0, 0.25, 0.4, 0.5, 0.7, 1.1833],
            "transform": [
                [0.869242, -0.120567, -0.479458, -0.125006, -0.021407, -0.978077, 0.207141, -0.002831, -0.493921, -0.169792, -0.852767, -1.2e-05, 0.0, 0.0, 0.0, 1.0],
                [0.550223, -0.717281, -0.427508, -0.125006, -0.167224, -0.596257, 0.785184, -0.002831, -0.818101, -0.360536, -0.448021, -1.2e-05, 0.0, 0.0, 0.0, 1.0],
                [0.600098, -0.799295, 0.031765, -0.125006, -0.635683, -0.452404, 0.625489, -0.002831, -0.48558, -0.395548, -0.779586, -1.2e-05, 0.0, 0.0, 0.0, 1.0],
                [0.954631, -0.295731, -0.034959, -0.125006, -0.251548, -0.863648, 0.436847, -0.002831, -0.159381, -0.408234, -0.898856, -1.2e-05, 0.0, 0.0, 0.0, 1.0],
                [0.652703, -0.703132, -0.282104, -0.125006, -0.700533, -0.701921, 0.128686, -0.002831, -0.288497, 0.11363, -0.950714, -1.2e-05, 0.0, 0.0, 0.0, 1.0],
                [0.792326, -0.556637, -0.249749, -0.125006, -0.568996, -0.821906, 0.026713, -0.002831, -0.22014, 0.120942, -0.967941, -1.2e-05, 0.0, 0.0, 0.0, 1.0]
            ]
        },
        {
            "name": "Leg_L",
            "time": [0.0, 0.25, 0.4, 0.7, 1.1833],
            "transform": [
                [0.998576, 0.053235, -0.003397, 0.0, -0.051599, 0.980122, 0.191569, 0.37472, 0.013527, -0.191121, 0.981474, -0.0, 0.0, 0.0, 0.0, 1.0],
                [0.998576, 0.039327, 0.036039, 0.0, -0.051599, 0.540817, 0.839557, 0.37472, 0.013527, -0.84022, 0.542076, -0.0, 0.0, 0.0, 0.0, 1.0],
                [0.998576, 0.041498, 0.033517, -0.0, -0.051599, 0.592105, 0.804207, 0.37472, 0.013527, -0.804791, 0.593404, -0.0, 0.0, 0.0, 0.0, 1.0],
                [0.998576, 0.053191, 0.004021, -0.0, -0.051599, 0.944072, 0.325675, 0.37472, 0.013527, -0.325419, 0.945474, -0.0, 0.0, 0.0, 0.0, 1.0],
                [0.998576, 0.053341, -0.000469, 0.0, -0.051599, 0.968126, 0.245089, 0.37472, 0.013527, -0.244716, 0.969501, 0.0, 0.0, 0.0, 0.0, 1.0]
            ]
        },
        {
            "name": "Knee_L",
            "time": [0.0, 0.25, 0.4, 0.7, 1.1833],
            "transform": [
                [1.0, 0.0, -0.0, 0.0, -0.0, 1e-06, -1.0, 0.37472, -0.0, 1.0, 1e-06, -0.0, 0.0, 0.0, 0.0, 1.0],
                [1.0, 0.0, -0.0, 0.0, -0.0, 1e-06, -1.0, 0.37472, -0.0, 1.0, 1e-06, -0.0, 0.0, 0.0, 0.0, 1.0],
                [1.0, 0.0, -0.0, -0.0, -0.0, 1e-06, -1.0, 0.37472, -0.0, 1.0, 1e-06, -0.0, 0.0, 0.0, 0.0, 1.0],
                [1.0, 0.0, -0.0, -0.0, -0.0, 1e-06, -1.0, 0.37472, -0.0, 1.0, 1e-06, -0.0, 0.0, 0.0, 0.0, 1.0],
                [1.0, 0.0, -0.0, 0.0, -0.0, 1e-06, -1.0, 0.37472, -0.0, 1.0, 1e-06, 0.0, 0.0, 0.0, 0.0, 1.0]
            ]
        },
        {
            "name": "Torso",
            "time": [0.0, 0.25, 0.4833, 0.7, 1.1833],
            "transform": [
                [0.999042, -0.043673, -0.002705, 0.0, 0.04367, 0.999045, -0.001423, 0.05, 0.002765, 0.001304, 0.999995, -0.0, 0.0, 0.0, 0.0, 1.0],
                [0.998578, -0.045861, 0.027185, -0.0, 0.045949, 0.99894, -0.002626, 0.05, -0.027035, 0.003871, 0.999627, 0.0, 0.0, 0.0, 0.0, 1.0],
                [0.915786, -0.022566, -0.401031, -0.0, 0.02441, 0.999702, -0.000512, 0.05, 0.400923, -0.00932, 0.916064, 0.0, 0.0, 0.0, 0.0, 1.0],
                [0.99564, 0.091927, 0.015835, 0.0, -0.092832, 0.993103, 0.071615, 0.05, -0.009142, -0.072772, 0.997307, -0.0, 0.0, 0.0, 0.0, 1.0],
                [0.997446, -0.045861, 0.054756, -0.0, 0.046004, 0.998941, -0.001355, 0.05, -0.054636, 0.003871, 0.998499, -0.0, 0.0, 0.0, 0.0, 1.0]
            ]
        },
        {
            "name": "Chest",
            "time": [0.0, 0.25, 0.4833, 0.7, 1.1833],