{
    "animation": [
        {
            "name": "Root",
            "time": [0.0, 0.15, 0.2167, 0.3167, 0.4167, 0.4667, 0.5333],
            "transform": [
                [0.911207, 0.005642, 0.0, 0.038433, 0.0, 0.0, -0.911224, 0.034204, -0.005642, 0.911207, -0.0, 1.45693, 0.0, 0.0, 0.0, 1.0],
                [0.88967, 0.005509, 0.196943, 0.038433, 0.196939, 0.001219, -0.889687, -0.06876, -0.005642, 0.911207, -0.0, 1.45693, 0.0, 0.0, 0.0, 1.0],
                [0.88967, 0.005509, 0.196943, -0.008945, 0.196939, 0.001219, -0.889687, 0.145272, -0.005642, 0.911207, -0.0, 1.45693, 0.0, 0.0, 0.0, 1.0],
                [0.858556, 0.005509, -0.305254, 0.038433, -0.305266, 0.001219, -0.858569, 1.556793, -0.004782, 0.911207, 0.002994, 1.321655, 0.0, 0.0, 0.0, 1.0],
                [0.858556, 0.005509, -0.305254, 0.038433, -0.305266, 0.001219, -0.858569, 1.556793, -0.004782, 0.911207, 0.002994, 1.321655, 0.0, 0.0, 0.0, 1.0],
                [0.858556, 0.005509, -0.305254, 0.038433, -0.305266, 0.001219, -0.858569, 1.556793, -0.004782, 0.911207, 0.002994, 1.321655, 0.0, 0.0, 0.0, 1.0],
                [0.858556, 0.005509, -0.305254, 0.038433, -0.305266, 0.001219, -0.858569, 1.556793, -0.004782, 0.911207, 0.002994, 1.321655, 0.0, 0.0, 0.0, 1.0]
            ]
        },
        {
            "name": "Lower_Torso",
            "time": [0.0, 0.2167, 0.3167, 0.4167, 0.4667, 0.5333],
            "transform": [
                [0.999996, -0.002743, 0.0, -0.0, 0.002743, 0.999996, 0.0, 0.182359, -0.0, 0.0, 1.0, 0.0, 0.0, 0.0, 0.0, 1.0],
                [0.999996, -0.002743, 0.0, 0.0, 0.002743, 0.999996, 0.0, 0.182359, -0.0, 0.0, 1.0, -0.0, 0.0, 0.0, 0.0, 1.0],
                [0.999996, -0.002686, -0.000557, 0.0, 0.002743, 0.979169, 0.203027, 0.182359, -0.0, -0.203028, 0.979173, 0.0, 0.0, 0.0, 0.0, 1.0],
                [0.999996, -0.002686, -0.000557, 0.0, 0.002743, 0.979169, 0.203027, 0.182359, -0.0, -0.203028, 0.979173, 0.0, 0.0, 0.0, 0.0, 1.0],
                [0.999996, -0.002686, -0.000557, 0.0, 0.002743, 0.979169, 0.203027, 0.182359, -0.0, -0.203028, 0.979173, 0.0, 0.0, 0.0, 0.0, 1.0],
                [0.999996, -0.002686, -0.000557, 0.0, 0.002743, 0.979169, 0.203027, 0.182359, -0.0, -0.203028, 0.979173, 0.0, 0.0, 0.0, 0.0, 1.0]
            ]
        },
        {
            "name": "Upper_Torso",
            "time": [0.0, 0.15, 0.2167, 0.3167, 0.4167, 0.4667, 0.5333],
            "transform": [
                [-0.998066, -0.005417, -0.061928, -0.0, 0.008801, 0.973851, -0.227017, 0.666804, 0.061538, -0.227123, -0.97192, -0.0, 0.0, 0.0, 0.0, 1.0],
                [-0.973581, 0.043974, -0.224069, -0.0, 0.088148, 0.977595, -0.191149, 0.666804, 0.210643, -0.20585, -0.955644, -0.0, 0.0, 0.0, 0.0, 1.0],
                [-0.954406, 0.043974, -0.295254, -0.0, 0.102003, 0.977595, -0.184128, 0.666804, 0.280542, -0.20585, -0.937508, 0.0, 0.0, 0.0, 0.0, 1.0],
                [-0.974955, 0.055461, 0.215375, -0.0, -0.002971, 0.965073, -0.261964, 0.666804, -0.222381, -0.256044, -0.940738, 0.0, 0.0, 0.0, 0.0, 1.0],
                [-0.974955, 0.058965, 0.214442, -0.0, -0.002971, 0.960672, -0.277668, 0.666804, -0.222381, -0.271351, -0.936438, 0.0, 0.0, 0.0, 0.0, 1.0],
                [-0.974955, 0.058965, 0.214442, -0.0, -0.002971, 0.960672, -0.277668, 0.666804, -0.222381, -0.271351, -0.936438, 0.0, 0.0, 0.0, 0.0, 1.0],
                [-0.974955, 0.058965, 0.214442, -0.0, -0.002971, 0.960672, -0.277668, 0.666804, -0.222381, -0.271351, -0.936438, 0.0, 0.0, 0.0, 0.0, 1.0]
            ]
        },
        {
            "name": "Head",
            "time": [0.0, 0.2167, 0.3167, 0.4167, 0.4667, 0.5333],
            "transform": [
                [-0.99111, 0.074467, 0.110249, -0.0, 0.090747, 0.984375, 0.150903, 0.637051, -0.097289, 0.159566, -0.982381, -0.0, 0.0, 0.0, 0.0, 1.0],
                [-0.899339, 0.074467, 0.430863, 0.0, 0.135427, 0.984375, 0.112544, 0.637051, -0.41575, 0.159566, -0.895372, -0.0, 0.0, 0.0, 0.0, 1.0],
                [-0.843137, -0.074598, -0.532499, 0.0, -0.195755, 0.964954, 0.174769, 0.637051, 0.500799, 0.251593, -0.828191, -0.0, 0.0, 0.0, 0.0, 1.0],
                [-0.941135, 0.074467, -0.329727, -0.0, 0.016466, 0.984375, 0.175316, 0.637051, 0.337631, 0.159566, -0.927655, -0.0, 0.0, 0.0, 0.0, 1.0],
                [-0.941135, 0.074467, -0.329727, -0.0, 0.016466, 0.984375, 0.175316, 0.637051, 0.337631, 0.159566, -0.927655, -0.0, 0.0, 0.0, 0.0, 1.0],
                [-0.941135, 0.074467, -0.329727, -0.0, 0.016466, 0.984375, 0.175316, 0.637051, 0.337631, 0.159566, -0.927655, -0.0, 0.0, 0.0, 0.0, 1.0]
            ]
        },
        {
            "name": "Left_Arm",
            "time": [0.0, 0.15, 0.2167, 0.25, 0.3167, 0.4167, 0.4667, 0.5333],
            "transform": [
                [-0.099777, 0.114297, 0.988424, 0.699152, 0.195411, -0.971784, 0.132098, 0.78895, 0.975632, 0.206329, 0.074627, -0.021019, 0.0, 0.0, 0.0, 1.0],
                [0.411096, 0.801103, 0.435011, 0.550574, 0.908015, -0.317617, -0.273182, 0.708508, -0.08068, 0.507301, -0.857984, 0.113396, 0.0, 0.0, 0.0, 1.0],
                [0.411096, 0.801103, 0.435011, 0.550574, 0.908015, -0.317617, -0.273182, 0.708508, -0.08068, 0.5073, -0.857984, 0.113396, 0.0, 0.0, 0.0, 1.0],
                [0.236993, 0.594311, 0.768524, 0.548766, 0.867619, -0.4854, 0.107815, 0.701689, 0.437117, 0.641235, -0.630671, 0.125406, 0.0, 0.0, 0.0, 1.0],
                [-0.222227, -0.512117, 0.829669, 0.521306, 0.861848, -0.501064, -0.078438, 0.598124, 0.455887, 0.697618, 0.552717, 0.307808, 0.0, 0.0, 0.0, 1.0],
                [-0.452414, -0.597291, 0.662243, 0.521306, 0.853047, -0.506381, 0.126048, 0.598125, 0.26006, 0.62195, 0.738611, 0.307809, 0.0, 0.0, 0.0, 1.0],
                [-0.452414, -0.597291, 0.662243, 0.521306, 0.853047, -0.506381, 0.126048, 0.598125, 0.26006, 0.62195, 0.738611, 0.307809, 0.0, 0.0, 0.0, 1.0],
                [-0.452414, -0.597291, 0.662243, 0.521306, 0.853047, -0.506381, 0.126048, 0.598125, 0.26006, 0.62195, 0.738611, 0.307809, 0.0, 0.0, 0.0, 1.0]
            ]
        },
        {
            "name": "Left_Forearm",
            "time": [0.0, 0.15, 0.2167, 0.25, 0.3167, 0.4167, 0.4667, 0.5333],
            "transform": [
                [0.991756, -0.128127, -0.001812, -0.0, 0.12814, 0.991631, 0.015768, 0.922077, -0.000224, -0.01587, 0.999874, 0.0, 0.0, 0.0, 0.0, 1.0],
                [0.640086, 0.768301, -0.001812, 0.0, -0.768189, 0.64003, 0.015768, 0.922078, 0.013274, -0.008701, 0.999874, -0.0, 0.0, 0.0, 0.0, 1.0],
                [0.640086, 0.768301, -0.001812, -1e-06, -0.768189, 0.64003, 0.015768, 0.922077, 0.013274, -0.008701, 0.999874, -0.0, 0.0, 0.0, 0.0, 1.0],
                [0.999383, 0.035064, -0.001812, -0.0, -0.035031, 0.999262, 0.015768, 0.922077, 0.002363, -0.015694, 0.999874, 0.0, 0.0, 0.0, 0.0, 1.0],
                [0.999998, 0.000482, -0.001812, 0.0, -0.000453, 0.999876, 0.015768, 0.922077, 0.001819, -0.015767, 0.999874, 0.0, 0.0, 0.0, 0.0, 1.0],
                [0.999602, -0.028157, -0.001812, -0.0, 0.028182, 0.999479, 0.015768, 0.922077, 0.001367, -0.015812, 0.999874, 0.0, 0.0, 0.0, 0.0, 1.0],
                [0.999602, -0.028157, -0.001812, -0.0, 0.028182, 0.999479, 0.015768, 0.922077, 0.001367, -0.015812, 0.999874, 0.0, 0.0, 0.0, 0.0, 1.0],
                [0.999602, -0.028157, -0.001812, -0.0, 0.028182, 0.999479, 0.015768, 0.922077, 0.001367, -0.015812, 0.999874, 0.0, 0.0, 0.0, 0.0, 1.0]
            ]
        },
        {
            "name": "Left_Claw",
            "time": [0.0, 0.2167, 0.3167, 0.4167, 0.4667, 0.5333],