{
    "animation": [
        {
            "name": "Root",
            "time": [0.0, 0.15, 0.2833, 0.4167, 0.5, 0.6333, 0.7167],
            "transform": [
                [0.911207, 0.005642, 0.0, 0.038433, 0.0, 0.0, -0.911224, 0.034204, -0.005642, 0.911207, -0.0, 1.45693, 0.0, 0.0, 0.0, 1.0],
                [0.896091, 0.005549, -0.165286, 0.038433, -0.165283, -0.001023, -0.896108, 0.108718, -0.005642, 0.911207, -0.0, 1.427441, 0.0, 0.0, 0.0, 1.0],
                [0.896091, 0.005549, -0.165286, 0.038433, -0.165283, -0.001023, -0.896108, 0.108718, -0.005642, 0.911207, -0.0, 1.427441, 0.0, 0.0, 0.0, 1.0],
                [0.910394, 0.005637, 0.038477, 0.038433, 0.038476, 0.000238, -0.910411, 0.879743, -0.005642, 0.911207, -0.0, 1.410046, 0.0, 0.0, 0.0, 1.0],
                [0.896138, 0.005549, 0.16503, 0.038433, 0.165027, 0.001022, -0.896155, 1.952674, -0.005642, 0.911207, -0.0, 1.301628, 0.0, 0.0, 0.0, 1.0],
                [0.896138, 0.005549, 0.16503, 0.038433, 0.165027, 0.001022, -0.896155, 1.952674, -0.005642, 0.911207, -0.0, 1.301628, 0.0, 0.0, 0.0, 1.0],
                [0.896138, 0.005549, 0.16503, 0.038433, 0.165027, 0.001022, -0.896155, 1.952674, -0.005642, 0.911207, -0.0, 1.301628, 0.0, 0.0, 0.0, 1.0]
            ]
        },
        {
            "name": "Lower_Torso",
            "time": [0.0, 0.2833, 0.5, 0.6333, 0.7167],
            "transform": [
                [0.999996, -0.002743, 0.0, -0.0, 0.002743, 0.999996, 0.0, 0.182359, -0.0, 0.0, 1.0, 0.0, 0.0, 0.0, 0.0, 1.0],
                [0.999996, -0.002743, 0.0, -0.0, 0.002743, 0.999996, 0.0, 0.182358, -0.0, -0.0, 1.0, -0.0, 0.0, 0.0, 0.0, 1.0],
                [0.922867, -0.002743, 0.38511, 0.0, 0.002532, 0.999996, 0.001056, 0.182359, -0.385111, 0.0, 0.92287, -0.0, 0.0, 0.0, 0.0, 1.0],
                [0.922867, -0.002743, 0.38511, 0.0, 0.002532, 0.999996, 0.001056, 0.182359, -0.385111, 0.0, 0.92287, -0.0, 0.0, 0.0, 0.0, 1.0],
                [0.922867, -0.002743, 0.38511, 0.0, 0.002532, 0.999996, 0.001056, 0.182359, -0.385111, 0.0, 0.92287, -0.0, 0.0, 0.0, 0.0, 1.0]
            ]
        },
        {
            "name": "Upper_Torso",
            "time": [0.0, 0.15, 0.2833, 0.5, 0.6333, 0.7167],
            "transform": [
                [-0.998066, -0.005417, -0.061928, -0.0, 0.008801, 0.973851, -0.227017, 0.666804, 0.061538, -0.227123, -0.97192, -0.0, 0.0, 0.0, 0.0, 1.0],
                [-0.978366, 0.088121, 0.187177, 0.0, 0.045229, 0.973969, -0.222125, 0.666804, -0.201878, -0.208854, -0.956883, -0.0, 0.0, 0.0, 0.0, 1.0],
                [-0.965686, 0.099545, 0.239876, 0.0, 0.045273, 0.974008, -0.221943, 0.666804, -0.255735, -0.203468, -0.945093, -0.0, 0.0, 0.0, 0.0, 1.0],
                [-0.946858, 0.099546, -0.30586, 0.0, 0.15558, 0.974008, -0.164631, 0.666804, 0.281522, -0.203468, -0.937735, 0.0, 0.0, 0.0, 0.0, 1.0],
                [-0.946858, 0.099546, -0.30586, 0.0, 0.15558, 0.974008, -0.164631, 0.666804, 0.281522, -0.203468, -0.937735, 0.0, 0.0, 0.0, 0.0, 1.0],
                [-0.946858, 0.099546, -0.30586, 0.0, 0.15558, 0.974008, -0.164631, 0.666804, 0.281522, -0.203468, -0.937735, 0.0, 0.0, 0.0, 0.0, 1.0]
            ]
        },
        {
            "name": "Head",
            "time": [0.0, 0.15, 0.2833, 0.6333, 0.7167],
            "transform": [
                [-0.99111, 0.074467, 0.110249, -0.0, 0.090747, 0.984375, 0.150903, 0.637051, -0.097289, 0.159566, -0.982381, -0.0, 0.0, 0.0, 0.0, 1.0],
                [-0.98851, 0.074467, -0.131536, -0.0, 0.05176, 0.984375, 0.168308, 0.637051, 0.142014, 0.159566, -0.976919, 0.0, 0.0, 0.0, 0.0, 1.0],
                [-0.988442, 0.083383, -0.12661, 0.0, 0.058274, 0.979966, 0.190448, 0.637051, 0.139954, 0.180869, -0.973498, 0.0, 0.0, 0.0, 0.0, 1.0],
                [-0.988442, 0.083383, -0.12661, -0.0, 0.058274, 0.979966, 0.190448, 0.637051, 0.139954, 0.180869, -0.973498, 0.0, 0.0, 0.0, 0.0, 1.0],
                [-0.988442, 0.083383, -0.12661, -0.0, 0.058274, 0.979966, 0.190448, 0.637051, 0.139954, 0.180869, -0.973498, 0.0, 0.0, 0.0, 0.0, 1.0]
            ]
        },
        {
            "name": "Left_Arm",
            "time": [0.0, 0.15, 0.2833, 0.6333, 0.7167],
            "transform": [
                [-0.099777, 0.114297, 0.988424, 0.699152, 0.195411, -0.971784, 0.132098, 0.78895, 0.975632, 0.206329, 0.074627, -0.021019, 0.0, 0.0, 0.0, 1.0],
                [0.186594, 0.125001, 0.974452, 0.699152, 0.279835, -0.957547, 0.069248, 0.788949, 0.94174, 0.259765, -0.213652, -0.021019, 0.0, 0.0, 0.0, 1.0],
                [0.186594, 0.125001, 0.974452, 0.699152, 0.279835, -0.957547, 0.069248, 0.78895, 0.94174, 0.259765, -0.213652, -0.021019, 0.0, 0.0, 0.0, 1.0],
                [0.186594, 0.125001, 0.974452, 0.699152, 0.279835, -0.957547, 0.069248, 0.78895, 0.94174, 0.259765, -0.213652, -0.021019, 0.0, 0.0, 0.0, 1.0],
                [0.186594, 0.125001, 0.974452, 0.699152, 0.279835, -0.957547, 0.069248, 0.78895, 0.94174, 0.259765, -0.213652, -0.021019, 0.0, 0.0, 0.0, 1.0]
            ]
        },
        {
            "name": "Left_Forearm",
            "time": [0.0, 0.2833, 0.6333, 0.7167],
            "transform": [
                [0.991756, -0.128127, -0.001812, -0.0, 0.12814, 0.991631, 0.015768, 0.922077, -0.000224, -0.01587, 0.999874, 0.0, 0.0, 0.0, 0.0, 1.0],
                [0.991756, -0.128127, -0.001812, 0.0, 0.12814, 0.991631, 0.015768, 0.922077, -0.000224, -0.01587, 0.999874, 0.0, 0.0, 0.0, 0.0, 1.0],
                [0.991756, -0.128127, -0.001812, 0.0, 0.12814, 0.991631, 0.015768, 0.922077, -0.000224, -0.01587, 0.999874, -0.0, 0.0, 0.0, 0.0, 1.0],
                [0.991756, -0.128127, -0.001812, 0.0, 0.12814, 0.991631, 0.015768, 0.922077, -0.000224, -0.01587, 0.999874, -0.0, 0.0, 0.0, 0.0, 1.0]
            ]
        },
        {
            "name": "Left_Claw",
            "time": [0.0, 0.2833, 0.6333, 0.7167],
            "transform": [
                [0.988132, 0.152954, 0.014145, 0.0, -0.150512, 0.945712, 0.288055, 0.818741, 0.030682, -0.286765, 0.957509, -0.0, 0.0, 0.0, 0.0, 1.0],
                [0.988132, 0.152954, 0.014145, -0.0, -0.150512, 0.945712, 0.288055, 0.818741, 0.030682, -0.286765, 0.957509, 0.0, 0.0, 0.0, 0.0, 1.0],
                [0.988132, 0.152954, 0.014145, 0.0, -0.150512, 0.945711, 0.288055, 0.818741, 0.030682, -0.286765, 0.957509, 0.0, 0.0, 0.0, 0.0, 1.0],
                [0.988132, 0.152954, 0.014145, 0.0, -0.150512, 0.945711, 0.288055, 0.818741, 0.030682, -0.286765, 0.957509, 0.0, 0.0, 0.0, 0.0, 1.0]
            ]
        },
        {
            "name": "Right_Arm",
            "time": [0.0, 0.15, 0.2833, 0.35, 0.4167, 0.5, 0.6333, 0.7167],