{
    
    "animation": [
        {
            "name": "Root",
            "time": [0.0, 0.2167, 0.35, 0.6, 0.6833, 1.0333],
            "transform": [
                [0.83532, 9.7e-05, -0.549764, -0.001711, -0.549764, 0.000325, -0.83532, -0.162467, 9.7e-05, 1.0, 0.000325, 0.801737, 0.0, 0.0, 0.0, 1.0],
                [0.99332, 9.7e-05, -0.115391, -0.001711, -0.115391, 0.000325, -0.99332, -0.162467, -5.9e-05, 1.0, 0.000334, 0.801737, 0.0, 0.0, 0.0, 1.0],
                [0.99332, 9.7e-05, -0.115391, -0.001711, -0.115391, 0.000325, -0.99332, -0.162467, -5.9e-05, 1.0, 0.000334, 0.801737, 0.0, 0.0, 0.0, 1.0],
                [0.99332, 9.7e-05, -0.115391, -0.001711, -0.090701, 0.618843, -0.78026, -0.162467, 0.071333, 0.785514, 0.614719, 0.654409, 0.0, 0.0, 0.0, 1.0],
                [0.99332, 9.7e-05, -0.115391, -0.001711, -0.090701, 0.618843, -0.78026, -0.162467, 0.071333, 0.785514, 0.614719, 0.654409, 0.0, 0.0, 0.0, 1.0],
                [0.99332, 9.7e-05, -0.115391, -0.001711, -0.090701, 0.618843, -0.78026, -0.162467, 0.071333, 0.785514, 0.614719, 0.654409, 0.0, 0.0, 0.0, 1.0]
            ]
        },
        {
            "name": "Thigh_R",
            "time": [0.0, 0.2167, 0.35, 0.6, 0.6833, 1.0333],
            "transform": [
                [0.996115, 0.054115, -0.069466, 0.124994, 0.06919, -0.968966, 0.237307, -0.002831, -0.054468, -0.241191, -0.968948, -1.2e-05, 0.0, 0.0, 0.0, 1.0],
                [0.989637, 0.104798, -0.098162, 0.124994, 0.051838, -0.898265, -0.436383, -0.002831, -0.133908, 0.426772, -0.89439, -1.2e-05, 0.0, 0.0, 0.0, 1.0],
                [0.989637, 0.104798, -0.098162, 0.124994, 0.051838, -0.898265, -0.436383, -0.002831, -0.133908, 0.426772, -0.89439, -1.2e-05, 0.0, 0.0, 0.0, 1.0],
                [0.989071, 0.129293, -0.070866, 0.124994, 0.143329, -0.955862, 0.256477, -0.002831, -0.034578, -0.263831, -0.963949, -1.2e-05, 0.0, 0.0, 0.0, 1.0],
                [0.989071, 0.129293, -0.070866, 0.124994, 0.143329, -0.955862, 0.256477, -0.002831, -0.034578, -0.263831, -0.963949, -1.2e-05, 0.0, 0.0, 0.0, 1.0],
                [0.989071, 0.129293, -0.070866, 0.124994, 0.143329, -0.955862, 0.256477, -0.002831, -0.034578, -0.263831, -0.963949, -1.2e-05, 0.0, 0.0, 0.0, 1.0]
            ]
        },
        {
            "name": "Leg_R",
            "time": [0.0, 0.35, 0.6, 0.6833, 1.0333],
            "transform": [
                [1.0, -0.0, 2e-06, 0.0, -0.0, 0.931784, 0.363016, 0.37472, -2e-06, -0.363016, 0.931782, 0.0, 0.0, 0.0, 0.0, 1.0],
                [1.0, -0.0, 2e-06, 0.0, -0.0, 0.931784, 0.363016, 0.37472, -2e-06, -0.363016, 0.931782, 0.0, 0.0, 0.0, 0.0, 1.0],
                [1.0, -0.0, 2e-06, -0.0, -0.0, 0.931784, 0.363016, 0.37472, -2e-06, -0.363016, 0.931782, -0.0, 0.0, 0.0, 0.0, 1.0],
                [1.0, -0.0, 2e-06, -0.0, -0.0, 0.931784, 0.363016, 0.37472, -2e-06, -0.363016, 0.931782, -0.0, 0.0, 0.0, 0.0, 1.0],
                [1.0, -0.0, 2e-06, -0.0, -0.0, 0.931784, 0.363016, 0.37472, -2e-06, -0.363016, 0.931782, -0.0, 0.0, 0.0, 0.0, 1.0]
            ]
        },
        {
            "name": "Knee_R",
            "time": [0.0, 0.35, 0.6, 0.6833, 1.0333],
            "transform": [
                [1.0, 0.0, -0.0, 0.0, -0.0, 0.483973, -0.875083, 0.37471, -0.0, 0.875083, 0.483973, 2e-06, 0.0, 0.0, 0.0, 1.0],
                [1.0, 0.0, -0.0, 0.0, -0.0, 0.483973, -0.875083, 0.37471, -0.0, 0.875083, 0.483973, 2e-06, 0.0, 0.0, 0.0, 1.0],
                [1.0, 0.0, -0.0, 0.0, -0.0, 0.483973, -0.875083, 0.37471, -0.0, 0.875083, 0.483973, 2e-06, 0.0, 0.0, 0.0, 1.0],
                [1.0, 0.0, -0.0, 0.0, -0.0, 0.483973, -0.875083, 0.37471, -0.0, 0.875083, 0.483973, 2e-06, 0.0, 0.0, 0.0, 1.0],
                [1.0, 0.0, -0.0, 0.0, -0.0, 0.483973, -0.875083, 0.37471, -0.0, 0.875083, 0.483973, 2e-06, 0.0, 0.0, 0.0, 1.0]
            ]
        },
        {
            "name": "Thigh_L",
            "time": [0.0, 0.2167, 0.35, 0.6, 0.6833, 1.0333],
            "transform": [
                [0.836883, -0.236775, -0.493522, -0.125006, -0.218228, -0.971177, 0.095879, -0.002831, -0.501999, 0.027461, -0.864432, -1.2e-05, 0.0, 0.0, 0.0, 1.0],
                [0.9911, -0.125273, -0.045017, -0.125006, -0.030648, -0.543843, 0.838627, -0.002831, -0.12954, -0.829784, -0.542842, -1.2e-05, 0.0, 0.0, 0.0, 1.0],
                [0.9911, -0.125273, -0.045017, -0.125006, -0.030648, -0.543843, 0.838627, -0.002831, -0.12954, -0.829784, -0.542842, -1.2e-05, 0.0, 0.0, 0.0, 1.0],
                [0.9911, -0.132439, 0.013406, -0.125006, -0.030648, -0.12903, 0.991166, -0.002831, -0.12954, -0.982757, -0.131942, -1.2e-05, 0.0, 0.0, 0.0, 1.0],
                [0.9911, -0.132439, 0.013406, -0.125006, -0.030648, -0.12903, 0.991166, -0.002831, -0.12954, -0.982757, -0.131942, -1.2e-05, 0.0, 0.0, 0.0, 1.0],
                [0.9911, -0.132439, 0.013406, -0.125006, -0.030648, -0.12903, 0.991166, -0.002831, -0.12954, -0.982757, -0.131942, -1.2e-05, 0.0, 0.0, 0.0, 1.0]
            ]
        },
        {
            "name": "Leg_L",
            "time": [0.0, 0.2167, 0.35, 0.6, 0.6833, 1.0333],
            "transform": [
                [1.0, -0.0, 0.0, -0.0, -0.0, 0.915237, 0.402916, 0.37472, -0.0, -0.402916, 0.915237, 0.0, 0.0, 0.0, 0.0, 1.0],
                [1.0, -0.0, 0.0, -0.0, -0.0, 0.691656, 0.722227, 0.37472, -1e-06, -0.722226, 0.691657, -0.0, 0.0, 0.0, 0.0, 1.0],
                [1.0, -0.0, 0.0, -0.0, -0.0, 0.691656, 0.722227, 0.37472, -1e-06, -0.722226, 0.691657, -0.0, 0.0, 0.0, 0.0, 1.0],
                [1.0, -0.0, 1e-06, -0.0, -0.0, 0.88356, 0.468318, 0.37472, -1e-06, -0.468318, 0.88356, -0.0, 0.0, 0.0, 0.0, 1.0],
                [1.0, -0.0, 1e-06, -0.0, -0.0, 0.88356, 0.468318, 0.37472, -1e-06, -0.468318, 0.88356, -0.0, 0.0, 0.0, 0.0, 1.0],
                [1.0, -0.0, 1e-06, -0.0, -0.0, 0.88356, 0.468318, 0.37472, -1e-06, -0.468318, 0.88356, -0.0, 0.0, 0.0, 0.0, 1.0]
            ]
        },
        {
            "name": "Knee_L",
            "time": [0.0, 0.35, 0.6, 0.6833, 1.0333],
            "transform": [
                [1.0, 0.0, -0.0, -0.0, -0.0, 0.427487, -0.904022, 0.37472, -0.0, 0.904022, 0.427487, 0.0, 0.0, 0.0, 0.0, 1.0],
                [1.0, 0.0, -0.0, -0.0, -0.0, 0.427487, -0.904022, 0.37472, -0.0, 0.904022, 0.427487, -0.0, 0.0, 0.0, 0.0, 1.0],
                [1.0, 0.0, -0.0, -0.0, -0.0, 0.427487, -0.904021, 0.37472, -0.0, 0.904021, 0.427487, -0.0, 0.0, 0.0, 0.0, 1.0],
                [1.0, 0.0, -0.0, -0.0, -0.0, 0.427487, -0.904021, 0.37472, -0.0, 0.904021, 0.427487, -0.0, 0.0, 0.0, 0.0, 1.0],
                [1.0, 0.0, -0.0, -0.0, -0.0, 0.427487, -0.904021, 0.37472, -0.0, 0.904021, 0.427487, -0.0, 0.0, 0.0, 0.0, 1.0]
            ]
        },
        {
            "name": "Torso",
            "time": [0.0, 0.35, 0.6, 0.6833, 1.0333],
            "transform": [
                [0.981277, 0.0108, -0.192301, 0.0, -0.017548, 0.999287, -0.033421, 0.05, 0.191803, 0.036169, 0.980767, -0.0, 0.0, 0.0, 0.0, 1.0],
                [0.981277, 0.0108, -0.192301, 0.0, -0.017548, 0.999287, -0.033421, 0.05, 0.191803, 0.036169, 0.980767, 0.0, 0.0, 0.0, 0.0, 1.0],
                [0.981277, 0.0108, -0.192301, -0.0, -0.017548, 0.999287, -0.033421, 0.05, 0.191803, 0.036169, 0.980767, 0.0, 0.0, 0.0, 0.0, 1.0],
                [0.981277, 0.0108, -0.192301, -0.0, -0.017548, 0.999287, -0.033421, 0.05, 0.191803, 0.036169, 0.980767, 0.0, 0.0, 0.0, 0.0, 1.0],
                [0.981277, -0.030617, -0.190155, -0.0, -0.017548, 0.968967, -0.246566, 0.05, 0.191803, 0.245286, 0.950287, 0.0, 0.0, 0.0, 0.0, 1.0]
            ]
        },
        {
            "name": "Chest",
            "time": [0.0, 0.2167, 0.35, 0.6, 0.6833, 1.0333],