{
    
    "animation": [
        {
            "name": "Root",
            "time": [0.0, 0.15, 0.2667, 0.4167, 0.4833, 0.5333],
            "transform": [
                [0.998856, 0.012381, -0.046197, -5e-06, -0.047828, 0.258568, -0.964808, 0.000946, 0.0, 0.965914, 0.258865, 0.755725, 0.0, 0.0, 0.0, 1.0],
                [0.996472, 0.021724, -0.081061, -5e-06, -0.083922, 0.257952, -0.962506, 0.000946, -0.0, 0.965914, 0.258865, 0.574819, 0.0, 0.0, 0.0, 1.0],
                [0.998856, 0.012381, -0.046197, -5e-06, -0.047828, 0.258568, -0.964808, 0.000946, 0.0, 0.965914, 0.258865, 0.755725, 0.0, 0.0, 0.0, 1.0],
                [0.996327, 0.022168, -0.082716, -5e-06, -0.085635, 0.257914, -0.962365, 0.000946, 0.0, 0.965914, 0.258865, 0.518846, 0.0, 0.0, 0.0, 1.0],
                [0.998054, 0.016142, -0.060232, -5e-06, -0.062358, 0.258361, -0.964034, 0.000946, 0.0, 0.965914, 0.258865, 0.73195, 0.0, 0.0, 0.0, 1.0],
                [0.998856, 0.012381, -0.046197, -5e-06, -0.047828, 0.258568, -0.964808, 0.000946, 0.0, 0.965914, 0.258865, 0.755725, 0.0, 0.0, 0.0, 1.0]
            ]
        },
        {
            "name": "Thigh_R",
            "time": [0.0, 0.0833, 0.15, 0.2667, 0.4167, 0.5333],
            "transform": [
                [0.999011, -0.027437, -0.034984, 0.124994, 0.009891, -0.630002, 0.77653, -0.002831, -0.043346, -0.776106, -0.629109, -1.2e-05, 0.0, 0.0, 0.0, 1.0],
                [0.998906, -0.045554, -0.010524, 0.124994, 0.0035, -0.151617, 0.988433, -0.002831, -0.046622, -0.987387, -0.151292, -1.2e-05, 0.0, 0.0, 0.0, 1.0],
                [0.999011, -0.038994, -0.021357, 0.124994, 0.009891, -0.273418, 0.961845, -0.002831, -0.043346, -0.961102, -0.272763, -1.2e-05, 0.0, 0.0, 0.0, 1.0],
                [0.999011, 0.008689, -0.043602, 0.124994, 0.009891, -0.999573, 0.027404, -0.002831, -0.043345, -0.027808, -0.998673, -1.2e-05, 0.0, 0.0, 0.0, 1.0],
                [0.999011, 0.02729, -0.035098, 0.124994, 0.009891, -0.906069, -0.42301, -0.002831, -0.043345, 0.422244, -0.905445, -1.2e-05, 0.0, 0.0, 0.0, 1.0],
                [0.999011, -0.027437, -0.034984, 0.124994, 0.009891, -0.630002, 0.77653, -0.002831, -0.043346, -0.776106, -0.629109, -1.2e-05, 0.0, 0.0, 0.0, 1.0]
            ]
        },
        {
            "name": "Leg_R",
            "time": [0.0, 0.15, 0.2667, 0.4167, 0.5333],
            "transform": [
                [1.0, -2e-06, 0.0, -0.0, -0.0, -0.129646, 0.99156, 0.37472, -2e-06, -0.991561, -0.129646, 0.0, 0.0, 0.0, 0.0, 1.0],
                [1.0, -1e-06, 2e-06, -0.0, -0.0, 0.905413, 0.424534, 0.37472, -2e-06, -0.424534, 0.905411, 0.0, 0.0, 0.0, 0.0, 1.0],
                [1.0, 0.0, 2e-06, -0.0, -0.0, 0.987151, 0.159794, 0.37472, -2e-06, -0.159795, 0.98715, 0.0, 0.0, 0.0, 0.0, 1.0],
                [1.0, -1e-06, 2e-06, -0.0, -0.0, 0.905413, 0.424534, 0.37472, -2e-06, -0.424534, 0.905411, -0.0, 0.0, 0.0, 0.0, 1.0],
                [1.0, -2e-06, 0.0, -0.0, -0.0, -0.129646, 0.99156, 0.37472, -2e-06, -0.991561, -0.129646, 0.0, 0.0, 0.0, 0.0, 1.0]
            ]
        },
        {
            "name": "Knee_R",
            "time": [0.0, 0.15, 0.2667, 0.4167, 0.5333],
            "transform": [
                [1.0, 0.0, -0.0, -0.0, -0.0, 0.348918, -0.937153, 0.37472, -0.0, 0.937153, 0.348918, 0.0, 0.0, 0.0, 0.0, 1.0],
                [1.0, 0.0, -0.0, -0.0, -0.0, 0.348918, -0.937153, 0.37472, -0.0, 0.937153, 0.348918, 0.0, 0.0, 0.0, 0.0, 1.0],
                [1.0, 0.0, -0.0, -0.0, -0.0, 0.348918, -0.937153, 0.37472, -0.0, 0.937153, 0.348918, 0.0, 0.0, 0.0, 0.0, 1.0],
                [1.0, 0.0, -0.0, -0.0, -0.0, 0.348918, -0.937154, 0.37472, -0.0, 0.937153, 0.348918, -0.0, 0.0, 0.0, 0.0, 1.0],
                [1.0, 0.0, -0.0, -0.0, -0.0, 0.348918, -0.937153, 0.37472, -0.0, 0.937153, 0.348918, 0.0, 0.0, 0.0, 0.0, 1.0]
            ]
        },
        {
            "name": "Thigh_L",
            "time": [0.0, 0.15, 0.2667, 0.3333, 0.4167, 0.5333],
            "transform": [
                [0.996659, -0.060089, -0.055303, -0.125006, -0.064703, -0.994207, -0.085829, -0.002831, -0.049825, 0.089121, -0.994774, -1.2e-05, 0.0, 0.0, 0.0, 1.0],
                [0.996385, -0.030818, -0.079151, -0.125006, -0.065109, -0.875545, -0.478729, -0.002831, -0.054547, 0.482153, -0.874387, -1.2e-05, 0.0, 0.0, 0.0, 1.0],
                [0.996659, -0.06701, 0.046676, -0.125006, -0.064703, -0.29924, 0.951981, -0.002831, -0.049825, -0.951822, -0.302577, -1.2e-05, 0.0, 0.0, 0.0, 1.0],
                [0.995272, -0.080023, 0.055033, -0.125006, -0.062373, -0.092325, 0.993773, -0.002831, -0.074444, -0.992508, -0.09688, -1.2e-05, 0.0, 0.0, 0.0, 1.0],
                [0.996385, -0.072759, 0.043828, -0.125006, -0.065109, -0.322882, 0.944197, -0.002831, -0.054548, -0.943638, -0.326453, -1.2e-05, 0.0, 0.0, 0.0, 1.0],
                [0.996659, -0.060089, -0.055303, -0.125006, -0.064703, -0.994207, -0.085829, -0.002831, -0.049825, 0.089121, -0.994774, -1.2e-05, 0.0, 0.0, 0.0, 1.0]
            ]
        },
        {
            "name": "Leg_L",
            "time": [0.0, 0.15, 0.2667, 0.4167, 0.5333],
            "transform": [
                [1.0, -0.0, 1e-06, 0.0, 0.0, 0.999353, 0.035947, 0.37472, -1e-06, -0.035947, 0.999354, 0.0, 0.0, 0.0, 0.0, 1.0],
                [1.0, -0.0, 1e-06, -0.0, 0.0, 0.999353, 0.035947, 0.37472, -1e-06, -0.035947, 0.999354, -0.0, 0.0, 0.0, 0.0, 1.0],
                [1.0, -1e-06, -0.0, -0.0, 0.0, -0.096732, 0.995311, 0.37472, -1e-06, -0.99531, -0.096732, -0.0, 0.0, 0.0, 0.0, 1.0],
                [1.0, -0.0, 1e-06, -0.0, 0.0, 0.96424, 0.265031, 0.37472, -1e-06, -0.26503, 0.96424, 0.0, 0.0, 0.0, 0.0, 1.0],
                [1.0, -0.0, 1e-06, 0.0, 0.0, 0.999353, 0.035947, 0.37472, -1e-06, -0.035947, 0.999354, 0.0, 0.0, 0.0, 0.0, 1.0]
            ]
        },
        {
            "name": "Knee_L",
            "time": [0.0, 0.15, 0.2667, 0.4167, 0.5333],
            "transform": [
                [1.0, 0.0, -0.0, 0.0, -0.0, 1e-06, -1.0, 0.37472, -0.0, 1.0, 1e-06, 0.0, 0.0, 0.0, 0.0, 1.0],
                [1.0, 0.0, -0.0, -0.0, -0.0, 1e-06, -1.0, 0.37472, -0.0, 1.0, 1e-06, -0.0, 0.0, 0.0, 0.0, 1.0],
                [1.0, 0.0, -0.0, -0.0, -0.0, 0.739144, -0.673548, 0.37472, -0.0, 0.673548, 0.739144, -0.0, 0.0, 0.0, 0.0, 1.0],
                [1.0, 0.0, -0.0, -0.0, -0.0, 1e-06, -1.0, 0.37472, -0.0, 1.0, 1e-06, 0.0, 0.0, 0.0, 0.0, 1.0],
                [1.0, 0.0, -0.0, 0.0, -0.0, 1e-06, -1.0, 0.37472, -0.0, 1.0, 1e-06, 0.0, 0.0, 0.0, 0.0, 1.0]
            ]
        },
        {
            "name": "Torso",
            "time": [0.0, 0.15, 0.2667, 0.4167, 0.5333],
            "transform": [
                [0.996265, -0.050855, 0.069788, -0.0, 0.019316, 0.918948, 0.393906, 0.05, -0.084163, -0.391087, 0.916498, 0.0, 0.0, 0.0, 0.0, 1.0],
                [0.886921, -0.050855, 0.459114, 0.0, -0.138463, 0.918948, 0.369274, 0.05, -0.440681, -0.391087, 0.807992, -0.0, 0.0, 0.0, 0.0, 1.0],
                [0.996265, -0.050855, 0.069788, -0.0, 0.019316, 0.918948, 0.393906, 0.05, -0.084163, -0.391087, 0.916498, 0.0, 0.0, 0.0, 0.0, 1.0],
                [0.946458, -0.050855, -0.318797, -0.0, 0.169346, 0.918948, 0.356169, 0.05, 0.274845, -0.391087, 0.878357, 0.0, 0.0, 0.0, 0.0, 1.0],
                [0.996265, -0.050855, 0.069788, -0.0, 0.019316, 0.918948, 0.393906, 0.05, -0.084163, -0.391087, 0.916498, 0.0, 0.0, 0.0, 0.0, 1.0]
            ]
        },
        {
            "name": "Chest",
            "time": [0.0, 0.15, 0.2667, 0.4167, 0.5333],