{
    
    "animation": [
        {
            "name": "Root",
            "time": [0.0, 0.15, 0.3333, 0.65],
            "transform": [
                [0.525536, 0.0, -0.850772, -5e-06, -0.850772, 0.0, -0.525536, 0.000946, 0.0, 1.0, 0.0, 0.733235, 0.0, 0.0, 0.0, 1.0],
                [0.54499, 0.011614, -0.838362, -0.038962, -0.836492, 0.075697, -0.542725, -0.827311, 0.057158, 0.997063, 0.050969, 0.635803, 0.0, 0.0, 0.0, 1.0],
                [0.525536, 0.0, -0.850772, -5e-06, -0.850772, 0.0, -0.525536, -0.767844, 0.0, 1.0, 0.0, 0.733235, 0.0, 0.0, 0.0, 1.0],
                [0.525536, 0.0, -0.850772, 0.014795, -0.850772, 0.0, -0.525536, -0.764241, 0.0, 1.0, 0.0, 0.795418, 0.0, 0.0, 0.0, 1.0]
            ]
        },
        {
            "name": "Thigh_R",
            "time": [0.0, 0.15, 0.3333, 0.65],
            "transform": [
                [0.964513, 0.262292, 0.03027, 0.124994, 0.264033, -0.958278, -0.109482, -0.002831, 0.000291, 0.113589, -0.993528, -1.2e-05, 0.0, 0.0, 0.0, 1.0],
                [0.919449, 0.262292, -0.292942, 0.124994, 0.212444, -0.958278, -0.191226, -0.002831, -0.330878, 0.113589, -0.936813, -1.2e-05, 0.0, 0.0, 0.0, 1.0],
                [0.964513, 0.262292, 0.03027, 0.124994, 0.264033, -0.958278, -0.109482, -0.002831, 0.000291, 0.113589, -0.993528, -1.2e-05, 0.0, 0.0, 0.0, 1.0],
                [0.999011, 0.005646, -0.044099, 0.124994, 0.009891, -0.99527, 0.096616, -0.002831, -0.043345, -0.096956, -0.994345, -1.2e-05, 0.0, 0.0, 0.0, 1.0]
            ]
        },
        {
            "name": "Leg_R",
            "time": [0.0, 0.15, 0.3333, 0.65],
            "transform": [
                [1.0, 0.0, 2e-06, 0.0, -0.0, 0.997786, 0.066514, 0.37472, -2e-06, -0.066514, 0.997785, 0.0, 0.0, 0.0, 0.0, 1.0],
                [1.0, -1e-06, 2e-06, 0.0, -0.0, 0.909176, 0.416414, 0.37472, -2e-06, -0.416414, 0.909174, -0.0, 0.0, 0.0, 0.0, 1.0],
                [1.0, 0.0, 2e-06, 0.0, -0.0, 0.997786, 0.066514, 0.37472, -2e-06, -0.066514, 0.997785, 0.0, 0.0, 0.0, 0.0, 1.0],
                [1.0, 0.0, 2e-06, 0.0, -0.0, 0.997786, 0.066514, 0.37472, -2e-06, -0.066514, 0.997785, 0.0, 0.0, 0.0, 0.0, 1.0]
            ]
        },
        {
            "name": "Knee_R",
            "time": [0.0, 0.15, 0.3333, 0.65],
            "transform": [
                [1.0, 0.0, -0.0, 0.0, -0.0, 1e-06, -1.0, 0.37472, -0.0, 1.0, 1e-06, 0.0, 0.0, 0.0, 0.0, 1.0],
                [1.0, 0.0, -0.0, 0.0, -0.0, 1e-06, -1.0, 0.37472, -0.0, 1.0, 1e-06, -0.0, 0.0, 0.0, 0.0, 1.0],
                [1.0, 0.0, -0.0, 0.0, -0.0, 1e-06, -1.0, 0.37472, -0.0, 1.0, 1e-06, 0.0, 0.0, 0.0, 0.0, 1.0],
                [1.0, 0.0, -0.0, 0.0, -0.0, 1e-06, -1.0, 0.37472, -0.0, 1.0, 1e-06, 0.0, 0.0, 0.0, 0.0, 1.0]
            ]
        },
        {
            "name": "Thigh_L",
            "time": [0.0, 0.15, 0.3333, 0.65],
            "transform": [
                [0.763743, -0.370117, -0.528875, -0.125006, -0.056343, -0.854396, 0.516558, -0.002831, -0.643056, -0.364719, -0.673393, -1.2e-05, 0.0, 0.0, 0.0, 1.0],
                [0.517645, -0.69017, -0.505676, -0.125006, 0.036226, -0.572813, 0.818884, -0.002831, -0.854828, -0.44221, -0.271512, -1.2e-05, 0.0, 0.0, 0.0, 1.0],
                [0.763743, -0.370117, -0.528875, -0.125006, -0.056343, -0.854396, 0.516558, -0.002831, -0.643056, -0.364719, -0.673393, -1.2e-05, 0.0, 0.0, 0.0, 1.0],
                [0.864782, -0.064621, -0.497972, -0.125006, -0.061338, -0.997853, 0.02297, -0.002831, -0.498386, 0.010681, -0.866889, -1.2e-05, 0.0, 0.0, 0.0, 1.0]
            ]
        },
        {
            "name": "Leg_L",
            "time": [0.0, 0.15, 0.3333, 0.65],
            "transform": [
                [1.0, -1e-06, 1e-06, -0.0, 0.0, 0.839231, 0.543775, 0.37472, -1e-06, -0.543774, 0.839232, 0.0, 0.0, 0.0, 0.0, 1.0],
                [1.0, -1e-06, 1e-06, -0.0, 0.0, 0.626979, 0.779036, 0.37472, -1e-06, -0.779036, 0.62698, 0.0, 0.0, 0.0, 0.0, 1.0],
                [1.0, -1e-06, 1e-06, -0.0, 0.0, 0.839231, 0.543775, 0.37472, -1e-06, -0.543774, 0.839232, 0.0, 0.0, 0.0, 0.0, 1.0],
                [1.0, -0.0, 1e-06, 0.0, 0.0, 0.999353, 0.035947, 0.37472, -1e-06, -0.035947, 0.999354, -0.0, 0.0, 0.0, 0.0, 1.0]
            ]
        },
        {
            "name": "Knee_L",
            "time": [0.0, 0.15, 0.3333, 0.65],
            "transform": [
                [1.0, 0.0, -0.0, -0.0, -0.0, 1e-06, -1.0, 0.37472, -0.0, 1.0, 1e-06, 0.0, 0.0, 0.0, 0.0, 1.0],
                [1.0, 0.0, -0.0, -0.0, -0.0, 1e-06, -1.0, 0.37472, -0.0, 1.0, 1e-06, 0.0, 0.0, 0.0, 0.0, 1.0],
                [1.0, 0.0, -0.0, -0.0, -0.0, 1e-06, -1.0, 0.37472, -0.0, 1.0, 1e-06, 0.0, 0.0, 0.0, 0.0, 1.0],
                [1.0, 0.0, -0.0, 0.0, -0.0, 1e-06, -1.0, 0.37472, -0.0, 1.0, 1e-06, -0.0, 0.0, 0.0, 0.0, 1.0]
            ]
        },
        {
            "name": "Torso",
            "time": [0.0, 0.15, 0.3333, 0.65],
            "transform": [
                [0.996265, -0.020971, 0.083766, 0.0, 0.019316, 0.999603, 0.020528, 0.05, -0.084163, -0.018833, 0.996274, 0.0, 0.0, 0.0, 0.0, 1.0],
                [0.996265, -0.020971, 0.083766, -0.0, 0.019316, 0.999603, 0.020528, 0.05, -0.084163, -0.018833, 0.996274, 0.0, 0.0, 0.0, 0.0, 1.0],
                [0.996265, -0.020971, 0.083766, -0.0, 0.019316, 0.999603, 0.020528, 0.05, -0.084163, -0.018833, 0.996274, 0.0, 0.0, 0.0, 0.0, 1.0],
                [0.996265, -0.020971, 0.083766, -0.0, 0.019316, 0.999603, 0.020528, 0.05, -0.084163, -0.018833, 0.996274, 0.0, 0.0, 0.0, 0.0, 1.0]
            ]
        },
        {
            "name": "Chest",
            "time": [0.0, 0.15, 0.3333, 0.65],
            "transform": [
                [0.999771, -0.021411, -0.000206, -0.0, 0.021411, 0.999586, 0.019225, 0.3, -0.000206, -0.019225, 0.999815, 0.0, 0.0, 0.0, 0.0, 1.0],
                [0.977379, 0.209188, -0.031145, -0.0, -0.211475, 0.968585, -0.130843, 0.3, 0.002796, 0.13447, 0.990914, -0.0, 0.0, 0.0, 0.0, 1.0],
                [0.997378, 0.061825, -0.037609, -0.0, -0.062256, 0.998006, -0.010392, 0.3, 0.036891, 0.012707, 0.999239, -0.0, 0.0, 0.0, 0.0, 1.0],
                [0.999771, -0.021411, -0.000206, -0.0, 0.021411, 0.999586, 0.019225, 0.3, -0.000206, -0.019225, 0.999815, -0.0, 0.0, 0.0, 0.0, 1.0]
            ]
        },
        {
            "name": "Head",
            "time": [0.0, 0.15, 0.3333, 0.65],
            "transform": [
                [0.645075, 0.26357, 0.717223, 0.0, -0.318034, 0.946074, -0.061628, 0.4, -0.69479, -0.188347, 0.694113, -0.0, 0.0, 0.0, 0.0, 1.0],
                [0.676614, 0.166686, 0.717223, -0.0, -0.176676, 0.982338, -0.061628, 0.4, -0.714828, -0.085018, 0.694113, 0.0, 0.0, 0.0, 0.0, 1.0],
                [0.676614, 0.166686, 0.717223, 0.0, -0.176676, 0.982338, -0.061628, 0.4, -0.714828, -0.085018, 0.694113, 0.0, 0.0, 0.0, 0.0, 1.0],
                [0.85311, 0.037721, 0.520365, 0.0, -0.006297, 0.998055, -0.062025, 0.4, -0.521693, 0.049637, 0.851688, -0.0, 0.0, 0.0, 0.0, 1.0]
            ]
        },
        {
            "name": "Shoulder_R",
            "time": [0.0, 0.15, 0.3333, 0.65],
            "transform": [
                [0.149609, 0.940286, 0.305743, 0.0, -0.048042, -0.301945, 0.952114, 0.4, 0.987577, -0.157133, -0.0, -0.0, 0.0, 0.0, 0.0, 1.0],
                [0.149609, 0.940286, 0.305743, -0.0, -0.048042, -0.301945, 0.952114, 0.4, 0.987577, -0.157133, -0.0, 0.0, 0.0, 0.0, 0.0, 1.0],
                [0.149609, 0.940286, 0.305743, 0.0, -0.048042, -0.301945, 0.952114, 0.4, 0.987577, -0.157133, -0.0, 0.0, 0.0, 0.0, 0.0, 1.0],
                [0.0, 0.952114, 0.305743, 0.0, 0.0, -0.305743, 0.952114, 0.4, 1.0, -0.0, -0.0, -0.0, 0.0, 0.0, 0.0, 1.0]
            ]
        },
        {
            "name": "Arm_R",
            "time": [0.0, 0.15, 0.3333, 0.65],