{
    
    "animation": [
        {
            "name": "Root",
            "time": [0.0, 0.2167, 0.3833, 0.6, 0.7667],
            "transform": [
                [0.999905, 0.0, -0.013802, 0.011167, -0.013802, 0.0, -0.999905, -0.05766, 0.0, 1.0, 0.0, 0.72408, 0.0, 0.0, 0.0, 1.0],
                [0.999905, 0.0, -0.013802, 0.018879, -0.013802, 0.0, -0.999905, -0.05766, 0.0, 1.0, 0.0, 0.596519, 0.0, 0.0, 0.0, 1.0],
                [0.999905, 0.0, -0.013802, 0.010583, -0.013802, 0.0, -0.999905, -0.056843, 0.0, 1.0, 0.0, 0.766201, 0.0, 0.0, 0.0, 1.0],
                [0.999905, 0.0, -0.013802, 0.010751, -0.013802, 0.0, -0.999905, -0.056843, 0.0, 1.0, 0.0, 0.557979, 0.0, 0.0, 0.0, 1.0],
                [0.999905, 0.0, -0.013802, 0.011167, -0.013802, 0.0, -0.999905, -0.05766, 0.0, 1.0, 0.0, 0.697212, 0.0, 0.0, 0.0, 1.0]
            ]
        },
        {
            "name": "Thigh_R",
            "time": [0.0, 0.05, 0.2167, 0.3833, 0.6, 0.7667],
            "transform": [
                [0.997165, 0.075095, -0.004619, 0.124994, 0.066224, -0.846913, 0.527588, -0.002831, 0.035707, -0.526398, -0.849488, -1.2e-05, 0.0, 0.0, 0.0, 1.0],
                [0.997805, 0.003169, -0.066136, 0.124994, 0.064624, -0.264101, 0.962328, -0.002831, -0.014417, -0.964488, -0.263727, -1.2e-05, 0.0, 0.0, 0.0, 1.0],
                [0.999935, 0.008084, -0.007947, 0.124994, 0.011031, -0.532319, 0.846471, -0.002831, 0.002612, -0.846503, -0.532376, -1.2e-05, 0.0, 0.0, 0.0, 1.0],
                [0.999935, 0.011327, -0.000464, 0.124994, 0.011031, -0.962787, 0.270028, -0.002831, 0.002612, -0.270015, -0.962853, -1.2e-05, 0.0, 0.0, 0.0, 1.0],
                [0.999935, 0.008095, 0.007936, 0.124994, 0.011031, -0.856134, -0.516632, -0.002831, 0.002612, 0.516686, -0.856171, -1.2e-05, 0.0, 0.0, 0.0, 1.0],
                [0.997165, 0.075095, -0.004619, 0.124994, 0.066224, -0.846913, 0.527588, -0.002831, 0.035707, -0.526398, -0.849488, -1.2e-05, 0.0, 0.0, 0.0, 1.0]
            ]
        },
        {
            "name": "Leg_R",
            "time": [0.0, 0.2167, 0.3833, 0.6, 0.7667],
            "transform": [
                [1.0, -2e-06, 0.0, 0.0, -0.0, -0.099591, 0.995028, 0.37472, -2e-06, -0.995029, -0.099591, 0.0, 0.0, 0.0, 0.0, 1.0],
                [1.0, -1e-06, 1e-06, -0.0, -0.0, 0.646597, 0.762832, 0.37472, -2e-06, -0.762833, 0.646596, -0.0, 0.0, 0.0, 0.0, 1.0],
                [1.0, -1e-06, 2e-06, 0.0, -0.0, 0.951289, 0.308303, 0.37472, -2e-06, -0.308304, 0.951287, 0.0, 0.0, 0.0, 0.0, 1.0],
                [1.0, -1e-06, 2e-06, 0.0, -0.0, 0.8669, 0.498483, 0.37472, -2e-06, -0.498484, 0.866898, 0.0, 0.0, 0.0, 0.0, 1.0],
                [1.0, -2e-06, 0.0, 0.0, -0.0, -0.099591, 0.995028, 0.37472, -2e-06, -0.995029, -0.099591, 0.0, 0.0, 0.0, 0.0, 1.0]
            ]
        },
        {
            "name": "Knee_R",
            "time": [0.0, 0.2167, 0.3833, 0.6, 0.7667],
            "transform": [
                [1.0, 0.0, -0.0, 0.0, -0.0, 0.625128, -0.780522, 0.39715, -0.0, 0.780522, 0.625128, 0.013926, 0.0, 0.0, 0.0, 1.0],
                [1.0, 0.0, -0.0, -0.0, -0.0, 0.625128, -0.780522, 0.37472, -0.0, 0.780522, 0.625128, -0.0, 0.0, 0.0, 0.0, 1.0],
                [1.0, 0.0, -0.0, 0.0, -0.0, 0.19217, -0.981362, 0.37472, -0.0, 0.981362, 0.19217, 0.0, 0.0, 0.0, 0.0, 1.0],
                [1.0, 0.0, -0.0, 0.0, -0.0, 0.19217, -0.981362, 0.37472, -0.0, 0.981362, 0.19217, 0.0, 0.0, 0.0, 0.0, 1.0],
                [1.0, 0.0, -0.0, 0.0, -0.0, 0.625128, -0.780522, 0.397151, -0.0, 0.780522, 0.625128, 0.013926, 0.0, 0.0, 0.0, 1.0]
            ]
        },
        {
            "name": "Thigh_L",
            "time": [0.0, 0.2167, 0.3833, 0.4333, 0.6, 0.7667],
            "transform": [
                [0.998616, -0.047593, -0.022346, -0.125006, -0.03338, -0.902257, 0.429905, -0.002831, -0.040622, -0.428564, -0.902597, -1.2e-05, 0.0, 0.0, 0.0, 1.0],
                [0.999497, -0.007789, -0.03073, -0.125006, -0.021215, -0.884618, -0.465833, -0.002831, -0.023557, 0.466252, -0.884338, -1.2e-05, 0.0, 0.0, 0.0, 1.0],
                [0.999497, -0.031121, -0.006041, -0.125006, -0.021215, -0.79823, 0.601979, -0.002831, -0.023557, -0.601548, -0.798489, -1.2e-05, 0.0, 0.0, 0.0, 1.0],
                [0.99951, -0.030695, 0.00608, -0.125006, -0.020803, -0.506663, 0.861893, -0.002831, -0.023375, -0.861597, -0.507054, -1.2e-05, 0.0, 0.0, 0.0, 1.0],
                [0.999497, -0.031011, 0.006586, -0.125006, -0.021215, -0.499929, 0.865806, -0.002831, -0.023557, -0.865511, -0.500336, -1.2e-05, 0.0, 0.0, 0.0, 1.0],
                [0.998616, -0.047593, -0.022346, -0.125006, -0.03338, -0.902257, 0.429905, -0.002831, -0.040622, -0.428564, -0.902597, -1.2e-05, 0.0, 0.0, 0.0, 1.0]
            ]
        },
        {
            "name": "Leg_L",
            "time": [0.0, 0.2167, 0.3833, 0.5, 0.6, 0.7667],
            "transform": [
                [1.0, -1e-06, 1e-06, 0.0, -0.0, 0.794192, 0.607666, 0.37472, -1e-06, -0.607666, 0.794193, 0.0, 0.0, 0.0, 0.0, 1.0],
                [1.0, -0.0, 1e-06, -0.0, -0.0, 0.794192, 0.607667, 0.37472, -1e-06, -0.607666, 0.794193, -0.0, 0.0, 0.0, 0.0, 1.0],
                [1.0, -1e-06, 0.0, 0.0, -0.0, 0.183819, 0.982961, 0.37472, -1e-06, -0.98296, 0.183819, 0.0, 0.0, 0.0, 0.0, 1.0],
                [1.0, -1e-06, 1e-06, 0.0, 0.0, 0.63507, 0.772455, 0.37472, -1e-06, -0.772454, 0.635071, -0.0, 0.0, 0.0, 0.0, 1.0],
                [1.0, -1e-06, 0.0, 0.0, -0.0, 0.467711, 0.883882, 0.37472, -1e-06, -0.883881, 0.467712, -0.0, 0.0, 0.0, 0.0, 1.0],
                [1.0, -1e-06, 1e-06, -0.0, -0.0, 0.794192, 0.607666, 0.37472, -1e-06, -0.607666, 0.794193, -0.0, 0.0, 0.0, 0.0, 1.0]
            ]
        },
        {
            "name": "Knee_L",
            "time": [0.0, 0.2167, 0.3833, 0.6, 0.7667],
            "transform": [
                [1.0, 0.0, -0.0, 0.0, -0.0, 0.601369, -0.798971, 0.37472, -0.0, 0.798971, 0.601369, 0.0, 0.0, 0.0, 0.0, 1.0],
                [1.0, 0.0, -0.0, -0.0, -0.0, 0.601369, -0.798971, 0.37472, -0.0, 0.798971, 0.601369, -0.0, 0.0, 0.0, 0.0, 1.0],
                [1.0, 0.0, -0.0, 0.0, -0.0, 0.803262, -0.595625, 0.37472, -0.0, 0.595625, 0.803262, 0.0, 0.0, 0.0, 0.0, 1.0],
                [1.0, 0.0, -0.0, 0.0, -0.0, 0.402037, -0.915623, 0.37472, -0.0, 0.915623, 0.402037, -0.0, 0.0, 0.0, 0.0, 1.0],
                [1.0, 0.0, -0.0, -0.0, -0.0, 0.601369, -0.798971, 0.37472, -0.0, 0.798971, 0.601369, -0.0, 0.0, 0.0, 0.0, 1.0]
            ]
        },
        {
            "name": "Torso",
            "time": [0.0, 0.2167, 0.3833, 0.6, 0.7667],
            "transform": [
                [0.995403, -0.088197, 0.037336, -0.0, 0.060206, 0.879408, 0.472248, 0.05, -0.074485, -0.467829, 0.880675, 0.0, 0.0, 0.0, 0.0, 1.0],
                [0.995403, -0.084686, 0.044734, -0.0, 0.060206, 0.916532, 0.395405, 0.05, -0.074485, -0.390894, 0.917417, 0.0, 0.0, 0.0, 0.0, 1.0],
                [0.995403, -0.093868, 0.019017, -0.0, 0.060206, 0.767695, 0.637981, 0.05, -0.074485, -0.633903, 0.769818, 0.0, 0.0, 0.0, 0.0, 1.0],
                [0.995403, -0.084686, 0.044734, -0.0, 0.060206, 0.916532, 0.395405, 0.05, -0.074485, -0.390894, 0.917417, -0.0, 0.0, 0.0, 0.0, 1.0],
                [0.995403, -0.088197, 0.037336, -0.0, 0.060206, 0.879408, 0.472248, 0.05, -0.074485, -0.467829, 0.880675, 0.0, 0.0, 0.0, 0.0, 1.0]
            ]
        },
        {
            "name": "Chest",
            "time": [0.0, 0.2167, 0.3833, 0.6, 0.7667],