{
    
    "animation": [
        {
            "name": "Root",
            "time": [0.0, 0.0667, 0.35, 0.6667],
            "transform": [
                [0.81511, 0.011809, 0.579186, -0.027082, 0.56926, 0.169059, -0.804588, 0.058029, -0.107418, 0.985535, 0.131079, 0.649165, 0.0, 0.0, 0.0, 1.0],
                [0.81511, 0.011809, 0.579186, -0.027082, 0.56926, 0.169059, -0.804588, 0.058029, -0.107418, 0.985535, 0.131079, 0.581868, 0.0, 0.0, 0.0, 1.0],
                [0.860056, 0.428631, 0.27673, 4.617834, 0.271888, 0.07391, -0.959487, -0.043061, -0.431719, 0.900451, -0.052973, 0.709547, 0.0, 0.0, 0.0, 1.0],
                [0.931288, 0.227579, 0.284447, 4.477535, 0.291107, 0.004484, -0.95668, -0.058211, -0.218996, 0.973749, -0.062074, 0.735564, 0.0, 0.0, 0.0, 1.0]
            ]
        },
        {
            "name": "Thigh_R",
            "time": [0.0, 0.0667, 0.35, 0.6667],
            "transform": [
                [0.740453, 0.587261, 0.326881, 0.124994, 0.058355, -0.540687, 0.839197, -0.002831, 0.669569, -0.60231, -0.434624, -1.2e-05, 0.0, 0.0, 0.0, 1.0],
                [0.740453, 0.640961, 0.202226, 0.124994, 0.058355, -0.361055, 0.930717, -0.002831, 0.669569, -0.67735, -0.304749, -1.2e-05, 0.0, 0.0, 0.0, 1.0],
                [0.712795, 0.532913, -0.455988, 0.124994, 0.359218, 0.281009, 0.889942, -0.002831, 0.6024, -0.798144, 0.00887, -1.2e-05, 0.0, 0.0, 0.0, 1.0],
                [0.782071, 0.555219, 0.283011, 0.124994, 0.440593, -0.813785, 0.378984, -0.002831, 0.44073, -0.171699, -0.881066, -1.2e-05, 0.0, 0.0, 0.0, 1.0]
            ]
        },
        {
            "name": "Leg_R",
            "time": [0.0, 0.0667, 0.35, 0.6667],
            "transform": [
                [1.0, -1e-06, 2e-06, 0.0, -0.0, 0.61279, 0.790246, 0.37472, -2e-06, -0.790247, 0.612789, 0.0, 0.0, 0.0, 0.0, 1.0],
                [1.0, -2e-06, 1e-06, 0.0, -0.0, 0.134192, 0.990955, 0.37472, -2e-06, -0.990956, 0.134191, 0.0, 0.0, 0.0, 0.0, 1.0],
                [1.0, -2e-06, -1e-06, 1e-06, -0.0, -0.626098, 0.779744, 0.37472, -2e-06, -0.779746, -0.626096, 0.0, 0.0, 0.0, 0.0, 1.0],
                [1.0, -1e-06, 2e-06, -0.0, -0.0, 0.942883, 0.333124, 0.37472, -2e-06, -0.333125, 0.942882, -0.0, 0.0, 0.0, 0.0, 1.0]
            ]
        },
        {
            "name": "Knee_R",
            "time": [0.0, 0.0667, 0.2667, 0.6667],
            "transform": [
                [1.0, 0.0, -0.0, 0.0, -0.0, 0.432785, -0.901497, 0.37472, -0.0, 0.901497, 0.432785, 0.0, 0.0, 0.0, 0.0, 1.0],
                [1.0, 0.0, -0.0, 0.0, -0.0, 0.432785, -0.901497, 0.37472, -0.0, 0.901497, 0.432785, 0.0, 0.0, 0.0, 0.0, 1.0],
                [1.0, 0.0, -0.0, 0.0, -0.0, 0.711696, -0.702488, 0.37472, -0.0, 0.702488, 0.711696, -0.0, 0.0, 0.0, 0.0, 1.0],
                [1.0, 0.0, -0.0, -0.0, -0.0, 0.222409, -0.974953, 0.37472, -0.0, 0.974953, 0.222409, -0.0, 0.0, 0.0, 0.0, 1.0]
            ]
        },
        {
            "name": "Thigh_L",
            "time": [0.0, 0.0667, 0.35, 0.6667],
            "transform": [
                [0.882763, -0.011907, 0.469667, -0.125006, -0.060491, -0.994238, 0.088492, -0.002831, 0.465907, -0.106528, -0.878397, -1.2e-05, 0.0, 0.0, 0.0, 1.0],
                [0.895326, -0.098848, 0.434302, -0.125006, -0.32422, -0.813203, 0.483304, -0.002831, 0.305402, -0.573524, -0.760131, -1.2e-05, 0.0, 0.0, 0.0, 1.0],
                [0.917673, 0.100739, -0.384354, -0.125006, 0.183139, -0.965685, 0.184152, -0.002831, -0.352613, -0.239381, -0.904632, -1.2e-05, 0.0, 0.0, 0.0, 1.0],
                [0.835427, 0.227648, 0.500237, -0.125006, 0.168299, -0.972422, 0.161461, -0.002831, 0.523198, -0.050699, -0.850701, -1.2e-05, 0.0, 0.0, 0.0, 1.0]
            ]
        },
        {
            "name": "Leg_L",
            "time": [0.0, 0.0667, 0.35, 0.6667],
            "transform": [
                [1.0, -1e-06, 1e-06, 0.0, -0.0, 0.721287, 0.692636, 0.37472, -1e-06, -0.692636, 0.721288, -0.0, 0.0, 0.0, 0.0, 1.0],
                [1.0, -1e-06, 0.0, 0.0, -0.0, 0.215274, 0.976554, 0.37472, -1e-06, -0.976554, 0.215274, 0.0, 0.0, 0.0, 0.0, 1.0],
                [1.0, 0.0, 1e-06, -0.0, -0.0, 0.984038, 0.177958, 0.37472, -1e-06, -0.177958, 0.984039, -0.0, 0.0, 0.0, 0.0, 1.0],
                [1.0, -0.0, 1e-06, -0.0, -0.0, 0.926579, 0.3761, 0.37472, -1e-06, -0.3761, 0.92658, -0.0, 0.0, 0.0, 0.0, 1.0]
            ]
        },
        {
            "name": "Knee_L",
            "time": [0.0, 0.0667, 0.35, 0.6667],
            "transform": [
                [1.0, 0.0, -0.0, 0.0, -0.0, 1e-06, -1.0, 0.37472, -0.0, 1.0, 1e-06, -0.0, 0.0, 0.0, 0.0, 1.0],
                [1.0, 0.0, -0.0, 0.0, -0.0, 1e-06, -1.0, 0.37472, -0.0, 1.0, 1e-06, 0.0, 0.0, 0.0, 0.0, 1.0],
                [1.0, 0.0, -0.0, -0.0, -0.0, 1e-06, -1.0, 0.37472, -0.0, 1.0, 1e-06, -0.0, 0.0, 0.0, 0.0, 1.0],
                [1.0, 0.0, -0.0, -0.0, -0.0, 1e-06, -1.0, 0.37472, -0.0, 1.0, 1e-06, -0.0, 0.0, 0.0, 0.0, 1.0]
            ]
        },
        {
            "name": "Torso",
            "time": [0.0, 0.0667, 0.35, 0.6667],
            "transform": [
                [0.996265, -0.020971, 0.083766, -0.0, 0.019316, 0.999603, 0.020528, 0.05, -0.084163, -0.018833, 0.996274, -0.0, 0.0, 0.0, 0.0, 1.0],
                [0.996265, -0.020971, 0.083766, -0.0, 0.019316, 0.999603, 0.020528, 0.05, -0.084163, -0.018833, 0.996274, 0.0, 0.0, 0.0, 0.0, 1.0],
                [0.982568, 0.159168, 0.096048, -0.0, -0.155059, 0.986695, -0.048882, 0.05, -0.102551, 0.033137, 0.994176, -0.0, 0.0, 0.0, 0.0, 1.0],
                [0.968759, -0.23343, 0.083766, 0.0, 0.232526, 0.972373, 0.020528, 0.05, -0.086244, -0.000409, 0.996274, 0.0, 0.0, 0.0, 0.0, 1.0]
            ]
        },
        {
            "name": "Chest",
            "time": [0.0, 0.0667, 0.35, 0.6667],
            "transform": [
                [0.989524, 0.144331, 0.003244, -0.0, -0.141629, 0.966152, 0.215621, 0.3, 0.027987, -0.213821, 0.976472, -0.0, 0.0, 0.0, 0.0, 1.0],
                [0.984663, 0.171894, 0.029841, 0.0, -0.16688, 0.878091, 0.44845, 0.3, 0.050883, -0.446552, 0.89331, -0.0, 0.0, 0.0, 0.0, 1.0],
                [0.876368, -0.476362, 0.071119, 0.0, 0.432707, 0.843548, 0.318104, 0.3, -0.211525, -0.248003, 0.945385, 0.0, 0.0, 0.0, 0.0, 1.0],
                [0.943528, 0.327625, 0.049153, -0.0, -0.323781, 0.880521, 0.346191, 0.3, 0.070141, -0.342556, 0.936876, -0.0, 0.0, 0.0, 0.0, 1.0]
            ]
        },
        {
            "name": "Head",
            "time": [0.0, 0.0667, 0.35, 0.6667],
            "transform": [
                [0.842101, 0.037721, -0.537999, -0.0, -0.058491, 0.998055, -0.021576, 0.4, 0.536138, 0.049637, 0.84267, 0.0, 0.0, 0.0, 0.0, 1.0],
                [0.842101, 0.037721, -0.537999, -0.0, -0.058491, 0.998055, -0.021576, 0.4, 0.536138, 0.049637, 0.84267, -0.0, 0.0, 0.0, 0.0, 1.0],
                [0.842101, 0.037721, -0.537999, 0.0, -0.058491, 0.998055, -0.021576, 0.4, 0.536138, 0.049637, 0.84267, 0.0, 0.0, 0.0, 0.0, 1.0],
                [0.842101, 0.037721, -0.537999, 0.0, -0.058491, 0.998055, -0.021576, 0.4, 0.536138, 0.049637, 0.842669, 0.0, 0.0, 0.0, 0.0, 1.0]
            ]
        },
        {
            "name": "Shoulder_R",
            "time": [0.0, 0.0667, 0.35, 0.6667],
            "transform": [
                [-0.546955, 0.779334, 0.305743, -0.0, 0.175638, -0.25026, 0.952114, 0.4, 0.81853, 0.574463, -0.0, 0.0, 0.0, 0.0, 0.0, 1.0],
                [-0.546955, 0.779334, 0.305743, -0.0, 0.175638, -0.25026, 0.952114, 0.4, 0.81853, 0.574463, -0.0, -0.0, 0.0, 0.0, 0.0, 1.0],
                [-0.546955, 0.779334, 0.305743, 0.0, 0.175638, -0.25026, 0.952114, 0.4, 0.81853, 0.574463, -0.0, 0.0, 0.0, 0.0, 0.0, 1.0],
                [-0.546954, 0.779334, 0.305743, 0.0, 0.175638, -0.25026, 0.952114, 0.4, 0.81853, 0.574463, -0.0, 0.0, 0.0, 0.0, 0.0, 1.0]
            ]
        },
        {
            "name": "Arm_R",
            "time": [0.0, 0.0667, 0.35, 0.6667],