{
    
    "animation": [
        {
            "name": "Root",
            "time": [0.0, 0.05, 0.35, 0.4833],
            "transform": [
                [0.81511, 0.011809, 0.579186, -0.027082, 0.56926, 0.169059, -0.804588, 0.058029, -0.107418, 0.985535, 0.131079, 0.575147, 0.0, 0.0, 0.0, 1.0],
                [0.81511, 0.011809, 0.579186, -0.027082, 0.56926, 0.169059, -0.804588, 0.058029, -0.107418, 0.985535, 0.131079, 0.575147, 0.0, 0.0, 0.0, 1.0],
                [0.96474, 0.205447, 0.164525, 0.045822, 0.239664, -0.427289, -0.871772, -5.485435, -0.108804, 0.880463, -0.461461, 0.796282, 0.0, 0.0, 0.0, 1.0],
                [0.959888, 0.214038, 0.181116, 0.045822, 0.239925, -0.292752, -0.925598, -5.485435, -0.145091, 0.931925, -0.332362, 0.796282, 0.0, 0.0, 0.0, 1.0]
            ]
        },
        {
            "name": "Thigh_R",
            "time": [0.0, 0.05, 0.0833, 0.35, 0.4833],
            "transform": [
                [0.805628, 0.552251, 0.214429, 0.124994, -0.007009, -0.353042, 0.935581, -0.002831, 0.592379, -0.755232, -0.280551, -1.2e-05, 0.0, 0.0, 0.0, 1.0],
                [0.805628, 0.571187, 0.157183, 0.124994, -0.007009, -0.256113, 0.966621, -0.002831, 0.592379, -0.779838, -0.202329, -1.2e-05, 0.0, 0.0, 0.0, 1.0],
                [0.955978, 0.293243, 0.010637, 0.124994, 0.043828, -0.178536, 0.982957, -0.002831, 0.290145, -0.939217, -0.18353, -1.2e-05, 0.0, 0.0, 0.0, 1.0],
                [0.797634, 0.281526, 0.533406, 0.124994, 0.233851, -0.959551, 0.156753, -0.002831, 0.555961, -0.000294, -0.831208, -1.2e-05, 0.0, 0.0, 0.0, 1.0],
                [0.798552, 0.257381, 0.544123, 0.124994, 0.269641, -0.961154, 0.058923, -0.002831, 0.538153, 0.099665, -0.836934, -1.2e-05, 0.0, 0.0, 0.0, 1.0]
            ]
        },
        {
            "name": "Leg_R",
            "time": [0.0, 0.05, 0.0833, 0.35, 0.4833],
            "transform": [
                [1.0, -2e-06, 1e-06, -0.0, -0.0, 0.208091, 0.978109, 0.37472, -2e-06, -0.97811, 0.20809, 0.0, 0.0, 0.0, 0.0, 1.0],
                [1.0, -2e-06, 1e-06, 0.0, -0.0, 0.208091, 0.978109, 0.37472, -2e-06, -0.97811, 0.20809, 0.0, 0.0, 0.0, 0.0, 1.0],
                [1.0, -0.0, 2e-06, 0.0, -0.0, 0.981699, 0.190441, 0.37472, -2e-06, -0.190441, 0.981698, -0.0, 0.0, 0.0, 0.0, 1.0],
                [1.0, 0.0, 2e-06, -0.0, -0.0, 0.965669, 0.259777, 0.37472, -2e-06, -0.259777, 0.965668, -0.0, 0.0, 0.0, 0.0, 1.0],
                [1.0, 0.0, 2e-06, 0.0, -0.0, 0.965669, 0.259777, 0.37472, -2e-06, -0.259777, 0.965668, -0.0, 0.0, 0.0, 0.0, 1.0]
            ]
        },
        {
            "name": "Knee_R",
            "time": [0.0, 0.05, 0.35, 0.4833],
            "transform": [
                [1.0, 0.0, -0.0, -0.0, -0.0, 0.432785, -0.901497, 0.37472, -0.0, 0.901497, 0.432785, 0.0, 0.0, 0.0, 0.0, 1.0],
                [1.0, 0.0, -0.0, 0.0, -0.0, 0.432785, -0.901497, 0.37472, -0.0, 0.901497, 0.432785, 0.0, 0.0, 0.0, 0.0, 1.0],
                [1.0, 0.0, -0.0, -0.0, -0.0, 0.132796, -0.991143, 0.37472, 0.0, 0.991143, 0.132796, -0.0, 0.0, 0.0, 0.0, 1.0],
                [1.0, 0.0, -0.0, 0.0, -0.0, 0.132797, -0.991143, 0.37472, 0.0, 0.991143, 0.132796, -0.0, 0.0, 0.0, 0.0, 1.0]
            ]
        },
        {
            "name": "Thigh_L",
            "time": [0.0, 0.05, 0.0833, 0.2833, 0.4833],
            "transform": [
                [0.882763, -0.195082, 0.427401, -0.125006, -0.060491, -0.94934, -0.308372, -0.002831, 0.465907, 0.246366, -0.849843, -1.2e-05, 0.0, 0.0, 0.0, 1.0],
                [0.882763, -0.195082, 0.427401, -0.125006, -0.060491, -0.94934, -0.308372, -0.002831, 0.465907, 0.246366, -0.849843, -1.2e-05, 0.0, 0.0, 0.0, 1.0],
                [0.984762, 0.171954, -0.025987, -0.125006, 0.013877, 0.071261, 0.997361, -0.002831, 0.173352, -0.982524, 0.067788, -1.2e-05, 0.0, 0.0, 0.0, 1.0],
                [0.980298, -0.133661, -0.145425, -0.125006, 0.098281, -0.308569, 0.94611, -0.002831, -0.171332, -0.941764, -0.289354, -1.1e-05, 0.0, 0.0, 0.0, 1.0],
                [0.996075, -0.087689, 0.012009, -0.125006, -0.079415, -0.825584, 0.558662, -0.002831, -0.039074, -0.557423, -0.829308, -1.2e-05, 0.0, 0.0, 0.0, 1.0]
            ]
        },
        {
            "name": "Leg_L",
            "time": [0.0, 0.05, 0.0833, 0.35, 0.4833],
            "transform": [
                [1.0, -1e-06, 1e-06, -0.0, -0.0, 0.721287, 0.692636, 0.37472, -1e-06, -0.692636, 0.721288, -0.0, 0.0, 0.0, 0.0, 1.0],
                [1.0, -1e-06, 1e-06, -0.0, -0.0, 0.721287, 0.692636, 0.37472, -1e-06, -0.692636, 0.721288, -0.0, 0.0, 0.0, 0.0, 1.0],
                [0.999999, 0.000505, -0.001407, -0.0, 0.001493, -0.383643, 0.923481, 0.37472, -7.4e-05, -0.923481, -0.383644, -0.0, 0.0, 0.0, 0.0, 1.0],
                [0.998379, -0.009258, -0.056153, 0.0, 0.043272, -0.517376, 0.854664, 0.37472, -0.036965, -0.855708, -0.516137, -0.0, 0.0, 0.0, 0.0, 1.0],
                [0.998379, -0.031238, -0.047572, 0.0, 0.043272, -0.126264, 0.991053, 0.374721, -0.036965, -0.991504, -0.124708, -0.0, 0.0, 0.0, 0.0, 1.0]
            ]
        },
        {
            "name": "Knee_L",
            "time": [0.0, 0.05, 0.35, 0.4833],
            "transform": [
                [1.0, 0.0, -0.0, -0.0, -0.0, 1e-06, -1.0, 0.37472, -0.0, 1.0, 1e-06, -0.0, 0.0, 0.0, 0.0, 1.0],
                [1.0, 0.0, -0.0, -0.0, -0.0, 1e-06, -1.0, 0.37472, -0.0, 1.0, 1e-06, -0.0, 0.0, 0.0, 0.0, 1.0],
                [1.0, 0.0, -0.0, 0.0, -0.0, 0.73683, -0.676078, 0.37472, -0.0, 0.676078, 0.73683, -0.0, 0.0, 0.0, 0.0, 1.0],
                [1.0, 0.0, -0.0, 0.0, -0.0, 0.73683, -0.676078, 0.374721, -0.0, 0.676078, 0.73683, -0.0, 0.0, 0.0, 0.0, 1.0]
            ]
        },
        {
            "name": "Torso",
            "time": [0.0, 0.05, 0.35, 0.4833],
            "transform": [
                [0.996265, -0.020971, 0.083766, -0.0, 0.019316, 0.999603, 0.020528, 0.05, -0.084163, -0.018833, 0.996274, 0.0, 0.0, 0.0, 0.0, 1.0],
                [0.996265, -0.020971, 0.083766, -0.0, 0.019316, 0.999603, 0.020528, 0.05, -0.084163, -0.018833, 0.996274, 0.0, 0.0, 0.0, 0.0, 1.0],
                [0.984852, -0.058394, 0.163269, -0.0, 0.009124, 0.957736, 0.287505, 0.050001, -0.173157, -0.28166, 0.943761, -0.0, 0.0, 0.0, 0.0, 1.0],
                [0.984852, -0.058394, 0.163269, 0.0, 0.009124, 0.957736, 0.287505, 0.05, -0.173157, -0.28166, 0.943761, -0.0, 0.0, 0.0, 0.0, 1.0]
            ]
        },
        {
            "name": "Chest",
            "time": [0.0, 0.05, 0.1833, 0.35, 0.4833],
            "transform": [
                [0.989524, 0.144331, 0.003244, 0.0, -0.141629, 0.966152, 0.215621, 0.3, 0.027987, -0.213821, 0.976472, 0.0, 0.0, 0.0, 0.0, 1.0],
                [0.989524, 0.144331, 0.003244, 0.0, -0.141629, 0.966152, 0.215621, 0.3, 0.027987, -0.213821, 0.976472, 0.0, 0.0, 0.0, 0.0, 1.0],
                [0.962506, 0.260222, -0.076589, 0.0, -0.130874, 0.692797, 0.709157, 0.3, 0.237599, -0.672545, 0.700878, 0.0, 0.0, 0.0, 0.0, 1.0],
                [0.941573, 0.288302, -0.174132, 0.0, -0.172183, 0.856368, 0.486813, 0.3, 0.28947, -0.428387, 0.855974, -1e-06, 0.0, 0.0, 0.0, 1.0],
                [0.92958, 0.328527, -0.167186, 0.0, -0.183545, 0.80584, 0.562969, 0.3, 0.319676, -0.492638, 0.809392, 1e-06, 0.0, 0.0, 0.0, 1.0]
            ]
        },
        {
            "name": "Head",
            "time": [0.0, 0.05, 0.1833, 0.35, 0.4833],