{
    
    "animation": [
        {
            "name": "Root",
            "time": [0.0, 0.0667, 0.35, 0.6667],
            "transform": [
                [0.81511, 0.011809, 0.579186, -0.027082, 0.56926, 0.169059, -0.804588, 0.058029, -0.107418, 0.985535, 0.131079, 0.649165, 0.0, 0.0, 0.0, 1.0],
                [0.81511, 0.011809, 0.579186, -0.027082, 0.56926, 0.169059, -0.804588, 0.058029, -0.107418, 0.985535, 0.131079, 0.581868, 0.0, 0.0, 0.0, 1.0],
                [0.773355, -0.454516, 0.44197, -4.171183, 0.561313, 0.166829, -0.810615, 0.03439, 0.294704, 0.874976, 0.384143, 0.821424, 0.0, 0.0, 0.0, 1.0],
                [0.79312, -0.15136, 0.589958, -4.389986, 0.609063, 0.194434, -0.76892, 0.046182, 0.001676, 0.969168, 0.246397, 0.69, 0.0, 0.0, 0.0, 1.0]
            ]
        },
        {
            "name": "Thigh_R",
            "time": [0.0, 0.0667, 0.35, 0.6667],
            "transform": [
                [0.740453, 0.587261, 0.326881, 0.124994, 0.058355, -0.540687, 0.839197, -0.002831, 0.669569, -0.60231, -0.434624, -1.2e-05, 0.0, 0.0, 0.0, 1.0],
                [0.362687, 0.909703, 0.202226, 0.124994, 0.217878, -0.293761, 0.930717, -0.002831, 0.906083, -0.293498, -0.304749, -1.2e-05, 0.0, 0.0, 0.0, 1.0],
                [0.289258, 0.43689, 0.851737, 0.124995, -0.223865, -0.834224, 0.503936, -0.002831, 0.930706, -0.336441, -0.143503, -1.2e-05, 0.0, 0.0, 0.0, 1.0],
                [0.693638, 0.067696, 0.717135, 0.124994, -0.042125, -0.990056, 0.134205, -0.002831, 0.71909, -0.123299, -0.683891, -1.2e-05, 0.0, 0.0, 0.0, 1.0]
            ]
        },
        {
            "name": "Leg_R",
            "time": [0.0, 0.0667, 0.35, 0.6667],
            "transform": [
                [1.0, -1e-06, 2e-06, 0.0, -0.0, 0.61279, 0.790246, 0.37472, -2e-06, -0.790247, 0.612789, 0.0, 0.0, 0.0, 0.0, 1.0],
                [1.0, -2e-06, 1e-06, -0.0, -0.0, 0.310929, 0.950432, 0.37472, -2e-06, -0.950434, 0.310928, 0.0, 0.0, 0.0, 0.0, 1.0],
                [1.0, 0.0, 2e-06, -0.0, -0.0, 0.97818, 0.207763, 0.37472, -2e-06, -0.207764, 0.978178, 0.0, 0.0, 0.0, 0.0, 1.0],
                [1.0, -0.0, 2e-06, 0.0, -0.0, 0.932591, 0.360936, 0.37472, -2e-06, -0.360937, 0.93259, 0.0, 0.0, 0.0, 0.0, 1.0]
            ]
        },
        {
            "name": "Knee_R",
            "time": [0.0, 0.0667, 0.35, 0.6667],
            "transform": [
                [1.0, 0.0, -0.0, 0.0, -0.0, 0.432785, -0.901497, 0.37472, -0.0, 0.901497, 0.432785, 0.0, 0.0, 0.0, 0.0, 1.0],
                [1.0, 0.0, -0.0, -0.0, -0.0, 0.432785, -0.901497, 0.37472, -0.0, 0.901497, 0.432785, 0.0, 0.0, 0.0, 0.0, 1.0],
                [1.0, 0.0, -0.0, -0.0, -0.0, 0.088982, -0.996033, 0.37472, -0.0, 0.996033, 0.088982, 0.0, 0.0, 0.0, 0.0, 1.0],
                [1.0, 0.0, -0.0, 0.0, -0.0, 0.432785, -0.901497, 0.37472, -0.0, 0.901497, 0.432785, 0.0, 0.0, 0.0, 0.0, 1.0]
            ]
        },
        {
            "name": "Thigh_L",
            "time": [0.0, 0.0667, 0.35, 0.6667],
            "transform": [
                [0.882763, -0.011907, 0.469667, -0.125006, -0.060491, -0.994238, 0.088492, -0.002831, 0.465907, -0.106528, -0.878397, -1.2e-05, 0.0, 0.0, 0.0, 1.0],
                [0.868652, 0.25542, 0.424503, -0.125006, -0.165709, -0.657704, 0.734823, -0.002831, 0.466886, -0.70865, -0.528992, -1.2e-05, 0.0, 0.0, 0.0, 1.0],
                [0.860504, 0.48083, -0.168328, -0.125006, 0.162019, 0.054963, 0.985255, -0.002831, 0.482992, -0.875089, -0.030609, -1.2e-05, 0.0, 0.0, 0.0, 1.0],
                [0.843873, 0.103434, 0.526477, -0.125006, -0.306705, -0.712124, 0.631515, -0.002831, 0.440237, -0.694392, -0.569219, -1.2e-05, 0.0, 0.0, 0.0, 1.0]
            ]
        },
        {
            "name": "Leg_L",
            "time": [0.0, 0.0667, 0.35, 0.6667],
            "transform": [
                [1.0, -1e-06, 1e-06, 0.0, -0.0, 0.721287, 0.692636, 0.37472, -1e-06, -0.692636, 0.721288, -0.0, 0.0, 0.0, 0.0, 1.0],
                [1.0, -1e-06, 0.0, -0.0, -0.0, 0.215274, 0.976554, 0.37472, -1e-06, -0.976553, 0.215274, 0.0, 0.0, 0.0, 0.0, 1.0],
                [1.0, -1e-06, -0.0, 0.0, -0.0, -0.437485, 0.899226, 0.37472, -1e-06, -0.899225, -0.437485, -0.0, 0.0, 0.0, 0.0, 1.0],
                [1.0, 0.0, 0.0, -0.0, -0.0, 0.901926, 0.43189, 0.37472, -0.0, -0.43189, 0.901927, 0.0, 0.0, 0.0, 0.0, 1.0]
            ]
        },
        {
            "name": "Knee_L",
            "time": [0.0, 0.0667, 0.35, 0.6667],
            "transform": [
                [1.0, 0.0, -0.0, 0.0, -0.0, 1e-06, -1.0, 0.37472, -0.0, 1.0, 1e-06, -0.0, 0.0, 0.0, 0.0, 1.0],
                [1.0, 0.0, -0.0, -0.0, -0.0, 1e-06, -1.0, 0.37472, -0.0, 1.0, 1e-06, 0.0, 0.0, 0.0, 0.0, 1.0],
                [1.0, 0.0, -0.0, 0.0, -0.0, 0.559772, -0.828647, 0.37472, -0.0, 0.828647, 0.559772, -0.0, 0.0, 0.0, 0.0, 1.0],
                [1.0, 0.0, -0.0, -0.0, -0.0, 0.559772, -0.828647, 0.37472, -0.0, 0.828647, 0.559772, 0.0, 0.0, 0.0, 0.0, 1.0]
            ]
        },
        {
            "name": "Torso",
            "time": [0.0, 0.0667, 0.35, 0.6667],
            "transform": [
                [0.996265, -0.020971, 0.083766, -0.0, 0.019316, 0.999603, 0.020528, 0.05, -0.084163, -0.018833, 0.996274, -0.0, 0.0, 0.0, 0.0, 1.0],
                [0.996265, -0.020971, 0.083766, -0.0, 0.019316, 0.999603, 0.020528, 0.05, -0.084163, -0.018833, 0.996274, 0.0, 0.0, 0.0, 0.0, 1.0],
                [0.955901, -0.020971, -0.29294, 0.0, 0.025567, 0.999603, 0.011867, 0.05, 0.292575, -0.018833, 0.956057, -0.0, 0.0, 0.0, 0.0, 1.0],
                [0.954229, 0.060278, -0.29294, 0.0, -0.059411, 0.998163, 0.011867, 0.05, 0.293117, 0.00608, 0.956057, -0.0, 0.0, 0.0, 0.0, 1.0]
            ]
        },
        {
            "name": "Chest",
            "time": [0.0, 0.0667, 0.35, 0.6667],
            "transform": [
                [0.989524, 0.144331, 0.003244, -0.0, -0.141629, 0.966152, 0.215621, 0.3, 0.027987, -0.213821, 0.976472, -0.0, 0.0, 0.0, 0.0, 1.0],
                [0.984663, 0.171894, 0.029841, 0.0, -0.16688, 0.878091, 0.44845, 0.3, 0.050883, -0.446552, 0.89331, -0.0, 0.0, 0.0, 0.0, 1.0],
                [0.861437, 0.496505, 0.106806, -0.0, -0.49626, 0.867629, -0.030758, 0.3, -0.10794, -0.026507, 0.993804, 0.0, 0.0, 0.0, 0.0, 1.0],
                [0.979296, -0.174078, -0.103326, 0.0, 0.18966, 0.967425, 0.167683, 0.3, 0.07077, -0.183808, 0.980411, -0.0, 0.0, 0.0, 0.0, 1.0]
            ]
        },
        {
            "name": "Head",
            "time": [0.0, 0.0667, 0.35, 0.6667],
            "transform": [
                [0.842101, 0.037721, -0.537999, -0.0, -0.058491, 0.998055, -0.021576, 0.4, 0.536138, 0.049637, 0.84267, 0.0, 0.0, 0.0, 0.0, 1.0],
                [0.842101, 0.037721, -0.537999, -0.0, -0.058491, 0.998055, -0.021576, 0.4, 0.536138, 0.049637, 0.84267, -0.0, 0.0, 0.0, 0.0, 1.0],
                [0.842101, 0.037721, -0.537999, 0.0, -0.058491, 0.998055, -0.021576, 0.4, 0.536138, 0.049637, 0.84267, -0.0, 0.0, 0.0, 0.0, 1.0],
                [0.842101, 0.037721, -0.537999, -0.0, -0.058491, 0.998055, -0.021576, 0.4, 0.536138, 0.049637, 0.842669, 0.0, 0.0, 0.0, 0.0, 1.0]
            ]
        },
        {
            "name": "Shoulder_R",
            "time": [0.0, 0.0667, 0.35, 0.6667],
            "transform": [
                [-0.546955, 0.779334, 0.305743, -0.0, 0.175638, -0.25026, 0.952114, 0.4, 0.81853, 0.574463, -0.0, 0.0, 0.0, 0.0, 0.0, 1.0],
                [-0.546955, 0.779334, 0.305743, -0.0, 0.175638, -0.25026, 0.952114, 0.4, 0.81853, 0.574463, -0.0, -0.0, 0.0, 0.0, 0.0, 1.0],
                [-0.546955, 0.779334, 0.305743, 0.0, 0.175638, -0.25026, 0.952114, 0.4, 0.81853, 0.574463, -0.0, -0.0, 0.0, 0.0, 0.0, 1.0],
                [-0.546955, 0.779334, 0.305743, -0.0, 0.175638, -0.25026, 0.952114, 0.4, 0.81853, 0.574463, -0.0, 0.0, 0.0, 0.0, 0.0, 1.0]
            ]
        },
        {
            "name": "Arm_R",
            "time": [0.0, 0.0667, 0.35, 0.6667],