{
    
    "animation": [
        {
            "name": "Root",
            "time": [0.0, 0.2, 0.4, 0.6, 0.8],
            "transform": [
                [0.998254, 0.0, -0.059059, 0.028757, -0.059059, 0.0, -0.998254, 0.008882, 0.0, 1.0, 0.0, 0.774592, 0.0, 0.0, 0.0, 1.0],
                [0.998254, 0.0, -0.059059, 0.018286, -0.059059, 0.0, -0.998254, -0.005265, 0.0, 1.0, 0.0, 0.682896, 0.0, 0.0, 0.0, 1.0],
                [0.998254, 0.0, -0.059059, 0.028757, -0.059059, 0.0, -0.998254, 0.008882, 0.0, 1.0, 0.0, 0.750565, 0.0, 0.0, 0.0, 1.0],
                [0.998254, 0.0, -0.059059, 0.028757, -0.059059, 0.0, -0.998254, 0.008882, 0.0, 1.0, 0.0, 0.718781, 0.0, 0.0, 0.0, 1.0],
                [0.998254, 0.0, -0.059059, 0.028757, -0.059059, 0.0, -0.998254, 0.008882, 0.0, 1.0, 0.0, 0.774592, 0.0, 0.0, 0.0, 1.0]
            ]
        },
        {
            "name": "Thigh_R",
            "time": [0.0, 0.2, 0.4, 0.6, 0.8],
            "transform": [
                [0.999011, -0.021439, -0.038949, 0.124994, 0.009891, -0.746933, 0.664824, -0.002831, -0.043345, -0.66455, -0.745985, -1.2e-05, 0.0, 0.0, 0.0, 1.0],
                [0.999011, -0.013582, -0.042334, 0.124994, 0.009891, -0.860443, 0.509448, -0.002831, -0.043345, -0.509361, -0.85946, -1.2e-05, 0.0, 0.0, 0.0, 1.0],
                [0.999011, 0.005823, -0.044076, 0.124994, 0.009891, -0.995649, 0.092628, -0.002831, -0.043345, -0.092972, -0.994725, -1.2e-05, 0.0, 0.0, 0.0, 1.0],
                [0.999011, 0.025546, -0.036387, 0.124994, 0.009891, -0.92562, -0.378321, -0.002831, -0.043345, 0.377587, -0.924959, -1.2e-05, 0.0, 0.0, 0.0, 1.0],
                [0.999011, -0.013046, -0.042502, 0.124994, 0.009891, -0.866811, 0.498535, -0.002831, -0.043345, -0.498461, -0.865827, -1.2e-05, 0.0, 0.0, 0.0, 1.0]
            ]
        },
        {
            "name": "Leg_R",
            "time": [0.0, 0.0833, 0.2, 0.4, 0.6, 0.7167, 0.8],
            "transform": [
                [1.0, -1e-06, 1e-06, -0.0, -0.0, 0.582735, 0.812662, 0.37472, -2e-06, -0.812663, 0.582734, -0.0, 0.0, 0.0, 0.0, 1.0],
                [1.0, -1e-06, 2e-06, 0.0, -0.0, 0.890269, 0.455436, 0.37472, -2e-06, -0.455437, 0.890268, 0.0, 0.0, 0.0, 0.0, 1.0],
                [1.0, -0.0, 2e-06, 0.0, -0.0, 0.984136, 0.177417, 0.37472, -2e-06, -0.177418, 0.984135, 0.0, 0.0, 0.0, 0.0, 1.0],
                [1.0, -0.0, 2e-06, -0.0, -0.0, 0.984136, 0.177417, 0.37472, -2e-06, -0.177418, 0.984135, 0.0, 0.0, 0.0, 0.0, 1.0],
                [1.0, -0.0, 2e-06, -0.0, -0.0, 0.984136, 0.177417, 0.37472, -2e-06, -0.177417, 0.984135, 0.0, 0.0, 0.0, 0.0, 1.0],
                [1.0, -2e-06, 1e-06, -0.0, -0.0, 0.28413, 0.958785, 0.37472, -2e-06, -0.958786, 0.28413, -0.0, 0.0, 0.0, 0.0, 1.0],
                [1.0, -1e-06, 1e-06, -0.0, -0.0, 0.582735, 0.812662, 0.37472, -2e-06, -0.812663, 0.582734, 0.0, 0.0, 0.0, 0.0, 1.0]
            ]
        },
        {
            "name": "Knee_R",
            "time": [0.0, 0.2, 0.4, 0.6, 0.8],
            "transform": [
                [1.0, 0.0, -0.0, -0.0, -0.0, 0.418989, -0.907991, 0.37472, -0.0, 0.907991, 0.418989, -0.0, 0.0, 0.0, 0.0, 1.0],
                [1.0, 0.0, -0.0, 0.0, -0.0, 1e-06, -1.0, 0.37472, -0.0, 1.0, 1e-06, 0.0, 0.0, 0.0, 0.0, 1.0],
                [1.0, 0.0, -0.0, -0.0, -0.0, 1e-06, -1.0, 0.37472, -0.0, 1.0, 1e-06, 0.0, 0.0, 0.0, 0.0, 1.0],
                [1.0, 0.0, -0.0, -0.0, -0.0, 1e-06, -1.0, 0.37472, -0.0, 1.0, 1e-06, 0.0, 0.0, 0.0, 0.0, 1.0],
                [1.0, 0.0, -0.0, -0.0, -0.0, 1e-06, -1.0, 0.37472, -0.0, 1.0, 1e-06, 0.0, 0.0, 0.0, 0.0, 1.0]
            ]
        },
        {
            "name": "Thigh_L",
            "time": [0.0, 0.2, 0.4, 0.6, 0.8],
            "transform": [
                [0.991695, -0.063088, -0.112066, -0.125006, -0.065407, -0.997711, -0.017136, -0.002831, -0.110729, 0.024324, -0.993553, -1.2e-05, 0.0, 0.0, 0.0, 1.0],
                [0.991695, -0.00836, -0.128332, -0.125006, -0.065407, -0.891972, -0.447334, -0.002831, -0.110729, 0.452014, -0.885111, -1.2e-05, 0.0, 0.0, 0.0, 1.0],
                [0.991695, -0.119655, -0.047134, -0.125006, -0.065407, -0.784838, 0.616239, -0.002831, -0.110729, -0.608038, -0.786148, -1.2e-05, 0.0, 0.0, 0.0, 1.0],
                [0.991695, -0.114426, -0.058701, -0.125006, -0.065407, -0.841766, 0.535865, -0.002831, -0.110729, -0.527576, -0.84226, -1.2e-05, 0.0, 0.0, 0.0, 1.0],
                [0.991695, -0.063088, -0.112066, -0.125006, -0.065407, -0.997711, -0.017136, -0.002831, -0.110729, 0.024324, -0.993553, -1.2e-05, 0.0, 0.0, 0.0, 1.0]
            ]
        },
        {
            "name": "Leg_L",
            "time": [0.0, 0.2, 0.3333, 0.4833, 0.6, 0.8],
            "transform": [
                [0.998905, 0.046593, -0.004154, 0.0, -0.045489, 0.988242, 0.145976, 0.37472, 0.010906, -0.145627, 0.98928, 0.0, 0.0, 0.0, 0.0, 1.0],
                [1.0, -0.0, 1e-06, 0.0, 0.0, 0.999353, 0.035947, 0.37472, -1e-06, -0.035947, 0.999354, 0.0, 0.0, 0.0, 0.0, 1.0],
                [1.0, -1e-06, 0.0, -0.0, 0.0, 0.222809, 0.974862, 0.37472, -1e-06, -0.974862, 0.222809, -0.0, 0.0, 0.0, 0.0, 1.0],
                [0.999933, 0.011172, -0.002916, 0.0, -0.009256, 0.926575, 0.375995, 0.37472, 0.006902, -0.375943, 0.926617, 0.0, 0.0, 0.0, 0.0, 1.0],
                [0.998905, 0.046778, 1e-06, 0.0, -0.045489, 0.971373, 0.233163, 0.37472, 0.010906, -0.232908, 0.972438, -0.0, 0.0, 0.0, 0.0, 1.0],
                [0.998905, 0.046593, -0.004154, 0.0, -0.045489, 0.988242, 0.145976, 0.37472, 0.010906, -0.145627, 0.98928, 0.0, 0.0, 0.0, 0.0, 1.0]
            ]
        },
        {
            "name": "Knee_L",
            "time": [0.0, 0.2, 0.4, 0.6, 0.8],
            "transform": [
                [1.0, 0.0, -0.0, 0.0, -0.0, 0.027066, -0.999634, 0.37472, -0.0, 0.999634, 0.027066, 0.0, 0.0, 0.0, 0.0, 1.0],
                [1.0, 0.0, -0.0, 0.0, -0.0, 1e-06, -1.0, 0.37472, -0.0, 1.0, 1e-06, 0.0, 0.0, 0.0, 0.0, 1.0],
                [1.0, 0.0, -0.0, -0.0, -0.0, 0.327481, -0.944858, 0.37472, -0.0, 0.944858, 0.32748, -0.0, 0.0, 0.0, 0.0, 1.0],
                [1.0, 0.0, -0.0, 0.0, -0.0, 0.327481, -0.944858, 0.37472, -0.0, 0.944858, 0.32748, -0.0, 0.0, 0.0, 0.0, 1.0],
                [1.0, 0.0, -0.0, 0.0, -0.0, 0.027066, -0.999634, 0.37472, -0.0, 0.999634, 0.027066, 0.0, 0.0, 0.0, 0.0, 1.0]
            ]
        },
        {
            "name": "Torso",
            "time": [0.0, 0.2, 0.4, 0.6, 0.8],
            "transform": [
                [0.996265, -0.026224, 0.082273, -0.0, 0.019316, 0.996306, 0.083672, 0.05, -0.084163, -0.081771, 0.993091, 0.0, 0.0, 0.0, 0.0, 1.0],
                [0.996265, -0.020971, 0.083766, 0.0, 0.019316, 0.999603, 0.020528, 0.05, -0.084163, -0.018833, 0.996274, -0.0, 0.0, 0.0, 0.0, 1.0],
                [0.996265, -0.024755, 0.082727, -0.0, 0.019316, 0.997638, 0.065921, 0.05, -0.084163, -0.064077, 0.99439, 0.0, 0.0, 0.0, 0.0, 1.0],
                [0.996265, -0.020971, 0.083766, -0.0, 0.019316, 0.999603, 0.020528, 0.05, -0.084163, -0.018833, 0.996274, 0.0, 0.0, 0.0, 0.0, 1.0],
                [0.996265, -0.026224, 0.082273, -0.0, 0.019316, 0.996306, 0.083672, 0.05, -0.084163, -0.081771, 0.993091, 0.0, 0.0, 0.0, 0.0, 1.0]
            ]
        },
        {
            "name": "Chest",
            "time": [0.0, 0.2, 0.4, 0.6, 0.8],