{
    "animation": [
        {
            "name": "Root",
            "time": [0.0, 0.1, 0.2333, 0.6667, 1.25],
            "transform": [
                [0.56951, 0.017752, -0.821793, -0.004694, -0.811836, 0.168766, -0.558964, 0.005609, 0.128768, 0.985496, 0.110526, 0.669518, 0.0, 0.0, 0.0, 1.0],
                [0.959256, -0.141974, -0.244278, -0.00366, -0.218469, 0.175535, -0.959926, 0.03093, 0.179164, 0.974182, 0.137366, 0.717433, 0.0, 0.0, 0.0, 1.0],
                [0.564958, -0.134671, 0.814056, -0.001854, 0.82271, 0.016597, -0.568219, 0.312972, 0.063011, 0.990751, 0.120172, 0.558053, 0.0, 0.0, 0.0, 1.0],
                [0.565417, -0.140062, 0.812826, -0.004694, 0.817792, -0.033037, -0.574565, 0.031784, 0.107328, 0.989591, 0.095862, 0.608692, 0.0, 0.0, 0.0, 1.0],
                [0.854689, 0.0, -0.51914, -5e-06, -0.51914, 0.0, -0.854689, 0.000946, 0.0, 1.0, 0.0, 0.734337, 0.0, 0.0, 0.0, 1.0]
            ]
        },
        {
            "name": "Thigh_R",
            "time": [0.0, 0.1, 0.2333, 0.6667, 1.25],
            "transform": [
                [0.924094, 0.381704, 0.018744, 0.124994, 0.380959, -0.916175, -0.12446, -0.002831, -0.030334, 0.122154, -0.992048, -1.2e-05, 0.0, 0.0, 0.0, 1.0],
                [0.937221, 0.225618, -0.265917, 0.124994, 0.331057, -0.815303, 0.475058, -0.002831, -0.109622, -0.533266, -0.838814, -1.2e-05, 0.0, 0.0, 0.0, 1.0],
                [0.614942, 0.659394, 0.432486, 0.124994, -0.145476, -0.444166, 0.884055, -0.002831, 0.775037, -0.606558, -0.177211, -1.2e-05, 0.0, 0.0, 0.0, 1.0],
                [0.614942, 0.494022, 0.614644, 0.124994, -0.145476, -0.694988, 0.704149, -0.002831, 0.775037, -0.522426, -0.35551, -1.2e-05, 0.0, 0.0, 0.0, 1.0],
                [0.984651, 0.173938, 0.014417, 0.124994, 0.174461, -0.983273, -0.052289, -0.002831, 0.005081, 0.054002, -0.998528, -1.2e-05, 0.0, 0.0, 0.0, 1.0]
            ]
        },
        {
            "name": "Leg_R",
            "time": [0.0, 0.1, 0.2333, 0.6667, 1.25],
            "transform": [
                [0.998295, -0.058101, -0.005717, 0.0, 0.058095, 0.978904, 0.195889, 0.37472, -0.005785, -0.195888, 0.980609, -0.0, 0.0, 0.0, 0.0, 1.0],
                [0.998761, -0.005216, -0.049484, -0.0, 0.049326, -0.026976, 0.998418, 0.37472, -0.006543, -0.999623, -0.026686, -0.0, 0.0, 0.0, 0.0, 1.0],
                [0.999345, -0.017208, -0.031848, -0.0, 0.036173, 0.440672, 0.896939, 0.37472, -0.0014, -0.897504, 0.441005, 0.0, 0.0, 0.0, 0.0, 1.0],
                [0.999345, -0.031943, -0.017031, -0.0, 0.036173, 0.862986, 0.503932, 0.37472, -0.0014, -0.504219, 0.863574, -0.0, 0.0, 0.0, 0.0, 1.0],
                [0.998294, -0.058101, -0.005717, -0.0, 0.058095, 0.978904, 0.195889, 0.37472, -0.005785, -0.195888, 0.980609, 0.0, 0.0, 0.0, 0.0, 1.0]
            ]
        },
        {
            "name": "Knee_R",
            "time": [0.0, 0.2333, 0.6667, 1.25],
            "transform": [
                [1.0, 0.0, -0.0, 0.0, -0.0, 1e-06, -1.0, 0.37472, -0.0, 1.0, 1e-06, -0.0, 0.0, 0.0, 0.0, 1.0],
                [1.0, 0.0, -0.0, -0.0, -0.0, 1e-06, -1.0, 0.37472, -0.0, 1.0, 1e-06, 0.0, 0.0, 0.0, 0.0, 1.0],
                [1.0, 0.0, -0.0, -0.0, -0.0, 1e-06, -1.0, 0.37472, -0.0, 1.0, 1e-06, -0.0, 0.0, 0.0, 0.0, 1.0],
                [1.0, 0.0, -0.0, -0.0, -0.0, 1e-06, -1.0, 0.37472, -0.0, 1.0, 1e-06, 0.0, 0.0, 0.0, 0.0, 1.0]
            ]
        },
        {
            "name": "Thigh_L",
            "time": [0.0, 0.1, 0.2333, 0.6667, 1.25],
            "transform": [
                [0.485391, -0.725106, -0.488485, -0.109662, 0.038606, -0.540396, 0.840524, -0.002831, -0.873444, -0.426841, -0.234311, 0.02525, 0.0, 0.0, 0.0, 1.0],
                [0.820393, -0.505114, -0.267982, -0.109662, -0.326664, -0.79868, 0.505371, -0.002831, -0.469302, -0.327063, -0.820235, 0.02525, 0.0, 0.0, 0.0, 1.0],
                [0.683987, -0.727791, -0.04981, -0.109662, -0.70265, -0.63893, -0.31313, -0.002831, 0.196069, 0.249177, -0.948403, 0.02525, 0.0, 0.0, 0.0, 1.0],
                [0.876265, -0.458788, 0.147214, -0.109662, -0.471012, -0.880007, 0.061106, -0.002831, 0.101515, -0.122885, -0.987215, 0.02525, 0.0, 0.0, 0.0, 1.0],
                [0.784702, -0.303887, -0.540272, -0.109662, -0.081415, -0.914563, 0.396164, -0.002831, -0.614502, -0.266885, -0.742401, 0.02525, 0.0, 0.0, 0.0, 1.0]
            ]
        },
        {
            "name": "Leg_L",
            "time": [0.0, 0.2333, 0.6667, 1.25],
            "transform": [
                [0.997933, 0.040864, 0.049605, 0.0, -0.064028, 0.698981, 0.712268, 0.37472, -0.005567, -0.713971, 0.700153, 0.0, 0.0, 0.0, 0.0, 1.0],
                [0.997933, 0.058148, 0.027374, 0.0, -0.064028, 0.936383, 0.34509, 0.37472, -0.005567, -0.346129, 0.938171, -0.0, 0.0, 0.0, 0.0, 1.0],
                [0.997933, 0.049543, 0.040939, 0.0, -0.064028, 0.821554, 0.566523, 0.37472, -0.005567, -0.567973, 0.823029, -0.0, 0.0, 0.0, 0.0, 1.0],
                [0.997933, 0.05815, 0.027369, 0.0, -0.064028, 0.936412, 0.345012, 0.37472, -0.005566, -0.34605, 0.9382, -0.0, 0.0, 0.0, 0.0, 1.0]
            ]
        },
        {
            "name": "Knee_L",
            "time": [0.0, 0.2333, 0.6667, 1.25],
            "transform": [
                [1.0, 0.0, -0.0, 0.0, -0.0, 1e-06, -1.0, 0.37472, -0.0, 1.0, 1e-06, 0.0, 0.0, 0.0, 0.0, 1.0],
                [1.0, 0.0, -0.0, 0.0, -0.0, 1e-06, -1.0, 0.37472, -0.0, 1.0, 1e-06, -0.0, 0.0, 0.0, 0.0, 1.0],
                [1.0, 0.0, -0.0, 0.0, -0.0, 1e-06, -1.0, 0.37472, -0.0, 1.0, 1e-06, -0.0, 0.0, 0.0, 0.0, 1.0],
                [1.0, 0.0, -0.0, 0.0, -0.0, 1e-06, -1.0, 0.37472, -0.0, 1.0, 1e-06, -0.0, 0.0, 0.0, 0.0, 1.0]
            ]
        },
        {
            "name": "Torso",
            "time": [0.0, 0.0833, 0.2333, 0.6667, 1.25],
            "transform": [
                [0.884866, 0.029467, 0.464912, -0.0, 0.025961, 0.993327, -0.112371, 0.05, -0.465121, 0.111503, 0.878197, -0.0, 0.0, 0.0, 0.0, 1.0],
                [0.930126, -0.159851, 0.330625, 0.0, 0.202283, 0.974415, -0.097961, 0.05, -0.306506, 0.157996, 0.938664, -0.0, 0.0, 0.0, 0.0, 1.0],
                [0.927855, 0.371098, -0.037035, -0.0, -0.370592, 0.928582, 0.019957, 0.05, 0.041796, -0.004792, 0.999115, 0.0, 0.0, 0.0, 0.0, 1.0],
                [0.966284, 0.257451, 0.003634, 0.0, -0.256282, 0.963063, -0.082642, 0.05, -0.024776, 0.078925, 0.996573, 0.0, 0.0, 0.0, 0.0, 1.0],
                [0.965662, -0.025127, 0.258583, -0.0, 0.020968, 0.999603, 0.018828, 0.05, -0.258953, -0.012759, 0.965806, 0.0, 0.0, 0.0, 0.0, 1.0]
            ]
        },
        {
            "name": "Chest",
            "time": [0.0, 0.0833, 0.2333, 0.6667, 1.25],
            "transform": [
                [0.831911, -0.088026, 0.547883, 0.0, -0.055203, 0.969312, 0.239556, 0.3, -0.552157, -0.229534, 0.801522, 0.0, 0.0, 0.0, 0.0, 1.0],
                [0.828276, 0.382226, 0.409709, -0.0, -0.489957, 0.848816, 0.19863, 0.3, -0.271846, -0.36526, 0.890329, -0.0, 0.0, 0.0, 0.0, 1.0],
                [0.94149, -0.079137, 0.327618, 0.0, 0.058215, 0.995617, 0.073196, 0.3, -0.331975, -0.049841, 0.94197, 0.0, 0.0, 0.0, 0.0, 1.0],
                [0.948496, -0.045806, 0.313459, -0.0, 0.026572, 0.997508, 0.065364, 0.3, -0.315672, -0.053668, 0.94735, 0.0, 0.0, 0.0, 0.0, 1.0],
                [0.986768, -0.023894, -0.160365, -0.0, 0.026191, 0.999582, 0.012223, 0.3, 0.160006, -0.016261, 0.986982, -0.0, 0.0, 0.0, 0.0, 1.0]
            ]
        },
        {
            "name": "Head",
            "time": [0.0, 0.0833, 0.2333, 0.6667, 1.25],