{
    "animation": [
        {
            "name": "Root",
            "time": [0.0, 0.1667, 0.3667, 0.55, 0.8],
            "transform": [
                [0.854689, -0.0, -0.51914, -5e-06, -0.511602, 0.169795, -0.842279, 0.000946, 0.088148, 0.985479, 0.145122, 0.448691, 0.0, 0.0, 0.0, 1.0],
                [0.283331, 0.190713, -0.939868, -5e-06, -0.905887, 0.374907, -0.197013, -0.276188, 0.31479, 0.907234, 0.278987, 0.448691, 0.0, 0.0, 0.0, 1.0],
                [0.283331, 0.190713, -0.939868, -5e-06, -0.905887, 0.374907, -0.197013, -0.276188, 0.31479, 0.907234, 0.278987, 0.448691, 0.0, 0.0, 0.0, 1.0],
                [0.53293, -0.061384, 0.84393, -0.001514, 0.844909, -0.015606, -0.534683, 1.147264, 0.045991, 0.997992, 0.043547, 0.53791, 0.0, 0.0, 0.0, 1.0],
                [0.564958, -0.134671, 0.814056, -0.001854, 0.82271, 0.016597, -0.568219, 1.330656, 0.063011, 0.990751, 0.120172, 0.62748, 0.0, 0.0, 0.0, 1.0]
            ]
        },
        {
            "name": "Thigh_R",
            "time": [0.0, 0.1667, 0.3667, 0.55, 0.8],
            "transform": [
                [0.91034, 0.354366, -0.213785, 0.124994, 0.413833, -0.785257, 0.460556, -0.002831, -0.004671, -0.507732, -0.861502, -1.2e-05, 0.0, 0.0, 0.0, 1.0],
                [0.984195, 0.161421, -0.072813, 0.124994, 0.133558, -0.40664, 0.903773, -0.002831, 0.11628, -0.899212, -0.421773, -1.2e-05, 0.0, 0.0, 0.0, 1.0],
                [0.99017, 0.135765, -0.033614, 0.124994, 0.074591, -0.309277, 0.948042, -0.002831, 0.118315, -0.941229, -0.316365, -1.2e-05, 0.0, 0.0, 0.0, 1.0],
                [0.716508, 0.594277, 0.365308, 0.124994, -0.121747, -0.409108, 0.904327, -0.002831, 0.686872, -0.692432, -0.220779, -1.2e-05, 0.0, 0.0, 0.0, 1.0],
                [0.614942, 0.494022, 0.614644, 0.124994, -0.145476, -0.694988, 0.704149, -0.002831, 0.775037, -0.522426, -0.35551, -1.2e-05, 0.0, 0.0, 0.0, 1.0]
            ]
        },
        {
            "name": "Leg_R",
            "time": [0.0, 0.1667, 0.3667, 0.55, 0.8],
            "transform": [
                [0.998294, 0.014551, -0.056539, -0.0, 0.058094, -0.343561, 0.937331, 0.37472, -0.005785, -0.939018, -0.34382, -0.0, 0.0, 0.0, 0.0, 1.0],
                [0.998295, 0.014551, -0.056539, 0.0, 0.058094, -0.343561, 0.937331, 0.37472, -0.005785, -0.939018, -0.34382, 0.0, 0.0, 0.0, 0.0, 1.0],
                [0.998295, 0.014551, -0.056539, -0.0, 0.058094, -0.343561, 0.937331, 0.37472, -0.005785, -0.939018, -0.34382, -0.0, 0.0, 0.0, 0.0, 1.0],
                [0.999188, -0.013133, -0.038085, 0.0, 0.040277, 0.305794, 0.951245, 0.37472, -0.000847, -0.952008, 0.306075, 0.0, 0.0, 0.0, 0.0, 1.0],
                [0.999345, -0.031943, -0.017031, 0.0, 0.036173, 0.862986, 0.503932, 0.37472, -0.0014, -0.504219, 0.863574, 0.0, 0.0, 0.0, 0.0, 1.0]
            ]
        },
        {
            "name": "Knee_R",
            "time": [0.0, 0.1667, 0.3667, 0.55, 0.8],
            "transform": [
                [1.0, 0.0, -0.0, -0.0, -0.0, 1e-06, -1.0, 0.37472, -0.0, 1.0, 1e-06, -0.0, 0.0, 0.0, 0.0, 1.0],
                [1.0, 0.0, -0.0, 0.0, -0.0, 1e-06, -1.0, 0.37472, -0.0, 1.0, 1e-06, 0.0, 0.0, 0.0, 0.0, 1.0],
                [1.0, 0.0, -0.0, -0.0, -0.0, 1e-06, -1.0, 0.37472, -0.0, 1.0, 1e-06, -0.0, 0.0, 0.0, 0.0, 1.0],
                [1.0, 0.0, -0.0, 0.0, -0.0, 1e-06, -1.0, 0.37472, -0.0, 1.0, 1e-06, 0.0, 0.0, 0.0, 0.0, 1.0],
                [1.0, 0.0, -0.0, 0.0, -0.0, 1e-06, -1.0, 0.37472, -0.0, 1.0, 1e-06, 0.0, 0.0, 0.0, 0.0, 1.0]
            ]
        },
        {
            "name": "Thigh_L",
            "time": [0.0, 0.1667, 0.3667, 0.4667, 0.55, 0.8],
            "transform": [
                [0.784623, -0.610414, 0.108448, -0.109662, -0.081521, 0.071825, 0.99408, -0.002831, -0.614589, -0.788819, 0.006593, 0.02525, 0.0, 0.0, 0.0, 1.0],
                [0.609594, -0.78526, 0.108448, -0.109662, -0.06126, 0.089731, 0.99408, -0.002831, -0.790343, -0.612629, 0.006593, 0.02525, 0.0, 0.0, 0.0, 1.0],
                [0.572029, -0.813032, 0.108448, -0.109662, -0.056977, 0.09251, 0.99408, -0.002831, -0.818251, -0.574823, 0.006594, 0.02525, 0.0, 0.0, 0.0, 1.0],
                [0.764637, -0.478396, -0.431817, -0.109662, -0.26208, -0.842964, 0.469815, -0.002831, -0.588764, -0.246068, -0.76994, 0.02525, 0.0, 0.0, 0.0, 1.0],
                [0.650028, -0.758308, -0.049318, -0.109662, -0.759337, -0.650688, -0.003444, -0.002831, -0.029479, 0.039688, -0.998777, 0.02525, 0.0, 0.0, 0.0, 1.0],
                [0.876265, -0.458788, 0.147214, -0.109662, -0.471012, -0.880008, 0.061106, -0.002831, 0.101515, -0.122885, -0.987215, 0.02525, 0.0, 0.0, 0.0, 1.0]
            ]
        },
        {
            "name": "Leg_L",
            "time": [0.0, 0.1667, 0.3667, 0.55, 0.8],
            "transform": [
                [0.997933, 0.003472, 0.064175, 0.0, -0.064028, 0.140189, 0.988053, 0.37472, -0.005567, -0.990118, 0.140121, 0.0, 0.0, 0.0, 0.0, 1.0],
                [0.997933, -0.004524, 0.06411, -0.0, -0.064028, 0.016415, 0.997814, 0.37472, -0.005567, -0.999855, 0.016091, 0.0, 0.0, 0.0, 0.0, 1.0],
                [0.997933, -0.006029, 0.063986, 0.0, -0.064028, -0.007029, 0.997924, 0.37472, -0.005567, -0.999957, -0.0074, 0.0, 0.0, 0.0, 0.0, 1.0],
                [0.997933, 0.050869, 0.03928, -0.0, -0.064028, 0.839823, 0.539071, 0.37472, -0.005567, -0.540471, 0.841345, -0.0, 0.0, 0.0, 0.0, 1.0],
                [0.997933, 0.049543, 0.040939, -0.0, -0.064028, 0.821554, 0.566523, 0.37472, -0.005567, -0.567973, 0.823029, -0.0, 0.0, 0.0, 0.0, 1.0]
            ]
        },
        {
            "name": "Knee_L",
            "time": [0.0, 0.1667, 0.3667, 0.55, 0.8],
            "transform": [
                [1.0, 0.0, -0.0, 0.0, -0.0, 1e-06, -1.0, 0.37472, -0.0, 1.0, 1e-06, 0.0, 0.0, 0.0, 0.0, 1.0],
                [1.0, 0.0, -0.0, -0.0, -0.0, 1e-06, -1.0, 0.37472, -0.0, 1.0, 1e-06, 0.0, 0.0, 0.0, 0.0, 1.0],
                [1.0, 0.0, -0.0, 0.0, -0.0, 1e-06, -1.0, 0.37472, -0.0, 1.0, 1e-06, 0.0, 0.0, 0.0, 0.0, 1.0],
                [1.0, 0.0, -0.0, -0.0, -0.0, 1e-06, -1.0, 0.37472, -0.0, 1.0, 1e-06, -0.0, 0.0, 0.0, 0.0, 1.0],
                [1.0, 0.0, -0.0, -0.0, -0.0, 1e-06, -1.0, 0.37472, -0.0, 1.0, 1e-06, -0.0, 0.0, 0.0, 0.0, 1.0]
            ]
        },
        {
            "name": "Torso",
            "time": [0.0, 0.1667, 0.3667, 0.4667, 0.55, 0.8],
            "transform": [
                [0.965662, -0.022926, 0.258787, -0.0, 0.020968, 0.999727, 0.010323, 0.05, -0.258953, -0.004542, 0.965879, 0.0, 0.0, 0.0, 0.0, 1.0],
                [0.965662, -0.022926, 0.258787, -0.0, 0.020968, 0.999727, 0.010323, 0.05, -0.258953, -0.004542, 0.965879, -0.0, 0.0, 0.0, 0.0, 1.0],
                [0.965662, -0.022926, 0.258787, -0.0, 0.020968, 0.999727, 0.010323, 0.05, -0.258953, -0.004542, 0.965879, -0.0, 0.0, 0.0, 0.0, 1.0],
                [0.848224, 0.153972, 0.506763, 0.0, -0.18604, 0.982458, 0.012891, 0.05, -0.495889, -0.105213, 0.861989, 0.0, 0.0, 0.0, 0.0, 1.0],
                [0.953208, 0.301837, 0.01702, -0.0, -0.302018, 0.953258, 0.009226, 0.05, -0.013439, -0.013935, 0.999813, 0.0, 0.0, 0.0, 0.0, 1.0],
                [0.966284, 0.257451, 0.003634, -0.0, -0.256282, 0.963063, -0.082642, 0.05, -0.024776, 0.078925, 0.996573, -0.0, 0.0, 0.0, 0.0, 1.0]
            ]
        },
        {
            "name": "Chest",
            "time": [0.0, 0.1667, 0.3667, 0.4667, 0.55, 0.8],