{
    
    "animation": [
        {
            "name": "Root",
            "time": [0.0, 0.1333, 0.3333, 0.5667],
            "transform": [
                [0.964058, 0.0, 0.265691, -5e-06, 0.265691, 0.0, -0.964058, 0.000946, 0.0, 1.0, 0.0, 0.653345, 0.0, 0.0, 0.0, 1.0],
                [0.964058, 0.0, 0.265691, -5e-06, 0.265691, 0.0, -0.964058, 0.000946, 0.0, 1.0, 0.0, 0.653345, 0.0, 0.0, 0.0, 1.0],
                [0.999512, 0.0, -0.031246, -0.005512, -0.031246, 0.0, -0.999512, 0.35089, 0.0, 1.0, 0.0, 0.653345, 0.0, 0.0, 0.0, 1.0],
                [0.997046, 0.0, 0.076812, 0.002162, 0.076812, 0.0, -0.997046, 0.251271, 0.0, 1.0, 0.0, 0.653345, 0.0, 0.0, 0.0, 1.0]
            ]
        },
        {
            "name": "Thigh_R",
            "time": [0.0, 0.1333, 0.3333, 0.5667],
            "transform": [
                [0.964015, 0.221748, 0.146634, 0.124994, 0.032351, -0.645326, 0.763221, -0.002831, 0.263869, -0.731011, -0.62928, -1.2e-05, 0.0, 0.0, 0.0, 1.0],
                [0.964015, 0.221748, 0.146634, 0.124994, 0.032351, -0.645326, 0.763221, -0.002831, 0.263869, -0.731011, -0.62928, -1.2e-05, 0.0, 0.0, 0.0, 1.0],
                [0.987238, -0.050377, 0.151075, 0.124994, 0.024932, -0.888058, -0.459051, -0.002831, 0.157289, 0.456958, -0.875471, -1.2e-05, 0.0, 0.0, 0.0, 1.0],
                [0.987238, -0.026301, 0.157066, 0.124994, 0.024932, -0.94858, -0.315547, -0.002831, 0.157289, 0.315436, -0.935821, -1.2e-05, 0.0, 0.0, 0.0, 1.0]
            ]
        },
        {
            "name": "Leg_R",
            "time": [0.0, 0.1333, 0.3333, 0.5667],
            "transform": [
                [1.0, -1e-06, 2e-06, 0.0, -0.0, 0.836659, 0.547725, 0.37472, -2e-06, -0.547725, 0.836658, -0.0, 0.0, 0.0, 0.0, 1.0],
                [1.0, -1e-06, 2e-06, 0.0, -0.0, 0.836659, 0.547725, 0.37472, -2e-06, -0.547725, 0.836658, -0.0, 0.0, 0.0, 0.0, 1.0],
                [1.0, -0.0, 2e-06, 0.0, -0.0, 0.933126, 0.35955, 0.37472, -2e-06, -0.359551, 0.933125, -0.0, 0.0, 0.0, 0.0, 1.0],
                [1.0, -1e-06, 2e-06, -0.0, -0.0, 0.869664, 0.493645, 0.37472, -2e-06, -0.493646, 0.869663, -0.0, 0.0, 0.0, 0.0, 1.0]
            ]
        },
        {
            "name": "Knee_R",
            "time": [0.0, 0.1333, 0.5667],
            "transform": [
                [1.0, 0.0, -0.0, 0.0, -0.0, 1e-06, -1.0, 0.37472, -0.0, 1.0, 1e-06, -0.0, 0.0, 0.0, 0.0, 1.0],
                [1.0, 0.0, -0.0, 0.0, -0.0, 1e-06, -1.0, 0.37472, -0.0, 1.0, 1e-06, -0.0, 0.0, 0.0, 0.0, 1.0],
                [1.0, 0.0, -0.0, -0.0, -0.0, 1e-06, -1.0, 0.37472, -0.0, 1.0, 1e-06, -0.0, 0.0, 0.0, 0.0, 1.0]
            ]
        },
        {
            "name": "Thigh_L",
            "time": [0.0, 0.1333, 0.3333, 0.5667],
            "transform": [
                [0.822543, -0.415789, -0.387996, -0.125006, -0.504822, -0.847984, -0.161487, -0.002831, -0.26187, 0.3287, -0.907403, -1.2e-05, 0.0, 0.0, 0.0, 1.0],
                [0.822543, -0.415789, -0.387996, -0.125006, -0.504822, -0.847984, -0.161487, -0.002831, -0.26187, 0.3287, -0.907403, -1.2e-05, 0.0, 0.0, 0.0, 1.0],
                [0.980841, 0.109192, 0.161327, -0.125006, -0.061742, -0.6112, 0.789064, -0.002831, 0.184763, -0.783908, -0.592749, -1.2e-05, 0.0, 0.0, 0.0, 1.0],
                [0.980841, 0.065528, 0.183455, -0.125006, -0.061742, -0.788609, 0.611787, -0.002831, 0.184763, -0.611394, -0.769455, -1.2e-05, 0.0, 0.0, 0.0, 1.0]
            ]
        },
        {
            "name": "Leg_L",
            "time": [0.0, 0.1333, 0.2167, 0.3, 0.3333, 0.5667],
            "transform": [
                [1.0, -1e-06, 1e-06, -0.0, 0.0, 0.888384, 0.4591, 0.37472, -1e-06, -0.4591, 0.888385, -0.0, 0.0, 0.0, 0.0, 1.0],
                [1.0, -1e-06, 1e-06, -0.0, 0.0, 0.888384, 0.4591, 0.37472, -1e-06, -0.4591, 0.888385, -0.0, 0.0, 0.0, 0.0, 1.0],
                [1.0, -1e-06, -0.0, 0.0, 0.0, 0.225389, 0.974269, 0.37472, -1e-06, -0.974269, 0.225389, -0.0, 0.0, 0.0, 0.0, 1.0],
                [1.0, -1e-06, 1e-06, -0.0, 0.0, 0.825073, 0.565026, 0.37472, -1e-06, -0.565026, 0.825073, 0.0, 0.0, 0.0, 0.0, 1.0],
                [1.0, -1e-06, 0.0, 0.0, 0.0, 0.688187, 0.725533, 0.37472, -1e-06, -0.725533, 0.688188, -0.0, 0.0, 0.0, 0.0, 1.0],
                [1.0, -1e-06, 1e-06, -0.0, 0.0, 0.925352, 0.379108, 0.37472, -1e-06, -0.379108, 0.925353, -0.0, 0.0, 0.0, 0.0, 1.0]
            ]
        },
        {
            "name": "Knee_L",
            "time": [0.0, 0.1333, 0.5667],
            "transform": [
                [1.0, 0.0, -0.0, -0.0, -0.0, 1e-06, -1.0, 0.37472, -0.0, 1.0, 1e-06, -0.0, 0.0, 0.0, 0.0, 1.0],
                [1.0, 0.0, -0.0, -0.0, -0.0, 1e-06, -1.0, 0.37472, -0.0, 1.0, 1e-06, -0.0, 0.0, 0.0, 0.0, 1.0],
                [1.0, 0.0, -0.0, -0.0, -0.0, 1e-06, -1.0, 0.37472, -0.0, 1.0, 1e-06, -0.0, 0.0, 0.0, 0.0, 1.0]
            ]
        },
        {
            "name": "Torso",
            "time": [0.0, 0.1333, 0.2667, 0.3333, 0.5667],
            "transform": [
                [0.998938, -0.020971, -0.04104, 0.0, 0.021723, 0.999603, 0.017961, 0.05, 0.040647, -0.018833, 0.998996, -0.0, 0.0, 0.0, 0.0, 1.0],
                [0.998938, -0.020971, -0.04104, 0.0, 0.021723, 0.999603, 0.017961, 0.05, 0.040647, -0.018833, 0.998996, -0.0, 0.0, 0.0, 0.0, 1.0],
                [0.973101, 0.096207, -0.209329, 0.0, 0.024731, 0.859755, 0.510107, 0.05, 0.229048, -0.501563, 0.834249, -0.0, 0.0, 0.0, 0.0, 1.0],
                [0.979286, 0.091975, -0.180386, 0.0, 0.008918, 0.870422, 0.492226, 0.05, 0.202285, -0.483639, 0.851572, 0.0, 0.0, 0.0, 0.0, 1.0],
                [0.973101, 0.053989, -0.223963, -0.0, 0.024731, 0.942054, 0.334548, 0.05, 0.229048, -0.331088, 0.915379, 0.0, 0.0, 0.0, 0.0, 1.0]
            ]
        },
        {
            "name": "Chest",
            "time": [0.0, 0.1333, 0.3333, 0.5667],
            "transform": [
                [0.949813, -0.021411, 0.312083, 0.0, 0.014334, 0.999586, 0.024954, 0.3, -0.312488, -0.019228, 0.949727, 0.0, 0.0, 0.0, 0.0, 1.0],
                [0.679241, -0.021411, 0.733603, 0.0, 0.000432, 0.999586, 0.028775, 0.3, -0.733916, -0.019228, 0.678969, 0.0, 0.0, 0.0, 0.0, 1.0],
                [0.859652, 0.043336, -0.509038, 0.0, -0.084503, 0.994732, -0.058021, 0.3, 0.503842, 0.092893, 0.858786, -0.0, 0.0, 0.0, 0.0, 1.0],
                [0.901082, -0.054263, -0.43024, -0.0, 0.164207, 0.960956, 0.222711, 0.3, 0.401357, -0.271329, 0.87481, 0.0, 0.0, 0.0, 0.0, 1.0]
            ]
        },
        {
            "name": "Head",
            "time": [0.0, 0.1333, 0.2667, 0.3333, 0.5667],
            "transform": [
                [0.778754, 0.037721, -0.626195, -0.0, -0.060487, 0.998055, -0.015102, 0.4, 0.624407, 0.049637, 0.779521, -0.0, 0.0, 0.0, 0.0, 1.0],
                [0.573187, 0.037721, -0.818556, 0.0, -0.062299, 0.998055, 0.002369, 0.4, 0.817053, 0.049637, 0.574422, 0.0, 0.0, 0.0, 0.0, 1.0],
                [0.949297, 0.081646, 0.303593, 0.0, 0.073242, 0.881679, -0.46613, 0.4, -0.305729, 0.464731, 0.830996, -0.0, 0.0, 0.0, 0.0, 1.0],
                [0.688617, 0.13033, 0.713317, -0.0, 0.242609, 0.885613, -0.396018, 0.4, -0.683336, 0.445762, 0.578229, 0.0, 0.0, 0.0, 0.0, 1.0],
                [0.780877, 0.260626, 0.567719, 0.0, 0.039692, 0.886272, -0.461461, 0.4, -0.623422, 0.382879, 0.681725, -0.0, 0.0, 0.0, 0.0, 1.0]
            ]
        },
        {
            "name": "Shoulder_R",
            "time": [0.0, 0.1333, 0.3333, 0.5667],