{
    
    "animation": [
        {
            "name": "Root",
            "time": [0.0, 0.1667, 0.2833, 0.3833, 0.5167],
            "transform": [
                [0.997046, 0.0, 0.076812, 0.022159, 0.076812, 0.0, -0.997046, -0.008293, 0.0, 1.0, 0.0, 0.653345, 0.0, 0.0, 0.0, 1.0],
                [0.997046, -0.009342, 0.076242, 0.048921, 0.076812, 0.121264, -0.989644, -0.355668, 0.0, 0.992576, 0.121623, 0.636527, 0.0, 0.0, 0.0, 1.0],
                [0.883366, -0.009374, 0.468591, 0.026213, 0.466153, 0.12136, -0.876341, 0.062248, -0.048653, 0.992564, 0.111575, 0.746526, 0.0, 0.0, 0.0, 1.0],
                [0.692681, -0.009342, 0.721184, 0.010575, 0.716677, 0.121264, -0.686782, 0.360929, -0.081038, 0.992576, 0.090693, 0.624657, 0.0, 0.0, 0.0, 1.0],
                [0.692681, -0.009342, 0.721184, 0.010575, 0.716677, 0.121264, -0.686782, 0.325093, -0.081038, 0.992576, 0.090693, 0.624657, 0.0, 0.0, 0.0, 1.0]
            ]
        },
        {
            "name": "Thigh_R",
            "time": [0.0, 0.1667, 0.2833, 0.3833, 0.5167],
            "transform": [
                [0.987238, 0.005784, 0.159147, 0.124994, 0.024932, -0.99263, -0.118578, -0.002831, 0.157289, 0.121033, -0.980108, -1.2e-05, 0.0, 0.0, 0.0, 1.0],
                [0.987237, -0.048581, 0.151662, 0.124994, 0.024932, -0.893443, -0.448481, -0.002831, 0.157289, 0.446538, -0.880831, -1.2e-05, 0.0, 0.0, 0.0, 1.0],
                [0.899365, 0.303352, 0.314833, 0.124994, 0.102906, -0.846761, 0.521922, -0.002831, 0.424915, -0.436999, -0.792766, -1.2e-05, 0.0, 0.0, 0.0, 1.0],
                [0.793211, 0.482273, 0.37179, 0.124994, 0.005615, -0.616311, 0.787482, -0.002831, 0.608921, -0.62255, -0.491574, -1.2e-05, 0.0, 0.0, 0.0, 1.0],
                [0.793211, 0.444625, 0.416082, 0.124994, 0.005615, -0.68859, 0.725128, -0.002831, 0.60892, -0.572841, -0.548696, -1.2e-05, 0.0, 0.0, 0.0, 1.0]
            ]
        },
        {
            "name": "Leg_R",
            "time": [0.0, 0.1667, 0.2833, 0.3833, 0.5167],
            "transform": [
                [1.0, -1e-06, 2e-06, 0.0, -0.0, 0.753877, 0.657016, 0.37472, -2e-06, -0.657017, 0.753876, -0.0, 0.0, 0.0, 0.0, 1.0],
                [1.0, -0.0, 2e-06, 0.0, -0.0, 0.947271, 0.320436, 0.37472, -2e-06, -0.320437, 0.947269, -0.0, 0.0, 0.0, 0.0, 1.0],
                [1.0, -2e-06, 0.0, -0.0, -0.0, -0.034842, 0.999392, 0.37472, -2e-06, -0.999394, -0.034842, 0.0, 0.0, 0.0, 0.0, 1.0],
                [1.0, -0.0, 2e-06, 0.0, -0.0, 0.947271, 0.320436, 0.37472, -2e-06, -0.320437, 0.947269, -0.0, 0.0, 0.0, 0.0, 1.0],
                [1.0, -0.0, 2e-06, 0.0, -0.0, 0.947271, 0.320436, 0.37472, -2e-06, -0.320437, 0.947269, 0.0, 0.0, 0.0, 0.0, 1.0]
            ]
        },
        {
            "name": "Knee_R",
            "time": [0.0, 0.2833, 0.3833, 0.5167],
            "transform": [
                [1.0, 0.0, -0.0, 0.0, -0.0, 1e-06, -1.0, 0.37472, -0.0, 1.0, 1e-06, -0.0, 0.0, 0.0, 0.0, 1.0],
                [1.0, 0.0, -0.0, -0.0, -0.0, 0.499889, -0.86609, 0.37472, -0.0, 0.86609, 0.499889, 0.0, 0.0, 0.0, 0.0, 1.0],
                [1.0, 0.0, -0.0, 0.0, -0.0, 0.345062, -0.93858, 0.37472, -0.0, 0.93858, 0.345062, -0.0, 0.0, 0.0, 0.0, 1.0],
                [1.0, 0.0, -0.0, 0.0, -0.0, 0.345062, -0.93858, 0.37472, -0.0, 0.93858, 0.345062, 0.0, 0.0, 0.0, 0.0, 1.0]
            ]
        },
        {
            "name": "Thigh_L",
            "time": [0.0, 0.1667, 0.3833, 0.5167],
            "transform": [
                [0.980841, 0.065528, 0.183455, -0.125006, -0.061742, -0.788609, 0.611787, -0.002831, 0.184763, -0.611394, -0.769455, -1.2e-05, 0.0, 0.0, 0.0, 1.0],
                [0.980841, 0.09131, 0.172081, -0.125006, -0.061742, -0.692092, 0.719164, -0.002831, 0.184763, -0.716011, -0.673195, -1.2e-05, 0.0, 0.0, 0.0, 1.0],
                [0.882876, -0.191849, 0.428629, -0.125006, -0.149108, -0.980035, -0.131522, -0.002831, 0.445304, 0.052206, -0.893856, -1.2e-05, 0.0, 0.0, 0.0, 1.0],
                [0.882876, -0.159499, 0.441689, -0.125006, -0.149108, -0.987095, -0.058404, -0.002831, 0.445304, -0.014295, -0.895265, -1.2e-05, 0.0, 0.0, 0.0, 1.0]
            ]
        },
        {
            "name": "Leg_L",
            "time": [0.0, 0.1667, 0.3833, 0.5167],
            "transform": [
                [1.0, -1e-06, 0.0, 0.0, 0.0, 0.640164, 0.768238, 0.37472, -1e-06, -0.768238, 0.640164, -0.0, 0.0, 0.0, 0.0, 1.0],
                [1.0, -0.0, 1e-06, -0.0, 0.0, 0.976387, 0.216029, 0.37472, -1e-06, -0.216029, 0.976387, 0.0, 0.0, 0.0, 0.0, 1.0],
                [1.0, -1e-06, 0.0, -0.0, 0.0, 0.854399, 0.519617, 0.37472, -1e-06, -0.519617, 0.8544, -0.0, 0.0, 0.0, 0.0, 1.0],
                [1.0, -1e-06, 0.0, 0.0, 0.0, 0.803674, 0.59507, 0.37472, -1e-06, -0.59507, 0.803674, -0.0, 0.0, 0.0, 0.0, 1.0]
            ]
        },
        {
            "name": "Knee_L",
            "time": [0.0, 0.5167],
            "transform": [
                [1.0, 0.0, -0.0, 0.0, -0.0, 1e-06, -1.0, 0.37472, -0.0, 1.0, 1e-06, -0.0, 0.0, 0.0, 0.0, 1.0],
                [1.0, 0.0, -0.0, 0.0, -0.0, 1e-06, -1.0, 0.37472, -0.0, 1.0, 1e-06, -0.0, 0.0, 0.0, 0.0, 1.0]
            ]
        },
        {
            "name": "Torso",
            "time": [0.0, 0.3833, 0.5167],
            "transform": [
                [0.973101, 0.053989, -0.223963, 0.0, 0.024731, 0.942054, 0.334548, 0.05, 0.229048, -0.331088, 0.915379, -0.0, 0.0, 0.0, 0.0, 1.0],
                [0.996656, -0.053052, -0.062151, -0.0, 0.065093, 0.975235, 0.211376, 0.05, 0.049398, -0.214715, 0.975427, -0.0, 0.0, 0.0, 0.0, 1.0],
                [0.996656, -0.053052, -0.062151, -0.0, 0.065093, 0.975235, 0.211376, 0.05, 0.049398, -0.214715, 0.975427, -0.0, 0.0, 0.0, 0.0, 1.0]
            ]
        },
        {
            "name": "Chest",
            "time": [0.0, 0.1667, 0.2833, 0.3833, 0.5167],
            "transform": [
                [0.901082, -0.054263, -0.43024, -0.0, 0.164207, 0.960956, 0.222711, 0.3, 0.401357, -0.271329, 0.87481, 0.0, 0.0, 0.0, 0.0, 1.0],
                [0.8198, 0.033662, -0.57166, 0.0, 0.180225, 0.932376, 0.313358, 0.3, 0.543551, -0.359918, 0.758295, -0.0, 0.0, 0.0, 0.0, 1.0],
                [0.964457, 0.080801, 0.251582, -0.0, -0.077424, 0.996726, -0.023309, 0.3, -0.252642, 0.003002, 0.967555, 0.0, 0.0, 0.0, 0.0, 1.0],
                [0.597937, 0.102417, 0.794973, -0.0, -0.116481, 0.992377, -0.040239, 0.3, -0.793034, -0.068539, 0.605309, 0.0, 0.0, 0.0, 0.0, 1.0],
                [0.776164, 0.102417, 0.622158, 0.0, -0.122817, 0.992377, -0.010143, 0.3, -0.618454, -0.068539, 0.782826, 0.0, 0.0, 0.0, 0.0, 1.0]
            ]
        },
        {
            "name": "Head",
            "time": [0.0, 0.1667, 0.3167, 0.3833, 0.5167],
            "transform": [
                [0.780877, 0.260626, 0.567719, -0.0, 0.039692, 0.886272, -0.461461, 0.4, -0.623422, 0.382879, 0.681725, 0.0, 0.0, 0.0, 0.0, 1.0],
                [0.710253, 0.260626, 0.653923, 0.0, 0.092605, 0.886272, -0.453813, 0.4, -0.697829, 0.382879, 0.605342, 0.0, 0.0, 0.0, 0.0, 1.0],
                [0.423255, -0.091935, -0.901334, -0.0, -0.105928, 0.982994, -0.150007, 0.4, 0.899797, 0.158968, 0.406319, -0.0, 0.0, 0.0, 0.0, 1.0],
                [-0.085358, -0.329067, -0.940441, -0.0, -0.213582, 0.927987, -0.305324, 0.4, 0.973189, 0.174799, -0.149494, 0.0, 0.0, 0.0, 0.0, 1.0],
                [0.242478, -0.236271, -0.940947, 0.0, -0.185427, 0.940724, -0.283999, 0.4, 0.952272, 0.24334, 0.184293, -0.0, 0.0, 0.0, 0.0, 1.0]
            ]
        },
        {
            "name": "Shoulder_R",
            "time": [0.0, 0.1667, 0.2833, 0.3833, 0.5167],