{
    
    "animation": [
        {
            "name": "Root",
            "time": [0.0, 0.1, 0.25, 0.35],
            "transform": [
                [0.784282, 0.0, -0.620404, -5e-06, -0.620404, 0.0, -0.784282, 0.000946, 0.0, 1.0, 0.0, 0.63286, 0.0, 0.0, 0.0, 1.0],
                [0.701332, 0.0, -0.712835, -5e-06, -0.712835, 0.0, -0.701332, 0.000946, 0.0, 1.0, 0.0, 0.63286, 0.0, 0.0, 0.0, 1.0],
                [0.938585, 0.0, -0.345049, -5e-06, -0.345049, 0.0, -0.938585, 0.000946, 0.0, 1.0, 0.0, 0.63286, 0.0, 0.0, 0.0, 1.0],
                [0.938585, 0.0, -0.345049, -5e-06, -0.345049, 0.0, -0.938585, 0.000946, 0.0, 1.0, 0.0, 0.63286, 0.0, 0.0, 0.0, 1.0]
            ]
        },
        {
            "name": "Thigh_R",
            "time": [0.0, 0.0167, 0.1, 0.25, 0.35],
            "transform": [
                [0.866495, 0.223179, -0.446516, 0.124994, 0.046356, -0.926598, -0.37318, -0.002831, -0.497028, 0.30266, -0.813241, -1.2e-05, 0.0, 0.0, 0.0, 1.0],
                [0.866495, 0.144891, -0.477694, 0.124994, 0.046356, -0.976167, -0.212001, -0.002831, -0.497027, 0.161554, -0.852563, -1.2e-05, 0.0, 0.0, 0.0, 1.0],
                [0.773177, 0.101025, -0.626092, 0.124994, -0.036832, -0.978409, -0.203361, -0.002831, -0.633119, 0.180294, -0.752765, -1.2e-05, 0.0, 0.0, 0.0, 1.0],
                [0.976365, 0.011022, -0.215846, 0.124994, -0.040374, -0.971815, -0.232254, -0.002831, -0.212322, 0.23548, -0.948403, -1.2e-05, 0.0, 0.0, 0.0, 1.0],
                [0.976365, 0.011022, -0.215846, 0.124994, -0.040374, -0.971815, -0.232254, -0.002831, -0.212322, 0.23548, -0.948403, -1.2e-05, 0.0, 0.0, 0.0, 1.0]
            ]
        },
        {
            "name": "Leg_R",
            "time": [0.0, 0.0167, 0.35],
            "transform": [
                [1.0, -1e-06, 1e-06, -0.0, -0.0, 0.813131, 0.582081, 0.37472, -2e-06, -0.582082, 0.81313, 0.0, 0.0, 0.0, 0.0, 1.0],
                [1.0, -1e-06, 1e-06, 0.0, -0.0, 0.74319, 0.669081, 0.37472, -2e-06, -0.669082, 0.743189, -0.0, 0.0, 0.0, 0.0, 1.0],
                [1.0, -1e-06, 1e-06, -0.0, -0.0, 0.74319, 0.669081, 0.37472, -2e-06, -0.669082, 0.743189, 0.0, 0.0, 0.0, 0.0, 1.0]
            ]
        },
        {
            "name": "Knee_R",
            "time": [0.0, 0.35],
            "transform": [
                [1.0, 0.0, -0.0, -0.0, -0.0, 1e-06, -1.0, 0.37472, -0.0, 1.0, 1e-06, 0.0, 0.0, 0.0, 0.0, 1.0],
                [1.0, 0.0, -0.0, -0.0, -0.0, 1e-06, -1.0, 0.37472, -0.0, 1.0, 1e-06, 0.0, 0.0, 0.0, 0.0, 1.0]
            ]
        },
        {
            "name": "Thigh_L",
            "time": [0.0, 0.1, 0.25, 0.35],
            "transform": [
                [0.80669, -0.472343, -0.355166, -0.125006, -0.047095, -0.650454, 0.758084, -0.002831, -0.589095, -0.594812, -0.54696, -1.2e-05, 0.0, 0.0, 0.0, 1.0],
                [0.655507, -0.608055, -0.447861, -0.125006, -0.067684, -0.637962, 0.767087, -0.002831, -0.752149, -0.472518, -0.459345, -1.2e-05, 0.0, 0.0, 0.0, 1.0],
                [0.886354, -0.395192, -0.241245, -0.125006, -0.087033, -0.653961, 0.751505, -0.002831, -0.454754, -0.645104, -0.614036, -1.2e-05, 0.0, 0.0, 0.0, 1.0],
                [0.886354, -0.395192, -0.241245, -0.125006, -0.087033, -0.653961, 0.751505, -0.002831, -0.454754, -0.645104, -0.614036, -1.2e-05, 0.0, 0.0, 0.0, 1.0]
            ]
        },
        {
            "name": "Leg_L",
            "time": [0.0, 0.0167, 0.25, 0.35],
            "transform": [
                [1.0, -1e-06, 0.0, 0.0, 0.0, 0.784727, 0.619841, 0.37472, -1e-06, -0.619841, 0.784728, -0.0, 0.0, 0.0, 0.0, 1.0],
                [1.0, -1e-06, -0.0, -0.0, 1e-06, 0.517183, 0.855875, 0.37472, -1e-06, -0.855875, 0.517183, 0.0, 0.0, 0.0, 0.0, 1.0],
                [0.985586, 0.169179, -0.0, -0.0, -0.087496, 0.509727, 0.855875, 0.37472, 0.144796, -0.843538, 0.517183, -0.0, 0.0, 0.0, 0.0, 1.0],
                [0.985586, 0.169179, -0.0, -0.0, -0.087496, 0.509727, 0.855875, 0.37472, 0.144796, -0.843538, 0.517183, -0.0, 0.0, 0.0, 0.0, 1.0]
            ]
        },
        {
            "name": "Knee_L",
            "time": [0.0, 0.35],
            "transform": [
                [1.0, 0.0, -0.0, 0.0, -0.0, 1e-06, -1.0, 0.37472, -0.0, 1.0, 1e-06, -0.0, 0.0, 0.0, 0.0, 1.0],
                [1.0, 0.0, -0.0, -0.0, -0.0, 1e-06, -1.0, 0.37472, -0.0, 1.0, 1e-06, -0.0, 0.0, 0.0, 0.0, 1.0]
            ]
        },
        {
            "name": "Torso",
            "time": [0.0, 0.05, 0.1667, 0.35],
            "transform": [
                [0.967143, -0.206821, 0.147852, 0.0, 0.181094, 0.968604, 0.170329, 0.05, -0.178437, -0.137957, 0.974232, 0.0, 0.0, 0.0, 0.0, 1.0],
                [0.922099, -0.095925, 0.374876, 0.0, 0.145842, 0.983497, -0.107071, 0.05, -0.358418, 0.153403, 0.920871, 0.0, 0.0, 0.0, 0.0, 1.0],
                [0.759628, -0.093716, 0.64357, 0.0, 0.07011, 0.995597, 0.062224, 0.05, -0.646568, -0.002147, 0.762853, 0.0, 0.0, 0.0, 0.0, 1.0],
                [0.759628, -0.169428, 0.627901, 0.0, 0.07011, 0.981177, 0.179935, 0.05, -0.646568, -0.092662, 0.757208, -0.0, 0.0, 0.0, 0.0, 1.0]
            ]
        },
        {
            "name": "Chest",
            "time": [0.0, 0.0333, 0.1667, 0.35],
            "transform": [
                [0.783065, 0.036116, -0.62089, 0.0, 0.028724, 0.995147, 0.094114, 0.3, 0.621276, -0.091532, 0.778228, 0.0, 0.0, 0.0, 0.0, 1.0],
                [0.972131, 0.151013, -0.179321, 0.0, -0.013755, 0.800322, 0.599412, 0.3, 0.234033, -0.580241, 0.780096, 0.0, 0.0, 0.0, 0.0, 1.0],
                [0.520222, 0.036116, 0.853267, -0.0, -0.096925, 0.995147, 0.016972, 0.3, -0.848513, -0.091532, 0.521199, -0.0, 0.0, 0.0, 0.0, 1.0],
                [0.363012, 0.036116, 0.931085, -0.0, -0.098399, 0.995147, -0.000238, 0.3, -0.926574, -0.091532, 0.364804, 0.0, 0.0, 0.0, 0.0, 1.0]
            ]
        },
        {
            "name": "Head",
            "time": [0.0, 0.1667, 0.35],
            "transform": [
                [0.348983, 0.227745, 0.909034, -0.0, 0.033388, 0.966383, -0.254931, 0.4, -0.936534, 0.119317, 0.329647, 0.0, 0.0, 0.0, 0.0, 1.0],
                [0.531057, -0.143055, -0.835173, 0.0, -0.004617, 0.985142, -0.171678, 0.4, 0.847324, 0.095027, 0.522506, -0.0, 0.0, 0.0, 0.0, 1.0],
                [0.531057, -0.143055, -0.835173, 0.0, -0.004617, 0.985142, -0.171678, 0.4, 0.847324, 0.095027, 0.522506, 0.0, 0.0, 0.0, 0.0, 1.0]
            ]
        },
        {
            "name": "Shoulder_R",
            "time": [0.0, 0.1667, 0.35],
            "transform": [
                [-0.103152, 0.947893, 0.301428, -0.0, 0.05721, -0.296888, 0.953197, 0.4, 0.993019, 0.115569, -0.023605, 0.0, 0.0, 0.0, 0.0, 1.0],
                [0.218058, 0.92822, 0.301428, 0.0, -0.044814, -0.299011, 0.953197, 0.4, 0.974906, -0.221361, -0.023605, -0.0, 0.0, 0.0, 0.0, 1.0],
                [0.218058, 0.92822, 0.301428, 0.0, -0.044814, -0.299011, 0.953197, 0.4, 0.974906, -0.221361, -0.023605, 0.0, 0.0, 0.0, 0.0, 1.0]
            ]
        },
        {
            "name": "Arm_R",
            "time": [0.0, 0.0333, 0.1667, 0.35],
            "transform": [
                [0.013849, 0.020809, -0.999687, -0.0, 0.735857, 0.676702, 0.02428, 0.39386, 0.676995, -0.735963, -0.005941, 0.0, 0.0, 0.0, 0.0, 1.0],
                [0.007045, -0.318759, -0.94781, -0.0, 0.111457, 0.942177, -0.316036, 0.39386, 0.993744, -0.103414, 0.042165, -0.0, 0.0, 0.0, 0.0, 1.0],
                [0.219879, -0.920901, -0.321861, 0.0, -0.503924, 0.175285, -0.845775, 0.39386, 0.835293, 0.348161, -0.425522, -0.0, 0.0, 0.0, 0.0, 1.0],
                [0.219879, -0.920901, -0.321861, 0.0, -0.503924, 0.175285, -0.845775, 0.39386, 0.835293, 0.348161, -0.425522, -0.0, 0.0, 0.0, 0.0, 1.0]
            ]
        },
        {
            "name": "Hand_R",
            "time": [0.0, 0.05, 0.1667, 0.35],