{
    
    "animation": [
        {
            "name": "Root",
            "time": [0.0, 0.2833, 0.75, 0.8333, 0.9167],
            "transform": [
                [0.992112, 0.0, -0.125354, -5e-06, -0.125354, 0.0, -0.992112, 0.000946, 0.0, 1.0, 0.0, 0.686012, 0.0, 0.0, 0.0, 1.0],
                [0.992112, 0.0, -0.125354, -0.082081, -0.125354, 0.0, -0.992112, -0.940863, 0.0, 1.0, 0.0, 0.601992, 0.0, 0.0, 0.0, 1.0],
                [0.992112, 0.0, -0.125354, -0.082002, -0.125354, 0.0, -0.992112, 3.818109, 0.0, 1.0, 0.0, 0.619088, 0.0, 0.0, 0.0, 1.0],
                [0.992112, 0.0, -0.125354, -0.061364, -0.125354, 0.0, -0.992112, 3.981446, 0.0, 1.0, 0.0, 0.586203, 0.0, 0.0, 0.0, 1.0],
                [0.992112, 0.0, -0.125354, -0.061364, -0.125354, 0.0, -0.992112, 3.981446, 0.0, 1.0, 0.0, 0.586203, 0.0, 0.0, 0.0, 1.0]
            ]
        },
        {
            "name": "Thigh_R",
            "time": [0.0, 0.15, 0.2833, 0.4833, 0.8333, 0.9167],
            "transform": [
                [0.984758, 0.067468, -0.160307, 0.124994, 0.138249, -0.8629, 0.486094, -0.002831, -0.105533, -0.500846, -0.859078, -1.2e-05, 0.0, 0.0, 0.0, 1.0],
                [0.984758, 0.076687, -0.156106, 0.124994, 0.138249, -0.88974, 0.435025, -0.002831, -0.105533, -0.449975, -0.886784, -1.2e-05, 0.0, 0.0, 0.0, 1.0],
                [0.984758, 0.170095, -0.0363, 0.124994, 0.138249, -0.892159, -0.430041, -0.002831, -0.105533, 0.418468, -0.902079, -1.2e-05, 0.0, 0.0, 0.0, 1.0],
                [0.984758, 0.028016, -0.171654, 0.124994, 0.138249, -0.724936, 0.674798, -0.002831, -0.105533, -0.688243, -0.717763, -1.2e-05, 0.0, 0.0, 0.0, 1.0],
                [0.996484, -0.020668, -0.081183, 0.124994, 0.05937, -0.509453, 0.858447, -0.002831, -0.059101, -0.860248, -0.506437, -1.2e-05, 0.0, 0.0, 0.0, 1.0],
                [0.996484, -0.020668, -0.081183, 0.124994, 0.05937, -0.509453, 0.858447, -0.002831, -0.059101, -0.860248, -0.506437, -1.2e-05, 0.0, 0.0, 0.0, 1.0]
            ]
        },
        {
            "name": "Leg_R",
            "time": [0.0, 0.15, 0.2833, 0.4833, 0.8333, 0.9167],
            "transform": [
                [1.0, -0.0, 2e-06, 0.0, -0.0, 0.966099, 0.258173, 0.37472, -2e-06, -0.258173, 0.966098, 0.0, 0.0, 0.0, 0.0, 1.0],
                [1.0, -2e-06, 0.0, 0.0, -0.0, -0.182907, 0.983129, 0.37472, -2e-06, -0.983131, -0.182907, 0.0, 0.0, 0.0, 0.0, 1.0],
                [1.0, -1e-06, 2e-06, -0.0, -0.0, 0.793636, 0.608393, 0.37472, -2e-06, -0.608394, 0.793635, -0.0, 0.0, 0.0, 0.0, 1.0],
                [1.0, -2e-06, 0.0, -0.0, -1e-06, -0.292922, 0.956136, 0.37472, -2e-06, -0.956137, -0.292921, -0.0, 0.0, 0.0, 0.0, 1.0],
                [1.0, -1e-06, 1e-06, -0.0, -0.0, 0.485428, 0.874276, 0.37472, -2e-06, -0.874277, 0.485428, -0.0, 0.0, 0.0, 0.0, 1.0],
                [1.0, -1e-06, 1e-06, -0.0, -0.0, 0.485428, 0.874276, 0.37472, -2e-06, -0.874277, 0.485428, -0.0, 0.0, 0.0, 0.0, 1.0]
            ]
        },
        {
            "name": "Knee_R",
            "time": [0.0, 0.15, 0.8333, 0.9167],
            "transform": [
                [1.0, 0.0, -0.0, 0.0, -0.0, 1e-06, -1.0, 0.37472, -0.0, 1.0, 1e-06, 0.0, 0.0, 0.0, 0.0, 1.0],
                [1.0, 0.0, 0.0, 0.0, -0.0, 0.815819, -0.578307, 0.37472, -0.0, 0.578307, 0.815819, 0.0, 0.0, 0.0, 0.0, 1.0],
                [1.0, 0.0, -0.0, -0.0, -0.0, 0.399223, -0.916854, 0.37472, -0.0, 0.916854, 0.399223, -0.0, 0.0, 0.0, 0.0, 1.0],
                [1.0, 0.0, -0.0, -0.0, -0.0, 0.399223, -0.916854, 0.37472, -0.0, 0.916854, 0.399223, -0.0, 0.0, 0.0, 0.0, 1.0]
            ]
        },
        {
            "name": "Thigh_L",
            "time": [0.0, 0.2833, 0.4833, 0.8333, 0.9167],
            "transform": [
                [0.982487, 0.059113, -0.1767, -0.125006, 0.015975, -0.971571, -0.236206, -0.002831, -0.185639, 0.229248, -0.955501, -1.2e-05, 0.0, 0.0, 0.0, 1.0],
                [0.982487, -0.124804, -0.138352, -0.125006, 0.015975, -0.68337, 0.729896, -0.002831, -0.18564, -0.719325, -0.66941, -1.2e-05, 0.0, 0.0, 0.0, 1.0],
                [0.982487, 0.0854, -0.165602, -0.125006, 0.015975, -0.924113, -0.381786, -0.002831, -0.185639, 0.372455, -0.909293, -1.2e-05, 0.0, 0.0, 0.0, 1.0],
                [0.982487, 0.10097, -0.156596, -0.125006, 0.015975, -0.882993, -0.469113, -0.002831, -0.185639, 0.458397, -0.869143, -1.2e-05, 0.0, 0.0, 0.0, 1.0],
                [0.982487, 0.10097, -0.156596, -0.125006, 0.015975, -0.882993, -0.469113, -0.002831, -0.185639, 0.458397, -0.869143, -1.2e-05, 0.0, 0.0, 0.0, 1.0]
            ]
        },
        {
            "name": "Leg_L",
            "time": [0.0, 0.0667, 0.2833, 0.4833, 0.8333, 0.9167],
            "transform": [
                [1.0, -1e-06, 0.0, -0.0, 0.0, 0.873886, 0.48613, 0.37472, -1e-06, -0.486129, 0.873887, -0.0, 0.0, 0.0, 0.0, 1.0],
                [1.0, -1e-06, 0.0, 0.0, 0.0, 0.722705, 0.691156, 0.37472, -1e-06, -0.691156, 0.722706, 0.0, 0.0, 0.0, 0.0, 1.0],
                [1.0, -0.0, 1e-06, 0.0, 0.0, 0.941372, 0.337369, 0.37472, -1e-06, -0.337369, 0.941373, 0.0, 0.0, 0.0, 0.0, 1.0],
                [1.0, -0.0, 1e-06, -0.0, 0.0, 0.969924, 0.243406, 0.37472, -1e-06, -0.243406, 0.969925, -0.0, 0.0, 0.0, 0.0, 1.0],
                [0.996811, -0.079802, 0.0, 0.0, 0.063894, 0.798113, 0.599111, 0.37472, -0.04781, -0.5972, 0.800667, 0.0, 0.0, 0.0, 0.0, 1.0],
                [0.996811, -0.079802, 0.0, 0.0, 0.063894, 0.798113, 0.599111, 0.37472, -0.04781, -0.5972, 0.800667, 0.0, 0.0, 0.0, 0.0, 1.0]
            ]
        },
        {
            "name": "Knee_L",
            "time": [0.0, 0.9167],
            "transform": [
                [1.0, 0.0, -0.0, -0.0, -0.0, 1e-06, -1.0, 0.37472, -0.0, 1.0, 1e-06, -0.0, 0.0, 0.0, 0.0, 1.0],
                [1.0, 0.0, -0.0, 0.0, -0.0, 1e-06, -1.0, 0.37472, -0.0, 1.0, 1e-06, 0.0, 0.0, 0.0, 0.0, 1.0]
            ]
        },
        {
            "name": "Torso",
            "time": [0.0, 0.2833, 0.4833, 0.8333, 0.9167],
            "transform": [
                [0.99978, -0.020971, -0.000197, 0.0, 0.020971, 0.999603, 0.018833, 0.05, -0.000198, -0.018833, 0.999823, 0.0, 0.0, 0.0, 0.0, 1.0],
                [0.72599, -0.020971, -0.687385, 0.0, 0.028177, 0.999603, -0.000737, 0.05, 0.687127, -0.018833, 0.726293, 0.0, 0.0, 0.0, 0.0, 1.0],
                [0.974209, -0.102258, 0.201149, 0.0, 0.016198, 0.920814, 0.389665, 0.05, -0.225067, -0.376357, 0.898722, 0.0, 0.0, 0.0, 0.0, 1.0],
                [0.974209, -0.122017, 0.189814, -0.0, 0.016198, 0.876837, 0.480514, 0.05, -0.225067, -0.465047, 0.856199, 0.0, 0.0, 0.0, 0.0, 1.0],
                [0.974209, -0.122017, 0.189814, -0.0, 0.016198, 0.876837, 0.480514, 0.05, -0.225067, -0.465047, 0.856199, 0.0, 0.0, 0.0, 0.0, 1.0]
            ]
        },
        {
            "name": "Chest",
            "time": [0.0, 0.2833, 0.4833, 0.9167],
            "transform": [
                [0.999771, -0.021411, -0.000206, 0.0, 0.021411, 0.999586, 0.019228, 0.3, -0.000206, -0.019228, 0.999815, 0.0, 0.0, 0.0, 0.0, 1.0],
                [0.722588, -0.021411, -0.690947, -0.0, 0.028764, 0.999586, -0.000895, 0.3, 0.69068, -0.019228, 0.722905, 0.0, 0.0, 0.0, 0.0, 1.0],
                [0.791752, -0.011188, 0.61074, 0.0, 0.126632, 0.981118, -0.146191, 0.3, -0.597572, 0.193087, 0.778219, -0.0, 0.0, 0.0, 0.0, 1.0],
                [0.998217, -0.037697, 0.046268, -0.0, 0.022279, 0.954587, 0.297099, 0.3, -0.055366, -0.295539, 0.953725, -0.0, 0.0, 0.0, 0.0, 1.0]
            ]
        },
        {
            "name": "Head",
            "time": [0.0, 0.2833, 0.4833, 0.9167],