{
    
    "animation": [
        {
            "name": "Root",
            "time": [0.0, 0.5167, 0.55, 0.5667, 0.6333, 0.7167, 0.8167, 0.9167, 1.45],
            "transform": [
                [0.999612, 0.0, -0.027852, -0.055979, -0.027852, 0.0, -0.999612, 0.087795, 0.0, 1.0, 0.0, 0.641479, 0.0, 0.0, 0.0, 1.0],
                [-0.720427, 0.131717, -0.680908, -0.000313, -0.692922, -0.177817, 0.698741, 0.47313, -0.029041, 0.975209, 0.219374, 0.711987, 0.0, 0.0, 0.0, 1.0],
                [-0.827321, 0.119554, -0.54886, 0.004103, -0.561633, -0.194226, 0.804267, 0.509478, -0.01045, 0.973644, 0.227833, 0.714239, 0.0, 0.0, 0.0, 1.0],
                [-0.874722, 0.111936, -0.471521, 0.005739, -0.484625, -0.202039, 0.851069, 0.526106, 0.0, 0.97296, 0.230975, 0.714316, 0.0, 0.0, 0.0, 1.0],
                [-0.987688, 0.047717, 0.148979, 0.010956, 0.128953, -0.29079, 0.948057, 0.609482, 0.08856, 0.955596, 0.281057, 0.68778, 0.0, 0.0, 0.0, 1.0],
                [0.53499, -0.263107, 0.802845, 0.016216, 0.781643, -0.206523, -0.588543, 0.702127, 0.320656, 0.942403, 0.095168, 0.646931, 0.0, 0.0, 0.0, 1.0],
                [0.791293, -0.134681, -0.59642, 0.021143, -0.59842, 0.029625, -0.800635, 0.789371, 0.125499, 0.990446, -0.057154, 0.608423, 0.0, 0.0, 0.0, 1.0],
                [0.600045, -0.081584, -0.795795, 0.023199, -0.796141, 0.03627, -0.604023, 0.825937, 0.078142, 0.996006, -0.043189, 0.592272, 0.0, 0.0, 0.0, 1.0],
                [0.600045, -0.081584, -0.795795, 0.023199, -0.796141, 0.03627, -0.604023, 0.825937, 0.078142, 0.996006, -0.043189, 0.592272, 0.0, 0.0, 0.0, 1.0]
            ]
        },
        {
            "name": "Thigh_R",
            "time": [0.0, 0.3667, 0.5667, 0.7333, 0.8333, 0.9167, 1.45],
            "transform": [
                [0.980898, -0.01358, 0.194043, 0.124994, 0.052888, -0.94136, -0.333228, -0.002831, 0.18719, 0.337125, -0.922663, -1.2e-05, 0.0, 0.0, 0.0, 1.0],
                [0.980882, 0.061904, 0.184492, 0.124994, 0.044694, -0.994373, 0.096027, -0.002831, 0.189398, -0.085945, -0.978132, -1.2e-05, 0.0, 0.0, 0.0, 1.0],
                [0.980899, 0.034713, 0.191396, 0.124994, 0.052888, -0.994473, -0.09068, -0.002831, 0.18719, 0.09907, -0.977316, -1.2e-05, 0.0, 0.0, 0.0, 1.0],
                [0.882619, 0.430193, 0.189518, 0.124994, 0.445182, -0.894403, -0.043051, -0.002831, 0.150985, 0.122368, -0.980933, -1.2e-05, 0.0, 0.0, 0.0, 1.0],
                [0.955045, 0.286638, 0.075678, 0.124994, 0.253072, -0.921216, 0.295485, -0.002831, 0.154413, -0.263049, -0.952346, -1.2e-05, 0.0, 0.0, 0.0, 1.0],
                [0.980898, -0.026204, 0.192745, 0.124994, 0.052888, -0.917627, -0.393903, -0.002831, 0.18719, 0.396572, -0.898716, -1.2e-05, 0.0, 0.0, 0.0, 1.0],
                [0.998789, -0.047622, -0.012317, 0.124994, -0.047475, -0.86775, -0.494726, -0.002831, 0.012871, 0.494711, -0.868962, -1.2e-05, 0.0, 0.0, 0.0, 1.0]
            ]
        },
        {
            "name": "Leg_R",
            "time": [0.0, 0.3667, 0.5667, 0.65, 0.7333, 0.8333, 0.9167, 1.45],
            "transform": [
                [1.0, -0.0, 2e-06, 0.0, -0.0, 0.929444, 0.368965, 0.37472, -2e-06, -0.368965, 0.929443, -0.0, 0.0, 0.0, 0.0, 1.0],
                [1.0, -1e-06, 2e-06, 0.0, -0.0, 0.739396, 0.673271, 0.37472, -2e-06, -0.673272, 0.739395, 0.0, 0.0, 0.0, 0.0, 1.0],
                [1.0, 0.0, 2e-06, 0.0, -0.0, 0.973731, 0.227703, 0.37472, -2e-06, -0.227703, 0.97373, -0.0, 0.0, 0.0, 0.0, 1.0],
                [1.0, -0.0, 2e-06, 0.0, -0.0, 0.974815, 0.223017, 0.37472, -2e-06, -0.223017, 0.974814, 0.0, 0.0, 0.0, 0.0, 1.0],
                [1.0, -2e-06, 1e-06, 0.0, -0.0, 0.233462, 0.972365, 0.37472, -2e-06, -0.972367, 0.233461, -0.0, 0.0, 0.0, 0.0, 1.0],
                [1.0, -2e-06, 1e-06, -0.0, -0.0, 0.112775, 0.99362, 0.37472, -2e-06, -0.993621, 0.112775, 0.0, 0.0, 0.0, 0.0, 1.0],
                [1.0, -0.0, 2e-06, 0.0, -0.0, 0.923019, 0.384757, 0.37472, -2e-06, -0.384757, 0.923017, 0.0, 0.0, 0.0, 0.0, 1.0],
                [1.0, -0.0, 2e-06, -0.0, -0.0, 0.923019, 0.384757, 0.37472, -2e-06, -0.384757, 0.923017, 0.0, 0.0, 0.0, 0.0, 1.0]
            ]
        },
        {
            "name": "Knee_R",
            "time": [0.0, 0.8333, 1.45],
            "transform": [
                [1.0, 0.0, -0.0, 0.0, -0.0, 1e-06, -1.0, 0.37472, -0.0, 1.0, 1e-06, -0.0, 0.0, 0.0, 0.0, 1.0],
                [1.0, 0.0, -0.0, -0.0, -0.0, 0.48217, -0.876078, 0.37472, -0.0, 0.876078, 0.48217, 0.0, 0.0, 0.0, 0.0, 1.0],
                [1.0, 0.0, -0.0, -0.0, -0.0, 0.48217, -0.876078, 0.37472, -0.0, 0.876078, 0.48217, 0.0, 0.0, 0.0, 0.0, 1.0]
            ]
        },
        {
            "name": "Thigh_L",
            "time": [0.0, 0.5667, 0.6833, 0.7333, 0.9167, 1.45],
            "transform": [
                [0.999308, -0.004493, -0.036899, -0.125006, 0.017771, -0.81413, 0.58041, -0.002831, -0.032648, -0.580664, -0.813488, -1.2e-05, 0.0, 0.0, 0.0, 1.0],
                [0.829815, -0.261344, 0.493057, -0.125006, -0.517113, -0.692247, 0.503376, -0.002831, 0.209763, -0.672676, -0.709582, -1.2e-05, 0.0, 0.0, 0.0, 1.0],
                [0.976626, 0.069284, 0.203472, -0.125006, -0.063898, -0.810246, 0.582596, -0.002831, 0.205227, -0.58198, -0.78688, -1.2e-05, 0.0, 0.0, 0.0, 1.0],
                [0.97076, -0.16209, -0.177064, -0.125006, 0.006466, -0.719686, 0.694269, -0.002831, -0.239964, -0.675114, -0.697595, -1.2e-05, 0.0, 0.0, 0.0, 1.0],
                [0.970993, -0.236972, -0.031859, -0.125006, -0.087436, -0.475925, 0.875128, -0.002831, -0.222543, -0.846959, -0.482841, -1.2e-05, 0.0, 0.0, 0.0, 1.0],
                [0.970993, -0.234123, -0.04855, -0.125006, -0.087436, -0.536669, 0.83925, -0.002831, -0.222543, -0.810662, -0.541574, -1.2e-05, 0.0, 0.0, 0.0, 1.0]
            ]
        },
        {
            "name": "Leg_L",
            "time": [0.0, 0.4167, 0.6833, 0.9167, 1.45],
            "transform": [
                [1.0, -1e-06, 0.0, 0.0, 0.0, 0.657988, 0.753029, 0.37472, -1e-06, -0.753028, 0.657988, 0.0, 0.0, 0.0, 0.0, 1.0],
                [1.0, -1e-06, -0.0, 0.0, 0.0, 0.116154, 0.993231, 0.37472, -1e-06, -0.993231, 0.116154, 0.0, 0.0, 0.0, 0.0, 1.0],
                [1.0, -0.0, 0.0, 0.0, 0.0, 0.868217, 0.496184, 0.37472, -0.0, -0.496183, 0.868218, 0.0, 0.0, 0.0, 0.0, 1.0],
                [1.0, -1e-06, 0.0, 0.0, 0.0, 0.610915, 0.791696, 0.37472, -1e-06, -0.791696, 0.610915, 0.0, 0.0, 0.0, 0.0, 1.0],
                [1.0, -1e-06, 0.0, 0.0, 0.0, 0.610915, 0.791696, 0.37472, -1e-06, -0.791696, 0.610915, 0.0, 0.0, 0.0, 0.0, 1.0]
            ]
        },
        {
            "name": "Knee_L",
            "time": [0.0, 1.45],
            "transform": [
                [1.0, 0.0, -0.0, 0.0, -0.0, 0.457279, -0.889323, 0.37472, -0.0, 0.889323, 0.457279, 0.0, 0.0, 0.0, 0.0, 1.0],
                [1.0, 0.0, -0.0, 0.0, -0.0, 0.457279, -0.889323, 0.37472, -0.0, 0.889323, 0.457279, 0.0, 0.0, 0.0, 0.0, 1.0]
            ]
        },
        {
            "name": "Torso",
            "time": [0.0, 1.45],
            "transform": [
                [0.966673, 0.016193, -0.255503, -0.0, 0.053602, 0.963078, 0.263834, 0.05, 0.250341, -0.268737, 0.930113, 0.0, 0.0, 0.0, 0.0, 1.0],
                [0.957016, 0.098578, -0.27277, 0.0, -0.057274, 0.986181, 0.155455, 0.05, 0.284325, -0.13315, 0.949437, -0.0, 0.0, 0.0, 0.0, 1.0]
            ]
        },
        {
            "name": "Chest",
            "time": [0.0, 0.5667, 0.7, 0.9167, 1.45],