{
    
    "animation": [
        {
            "name": "Root",
            "time": [0.0, 0.25, 0.4667, 0.6, 0.7, 1.5167],
            "transform": [
                [0.854689, 0.0, -0.51914, -5e-06, -0.51914, 0.0, -0.854689, 0.000946, 0.0, 1.0, 0.0, 0.711982, 0.0, 0.0, 0.0, 1.0],
                [0.533416, 0.0, -0.845853, -5e-06, -0.845853, 0.0, -0.533416, 0.000946, 0.0, 1.0, 0.0, 0.67498, 0.0, 0.0, 0.0, 1.0],
                [0.539462, 0.0, -0.84201, -5e-06, -0.84201, 0.0, -0.539462, 0.000946, 0.0, 1.0, 0.0, 0.67498, 0.0, 0.0, 0.0, 1.0],
                [0.999739, 0.001734, -0.022765, 0.003663, -0.022831, 0.075944, -0.996851, 0.452651, -0.0, 0.997111, 0.075964, 0.746713, 0.0, 0.0, 0.0, 1.0],
                [0.681494, 0.0, 0.731824, 0.005747, 0.731824, 0.0, -0.681494, 0.754635, 0.0, 1.0, 0.0, 0.67498, 0.0, 0.0, 0.0, 1.0],
                [0.724843, 0.0, 0.688914, -0.016902, 0.688914, 0.0, -0.724843, 0.827604, 0.0, 1.0, 0.0, 0.616935, 0.0, 0.0, 0.0, 1.0]
            ]
        },
        {
            "name": "Thigh_R",
            "time": [0.0, 0.25, 0.4667, 0.55, 0.7, 1.5167],
            "transform": [
                [0.983617, 0.076972, -0.163012, 0.124994, 0.04814, -0.983574, -0.173954, -0.002831, -0.173725, 0.163256, -0.971168, -1.2e-05, 0.0, 0.0, 0.0, 1.0],
                [0.98339, 0.11013, -0.144274, 0.124994, 0.055678, -0.939595, -0.337724, -0.002831, -0.172753, 0.324081, -0.930122, -1.2e-05, 0.0, 0.0, 0.0, 1.0],
                [0.98339, 0.11013, -0.144274, 0.124994, 0.055678, -0.939595, -0.337724, -0.002831, -0.172753, 0.324081, -0.930123, -1.2e-05, 0.0, 0.0, 0.0, 1.0],
                [0.992657, 0.06777, -0.100191, 0.124994, 0.091308, -0.963094, 0.253195, -0.002831, -0.079335, -0.260484, -0.962213, -1.2e-05, 0.0, 0.0, 0.0, 1.0],
                [0.980899, 0.165125, 0.102814, 0.124994, 0.052887, -0.735041, 0.675955, -0.002831, 0.18719, -0.657605, -0.729736, -1.2e-05, 0.0, 0.0, 0.0, 1.0],
                [0.980898, 0.181003, 0.071239, 0.124994, 0.052887, -0.600604, 0.797795, -0.002831, 0.18719, -0.778786, -0.598706, -1.2e-05, 0.0, 0.0, 0.0, 1.0]
            ]
        },
        {
            "name": "Leg_R",
            "time": [0.0, 0.4667, 0.55, 0.7, 1.5167],
            "transform": [
                [1.0, -0.0, 2e-06, -0.0, -0.0, 0.950019, 0.312193, 0.37472, -2e-06, -0.312194, 0.950018, 0.0, 0.0, 0.0, 0.0, 1.0],
                [1.0, -0.0, 2e-06, 0.0, -0.0, 0.950019, 0.312193, 0.37472, -2e-06, -0.312194, 0.950018, 0.0, 0.0, 0.0, 0.0, 1.0],
                [1.0, -2e-06, 1e-06, -0.0, -0.0, 0.435548, 0.900165, 0.37472, -2e-06, -0.900166, 0.435547, 0.0, 0.0, 0.0, 0.0, 1.0],
                [1.0, -1e-06, 2e-06, -0.0, -0.0, 0.850737, 0.525592, 0.37472, -2e-06, -0.525593, 0.850736, -0.0, 0.0, 0.0, 0.0, 1.0],
                [1.0, -1e-06, 1e-06, 0.0, -0.0, 0.652302, 0.757959, 0.37472, -2e-06, -0.75796, 0.652301, 0.0, 0.0, 0.0, 0.0, 1.0]
            ]
        },
        {
            "name": "Knee_R",
            "time": [0.0, 0.4667, 1.5167],
            "transform": [
                [1.0, 0.0, -0.0, -0.0, -0.0, 1e-06, -1.0, 0.37472, -0.0, 1.0, 1e-06, 0.0, 0.0, 0.0, 0.0, 1.0],
                [1.0, 0.0, -0.0, 0.0, -0.0, 1e-06, -1.0, 0.37472, -0.0, 1.0, 1e-06, 0.0, 0.0, 0.0, 0.0, 1.0],
                [1.0, 0.0, -0.0, 0.0, -0.0, 1e-06, -1.0, 0.37472, -0.0, 1.0, 1e-06, 0.0, 0.0, 0.0, 0.0, 1.0]
            ]
        },
        {
            "name": "Thigh_L",
            "time": [0.0, 0.25, 0.4667, 0.7, 1.5167],
            "transform": [
                [0.866588, -0.299712, -0.398994, -0.125006, -0.027838, -0.827342, 0.561008, -0.002831, -0.498245, -0.475056, -0.725309, -1.2e-05, 0.0, 0.0, 0.0, 1.0],
                [0.866588, -0.36208, -0.343397, -0.125006, -0.027838, -0.722146, 0.69118, -0.002831, -0.498245, -0.589409, -0.635884, -1.2e-05, 0.0, 0.0, 0.0, 1.0],
                [0.866588, -0.36208, -0.343397, -0.125006, -0.027838, -0.722146, 0.69118, -0.002831, -0.498245, -0.589409, -0.635884, -1.2e-05, 0.0, 0.0, 0.0, 1.0],
                [0.945408, -0.115351, 0.304788, -0.125006, -0.0481, -0.974409, -0.219575, -0.002831, 0.322317, 0.192929, -0.926763, -1.2e-05, 0.0, 0.0, 0.0, 1.0],
                [0.945408, -0.16847, 0.278962, -0.125006, -0.0481, -0.918771, -0.391848, -0.002831, 0.322317, 0.357039, -0.876718, -1.2e-05, 0.0, 0.0, 0.0, 1.0]
            ]
        },
        {
            "name": "Leg_L",
            "time": [0.0, 0.25, 0.4667, 0.55, 0.7, 1.5167],
            "transform": [
                [1.0, -1e-06, 0.0, -0.0, 0.0, 0.828682, 0.559719, 0.37472, -1e-06, -0.559718, 0.828683, 0.0, 0.0, 0.0, 0.0, 1.0],
                [1.0, -1e-06, 0.0, -0.0, 0.0, 0.735388, 0.677646, 0.37472, -1e-06, -0.677646, 0.735389, 0.0, 0.0, 0.0, 0.0, 1.0],
                [1.0, -1e-06, 0.0, 0.0, 0.0, 0.735388, 0.677646, 0.37472, -1e-06, -0.677646, 0.735389, 0.0, 0.0, 0.0, 0.0, 1.0],
                [1.0, -0.0, 0.0, 0.0, 0.0, 0.955431, 0.295213, 0.37472, -1e-06, -0.295212, 0.955432, 0.0, 0.0, 0.0, 0.0, 1.0],
                [1.0, -1e-06, 0.0, 0.0, 0.0, 0.797423, 0.603421, 0.37472, -1e-06, -0.60342, 0.797423, -0.0, 0.0, 0.0, 0.0, 1.0],
                [1.0, -1e-06, 0.0, -0.0, 0.0, 0.797423, 0.603421, 0.37472, -1e-06, -0.60342, 0.797424, 0.0, 0.0, 0.0, 0.0, 1.0]
            ]
        },
        {
            "name": "Knee_L",
            "time": [0.0, 0.4667, 1.5167],
            "transform": [
                [1.0, 0.0, -0.0, -0.0, -0.0, 1e-06, -1.0, 0.37472, -0.0, 1.0, 1e-06, 0.0, 0.0, 0.0, 0.0, 1.0],
                [1.0, 0.0, -0.0, 0.0, -0.0, 1e-06, -1.0, 0.37472, -0.0, 1.0, 1e-06, 0.0, 0.0, 0.0, 0.0, 1.0],
                [1.0, 0.0, -0.0, -0.0, -0.0, 1e-06, -1.0, 0.37472, -0.0, 1.0, 1e-06, 0.0, 0.0, 0.0, 0.0, 1.0]
            ]
        },
        {
            "name": "Torso",
            "time": [0.0, 0.25, 0.4667, 0.7, 1.5167],
            "transform": [
                [0.972319, -0.087417, -0.21669, -0.0, 0.134581, 0.967623, 0.213525, 0.05, 0.191008, -0.236777, 0.952603, 0.0, 0.0, 0.0, 0.0, 1.0],
                [0.905996, -0.087417, -0.414161, -0.0, 0.176044, 0.967623, 0.180869, 0.05, 0.384941, -0.236777, 0.892052, 0.0, 0.0, 0.0, 0.0, 1.0],
                [0.905996, -0.087417, -0.414161, 0.0, 0.176044, 0.967623, 0.180869, 0.05, 0.384941, -0.236777, 0.892052, 0.0, 0.0, 0.0, 0.0, 1.0],
                [0.924505, -0.087417, 0.37101, -0.0, -0.00972, 0.967623, 0.252211, 0.05, -0.381046, -0.236777, 0.893723, 0.0, 0.0, 0.0, 0.0, 1.0],
                [0.924505, -0.087417, 0.37101, -0.0, -0.00972, 0.967623, 0.252211, 0.05, -0.381046, -0.236777, 0.893723, 0.0, 0.0, 0.0, 0.0, 1.0]
            ]
        },
        {
            "name": "Chest",
            "time": [0.0, 0.25, 0.4667, 0.7, 0.7833, 1.5167],
            "transform": [
                [0.966877, -0.021411, 0.254343, -0.0, 0.01581, 0.999586, 0.024046, 0.3, -0.254753, -0.019228, 0.966815, -0.0, 0.0, 0.0, 0.0, 1.0],
                [0.959292, 0.003852, -0.282392, -0.0, 0.048387, 0.98288, 0.177779, 0.3, 0.278242, -0.184206, 0.942682, -0.0, 0.0, 0.0, 0.0, 1.0],
                [0.959292, 0.056056, -0.276799, -0.0, 0.048387, 0.932989, 0.356638, 0.3, 0.278242, -0.355513, 0.892296, 0.0, 0.0, 0.0, 0.0, 1.0],
                [0.889876, -0.118985, 0.440412, -0.0, 0.019776, 0.974542, 0.22333, 0.3, -0.455773, -0.190027, 0.869575, 0.0, 0.0, 0.0, 0.0, 1.0],
                [0.379677, -0.118985, 0.917436, -0.0, -0.132183, 0.974542, 0.181095, 0.3, -0.915627, -0.190027, 0.354284, -0.0, 0.0, 0.0, 0.0, 1.0],
                [0.393854, -0.056495, 0.917435, -0.0, -0.286906, 0.940686, 0.181095, 0.3, -0.873249, -0.334543, 0.354284, 0.0, 0.0, 0.0, 0.0, 1.0]
            ]
        },
        {
            "name": "Head",
            "time": [0.0, 0.4667, 0.7833, 1.5167],