{
    
    "animation": [
        {
            "name": "Root",
            "time": [0.0, 0.15, 0.2667, 0.4167, 0.5333],
            "transform": [
                [0.999998, 0.0, -0.002114, -5e-06, -0.002114, 0.0, -0.999998, 0.000946, 0.0, 1.0, 0.0, 0.781596, 0.0, 0.0, 0.0, 1.0],
                [0.993534, 0.0, 0.113537, -5e-06, 0.113537, 0.0, -0.993534, 0.000946, 0.0, 1.0, 0.0, 0.680165, 0.0, 0.0, 0.0, 1.0],
                [0.999998, 0.0, -0.002114, -5e-06, -0.002114, 0.0, -0.999998, 0.000946, 0.0, 1.0, 0.0, 0.770315, 0.0, 0.0, 0.0, 1.0],
                [0.990347, 0.0, -0.138607, -5e-06, -0.138607, 0.0, -0.990347, 0.000946, 0.0, 1.0, 0.0, 0.70428, 0.0, 0.0, 0.0, 1.0],
                [0.999998, 0.0, -0.002114, -5e-06, -0.002114, 0.0, -0.999998, 0.000946, 0.0, 1.0, 0.0, 0.781596, 0.0, 0.0, 0.0, 1.0]
            ]
        },
        {
            "name": "Thigh_R",
            "time": [0.0, 0.15, 0.2667, 0.4167, 0.5333],
            "transform": [
                [0.996813, 0.030601, -0.073662, 0.124994, 0.067919, -0.809879, 0.58265, -0.002831, -0.041828, -0.585794, -0.809379, -1.2e-05, 0.0, 0.0, 0.0, 1.0],
                [0.996813, -0.008079, -0.079355, 0.124994, 0.067919, -0.435725, 0.897514, -0.002831, -0.041828, -0.900042, -0.433789, -1.2e-05, 0.0, 0.0, 0.0, 1.0],
                [0.996813, 0.063575, -0.048174, 0.124994, 0.067919, -0.993187, 0.094669, -0.002831, -0.041828, -0.097638, -0.994343, -1.2e-05, 0.0, 0.0, 0.0, 1.0],
                [0.996813, 0.07483, 0.027621, 0.124994, 0.067919, -0.61468, -0.785846, -0.002831, -0.041827, 0.785217, -0.617805, -1.2e-05, 0.0, 0.0, 0.0, 1.0],
                [0.996813, 0.030601, -0.073662, 0.124994, 0.067919, -0.809879, 0.58265, -0.002831, -0.041828, -0.585794, -0.809379, -1.2e-05, 0.0, 0.0, 0.0, 1.0]
            ]
        },
        {
            "name": "Leg_R",
            "time": [0.0, 0.15, 0.2667, 0.4167, 0.5333],
            "transform": [
                [1.0, -2e-06, -0.0, -0.0, -0.0, -0.25484, 0.966983, 0.37472, -2e-06, -0.966984, -0.25484, -0.0, 0.0, 0.0, 0.0, 1.0],
                [1.0, -1e-06, 2e-06, -0.0, -0.0, 0.941723, 0.33639, 0.37472, -2e-06, -0.33639, 0.941722, 0.0, 0.0, 0.0, 0.0, 1.0],
                [1.0, -0.0, 2e-06, -0.0, -0.0, 0.996621, 0.082147, 0.37472, -2e-06, -0.082147, 0.996619, 0.0, 0.0, 0.0, 0.0, 1.0],
                [1.0, -1e-06, 2e-06, 0.0, -0.0, 0.925914, 0.377735, 0.37472, -2e-06, -0.377735, 0.925913, 0.0, 0.0, 0.0, 0.0, 1.0],
                [1.0, -2e-06, -0.0, -0.0, -0.0, -0.25484, 0.966983, 0.37472, -2e-06, -0.966984, -0.25484, -0.0, 0.0, 0.0, 0.0, 1.0]
            ]
        },
        {
            "name": "Knee_R",
            "time": [0.0, 0.2667, 0.5333],
            "transform": [
                [1.0, 0.0, -0.0, -0.0, -0.0, 0.726535, -0.687129, 0.37472, -0.0, 0.687129, 0.726535, -0.0, 0.0, 0.0, 0.0, 1.0],
                [1.0, 0.0, -0.0, -0.0, -0.0, -0.034948, -0.999389, 0.37472, -0.0, 0.999389, -0.034948, 0.0, 0.0, 0.0, 0.0, 1.0],
                [1.0, 0.0, -0.0, -0.0, -0.0, 0.726535, -0.687129, 0.37472, -0.0, 0.687129, 0.726535, -0.0, 0.0, 0.0, 0.0, 1.0]
            ]
        },
        {
            "name": "Thigh_L",
            "time": [0.0, 0.15, 0.2667, 0.4167, 0.5333],
            "transform": [
                [0.998005, -0.047694, -0.041364, -0.125006, -0.041082, -0.988115, 0.148126, -0.002831, -0.047937, -0.146131, -0.988103, -1.2e-05, 0.0, 0.0, 0.0, 1.0],
                [0.998005, -0.000741, -0.063128, -0.125006, -0.041082, -0.766884, -0.640469, -0.002831, -0.047937, 0.641785, -0.765384, -1.2e-05, 0.0, 0.0, 0.0, 1.0],
                [0.998005, -0.056939, -0.027271, -0.125006, -0.041082, -0.913705, 0.404296, -0.002831, -0.047937, -0.402369, -0.914221, -1.2e-05, 0.0, 0.0, 0.0, 1.0],
                [0.998004, -0.059421, 0.021328, -0.125006, -0.041082, -0.354727, 0.934066, -0.002831, -0.047938, -0.93308, -0.356461, -1.2e-05, 0.0, 0.0, 0.0, 1.0],
                [0.998005, -0.047694, -0.041364, -0.125006, -0.041082, -0.988115, 0.148126, -0.002831, -0.047937, -0.146131, -0.988103, -1.2e-05, 0.0, 0.0, 0.0, 1.0]
            ]
        },
        {
            "name": "Leg_L",
            "time": [0.0, 0.15, 0.2667, 0.4167, 0.5333],
            "transform": [
                [1.0, -0.0, 0.0, 0.0, 0.0, 0.991098, 0.133131, 0.37472, -0.0, -0.133131, 0.991099, -0.0, 0.0, 0.0, 0.0, 1.0],
                [1.0, -1e-06, 0.0, -0.0, 0.0, 0.942886, 0.333114, 0.37472, -1e-06, -0.333113, 0.942887, 0.0, 0.0, 0.0, 0.0, 1.0],
                [1.0, 5.2e-05, -0.000613, 0.0, 0.000608, -0.237476, 0.971394, 0.37472, -9.6e-05, -0.971393, -0.237476, 0.0, 0.0, 0.0, 0.0, 1.0],
                [1.0, -0.000606, -0.00011, 0.0, 0.000608, 0.944193, 0.329392, 0.37472, -9.5e-05, -0.329392, 0.944194, 0.0, 0.0, 0.0, 0.0, 1.0],
                [1.0, -0.0, 0.0, 0.0, 0.0, 0.991098, 0.133131, 0.37472, -0.0, -0.133131, 0.991099, -0.0, 0.0, 0.0, 0.0, 1.0]
            ]
        },
        {
            "name": "Knee_L",
            "time": [0.0, 0.2667, 0.4167, 0.5333],
            "transform": [
                [1.0, 0.0, -0.0, 0.0, -0.0, 1e-06, -1.0, 0.37472, -0.0, 1.0, 1e-06, -0.0, 0.0, 0.0, 0.0, 1.0],
                [1.0, 0.0, -0.0, 0.0, -0.0, 0.608222, -0.793767, 0.37472, -0.0, 0.793767, 0.608222, 0.0, 0.0, 0.0, 0.0, 1.0],
                [1.0, 0.0, -0.0, 0.0, -0.0, 0.153036, -0.988221, 0.37472, -0.0, 0.988221, 0.153036, 0.0, 0.0, 0.0, 0.0, 1.0],
                [1.0, 0.0, -0.0, 0.0, -0.0, 1e-06, -1.0, 0.37472, -0.0, 1.0, 1e-06, -0.0, 0.0, 0.0, 0.0, 1.0]
            ]
        },
        {
            "name": "Torso",
            "time": [0.0, 0.15, 0.2667, 0.4167, 0.5333],
            "transform": [
                [0.992981, -0.102088, 0.059724, 0.0, 0.06563, 0.895678, 0.439834, 0.05, -0.098396, -0.432828, 0.896091, 0.0, 0.0, 0.0, 0.0, 1.0],
                [0.957527, -0.156544, 0.24215, 0.0, 0.03397, 0.89519, 0.444388, 0.05, -0.286337, -0.417288, 0.862486, -0.0, 0.0, 0.0, 0.0, 1.0],
                [0.992981, -0.102088, 0.059724, 0.0, 0.06563, 0.895678, 0.439834, 0.05, -0.098396, -0.432828, 0.896091, 0.0, 0.0, 0.0, 0.0, 1.0],
                [0.991628, -0.102088, -0.079064, 0.0, 0.126209, 0.895678, 0.426419, 0.05, 0.027284, -0.432828, 0.901064, 0.0, 0.0, 0.0, 0.0, 1.0],
                [0.992981, -0.102088, 0.059724, 0.0, 0.06563, 0.895678, 0.439834, 0.05, -0.098396, -0.432828, 0.896091, 0.0, 0.0, 0.0, 0.0, 1.0]
            ]
        },
        {
            "name": "Chest",
            "time": [0.0, 0.15, 0.2667, 0.4167, 0.5333],
            "transform": [
                [0.988013, -0.005051, -0.15429, -0.0, 0.024097, 0.992259, 0.121824, 0.3, 0.15248, -0.124082, 0.980487, -0.0, 0.0, 0.0, 0.0, 1.0],
                [0.940145, 0.085165, -0.329961, -0.0, -0.04934, 0.992083, 0.11548, 0.3, 0.337184, -0.092288, 0.936905, -0.0, 0.0, 0.0, 0.0, 1.0],
                [0.986691, 0.014801, -0.161928, -0.0, 0.003126, 0.993938, 0.109899, 0.3, 0.162573, -0.108943, 0.980664, -0.0, 0.0, 0.0, 0.0, 1.0],
                [0.991852, -0.106568, 0.069811, 0.0, 0.097706, 0.987958, 0.119967, 0.3, -0.081755, -0.112168, 0.990321, 0.0, 0.0, 0.0, 0.0, 1.0],
                [0.988013, -0.005051, -0.15429, -0.0, 0.024097, 0.992259, 0.121824, 0.3, 0.15248, -0.124082, 0.980487, -0.0, 0.0, 0.0, 0.0, 1.0]
            ]
        },
        {
            "name": "Head",
            "time": [0.0, 0.5333],
            "transform": [
                [0.984648, 0.166719, 0.051705, -0.0, -0.120186, 0.862353, -0.491836, 0.4, -0.126586, 0.478071, 0.869152, 0.0, 0.0, 0.0, 0.0, 1.0],
                [0.984648, 0.166719, 0.051705, -0.0, -0.120186, 0.862353, -0.491836, 0.4, -0.126586, 0.478071, 0.869152, 0.0, 0.0, 0.0, 0.0, 1.0]
            ]
        },
        {
            "name": "Shoulder_R",
            "time": [0.0, 0.5333],