{
    
    "animation": [
        {
            "name": "Root",
            "time": [0.0, 0.1333, 0.2167, 0.3833, 0.4667, 0.6, 0.7167],
            "transform": [
                [0.855686, -0.000201, -0.517496, -4.8e-05, -0.51745, 0.012994, -0.855615, 0.003769, 0.006896, 0.999916, 0.011015, 0.698688, 0.0, 0.0, 0.0, 1.0],
                [0.858674, 0.002831, -0.512515, -3.3e-05, -0.512226, 0.038787, -0.857975, 0.003652, 0.01745, 0.999243, 0.034755, 0.682866, 0.0, 0.0, 0.0, 1.0],
                [0.860054, 0.004179, -0.510186, -0.000255, -0.509717, 0.050688, -0.858848, 0.000462, 0.022271, 0.998706, 0.045725, 0.594788, 0.0, 0.0, 0.0, 1.0],
                [0.858998, 0.003151, -0.511969, 0.000262, -0.511641, 0.041585, -0.858192, 0.00695, 0.018586, 0.99913, 0.037333, 0.726865, 0.0, 0.0, 0.0, 1.0],
                [0.863272, -0.004524, -0.504719, 3.6e-05, -0.504529, -0.036639, -0.862617, 0.004758, -0.01459, 0.999318, -0.033912, 0.735658, 0.0, 0.0, 0.0, 1.0],
                [0.873053, -0.017046, -0.487327, 0.00096, -0.481437, -0.188839, -0.855896, 0.013437, -0.077437, 0.98186, -0.173073, 0.555335, 0.0, 0.0, 0.0, 1.0],
                [0.855686, -0.000201, -0.517496, -4.8e-05, -0.51745, 0.012994, -0.855615, 0.003769, 0.006896, 0.999916, 0.011015, 0.698688, 0.0, 0.0, 0.0, 1.0]
            ]
        },
        {
            "name": "Thigh_R",
            "time": [0.0, 0.2167, 0.3833, 0.6, 0.7167],
            "transform": [
                [0.924558, -0.130096, -0.358144, 0.124994, 0.009126, -0.932079, 0.362136, -0.002831, -0.380931, -0.338083, -0.860576, -1.2e-05, 0.0, 0.0, 0.0, 1.0],
                [0.924558, -0.300224, -0.234643, 0.124994, 0.009126, -0.598172, 0.801315, -0.002831, -0.380931, -0.743001, -0.550307, -1.2e-05, 0.0, 0.0, 0.0, 1.0],
                [0.924558, -0.202983, -0.322474, 0.124994, 0.009126, -0.834259, 0.551294, -0.002831, -0.380931, -0.512645, -0.769471, -1.2e-05, 0.0, 0.0, 0.0, 1.0],
                [0.924558, 0.247863, -0.289405, 0.124994, 0.009126, -0.773697, -0.633489, -0.002831, -0.380931, 0.583055, -0.717591, -1.2e-05, 0.0, 0.0, 0.0, 1.0],
                [0.924558, -0.130096, -0.358144, 0.124994, 0.009126, -0.932079, 0.362136, -0.002831, -0.380931, -0.338083, -0.860576, -1.2e-05, 0.0, 0.0, 0.0, 1.0]
            ]
        },
        {
            "name": "Leg_R",
            "time": [0.0, 0.2167, 0.3833, 0.6, 0.7167],
            "transform": [
                [1.0, -2e-06, 0.0, 0.0, -0.0, -0.017077, 0.999853, 0.37472, -2e-06, -0.999855, -0.017077, -0.0, 0.0, 0.0, 0.0, 1.0],
                [1.0, -1e-06, 1e-06, 0.0, 0.0, 0.968524, 0.248924, 0.37472, -1e-06, -0.248925, 0.968522, -0.0, 0.0, 0.0, 0.0, 1.0],
                [1.0, -1e-06, 1e-06, 0.0, 0.0, 0.907066, 0.420989, 0.37472, -1e-06, -0.420989, 0.907065, 0.0, 0.0, 0.0, 0.0, 1.0],
                [1.0, -1e-06, 1e-06, 0.0, -0.0, 0.780442, 0.625228, 0.37472, -2e-06, -0.625229, 0.780441, -0.0, 0.0, 0.0, 0.0, 1.0],
                [1.0, -2e-06, 0.0, 0.0, -0.0, -0.017077, 0.999853, 0.37472, -2e-06, -0.999855, -0.017077, -0.0, 0.0, 0.0, 0.0, 1.0]
            ]
        },
        {
            "name": "Knee_R",
            "time": [0.0, 0.7167],
            "transform": [
                [1.0, 0.0, -0.0, 0.0, -0.0, 0.632157, -0.77484, 0.37472, -0.0, 0.774841, 0.632157, -0.0, 0.0, 0.0, 0.0, 1.0],
                [1.0, 0.0, -0.0, 0.0, -0.0, 0.632157, -0.77484, 0.37472, -0.0, 0.774841, 0.632157, -0.0, 0.0, 0.0, 0.0, 1.0]
            ]
        },
        {
            "name": "Thigh_L",
            "time": [0.0, 0.2167, 0.3833, 0.6, 0.7167],
            "transform": [
                [0.845293, -0.327278, -0.422335, -0.125006, -0.090216, -0.86652, 0.490922, -0.002831, -0.52663, -0.376871, -0.76199, -1.2e-05, 0.0, 0.0, 0.0, 1.0],
                [0.845294, 0.194936, -0.497471, -0.125006, -0.090216, -0.865627, -0.492494, -0.002831, -0.52663, 0.461183, -0.714123, -1.2e-05, 0.0, 0.0, 0.0, 1.0],
                [0.845293, -0.175801, -0.504551, -0.125006, -0.090216, -0.977722, 0.189525, -0.002831, -0.52663, -0.114685, -0.842323, -1.2e-05, 0.0, 0.0, 0.0, 1.0],
                [0.845293, -0.433626, -0.312164, -0.125006, -0.090216, -0.691693, 0.716535, -0.002831, -0.52663, -0.57752, -0.623804, -1.2e-05, 0.0, 0.0, 0.0, 1.0],
                [0.845293, -0.327278, -0.422335, -0.125006, -0.090216, -0.86652, 0.490922, -0.002831, -0.52663, -0.376871, -0.76199, -1.2e-05, 0.0, 0.0, 0.0, 1.0]
            ]
        },
        {
            "name": "Leg_L",
            "time": [0.0, 0.2167, 0.3833, 0.6, 0.7167],
            "transform": [
                [1.0, -1e-06, -0.0, 0.0, 1e-06, 0.711667, 0.702516, 0.37472, -1e-06, -0.702516, 0.711668, -0.0, 0.0, 0.0, 0.0, 1.0],
                [1.0, -1e-06, 0.0, 0.0, 1e-06, 0.870387, 0.492368, 0.37472, -1e-06, -0.492368, 0.870388, -0.0, 0.0, 0.0, 0.0, 1.0],
                [1.0, -1e-06, -1e-06, 0.0, 1e-06, -0.03269, 0.999466, 0.37472, -1e-06, -0.999465, -0.03269, -0.0, 0.0, 0.0, 0.0, 1.0],
                [1.0, -1e-06, 0.0, 0.0, 1e-06, 0.958836, 0.283959, 0.37472, -0.0, -0.283959, 0.958837, -0.0, 0.0, 0.0, 0.0, 1.0],
                [1.0, -1e-06, -0.0, 0.0, 1e-06, 0.711667, 0.702516, 0.37472, -1e-06, -0.702516, 0.711668, -0.0, 0.0, 0.0, 0.0, 1.0]
            ]
        },
        {
            "name": "Knee_L",
            "time": [0.0, 0.7167],
            "transform": [
                [1.0, 0.0, -0.0, 0.0, -0.0, 0.459636, -0.888107, 0.37472, -0.0, 0.888107, 0.459636, -0.0, 0.0, 0.0, 0.0, 1.0],
                [1.0, 0.0, -0.0, 0.0, -0.0, 0.459636, -0.888107, 0.37472, -0.0, 0.888107, 0.459636, -0.0, 0.0, 0.0, 0.0, 1.0]
            ]
        },
        {
            "name": "Torso",
            "time": [0.0, 0.2167, 0.3833, 0.6, 0.7167],
            "transform": [
                [0.972319, -0.049529, -0.228349, 0.0, 0.134581, 0.917603, 0.374023, 0.05, 0.191009, -0.394401, 0.898868, 0.0, 0.0, 0.0, 0.0, 1.0],
                [0.978552, -0.049529, 0.199959, 0.0, -0.034476, 0.917603, 0.396001, 0.05, -0.203097, -0.394401, 0.896214, 0.0, 0.0, 0.0, 0.0, 1.0],
                [0.957501, -0.049529, 0.284146, -0.0, -0.06872, 0.917603, 0.391513, 0.05, -0.280124, -0.394401, 0.875202, 0.0, 0.0, 0.0, 0.0, 1.0],
                [0.972319, -0.049529, -0.228349, -0.0, 0.134581, 0.917603, 0.374023, 0.05, 0.191009, -0.394401, 0.898868, -0.0, 0.0, 0.0, 0.0, 1.0],
                [0.972319, -0.049529, -0.228349, 0.0, 0.134581, 0.917603, 0.374023, 0.05, 0.191009, -0.394401, 0.898868, 0.0, 0.0, 0.0, 0.0, 1.0]
            ]
        },
        {
            "name": "Chest",
            "time": [0.0, 0.2167, 0.3833, 0.6, 0.7167],
            "transform": [
                [0.904077, -0.137743, 0.404565, 0.0, 0.139077, 0.989934, 0.02625, 0.3, -0.404108, 0.032534, 0.914133, -0.0, 0.0, 0.0, 0.0, 1.0],
                [0.990427, -0.137743, 0.009021, -0.0, 0.137962, 0.989933, -0.031591, 0.3, -0.004579, 0.032534, 0.99946, -0.0, 0.0, 0.0, 0.0, 1.0],
                [0.981753, -0.137743, -0.131103, 0.0, 0.132109, 0.989934, -0.05078, 0.3, 0.136778, 0.032534, 0.990067, 0.0, 0.0, 0.0, 0.0, 1.0],
                [0.916582, -0.225102, 0.330464, 0.0, 0.143932, 0.95682, 0.252545, 0.3, -0.373043, -0.183914, 0.909404, -0.0, 0.0, 0.0, 0.0, 1.0],
                [0.904077, -0.137743, 0.404565, 0.0, 0.139077, 0.989934, 0.02625, 0.3, -0.404108, 0.032534, 0.914133, -0.0, 0.0, 0.0, 0.0, 1.0]
            ]
        },
        {
            "name": "Head",
            "time": [0.0, 0.2167, 0.3833, 0.6, 0.7167],