{
    
    "animation": [
        {
            "name": "Root",
            "time": [0.0, 0.2833, 0.3167, 0.5333, 0.6167, 0.75],
            "transform": [
                [0.946957, 0.0, -0.321361, -5e-06, -0.321361, 0.0, -0.946957, 0.000946, 0.0, 1.0, 0.0, 0.755725, 0.0, 0.0, 0.0, 1.0],
                [0.871718, 0.0, 0.490007, -5e-06, 0.490007, 0.0, -0.871718, 0.000946, 0.0, 1.0, 0.0, 0.755725, 0.0, 0.0, 0.0, 1.0],
                [0.871718, 0.0, 0.490007, -5e-06, 0.490007, 0.0, -0.871718, 0.000946, 0.0, 1.0, 0.0, 0.755725, 0.0, 0.0, 0.0, 1.0],
                [0.871718, 0.0, 0.490007, -5e-06, 0.490007, 0.0, -0.871718, 0.93176, 0.0, 1.0, 0.0, 0.650685, 0.0, 0.0, 0.0, 1.0],
                [0.871718, 0.0, 0.490007, -5e-06, 0.490007, 0.0, -0.871718, 0.93176, 0.0, 1.0, 0.0, 0.650685, 0.0, 0.0, 0.0, 1.0],
                [0.871718, 0.0, 0.490007, -5e-06, 0.490007, 0.0, -0.871718, 0.93176, 0.0, 1.0, 0.0, 0.650685, 0.0, 0.0, 0.0, 1.0]
            ]
        },
        {
            "name": "Thigh_R",
            "time": [0.0, 0.15, 0.2833, 0.3167, 0.4333, 0.6167, 0.75],
            "transform": [
                [0.99327, 0.036683, 0.109852, 0.124994, 0.034255, -0.999125, 0.023913, -0.002831, 0.110633, -0.019988, -0.993661, -1.2e-05, 0.0, 0.0, 0.0, 1.0],
                [0.994832, 0.003088, 0.101483, 0.124994, -0.017656, -0.979043, 0.202877, -0.002831, 0.099983, -0.20362, -0.973932, -1.2e-05, 0.0, 0.0, 0.0, 1.0],
                [0.994832, 0.028483, 0.097452, 0.124994, -0.017656, -0.896679, 0.442325, -0.002831, 0.099983, -0.441759, -0.891545, -1.2e-05, 0.0, 0.0, 0.0, 1.0],
                [0.994832, 0.028483, 0.097452, 0.124994, -0.017656, -0.896679, 0.442325, -0.002831, 0.099983, -0.441759, -0.891545, -1.2e-05, 0.0, 0.0, 0.0, 1.0],
                [0.884227, 0.179924, 0.431009, 0.124994, -0.066259, -0.865161, 0.497094, -0.002831, 0.462332, -0.468101, -0.75308, -1.2e-05, 0.0, 0.0, 0.0, 1.0],
                [0.884227, 0.179924, 0.431009, 0.124994, -0.066259, -0.865161, 0.497094, -0.002831, 0.462332, -0.468101, -0.75308, -1.2e-05, 0.0, 0.0, 0.0, 1.0],
                [0.884227, 0.179924, 0.431009, 0.124994, -0.066259, -0.865161, 0.497094, -0.002831, 0.462332, -0.468101, -0.75308, -1.2e-05, 0.0, 0.0, 0.0, 1.0]
            ]
        },
        {
            "name": "Leg_R",
            "time": [0.0, 0.6167, 0.75],
            "transform": [
                [1.0, -0.0, 2e-06, -0.0, -0.0, 0.966099, 0.258173, 0.37472, -2e-06, -0.258173, 0.966098, 0.0, 0.0, 0.0, 0.0, 1.0],
                [1.0, -0.0, 2e-06, 0.0, -0.0, 0.966099, 0.258173, 0.37472, -2e-06, -0.258173, 0.966098, 0.0, 0.0, 0.0, 0.0, 1.0],
                [1.0, -0.0, 2e-06, 0.0, -0.0, 0.966099, 0.258173, 0.37472, -2e-06, -0.258173, 0.966098, 0.0, 0.0, 0.0, 0.0, 1.0]
            ]
        },
        {
            "name": "Knee_R",
            "time": [0.0, 0.6167, 0.75],
            "transform": [
                [1.0, 0.0, -0.0, -0.0, -0.0, 1e-06, -1.0, 0.37472, -0.0, 1.0, 1e-06, 0.0, 0.0, 0.0, 0.0, 1.0],
                [1.0, 0.0, -0.0, 0.0, -0.0, 1e-06, -1.0, 0.37472, -0.0, 1.0, 1e-06, 0.0, 0.0, 0.0, 0.0, 1.0],
                [1.0, 0.0, -0.0, 0.0, -0.0, 1e-06, -1.0, 0.37472, -0.0, 1.0, 1e-06, 0.0, 0.0, 0.0, 0.0, 1.0]
            ]
        },
        {
            "name": "Thigh_L",
            "time": [0.0, 0.15, 0.2833, 0.3167, 0.4333, 0.6167, 0.75],
            "transform": [
                [0.924713, -0.158543, -0.346076, -0.125006, -0.058103, -0.957272, 0.283291, -0.002831, -0.376203, -0.241855, -0.894414, -1.2e-05, 0.0, 0.0, 0.0, 1.0],
                [0.924713, -0.007457, -0.38059, -0.125006, -0.058103, -0.990858, -0.121757, -0.002831, -0.376202, 0.134704, -0.916693, -1.2e-05, 0.0, 0.0, 0.0, 1.0],
                [0.821914, -0.007457, -0.569562, -0.125006, -0.0828, -0.990858, -0.106512, -0.002831, -0.563561, 0.134704, -0.815017, -1.2e-05, 0.0, 0.0, 0.0, 1.0],
                [0.821914, -0.007457, -0.569562, -0.125006, -0.0828, -0.990858, -0.106512, -0.002831, -0.563561, 0.134704, -0.815017, -1.2e-05, 0.0, 0.0, 0.0, 1.0],
                [0.84353, -0.372055, 0.387338, -0.125006, -0.065608, -0.787172, -0.613233, -0.002831, 0.533058, 0.491869, -0.688414, -1.2e-05, 0.0, 0.0, 0.0, 1.0],
                [0.84353, -0.372055, 0.387338, -0.125006, -0.065608, -0.787172, -0.613233, -0.002831, 0.533058, 0.491869, -0.688414, -1.2e-05, 0.0, 0.0, 0.0, 1.0],
                [0.84353, -0.372055, 0.387338, -0.125006, -0.065608, -0.787172, -0.613233, -0.002831, 0.533058, 0.491869, -0.688414, -1.2e-05, 0.0, 0.0, 0.0, 1.0]
            ]
        },
        {
            "name": "Leg_L",
            "time": [0.0, 0.15, 0.2833, 0.3167, 0.4333, 0.6167, 0.75],
            "transform": [
                [1.0, -0.0, 1e-06, 0.0, 0.0, 0.984973, 0.172708, 0.37472, -1e-06, -0.172708, 0.984973, 0.0, 0.0, 0.0, 0.0, 1.0],
                [1.0, -1e-06, 0.0, 0.0, 0.0, 0.798689, 0.601744, 0.37472, -1e-06, -0.601743, 0.79869, 0.0, 0.0, 0.0, 0.0, 1.0],
                [1.0, -0.0, 1e-06, -0.0, 0.0, 0.991664, 0.128849, 0.37472, -1e-06, -0.128849, 0.991665, -0.0, 0.0, 0.0, 0.0, 1.0],
                [1.0, -0.0, 1e-06, -0.0, 0.0, 0.991664, 0.128849, 0.37472, -1e-06, -0.128849, 0.991665, -0.0, 0.0, 0.0, 0.0, 1.0],
                [0.99691, 0.073793, -0.026926, -0.0, -0.071923, 0.995301, 0.064823, 0.37472, 0.031583, -0.062686, 0.997534, -0.0, 0.0, 0.0, 0.0, 1.0],
                [0.99691, 0.073793, -0.026926, -0.0, -0.071923, 0.995301, 0.064823, 0.37472, 0.031583, -0.062686, 0.997534, -0.0, 0.0, 0.0, 0.0, 1.0],
                [0.99691, 0.073793, -0.026926, -0.0, -0.071923, 0.995301, 0.064823, 0.37472, 0.031583, -0.062686, 0.997534, -0.0, 0.0, 0.0, 0.0, 1.0]
            ]
        },
        {
            "name": "Knee_L",
            "time": [0.0, 0.6167, 0.75],
            "transform": [
                [1.0, 0.0, -0.0, 0.0, -0.0, 1e-06, -1.0, 0.37472, -0.0, 1.0, 1e-06, 0.0, 0.0, 0.0, 0.0, 1.0],
                [1.0, 0.0, -0.0, -0.0, -0.0, 1e-06, -1.0, 0.37472, -0.0, 1.0, 1e-06, -0.0, 0.0, 0.0, 0.0, 1.0],
                [1.0, 0.0, -0.0, -0.0, -0.0, 1e-06, -1.0, 0.37472, -0.0, 1.0, 1e-06, -0.0, 0.0, 0.0, 0.0, 1.0]
            ]
        },
        {
            "name": "Torso",
            "time": [0.0, 0.2833, 0.3167, 0.6167, 0.75],
            "transform": [
                [0.99978, -0.020971, -0.000197, -0.0, 0.020971, 0.999603, 0.018833, 0.05, -0.000198, -0.018833, 0.999823, 0.0, 0.0, 0.0, 0.0, 1.0],
                [0.8748, -0.020971, 0.484031, 0.0, 0.009227, 0.999603, 0.026634, 0.05, -0.484397, -0.018833, 0.874645, 0.0, 0.0, 0.0, 0.0, 1.0],
                [0.8748, -0.020971, 0.484031, 0.0, 0.009227, 0.999603, 0.026634, 0.05, -0.484397, -0.018833, 0.874645, 0.0, 0.0, 0.0, 0.0, 1.0],
                [0.965225, -0.020971, 0.260579, 0.0, 0.015333, 0.999603, 0.023651, 0.05, -0.260972, -0.018833, 0.965163, 0.0, 0.0, 0.0, 0.0, 1.0],
                [0.965225, -0.020971, 0.260579, 0.0, 0.015333, 0.999603, 0.023651, 0.05, -0.260972, -0.018833, 0.965163, 0.0, 0.0, 0.0, 0.0, 1.0]
            ]
        },
        {
            "name": "Chest",
            "time": [0.0, 0.2833, 0.3167, 0.4333, 0.6167, 0.75],