{
    
    "animation": [
        {
            "name": "Root",
            "time": [0.0, 0.3667, 0.5667, 0.65, 0.7, 0.8833],
            "transform": [
                [0.871718, 0.0, 0.490007, -5e-06, 0.490007, 0.0, -0.871718, 0.087844, 0.0, 1.0, 0.0, 0.650685, 0.0, 0.0, 0.0, 1.0],
                [0.990742, -0.003362, -0.135716, -0.070133, -0.135758, -0.024533, -0.990438, -0.814721, 0.0, 0.999693, -0.024763, 0.685916, 0.0, 0.0, 0.0, 1.0],
                [0.990742, -0.003362, -0.135716, -0.070133, -0.135758, -0.024533, -0.990438, -0.814721, 0.0, 0.999693, -0.024763, 0.685916, 0.0, 0.0, 0.0, 1.0],
                [0.867281, 0.0, 0.497818, 0.02318, 0.497818, 0.0, -0.867281, 0.730089, 0.0, 1.0, 0.0, 0.612823, 0.0, 0.0, 0.0, 1.0],
                [0.867281, 0.0, 0.497818, 0.02318, 0.497818, 0.0, -0.867281, 0.730089, 0.0, 1.0, 0.0, 0.612823, 0.0, 0.0, 0.0, 1.0],
                [0.867281, 0.0, 0.497818, 0.02318, 0.497818, 0.0, -0.867281, 0.512078, 0.0, 1.0, 0.0, 0.767962, 0.0, 0.0, 0.0, 1.0]
            ]
        },
        {
            "name": "Thigh_R",
            "time": [0.0, 0.3667, 0.5667, 0.65, 0.7, 0.8833],
            "transform": [
                [0.884227, 0.179924, 0.431009, 0.124994, -0.066259, -0.865161, 0.497094, -0.002831, 0.462332, -0.468101, -0.75308, -1.2e-05, 0.0, 0.0, 0.0, 1.0],
                [0.997282, -0.061368, -0.040766, 0.124994, -0.066259, -0.98902, -0.132083, -0.002831, -0.032212, 0.134426, -0.9904, -1.2e-05, 0.0, 0.0, 0.0, 1.0],
                [0.997282, -0.061368, -0.040766, 0.124994, -0.066259, -0.98902, -0.132083, -0.002831, -0.032212, 0.134426, -0.9904, -1.2e-05, 0.0, 0.0, 0.0, 1.0],
                [0.816566, 0.410502, 0.40584, 0.124994, -0.079845, -0.615976, 0.783707, -0.002831, 0.571703, -0.672351, -0.470211, -1.2e-05, 0.0, 0.0, 0.0, 1.0],
                [0.816566, 0.410502, 0.40584, 0.124994, -0.079845, -0.615976, 0.783707, -0.002831, 0.571703, -0.672351, -0.470211, -1.2e-05, 0.0, 0.0, 0.0, 1.0],
                [0.803237, 0.224613, 0.551687, 0.124994, -0.029577, -0.909995, 0.413559, -0.002831, 0.594924, -0.348502, -0.7243, -1.2e-05, 0.0, 0.0, 0.0, 1.0]
            ]
        },
        {
            "name": "Leg_R",
            "time": [0.0, 0.2167, 0.3667, 0.5667, 0.65, 0.7, 0.8833],
            "transform": [
                [1.0, -0.0, 2e-06, 0.0, -0.0, 0.966099, 0.258173, 0.37472, -2e-06, -0.258173, 0.966098, 0.0, 0.0, 0.0, 0.0, 1.0],
                [1.0, -1e-06, 1e-06, 0.0, -0.0, 0.601005, 0.799244, 0.37472, -2e-06, -0.799246, 0.601005, -0.0, 0.0, 0.0, 0.0, 1.0],
                [1.0, -1e-06, 1e-06, 0.0, -0.0, 0.601005, 0.799245, 0.37472, -2e-06, -0.799246, 0.601005, 0.0, 0.0, 0.0, 0.0, 1.0],
                [1.0, -1e-06, 1e-06, 0.0, -0.0, 0.601005, 0.799245, 0.37472, -2e-06, -0.799246, 0.601005, 0.0, 0.0, 0.0, 0.0, 1.0],
                [1.0, -1e-06, 2e-06, 0.0, -0.0, 0.819166, 0.573557, 0.37472, -2e-06, -0.573558, 0.819165, 0.0, 0.0, 0.0, 0.0, 1.0],
                [1.0, -1e-06, 2e-06, 0.0, -0.0, 0.819166, 0.573557, 0.37472, -2e-06, -0.573558, 0.819165, 0.0, 0.0, 0.0, 0.0, 1.0],
                [0.999946, -0.009627, -0.003943, -0.0, 0.010307, 0.86547, 0.500855, 0.37472, -0.001409, -0.500869, 0.865521, 0.0, 0.0, 0.0, 0.0, 1.0]
            ]
        },
        {
            "name": "Knee_R",
            "time": [0.0, 0.8833],
            "transform": [
                [1.0, 0.0, -0.0, 0.0, -0.0, 1e-06, -1.0, 0.37472, -0.0, 1.0, 1e-06, 0.0, 0.0, 0.0, 0.0, 1.0],
                [1.0, 0.0, -0.0, -0.0, -0.0, 1e-06, -1.0, 0.37472, -0.0, 1.0, 1e-06, 0.0, 0.0, 0.0, 0.0, 1.0]
            ]
        },
        {
            "name": "Thigh_L",
            "time": [0.0, 0.3667, 0.5667, 0.65, 0.7, 0.8833],
            "transform": [
                [0.84353, -0.372055, 0.387338, -0.125006, -0.065608, -0.787172, -0.613233, -0.002831, 0.533058, 0.491869, -0.688414, -1.2e-05, 0.0, 0.0, 0.0, 1.0],
                [0.996541, -0.082708, -0.007984, -0.125006, -0.065608, -0.842178, 0.535193, -0.002831, -0.050989, -0.532818, -0.844692, -1.2e-05, 0.0, 0.0, 0.0, 1.0],
                [0.996541, -0.082708, -0.007984, -0.125006, -0.065608, -0.842178, 0.535193, -0.002831, -0.050989, -0.532818, -0.844692, -1.2e-05, 0.0, 0.0, 0.0, 1.0],
                [0.855344, -0.226747, 0.465802, -0.125006, 0.078587, -0.831933, -0.549283, -0.002831, 0.512064, 0.506433, -0.69377, -1.2e-05, 0.0, 0.0, 0.0, 1.0],
                [0.855344, -0.226747, 0.465802, -0.125006, 0.078587, -0.831933, -0.549283, -0.002831, 0.512064, 0.506433, -0.69377, -1.2e-05, 0.0, 0.0, 0.0, 1.0],
                [0.829366, -0.110538, 0.54766, -0.125006, -0.117059, -0.992856, -0.023124, -0.002831, 0.546304, -0.04493, -0.836381, -1.2e-05, 0.0, 0.0, 0.0, 1.0]
            ]
        },
        {
            "name": "Leg_L",
            "time": [0.0, 0.2167, 0.3667, 0.5667, 0.65, 0.7, 0.8833],
            "transform": [
                [0.99691, 0.073793, -0.026926, -0.0, -0.071923, 0.995301, 0.064823, 0.37472, 0.031583, -0.062686, 0.997534, -0.0, 0.0, 0.0, 0.0, 1.0],
                [0.99691, 0.075819, 0.020539, 0.0, -0.071923, 0.7759, 0.626743, 0.37472, 0.031583, -0.626283, 0.778956, 0.0, 0.0, 0.0, 0.0, 1.0],
                [0.99691, 0.075819, 0.020539, -0.0, -0.071923, 0.775899, 0.626743, 0.37472, 0.031583, -0.626283, 0.778956, 0.0, 0.0, 0.0, 0.0, 1.0],
                [0.99691, 0.075819, 0.020539, -0.0, -0.071923, 0.775899, 0.626743, 0.37472, 0.031583, -0.626283, 0.778956, 0.0, 0.0, 0.0, 0.0, 1.0],
                [0.99691, 0.078311, 0.006147, 0.0, -0.071923, 0.878521, 0.472259, 0.37472, 0.031583, -0.471241, 0.881439, 0.0, 0.0, 0.0, 0.0, 1.0],
                [0.99691, 0.078311, 0.006147, 0.0, -0.071923, 0.878521, 0.472259, 0.37472, 0.031583, -0.471241, 0.881439, 0.0, 0.0, 0.0, 0.0, 1.0],
                [0.99691, 0.078311, 0.006147, -0.0, -0.071923, 0.878521, 0.472259, 0.37472, 0.031583, -0.471241, 0.881439, 0.0, 0.0, 0.0, 0.0, 1.0]
            ]
        },
        {
            "name": "Knee_L",
            "time": [0.0, 0.8833],
            "transform": [
                [1.0, 0.0, -0.0, -0.0, -0.0, 1e-06, -1.0, 0.37472, -0.0, 1.0, 1e-06, -0.0, 0.0, 0.0, 0.0, 1.0],
                [1.0, 0.0, -0.0, -0.0, -0.0, 1e-06, -1.0, 0.37472, -0.0, 1.0, 1e-06, 0.0, 0.0, 0.0, 0.0, 1.0]
            ]
        },
        {
            "name": "Torso",
            "time": [0.0, 0.3667, 0.5667, 0.65, 0.7, 0.8833],
            "transform": [
                [0.965225, -0.020971, 0.260579, -0.0, 0.015333, 0.999603, 0.023651, 0.05, -0.260972, -0.018833, 0.965163, 0.0, 0.0, 0.0, 0.0, 1.0],
                [0.821576, -0.014596, -0.569912, -0.0, 0.025735, 0.999603, 0.011498, 0.05, 0.569518, -0.024113, 0.821625, -0.0, 0.0, 0.0, 0.0, 1.0],
                [0.821576, -0.014596, -0.569912, -0.0, 0.025735, 0.999603, 0.011498, 0.05, 0.569518, -0.024113, 0.821625, -0.0, 0.0, 0.0, 0.0, 1.0],
                [0.999598, -0.014596, -0.02429, -0.0, 0.015173, 0.999603, 0.023754, 0.05, 0.023934, -0.024113, 0.999423, -0.0, 0.0, 0.0, 0.0, 1.0],
                [0.999598, -0.014596, -0.02429, -0.0, 0.015173, 0.999603, 0.023754, 0.05, 0.023934, -0.024113, 0.999423, -0.0, 0.0, 0.0, 0.0, 1.0],
                [0.999598, -0.014596, -0.02429, -0.0, 0.015173, 0.999603, 0.023754, 0.05, 0.023934, -0.024113, 0.999423, 0.0, 0.0, 0.0, 0.0, 1.0]
            ]
        },
        {
            "name": "Chest",
            "time": [0.0, 0.3667, 0.5667, 0.65, 0.7, 0.8833],