{
    
    "animation": [
        {
            "name": "Root",
            "time": [0.0, 0.3, 0.3333, 0.4167, 0.5, 0.75],
            "transform": [
                [0.871718, 0.0, 0.490007, -5e-06, 0.490007, 0.0, -0.871718, 0.087844, 0.0, 1.0, 0.0, 0.650685, 0.0, 0.0, 0.0, 1.0],
                [0.990742, 0.0, -0.135758, -5e-06, -0.135758, 0.0, -0.990742, 0.087844, 0.0, 1.0, 0.0, 0.650685, 0.0, 0.0, 0.0, 1.0],
                [0.990742, 0.0, -0.135758, -5e-06, -0.135758, 0.0, -0.990742, 0.087844, 0.0, 1.0, 0.0, 0.650685, 0.0, 0.0, 0.0, 1.0],
                [0.867281, 0.0, 0.497818, 0.02318, 0.497818, 0.0, -0.867281, 0.440632, 0.0, 1.0, 0.0, 0.612823, 0.0, 0.0, 0.0, 1.0],
                [0.867281, 0.0, 0.497818, 0.02318, 0.497818, 0.0, -0.867281, 0.440632, 0.0, 1.0, 0.0, 0.612823, 0.0, 0.0, 0.0, 1.0],
                [0.867281, 0.0, 0.497818, 0.02318, 0.497818, 0.0, -0.867281, 0.440632, 0.0, 1.0, 0.0, 0.612823, 0.0, 0.0, 0.0, 1.0]
            ]
        },
        {
            "name": "Thigh_R",
            "time": [0.0, 0.3, 0.4167, 0.5, 0.75],
            "transform": [
                [0.884227, 0.179924, 0.431009, 0.124994, -0.066259, -0.865161, 0.497094, -0.002831, 0.462332, -0.468101, -0.75308, -1.2e-05, 0.0, 0.0, 0.0, 1.0],
                [0.997282, -0.073505, 0.005, 0.124994, -0.066259, -0.865161, 0.497094, -0.002831, -0.032213, -0.496073, -0.867683, -1.2e-05, 0.0, 0.0, 0.0, 1.0],
                [0.816566, 0.410502, 0.40584, 0.124994, -0.079845, -0.615976, 0.783707, -0.002831, 0.571703, -0.672351, -0.470211, -1.2e-05, 0.0, 0.0, 0.0, 1.0],
                [0.816566, 0.410502, 0.40584, 0.124994, -0.079845, -0.615976, 0.783707, -0.002831, 0.571703, -0.672351, -0.470211, -1.2e-05, 0.0, 0.0, 0.0, 1.0],
                [0.816566, 0.410502, 0.40584, 0.124994, -0.079845, -0.615976, 0.783707, -0.002831, 0.571703, -0.672351, -0.470211, -1.2e-05, 0.0, 0.0, 0.0, 1.0]
            ]
        },
        {
            "name": "Leg_R",
            "time": [0.0, 0.4167, 0.5, 0.75],
            "transform": [
                [1.0, -0.0, 2e-06, 0.0, -0.0, 0.966099, 0.258173, 0.37472, -2e-06, -0.258173, 0.966098, 0.0, 0.0, 0.0, 0.0, 1.0],
                [1.0, -1e-06, 2e-06, 0.0, -0.0, 0.819166, 0.573557, 0.37472, -2e-06, -0.573558, 0.819165, 0.0, 0.0, 0.0, 0.0, 1.0],
                [1.0, -1e-06, 2e-06, 0.0, -0.0, 0.819166, 0.573557, 0.37472, -2e-06, -0.573558, 0.819165, 0.0, 0.0, 0.0, 0.0, 1.0],
                [1.0, -1e-06, 2e-06, 0.0, -0.0, 0.819166, 0.573557, 0.37472, -2e-06, -0.573558, 0.819165, 0.0, 0.0, 0.0, 0.0, 1.0]
            ]
        },
        {
            "name": "Knee_R",
            "time": [0.0, 0.5, 0.75],
            "transform": [
                [1.0, 0.0, -0.0, 0.0, -0.0, 1e-06, -1.0, 0.37472, -0.0, 1.0, 1e-06, 0.0, 0.0, 0.0, 0.0, 1.0],
                [1.0, 0.0, -0.0, 0.0, -0.0, 1e-06, -1.0, 0.37472, -0.0, 1.0, 1e-06, 0.0, 0.0, 0.0, 0.0, 1.0],
                [1.0, 0.0, -0.0, 0.0, -0.0, 1e-06, -1.0, 0.37472, -0.0, 1.0, 1e-06, 0.0, 0.0, 0.0, 0.0, 1.0]
            ]
        },
        {
            "name": "Thigh_L",
            "time": [0.0, 0.3, 0.4167, 0.5, 0.75],
            "transform": [
                [0.84353, -0.372055, 0.387338, -0.125006, -0.065608, -0.787172, -0.613233, -0.002831, 0.533058, 0.491869, -0.688414, -1.2e-05, 0.0, 0.0, 0.0, 1.0],
                [0.996541, -0.020286, -0.080578, -0.125006, -0.065608, -0.787172, -0.613233, -0.002831, -0.050988, 0.6164, -0.785781, -1.2e-05, 0.0, 0.0, 0.0, 1.0],
                [0.855344, -0.226747, 0.465802, -0.125006, 0.078587, -0.831933, -0.549283, -0.002831, 0.512064, 0.506433, -0.69377, -1.2e-05, 0.0, 0.0, 0.0, 1.0],
                [0.855344, -0.226747, 0.465802, -0.125006, 0.078587, -0.831933, -0.549283, -0.002831, 0.512064, 0.506433, -0.69377, -1.2e-05, 0.0, 0.0, 0.0, 1.0],
                [0.855344, -0.226747, 0.465802, -0.125006, 0.078587, -0.831933, -0.549283, -0.002831, 0.512064, 0.506433, -0.69377, -1.2e-05, 0.0, 0.0, 0.0, 1.0]
            ]
        },
        {
            "name": "Leg_L",
            "time": [0.0, 0.4167, 0.5, 0.75],
            "transform": [
                [0.99691, 0.073793, -0.026926, -0.0, -0.071923, 0.995301, 0.064823, 0.37472, 0.031583, -0.062686, 0.997534, -0.0, 0.0, 0.0, 0.0, 1.0],
                [0.99691, 0.078311, 0.006147, -0.0, -0.071923, 0.878521, 0.472259, 0.37472, 0.031583, -0.471241, 0.881439, 0.0, 0.0, 0.0, 0.0, 1.0],
                [0.99691, 0.078311, 0.006147, -0.0, -0.071923, 0.878521, 0.472259, 0.37472, 0.031583, -0.471241, 0.881439, 0.0, 0.0, 0.0, 0.0, 1.0],
                [0.99691, 0.078311, 0.006147, -0.0, -0.071923, 0.878521, 0.472259, 0.37472, 0.031583, -0.471241, 0.881439, 0.0, 0.0, 0.0, 0.0, 1.0]
            ]
        },
        {
            "name": "Knee_L",
            "time": [0.0, 0.5, 0.75],
            "transform": [
                [1.0, 0.0, -0.0, -0.0, -0.0, 1e-06, -1.0, 0.37472, -0.0, 1.0, 1e-06, -0.0, 0.0, 0.0, 0.0, 1.0],
                [1.0, 0.0, -0.0, -0.0, -0.0, 1e-06, -1.0, 0.37472, -0.0, 1.0, 1e-06, 0.0, 0.0, 0.0, 0.0, 1.0],
                [1.0, 0.0, -0.0, -0.0, -0.0, 1e-06, -1.0, 0.37472, -0.0, 1.0, 1e-06, 0.0, 0.0, 0.0, 0.0, 1.0]
            ]
        },
        {
            "name": "Torso",
            "time": [0.0, 0.3, 0.3333, 0.5, 0.75],
            "transform": [
                [0.965225, -0.020971, 0.260579, -0.0, 0.015333, 0.999603, 0.023651, 0.05, -0.260972, -0.018833, 0.965163, 0.0, 0.0, 0.0, 0.0, 1.0],
                [0.999412, -0.014596, -0.031028, -0.0, 0.015333, 0.999603, 0.023651, 0.05, 0.03067, -0.024113, 0.999239, -0.0, 0.0, 0.0, 0.0, 1.0],
                [0.999412, -0.014596, -0.031028, -0.0, 0.015333, 0.999603, 0.023651, 0.05, 0.03067, -0.024113, 0.999239, -0.0, 0.0, 0.0, 0.0, 1.0],
                [0.999412, -0.014596, -0.031028, -0.0, 0.015333, 0.999603, 0.023651, 0.05, 0.03067, -0.024113, 0.999239, 0.0, 0.0, 0.0, 0.0, 1.0],
                [0.999412, -0.014596, -0.031028, -0.0, 0.015333, 0.999603, 0.023651, 0.05, 0.03067, -0.024113, 0.999239, 0.0, 0.0, 0.0, 0.0, 1.0]
            ]
        },
        {
            "name": "Chest",
            "time": [0.0, 0.3, 0.3333, 0.4167, 0.5, 0.75],
            "transform": [
                [0.986864, -0.021411, 0.160127, 0.0, 0.018051, 0.999586, 0.022413, 0.3, -0.160541, -0.019228, 0.986842, -0.0, 0.0, 0.0, 0.0, 1.0],
                [0.708601, 0.028543, -0.705032, 0.0, 0.001825, 0.999104, 0.042283, 0.3, 0.705607, -0.031249, 0.707914, -0.0, 0.0, 0.0, 0.0, 1.0],
                [0.708601, 0.028543, -0.705032, 0.0, 0.001825, 0.999104, 0.042283, 0.3, 0.705607, -0.031249, 0.707914, -0.0, 0.0, 0.0, 0.0, 1.0],
                [0.99949, 0.028543, -0.01435, 0.0, -0.028078, 0.999104, 0.031668, 0.3, 0.015241, -0.031249, 0.999396, 0.0, 0.0, 0.0, 0.0, 1.0],
                [0.99319, 0.028543, -0.112953, 0.0, -0.024814, 0.999104, 0.034285, 0.3, 0.11383, -0.031249, 0.993009, 0.0, 0.0, 0.0, 0.0, 1.0],
                [0.99319, 0.028543, -0.112953, 0.0, -0.024814, 0.999104, 0.034285, 0.3, 0.11383, -0.031249, 0.993009, 0.0, 0.0, 0.0, 0.0, 1.0]
            ]
        },
        {
            "name": "Head",
            "time": [0.0, 0.3, 0.3333, 0.4167, 0.5, 0.75],