{
    
    "animation": [
        {
            "name": "Root",
            "time": [0.0, 0.2167, 0.3667, 0.7, 0.7667],
            "transform": [
                [0.854689, 0.0, -0.51914, -5e-06, -0.51914, 0.0, -0.854689, 0.000946, 0.0, 1.0, 0.0, 0.755725, 0.0, 0.0, 0.0, 1.0],
                [0.979109, 0.0, 0.203337, 0.015224, 0.203337, 0.0, -0.979109, -0.365068, 0.0, 1.0, 0.0, 0.658412, 0.0, 0.0, 0.0, 1.0],
                [0.979109, 0.0, 0.203337, 0.015224, 0.203337, 0.0, -0.979109, -0.365068, 0.0, 1.0, 0.0, 0.658412, 0.0, 0.0, 0.0, 1.0],
                [0.979109, 0.0, 0.203337, 0.015224, 0.203337, 0.0, -0.979109, -0.365068, 0.0, 1.0, 0.0, 0.702346, 0.0, 0.0, 0.0, 1.0],
                [0.979109, 0.0, 0.203337, 0.015224, 0.203337, 0.0, -0.979109, -0.365068, 0.0, 1.0, 0.0, 0.702346, 0.0, 0.0, 0.0, 1.0]
            ]
        },
        {
            "name": "Thigh_R",
            "time": [0.0, 0.2167, 0.3667, 0.7667],
            "transform": [
                [0.996122, 0.056386, -0.067528, 0.124994, 0.068868, -0.977426, 0.199728, -0.002831, -0.054742, -0.203604, -0.977522, -1.2e-05, 0.0, 0.0, 0.0, 1.0],
                [0.996122, 0.021634, -0.085272, 0.124994, 0.068868, -0.794903, 0.602814, -0.002831, -0.054742, -0.606348, -0.793313, -1.2e-05, 0.0, 0.0, 0.0, 1.0],
                [0.996122, 0.021634, -0.085272, 0.124994, 0.068868, -0.794903, 0.602814, -0.002831, -0.054742, -0.606348, -0.793313, -1.2e-05, 0.0, 0.0, 0.0, 1.0],
                [0.996122, 0.021634, -0.085272, 0.124994, 0.068868, -0.794903, 0.602814, -0.002831, -0.054742, -0.606348, -0.793313, -1.2e-05, 0.0, 0.0, 0.0, 1.0]
            ]
        },
        {
            "name": "Leg_R",
            "time": [0.0, 0.7, 0.7667],
            "transform": [
                [1.0, -0.0, 2e-06, -0.0, -0.0, 0.9661, 0.258173, 0.37472, -2e-06, -0.258173, 0.966098, -0.0, 0.0, 0.0, 0.0, 1.0],
                [1.0, -1e-06, 2e-06, 0.0, -0.0, 0.766668, 0.642044, 0.37472, -2e-06, -0.642045, 0.766666, 0.0, 0.0, 0.0, 0.0, 1.0],
                [1.0, -1e-06, 2e-06, 0.0, -0.0, 0.766668, 0.642044, 0.37472, -2e-06, -0.642045, 0.766666, 0.0, 0.0, 0.0, 0.0, 1.0]
            ]
        },
        {
            "name": "Knee_R",
            "time": [0.0, 0.7667],
            "transform": [
                [1.0, 0.0, -0.0, -0.0, -0.0, 1e-06, -1.0, 0.37472, -0.0, 1.0, 1e-06, -0.0, 0.0, 0.0, 0.0, 1.0],
                [1.0, 0.0, -0.0, 0.0, -0.0, 1e-06, -1.0, 0.37472, -0.0, 1.0, 1e-06, 0.0, 0.0, 0.0, 0.0, 1.0]
            ]
        },
        {
            "name": "Thigh_L",
            "time": [0.0, 0.2167, 0.3667, 0.7, 0.7667],
            "transform": [
                [0.866588, -0.133703, -0.480778, -0.125006, -0.027838, -0.974891, 0.220935, -0.002831, -0.498245, -0.178075, -0.848552, -1.2e-05, 0.0, 0.0, 0.0, 1.0],
                [0.98526, -0.033842, -0.167677, -0.125006, -0.111415, -0.870754, -0.47893, -0.002831, -0.129798, 0.490553, -0.86169, -1.2e-05, 0.0, 0.0, 0.0, 1.0],
                [0.98526, -0.033842, -0.167677, -0.125006, -0.111415, -0.870754, -0.47893, -0.002831, -0.129798, 0.490553, -0.86169, -1.2e-05, 0.0, 0.0, 0.0, 1.0],
                [0.98526, -0.089601, -0.145714, -0.125006, -0.111415, -0.982511, -0.149194, -0.002831, -0.129798, 0.163231, -0.978012, -1.2e-05, 0.0, 0.0, 0.0, 1.0],
                [0.98526, -0.089601, -0.145714, -0.125006, -0.111415, -0.982511, -0.149194, -0.002831, -0.129798, 0.163231, -0.978012, -1.2e-05, 0.0, 0.0, 0.0, 1.0]
            ]
        },
        {
            "name": "Leg_L",
            "time": [0.0, 0.1167, 0.2167, 0.7, 0.7667],
            "transform": [
                [1.0, -0.0, 1e-06, 0.0, 0.0, 0.984973, 0.172708, 0.37472, -1e-06, -0.172708, 0.984973, 0.0, 0.0, 0.0, 0.0, 1.0],
                [1.0, -1e-06, 0.0, 0.0, 0.0, 0.66326, 0.748389, 0.37472, -1e-06, -0.748388, 0.663261, 0.0, 0.0, 0.0, 0.0, 1.0],
                [1.0, -0.0, 1e-06, 0.0, 0.0, 0.998562, 0.053596, 0.37472, -1e-06, -0.053596, 0.998563, -0.0, 0.0, 0.0, 0.0, 1.0],
                [1.0, -1e-06, 0.0, -0.0, 0.0, 0.833261, 0.552879, 0.37472, -1e-06, -0.552878, 0.833262, 0.0, 0.0, 0.0, 0.0, 1.0],
                [1.0, -1e-06, 0.0, -0.0, 0.0, 0.833261, 0.552879, 0.37472, -1e-06, -0.552878, 0.833262, 0.0, 0.0, 0.0, 0.0, 1.0]
            ]
        },
        {
            "name": "Knee_L",
            "time": [0.0, 0.7667],
            "transform": [
                [1.0, 0.0, -0.0, 0.0, -0.0, 1e-06, -1.0, 0.37472, -0.0, 1.0, 1e-06, 0.0, 0.0, 0.0, 0.0, 1.0],
                [1.0, 0.0, -0.0, -0.0, -0.0, 1e-06, -1.0, 0.37472, -0.0, 1.0, 1e-06, 0.0, 0.0, 0.0, 0.0, 1.0]
            ]
        },
        {
            "name": "Torso",
            "time": [0.0, 0.2167, 0.7, 0.7667],
            "transform": [
                [0.99978, -0.020971, -0.000197, -0.0, 0.020971, 0.999603, 0.018833, 0.05, -0.000198, -0.018833, 0.999823, 0.0, 0.0, 0.0, 0.0, 1.0],
                [0.858287, -0.020971, 0.512741, -0.0, 0.008339, 0.999603, 0.026925, 0.05, -0.513102, -0.018833, 0.858121, -0.0, 0.0, 0.0, 0.0, 1.0],
                [0.989329, -0.020971, -0.14418, -0.0, 0.023465, 0.999603, 0.015617, 0.05, 0.143795, -0.018833, 0.989428, -0.0, 0.0, 0.0, 0.0, 1.0],
                [0.989329, -0.020971, -0.14418, -0.0, 0.023465, 0.999603, 0.015617, 0.05, 0.143795, -0.018833, 0.989428, -0.0, 0.0, 0.0, 0.0, 1.0]
            ]
        },
        {
            "name": "Chest",
            "time": [0.0, 0.2167, 0.5, 0.7667],
            "transform": [
                [0.999771, -0.021411, -0.000206, 0.0, 0.021411, 0.999586, 0.019228, 0.3, -0.000206, -0.019228, 0.999815, 0.0, 0.0, 0.0, 0.0, 1.0],
                [0.369801, -0.021411, -0.928864, -0.0, 0.025787, 0.999586, -0.012775, 0.3, 0.928753, -0.019228, 0.3702, 0.0, 0.0, 0.0, 0.0, 1.0],
                [0.996161, -0.021411, 0.084878, -0.0, 0.019697, 0.999586, 0.02098, 0.3, -0.085293, -0.019228, 0.996171, 0.0, 0.0, 0.0, 0.0, 1.0],
                [0.996161, -0.021411, 0.084878, 0.0, 0.019697, 0.999586, 0.02098, 0.3, -0.085293, -0.019228, 0.996171, 0.0, 0.0, 0.0, 0.0, 1.0]
            ]
        },
        {
            "name": "Head",
            "time": [0.0, 0.2167, 0.5, 0.7667],
            "transform": [
                [0.85311, 0.037721, 0.520365, -0.0, -0.006297, 0.998055, -0.062025, 0.4, -0.521693, 0.049637, 0.851688, 0.0, 0.0, 0.0, 0.0, 1.0],
                [0.884138, 0.037721, 0.465701, -0.0, -0.010184, 0.998055, -0.061506, 0.4, -0.467115, 0.049637, 0.882802, -0.0, 0.0, 0.0, 0.0, 1.0],
                [0.98076, 0.037721, -0.19154, 0.0, -0.046497, 0.998055, -0.04153, 0.4, 0.1896, 0.049637, 0.980606, -0.0, 0.0, 0.0, 0.0, 1.0],
                [0.98076, 0.037721, -0.19154, 0.0, -0.046497, 0.998055, -0.04153, 0.4, 0.1896, 0.049637, 0.980606, -0.0, 0.0, 0.0, 0.0, 1.0]
            ]
        },
        {
            "name": "Shoulder_R",
            "time": [0.0, 0.2167, 0.5, 0.7667],
            "transform": [
                [0.089555, 0.949274, 0.301428, -0.0, -0.003656, -0.302328, 0.953197, 0.4, 0.995975, -0.086466, -0.023605, 0.0, 0.0, 0.0, 0.0, 1.0],
                [0.463038, 0.833508, 0.301428, -0.0, -0.124695, -0.27544, 0.953197, 0.4, 0.877523, -0.478953, -0.023605, -0.0, 0.0, 0.0, 0.0, 1.0],
                [-0.118183, 0.946136, 0.301428, 0.0, 0.061915, -0.295943, 0.953197, 0.4, 0.991059, 0.131315, -0.023605, -0.0, 0.0, 0.0, 0.0, 1.0],
                [-0.118183, 0.946136, 0.301428, 0.0, 0.061915, -0.295943, 0.953197, 0.4, 0.991059, 0.131315, -0.023605, -0.0, 0.0, 0.0, 0.0, 1.0]
            ]
        },
        {
            "name": "Arm_R",
            "time": [0.0, 0.2167, 0.5, 0.7667],