{
    
    "animation": [
        {
            "name": "Root",
            "time": [0.0, 0.5833, 0.85, 1.0, 1.4],
            "transform": [
                [0.91967, 0.0, -0.392693, -5e-06, -0.392693, 0.0, -0.91967, 0.000946, 0.0, 1.0, 0.0, 0.659134, 0.0, 0.0, 0.0, 1.0],
                [0.91967, 0.0, -0.392693, -5e-06, -0.392693, 0.0, -0.91967, 0.000946, 0.0, 1.0, 0.0, 0.659134, 0.0, 0.0, 0.0, 1.0],
                [0.91967, 0.0, -0.392693, -5e-06, -0.392693, 0.0, -0.91967, -0.753606, 0.0, 1.0, 0.0, 0.584488, 0.0, 0.0, 0.0, 1.0],
                [0.91967, 0.0, -0.392693, -5e-06, -0.392693, 0.0, -0.91967, -0.753606, 0.0, 1.0, 0.0, 0.584488, 0.0, 0.0, 0.0, 1.0],
                [0.91967, 0.0, -0.392693, -5e-06, -0.392693, 0.0, -0.91967, -0.753606, 0.0, 1.0, 0.0, 0.671126, 0.0, 0.0, 0.0, 1.0]
            ]
        },
        {
            "name": "Thigh_R",
            "time": [0.0, 0.5833, 0.7833, 1.0, 1.4],
            "transform": [
                [0.984831, -0.023916, -0.17186, 0.124994, -0.073363, -0.954962, -0.287508, -0.002831, -0.157244, 0.295755, -0.942233, -1.2e-05, 0.0, 0.0, 0.0, 1.0],
                [0.984831, -0.023916, -0.17186, 0.124994, -0.073363, -0.954962, -0.287508, -0.002831, -0.157244, 0.295755, -0.942233, -1.2e-05, 0.0, 0.0, 0.0, 1.0],
                [0.988066, 0.108897, -0.108931, 0.124994, 0.066654, -0.93986, -0.334987, -0.002831, -0.138859, 0.323728, -0.935905, -1.2e-05, 0.0, 0.0, 0.0, 1.0],
                [0.988066, 0.108897, -0.108931, 0.124994, 0.066654, -0.93986, -0.334987, -0.002831, -0.138859, 0.323728, -0.935905, -1.2e-05, 0.0, 0.0, 0.0, 1.0],
                [0.991341, 0.005016, -0.131213, 0.124994, -0.005599, -0.996744, -0.080405, -0.002831, -0.131189, 0.080444, -0.988088, -1.2e-05, 0.0, 0.0, 0.0, 1.0]
            ]
        },
        {
            "name": "Leg_R",
            "time": [0.0, 0.5833, 0.7833, 1.0, 1.25, 1.4],
            "transform": [
                [1.0, -1e-06, 2e-06, 0.0, -0.0, 0.94138, 0.33735, 0.37472, -2e-06, -0.33735, 0.941379, 0.0, 0.0, 0.0, 0.0, 1.0],
                [1.0, -1e-06, 2e-06, 0.0, -0.0, 0.94138, 0.33735, 0.37472, -2e-06, -0.33735, 0.941379, 0.0, 0.0, 0.0, 0.0, 1.0],
                [0.998291, 0.04983, 0.030532, -0.0, -0.058439, 0.848888, 0.525332, 0.37472, 0.000259, -0.526219, 0.850348, -0.0, 0.0, 0.0, 0.0, 1.0],
                [0.998291, 0.04983, 0.030532, 0.0, -0.058439, 0.848888, 0.525332, 0.37472, 0.000259, -0.526219, 0.850348, 0.0, 0.0, 0.0, 0.0, 1.0],
                [0.996849, 0.066019, 0.043972, -0.0, -0.079252, 0.805485, 0.587294, 0.37472, 0.003354, -0.588929, 0.808178, 0.0, 0.0, 0.0, 0.0, 1.0],
                [0.996849, 0.066019, 0.043972, -0.0, -0.079252, 0.805485, 0.587294, 0.37472, 0.003354, -0.588929, 0.808178, 0.0, 0.0, 0.0, 0.0, 1.0]
            ]
        },
        {
            "name": "Knee_R",
            "time": [0.0, 0.5833, 1.4],
            "transform": [
                [1.0, 0.0, -0.0, 0.0, -0.0, 1e-06, -1.0, 0.37472, -0.0, 1.0, 1e-06, 0.0, 0.0, 0.0, 0.0, 1.0],
                [1.0, 0.0, -0.0, 0.0, -0.0, 1e-06, -1.0, 0.37472, -0.0, 1.0, 1e-06, 0.0, 0.0, 0.0, 0.0, 1.0],
                [1.0, 0.0, -0.0, -0.0, -0.0, 1e-06, -1.0, 0.37472, -0.0, 1.0, 1e-06, 0.0, 0.0, 0.0, 0.0, 1.0]
            ]
        },
        {
            "name": "Thigh_L",
            "time": [0.0, 0.5833, 0.7833, 1.0, 1.4],
            "transform": [
                [0.989324, -0.145611, -0.005847, -0.125006, -0.103884, -0.732819, 0.672446, -0.002831, -0.102201, -0.66466, -0.740123, -1.2e-05, 0.0, 0.0, 0.0, 1.0],
                [0.989324, -0.145611, -0.005847, -0.125006, -0.103884, -0.732819, 0.672446, -0.002831, -0.102201, -0.66466, -0.740123, -1.2e-05, 0.0, 0.0, 0.0, 1.0],
                [0.947684, -0.303617, -0.098541, -0.125006, -0.119916, -0.624721, 0.771585, -0.002831, -0.295827, -0.719402, -0.628448, -1.2e-05, 0.0, 0.0, 0.0, 1.0],
                [0.947684, -0.303617, -0.098541, -0.125006, -0.119916, -0.624721, 0.771585, -0.002831, -0.295827, -0.719402, -0.628448, -1.2e-05, 0.0, 0.0, 0.0, 1.0],
                [0.958994, -0.225487, -0.171714, -0.125006, -0.088236, -0.813268, 0.575161, -0.002831, -0.269341, -0.536425, -0.799815, -1.2e-05, 0.0, 0.0, 0.0, 1.0]
            ]
        },
        {
            "name": "Leg_L",
            "time": [0.0, 0.5833, 0.7833, 1.0, 1.25, 1.4],
            "transform": [
                [0.998887, 0.046863, -0.0054, 0.0, -0.032308, 0.763035, 0.645549, 0.37472, 0.034372, -0.644655, 0.7637, -0.0, 0.0, 0.0, 0.0, 1.0],
                [0.998887, 0.046863, -0.0054, 0.0, -0.032308, 0.763035, 0.645549, 0.37472, 0.034372, -0.644655, 0.7637, -0.0, 0.0, 0.0, 0.0, 1.0],
                [0.99955, 0.018144, -0.023905, 0.0, -0.00492, 0.884827, 0.465893, 0.37472, 0.029605, -0.465565, 0.884518, 0.0, 0.0, 0.0, 0.0, 1.0],
                [0.99955, 0.018144, -0.023905, -0.0, -0.00492, 0.884827, 0.465893, 0.37472, 0.029605, -0.465565, 0.884518, 0.0, 0.0, 0.0, 0.0, 1.0],
                [0.997261, 0.071363, 0.019453, 0.0, -0.058543, 0.600793, 0.797258, 0.37472, 0.045207, -0.796213, 0.603325, -0.0, 0.0, 0.0, 0.0, 1.0],
                [0.997261, 0.071363, 0.019453, -0.0, -0.058543, 0.600793, 0.797258, 0.37472, 0.045207, -0.796213, 0.603325, 0.0, 0.0, 0.0, 0.0, 1.0]
            ]
        },
        {
            "name": "Knee_L",
            "time": [0.0, 0.5833, 1.4],
            "transform": [
                [1.0, 0.0, -0.0, 0.0, -0.0, 1e-06, -1.0, 0.37472, -0.0, 1.0, 1e-06, -0.0, 0.0, 0.0, 0.0, 1.0],
                [1.0, 0.0, -0.0, 0.0, -0.0, 1e-06, -1.0, 0.37472, -0.0, 1.0, 1e-06, -0.0, 0.0, 0.0, 0.0, 1.0],
                [1.0, 0.0, -0.0, -0.0, -0.0, 1e-06, -1.0, 0.37472, -0.0, 1.0, 1e-06, 0.0, 0.0, 0.0, 0.0, 1.0]
            ]
        },
        {
            "name": "Torso",
            "time": [0.0, 0.5833, 1.4],
            "transform": [
                [0.924004, -0.020971, -0.381806, -0.0, 0.026572, 0.999603, 0.009402, 0.05, 0.381457, -0.018833, 0.924195, -0.0, 0.0, 0.0, 0.0, 1.0],
                [0.924004, -0.020971, -0.381806, -0.0, 0.026572, 0.999603, 0.009402, 0.05, 0.381457, -0.018833, 0.924195, -0.0, 0.0, 0.0, 0.0, 1.0],
                [0.924004, -0.020971, -0.381806, -0.0, 0.026572, 0.999603, 0.009402, 0.05, 0.381457, -0.018833, 0.924195, 0.0, 0.0, 0.0, 0.0, 1.0]
            ]
        },
        {
            "name": "Chest",
            "time": [0.0, 0.5833, 0.7, 1.0333, 1.4],
            "transform": [
                [0.845062, -0.021411, 0.53424, 0.0, 0.007818, 0.999586, 0.027696, 0.3, -0.534611, -0.019228, 0.84488, 0.0, 0.0, 0.0, 0.0, 1.0],
                [0.845062, -0.021411, 0.53424, 0.0, 0.007818, 0.999586, 0.027696, 0.3, -0.534611, -0.019228, 0.84488, 0.0, 0.0, 0.0, 0.0, 1.0],
                [0.841958, 0.17684, 0.50974, 0.0, -0.05643, 0.968442, -0.242766, 0.3, -0.536584, 0.175634, 0.825367, 0.0, 0.0, 0.0, 0.0, 1.0],
                [0.845062, -0.021411, 0.53424, -0.0, 0.007818, 0.999586, 0.027696, 0.3, -0.534611, -0.019228, 0.84488, -0.0, 0.0, 0.0, 0.0, 1.0],
                [0.845062, -0.021411, 0.53424, 0.0, 0.007818, 0.999586, 0.027696, 0.3, -0.534611, -0.019228, 0.84488, -0.0, 0.0, 0.0, 0.0, 1.0]
            ]
        },
        {
            "name": "Head",
            "time": [0.0, 0.5833, 0.7, 1.0333, 1.4],