{
    
    "animation": [
        {
            "name": "Root",
            "time": [0.0, 0.15, 0.2667, 0.4167, 0.5333],
            "transform": [
                [1.0, 0.0, 0.0, -5e-06, 0.0, 0.0, -1.0, 0.000946, 0.0, 1.0, 0.0, 0.752866, 0.0, 0.0, 0.0, 1.0],
                [1.0, 0.0, 0.0, -5e-06, 0.0, 0.0, -1.0, 0.000946, 0.0, 1.0, 0.0, 0.736508, 0.0, 0.0, 0.0, 1.0],
                [1.0, 0.0, 0.0, -5e-06, 0.0, 0.0, -1.0, 0.000946, 0.0, 1.0, 0.0, 0.752866, 0.0, 0.0, 0.0, 1.0],
                [1.0, 0.0, 0.0, -5e-06, 0.0, 0.0, -1.0, 0.000946, 0.0, 1.0, 0.0, 0.720189, 0.0, 0.0, 0.0, 1.0],
                [1.0, 0.0, 0.0, -5e-06, 0.0, 0.0, -1.0, 0.000946, 0.0, 1.0, 0.0, 0.752866, 0.0, 0.0, 0.0, 1.0]
            ]
        },
        {
            "name": "Thigh_R",
            "time": [0.0, 0.15, 0.2667, 0.4167, 0.5333],
            "transform": [
                [0.996784, 0.068107, -0.042225, 0.124994, 0.079522, -0.905706, 0.416377, -0.002831, -0.009885, -0.418395, -0.908211, -1.2e-05, 0.0, 0.0, 0.0, 1.0],
                [0.999946, 0.002679, -0.01004, 0.124994, 0.008667, -0.748053, 0.663581, -0.002831, -0.005733, -0.66363, -0.748038, -1.2e-05, 0.0, 0.0, 0.0, 1.0],
                [0.998879, 0.047079, 0.004799, 0.124994, 0.046529, -0.995549, 0.081931, -0.002831, 0.008634, -0.081615, -0.996627, -1.2e-05, 0.0, 0.0, 0.0, 1.0],
                [0.998879, 0.032879, 0.034035, 0.124994, 0.046529, -0.813587, -0.579576, -0.002831, 0.008634, 0.58051, -0.814207, -1.2e-05, 0.0, 0.0, 0.0, 1.0],
                [0.996784, 0.068107, -0.042225, 0.124994, 0.079522, -0.905706, 0.416377, -0.002831, -0.009885, -0.418395, -0.908211, -1.2e-05, 0.0, 0.0, 0.0, 1.0]
            ]
        },
        {
            "name": "Leg_R",
            "time": [0.0, 0.15, 0.2667, 0.4167, 0.5333],
            "transform": [
                [1.0, -2e-06, 1e-06, 0.0, -2e-06, -0.283055, 0.959103, 0.37472, -2e-06, -0.959104, -0.283055, 0.0, 0.0, 0.0, 0.0, 1.0],
                [1.0, 1e-06, 1e-06, -0.0, -1e-06, 0.997484, 0.070908, 0.37472, -1e-06, -0.070908, 0.997482, -0.0, 0.0, 0.0, 0.0, 1.0],
                [1.0, 1e-06, 1e-06, -0.0, -1e-06, 0.997484, 0.070908, 0.37472, -1e-06, -0.070908, 0.997482, 0.0, 0.0, 0.0, 0.0, 1.0],
                [1.0, 1e-06, 2e-06, 0.0, -1e-06, 0.923728, 0.383051, 0.37472, -1e-06, -0.383051, 0.923726, 0.0, 0.0, 0.0, 0.0, 1.0],
                [1.0, -2e-06, 1e-06, 0.0, -2e-06, -0.283055, 0.959103, 0.37472, -2e-06, -0.959104, -0.283055, 0.0, 0.0, 0.0, 0.0, 1.0]
            ]
        },
        {
            "name": "Knee_R",
            "time": [0.0, 0.15, 0.2667, 0.4167, 0.5333],
            "transform": [
                [1.0, 0.0, -0.0, -0.000179, -0.0, 0.605842, -0.795585, 0.436391, -0.0, 0.795585, 0.605842, -0.000613, 0.0, 0.0, 0.0, 1.0],
                [1.0, -0.0, -0.0, -0.000179, -0.0, -0.393698, -0.91924, 0.436391, -0.0, 0.91924, -0.393698, -0.000613, 0.0, 0.0, 0.0, 1.0],
                [1.0, -0.0, -0.0, -0.000179, -0.0, -0.393698, -0.91924, 0.436391, -0.0, 0.91924, -0.393698, -0.000613, 0.0, 0.0, 0.0, 1.0],
                [1.0, -0.0, -0.0, -0.000179, -0.0, -0.393698, -0.91924, 0.436391, -0.0, 0.91924, -0.393698, -0.000613, 0.0, 0.0, 0.0, 1.0],
                [1.0, 0.0, -0.0, -0.000179, -0.0, 0.605842, -0.795585, 0.436391, -0.0, 0.795585, 0.605842, -0.000613, 0.0, 0.0, 0.0, 1.0]
            ]
        },
        {
            "name": "Thigh_L",
            "time": [0.0, 0.15, 0.2667, 0.4167, 0.5333],
            "transform": [
                [0.998768, -0.049617, 1.6e-05, -0.125006, -0.048714, -0.980657, -0.189574, -0.002831, 0.009421, 0.18934, -0.981866, -1.2e-05, 0.0, 0.0, 0.0, 1.0],
                [0.998768, -0.039981, -0.029384, -0.125006, -0.048714, -0.677693, -0.733729, -0.002831, 0.009421, 0.734258, -0.678805, -1.2e-05, 0.0, 0.0, 0.0, 1.0],
                [0.998768, -0.04222, 0.026065, -0.125006, -0.048714, -0.934142, 0.35356, -0.002831, 0.009421, -0.354394, -0.935048, -1.2e-05, 0.0, 0.0, 0.0, 1.0],
                [0.998768, -0.035087, 0.035082, -0.125006, -0.048714, -0.827687, 0.559072, -0.002831, 0.009421, -0.560092, -0.828377, -1.2e-05, 0.0, 0.0, 0.0, 1.0],
                [0.998768, -0.049617, 1.6e-05, -0.125006, -0.048714, -0.980657, -0.189574, -0.002831, 0.009421, 0.18934, -0.981866, -1.2e-05, 0.0, 0.0, 0.0, 1.0]
            ]
        },
        {
            "name": "Leg_L",
            "time": [0.0, 0.15, 0.2667, 0.4167, 0.5333],
            "transform": [
                [1.0, -0.0, 1e-06, -0.0, 0.0, 0.999948, 0.010137, 0.37472, -1e-06, -0.010137, 0.999949, -0.0, 0.0, 0.0, 0.0, 1.0],
                [1.0, -0.0, 1e-06, -0.0, 0.0, 0.971501, 0.237034, 0.37472, -1e-06, -0.237033, 0.971502, 0.0, 0.0, 0.0, 0.0, 1.0],
                [1.0, -2e-06, -0.0, -0.0, 0.0, -0.146313, 0.989239, 0.37472, -2e-06, -0.989238, -0.146313, 0.0, 0.0, 0.0, 0.0, 1.0],
                [1.0, -0.0, 1e-06, 0.0, 0.0, 0.999215, 0.039609, 0.37472, -1e-06, -0.039609, 0.999216, 0.0, 0.0, 0.0, 0.0, 1.0],
                [1.0, -0.0, 1e-06, -0.0, 0.0, 0.999948, 0.010137, 0.37472, -1e-06, -0.010137, 0.999949, -0.0, 0.0, 0.0, 0.0, 1.0]
            ]
        },
        {
            "name": "Knee_L",
            "time": [0.0, 0.15, 0.2667, 0.4167, 0.5333],
            "transform": [
                [1.0, 0.0, -0.0, -0.0, -0.0, 1e-06, -1.0, 0.37472, -0.0, 1.0, 1e-06, -0.0, 0.0, 0.0, 0.0, 1.0],
                [1.0, 0.0, -0.0, -0.0, -0.0, 1e-06, -1.0, 0.37472, -0.0, 1.0, 1e-06, 0.0, 0.0, 0.0, 0.0, 1.0],
                [1.0, 0.0, -0.0, -0.0, -0.0, 0.665939, -0.746006, 0.37472, -0.0, 0.746006, 0.665939, 0.0, 0.0, 0.0, 0.0, 1.0],
                [1.0, 0.0, -0.0, 0.0, -0.0, 0.036494, -0.999334, 0.37472, -0.0, 0.999334, 0.036494, 0.0, 0.0, 0.0, 0.0, 1.0],
                [1.0, 0.0, -0.0, -0.0, -0.0, 1e-06, -1.0, 0.37472, -0.0, 1.0, 1e-06, -0.0, 0.0, 0.0, 0.0, 1.0]
            ]
        },
        {
            "name": "Torso",
            "time": [0.0, 0.15, 0.2667, 0.4167, 0.5333],
            "transform": [
                [1.0, 0.0, 0.0, 0.0, 0.0, 0.976766, 0.21431, 0.05, 0.0, -0.21431, 0.976766, 0.0, 0.0, 0.0, 0.0, 1.0],
                [0.915394, 0.0, 0.40256, 0.0, -0.086273, 0.976766, 0.196178, 0.05, -0.393206, -0.21431, 0.894125, 0.0, 0.0, 0.0, 0.0, 1.0],
                [1.0, 0.0, 0.0, 0.0, 0.0, 0.976766, 0.21431, 0.05, 0.0, -0.21431, 0.976766, 0.0, 0.0, 0.0, 0.0, 1.0],
                [0.848456, 0.0, -0.529266, 0.0, 0.113427, 0.976766, 0.181833, 0.05, 0.516968, -0.21431, 0.828743, 0.0, 0.0, 0.0, 0.0, 1.0],
                [1.0, 0.0, 0.0, 0.0, 0.0, 0.976766, 0.21431, 0.05, 0.0, -0.21431, 0.976766, 0.0, 0.0, 0.0, 0.0, 1.0]
            ]
        },
        {
            "name": "Chest",
            "time": [0.0, 0.15, 0.2667, 0.4167, 0.5333],
            "transform": [
                [1.0, 0.0, 0.0, 0.0, 0.0, 0.987448, 0.157942, 0.3, 0.0, -0.157942, 0.987449, -0.0, 0.0, 0.0, 0.0, 1.0],
                [0.95595, 0.163956, -0.243469, -0.0, -0.123444, 0.977101, 0.173307, 0.3, 0.266309, -0.135619, 0.9543, -0.0, 0.0, 0.0, 0.0, 1.0],
                [1.0, 0.0, 0.0, 0.0, 0.0, 0.987448, 0.157942, 0.3, 0.0, -0.157942, 0.987449, -0.0, 0.0, 0.0, 0.0, 1.0],
                [0.959141, -0.033991, 0.280879, -0.0, -0.016623, 0.984272, 0.175877, 0.3, -0.28244, -0.17336, 0.94349, -0.0, 0.0, 0.0, 0.0, 1.0],
                [1.0, 0.0, 0.0, 0.0, 0.0, 0.987448, 0.157942, 0.3, 0.0, -0.157942, 0.987449, -0.0, 0.0, 0.0, 0.0, 1.0]
            ]
        },
        {
            "name": "Head",
            "time": [0.0, 0.15, 0.2667, 0.4167, 0.5333],