{
    
    "animation": [
        {
            "name": "Root",
            "time": [0.0, 0.2, 0.4, 0.6, 0.8],
            "transform": [
                [1.0, 0.0, 0.0, -5e-06, 0.0, 0.0, -1.0, 0.000946, 0.0, 1.0, 0.0, 0.764948, 0.0, 0.0, 0.0, 1.0],
                [1.0, 0.0, 0.0, -5e-06, 0.0, 0.0, -1.0, 0.000946, 0.0, 1.0, 0.0, 0.706505, 0.0, 0.0, 0.0, 1.0],
                [1.0, 0.0, 0.0, -5e-06, 0.0, 0.0, -1.0, 0.000946, 0.0, 1.0, 0.0, 0.787409, 0.0, 0.0, 0.0, 1.0],
                [1.0, 0.0, 0.0, -5e-06, 0.0, 0.0, -1.0, 0.000946, 0.0, 1.0, 0.0, 0.726247, 0.0, 0.0, 0.0, 1.0],
                [1.0, 0.0, 0.0, -5e-06, 0.0, 0.0, -1.0, 0.000946, 0.0, 1.0, 0.0, 0.764948, 0.0, 0.0, 0.0, 1.0]
            ]
        },
        {
            "name": "Thigh_R",
            "time": [0.0, 0.2, 0.4, 0.6, 0.8],
            "transform": [
                [0.996191, 0.087192, -0.0, 0.124994, 0.071614, -0.818197, 0.570459, -0.002831, 0.049739, -0.568285, -0.821327, -1.2e-05, 0.0, 0.0, 0.0, 1.0],
                [0.999661, 0.026007, -0.0, 0.124994, 0.021361, -0.821047, 0.570459, -0.002831, 0.014836, -0.570264, -0.821327, -1.2e-05, 0.0, 0.0, 0.0, 1.0],
                [0.997667, 0.066728, 0.014398, 0.124994, 0.066426, -0.997578, 0.020525, -0.002831, 0.015732, -0.01952, -0.999686, -1.2e-05, 0.0, 0.0, 0.0, 1.0],
                [0.999067, 0.032844, 0.028036, 0.124994, 0.042295, -0.875235, -0.481842, -0.002831, 0.008712, 0.482577, -0.87581, -1.2e-05, 0.0, 0.0, 0.0, 1.0],
                [0.996191, 0.087192, -0.0, 0.124994, 0.071614, -0.818197, 0.570459, -0.002831, 0.049739, -0.568285, -0.821327, -1.2e-05, 0.0, 0.0, 0.0, 1.0]
            ]
        },
        {
            "name": "Leg_R",
            "time": [0.0, 0.1333, 0.2, 0.4, 0.6, 0.8],
            "transform": [
                [1.0, -0.0, 1e-06, 0.0, -1e-06, 0.238615, 0.971114, 0.37472, -0.0, -0.971115, 0.238614, 0.0, 0.0, 0.0, 0.0, 1.0],
                [1.0, 1e-06, 0.0, -0.0, -1e-06, 0.986607, 0.163118, 0.37472, -0.0, -0.163118, 0.986606, 0.0, 0.0, 0.0, 0.0, 1.0],
                [1.0, 1e-06, 0.0, -0.0, -1e-06, 0.961364, 0.275283, 0.37472, -0.0, -0.275283, 0.961363, -0.0, 0.0, 0.0, 0.0, 1.0],
                [1.0, 1e-06, 0.0, 0.0, -1e-06, 0.995003, 0.099848, 0.37472, -0.0, -0.099848, 0.995002, 0.0, 0.0, 0.0, 0.0, 1.0],
                [1.0, 1e-06, 0.0, -0.0, -1e-06, 0.995003, 0.099848, 0.37472, -0.0, -0.099848, 0.995002, 0.0, 0.0, 0.0, 0.0, 1.0],
                [1.0, -0.0, 1e-06, 0.0, -1e-06, 0.238615, 0.971114, 0.37472, -0.0, -0.971115, 0.238614, 0.0, 0.0, 0.0, 0.0, 1.0]
            ]
        },
        {
            "name": "Knee_R",
            "time": [0.0, 0.2, 0.4, 0.6, 0.8],
            "transform": [
                [1.0, 0.0, -0.0, 0.0, -0.0, 0.272228, -0.962233, 0.439324, -0.0, 0.962233, 0.272228, -0.000954, 0.0, 0.0, 0.0, 1.0],
                [1.0, -0.0, -0.0, 0.0, -0.0, -0.426617, -0.904432, 0.439324, -0.0, 0.904432, -0.426618, -0.000954, 0.0, 0.0, 0.0, 1.0],
                [1.0, -0.0, -0.0, 0.0, -0.0, -0.426617, -0.904432, 0.439324, -0.0, 0.904432, -0.426617, -0.000954, 0.0, 0.0, 0.0, 1.0],
                [1.0, -0.0, -0.0, 0.0, -0.0, -0.426617, -0.904432, 0.439324, -0.0, 0.904432, -0.426617, -0.000954, 0.0, 0.0, 0.0, 1.0],
                [1.0, 0.0, -0.0, 0.0, -0.0, 0.272228, -0.962233, 0.439324, -0.0, 0.962233, 0.272228, -0.000954, 0.0, 0.0, 0.0, 1.0]
            ]
        },
        {
            "name": "Thigh_L",
            "time": [0.0, 0.2, 0.4, 0.6, 0.8],
            "transform": [
                [0.999277, -0.038001, -0.0, -0.125006, -0.037964, -0.998327, 0.04362, -0.002831, -0.001658, -0.043588, -0.999048, -1.2e-05, 0.0, 0.0, 0.0, 1.0],
                [0.999277, -0.034165, -0.016637, -0.125006, -0.037964, -0.916661, -0.397857, -0.002831, -0.001658, 0.398202, -0.917296, -1.2e-05, 0.0, 0.0, 0.0, 1.0],
                [0.999277, -0.036708, 0.009827, -0.125006, -0.037964, -0.953086, 0.300308, -0.002831, -0.001658, -0.300464, -0.953791, -1.2e-05, 0.0, 0.0, 0.0, 1.0],
                [0.999406, -0.029004, 0.018594, -0.125006, -0.034448, -0.849455, 0.526535, -0.002831, 0.000523, -0.526863, -0.84995, -1.2e-05, 0.0, 0.0, 0.0, 1.0],
                [0.999277, -0.038001, -0.0, -0.125006, -0.037964, -0.998327, 0.04362, -0.002831, -0.001658, -0.043588, -0.999048, -1.2e-05, 0.0, 0.0, 0.0, 1.0]
            ]
        },
        {
            "name": "Leg_L",
            "time": [0.0, 0.2, 0.4, 0.5167, 0.6, 0.8],
            "transform": [
                [1.0, 0.0, 1e-06, 0.0, -0.0, 0.996194, 0.087156, 0.37472, -1e-06, -0.087156, 0.996195, -0.0, 0.0, 0.0, 0.0, 1.0],
                [1.0, -0.0, 1e-06, 0.0, -0.0, 0.952059, 0.305914, 0.37472, -1e-06, -0.305914, 0.95206, 0.0, 0.0, 0.0, 0.0, 1.0],
                [1.0, -1e-06, 0.0, -0.0, -0.0, 0.22999, 0.973193, 0.37472, -1e-06, -0.973193, 0.229991, -0.0, 0.0, 0.0, 0.0, 1.0],
                [1.0, -0.0, 1e-06, 0.0, -0.0, 0.977614, 0.210404, 0.37472, -1e-06, -0.210404, 0.977615, 0.0, 0.0, 0.0, 0.0, 1.0],
                [1.0, -0.0, 1e-06, -0.0, -0.0, 0.979471, 0.201584, 0.37472, -1e-06, -0.201583, 0.979472, -0.0, 0.0, 0.0, 0.0, 1.0],
                [1.0, 0.0, 1e-06, 0.0, -0.0, 0.996194, 0.087156, 0.37472, -1e-06, -0.087156, 0.996195, -0.0, 0.0, 0.0, 0.0, 1.0]
            ]
        },
        {
            "name": "Knee_L",
            "time": [0.0, 0.2, 0.4, 0.6, 0.8],
            "transform": [
                [1.0, 0.0, -0.0, 0.0, -0.0, 1e-06, -1.0, 0.37472, -0.0, 1.0, 1e-06, -0.0, 0.0, 0.0, 0.0, 1.0],
                [1.0, 0.0, -0.0, 0.0, -0.0, 1e-06, -1.0, 0.37472, -0.0, 1.0, 1e-06, 0.0, 0.0, 0.0, 0.0, 1.0],
                [1.0, 0.0, -0.0, -0.0, -0.0, 0.594908, -0.803794, 0.37472, -0.0, 0.803794, 0.594908, -0.0, 0.0, 0.0, 0.0, 1.0],
                [1.0, 0.0, -0.0, -0.0, -0.0, 0.123373, -0.99236, 0.37472, -0.0, 0.99236, 0.123373, -0.0, 0.0, 0.0, 0.0, 1.0],
                [1.0, 0.0, -0.0, 0.0, -0.0, 1e-06, -1.0, 0.37472, -0.0, 1.0, 1e-06, -0.0, 0.0, 0.0, 0.0, 1.0]
            ]
        },
        {
            "name": "Torso",
            "time": [0.0, 0.2, 0.4, 0.6, 0.8],
            "transform": [
                [1.0, 0.0, 0.0, 0.0, 0.0, 0.995189, 0.097974, 0.05, 0.0, -0.097974, 0.995189, 0.0, 0.0, 0.0, 0.0, 1.0],
                [1.0, 0.0, 0.0, 0.0, 0.0, 0.995189, 0.097974, 0.05, 0.0, -0.097974, 0.995189, 0.0, 0.0, 0.0, 0.0, 1.0],
                [1.0, 0.0, 0.0, 0.0, 0.0, 0.995189, 0.097974, 0.05, 0.0, -0.097974, 0.995189, 0.0, 0.0, 0.0, 0.0, 1.0],
                [1.0, 0.0, 0.0, 0.0, 0.0, 0.995189, 0.097974, 0.05, 0.0, -0.097974, 0.995189, 0.0, 0.0, 0.0, 0.0, 1.0],
                [1.0, 0.0, 0.0, 0.0, 0.0, 0.995189, 0.097974, 0.05, 0.0, -0.097974, 0.995189, 0.0, 0.0, 0.0, 0.0, 1.0]
            ]
        },
        {
            "name": "Chest",
            "time": [0.0, 0.2, 0.4, 0.6, 0.8],
            "transform": [
                [1.0, 0.0, 0.0, 0.0, 0.0, 0.99987, 0.016151, 0.3, 0.0, -0.016151, 0.99987, -0.0, 0.0, 0.0, 0.0, 1.0],
                [1.0, 0.0, 0.0, 0.0, 0.0, 0.99987, 0.016151, 0.3, 0.0, -0.016151, 0.99987, -0.0, 0.0, 0.0, 0.0, 1.0],
                [1.0, 0.0, 0.0, 0.0, 0.0, 0.99987, 0.016151, 0.3, 0.0, -0.016151, 0.99987, -0.0, 0.0, 0.0, 0.0, 1.0],
                [1.0, 0.0, 0.0, 0.0, 0.0, 0.99987, 0.016151, 0.3, 0.0, -0.016151, 0.99987, -0.0, 0.0, 0.0, 0.0, 1.0],
                [1.0, 0.0, 0.0, 0.0, 0.0, 0.99987, 0.016151, 0.3, 0.0, -0.016151, 0.99987, -0.0, 0.0, 0.0, 0.0, 1.0]
            ]
        },
        {
            "name": "Head",
            "time": [0.0, 0.2, 0.4, 0.6, 0.8],