{
    "animation": [
        {
            "name": "Root",
            "time": [0.0, 0.1167, 0.2167, 0.8333, 1.2833],
            "transform": [
                [0.744585, 0.0, -0.667528, -0.12097, -0.667528, 0.0, -0.744585, -0.027522, 0.0, 1.0, 0.0, 0.679662, 0.0, 0.0, 0.0, 1.0],
                [0.744585, 0.0, -0.667528, -0.12097, -0.667528, 0.0, -0.744585, -0.027522, 0.0, 1.0, 0.0, 0.679662, 0.0, 0.0, 0.0, 1.0],
                [0.73865, 0.002382, -0.674085, -0.12097, -0.672391, -0.068349, -0.737034, -0.208003, -0.047829, 0.997659, -0.048884, 0.635841, 0.0, 0.0, 0.0, 1.0],
                [0.744585, 0.0, -0.667528, -0.12097, -0.667528, 0.0, -0.744585, -0.027522, 0.0, 1.0, 0.0, 0.679662, 0.0, 0.0, 0.0, 1.0],
                [0.744585, 0.0, -0.667528, -0.12097, -0.667528, 0.0, -0.744585, -0.027522, 0.0, 1.0, 0.0, 0.679662, 0.0, 0.0, 0.0, 1.0]
            ]
        },
        {
            "name": "Thigh_R",
            "time": [0.0, 0.1167, 0.2167, 0.8333, 1.2833],
            "transform": [
                [0.963909, 0.186031, 0.19045, 0.124994, 0.192353, -0.981208, -0.015096, -0.002831, 0.184063, 0.051185, -0.981581, -1.2e-05, 0.0, 0.0, 0.0, 1.0],
                [0.963909, 0.186031, 0.19045, 0.124994, 0.192353, -0.981208, -0.015096, -0.002831, 0.184063, 0.051185, -0.981581, -1.2e-05, 0.0, 0.0, 0.0, 1.0],
                [0.913155, 0.401162, 0.072224, 0.124994, 0.391557, -0.912545, 0.118071, -0.002831, 0.113273, -0.079537, -0.990375, -1.2e-05, 0.0, 0.0, 0.0, 1.0],
                [0.963909, 0.186031, 0.19045, 0.124994, 0.192353, -0.981208, -0.015096, -0.002831, 0.184063, 0.051185, -0.981581, -1.2e-05, 0.0, 0.0, 0.0, 1.0],
                [0.963909, 0.186031, 0.19045, 0.124994, 0.192353, -0.981208, -0.015096, -0.002831, 0.184063, 0.051185, -0.981581, -1.2e-05, 0.0, 0.0, 0.0, 1.0]
            ]
        },
        {
            "name": "Leg_R",
            "time": [0.0, 0.1167, 0.2167, 0.8333, 1.2833],
            "transform": [
                [1.0, -0.0, 2e-06, -0.0, -0.0, 0.968831, 0.247726, 0.37472, -2e-06, -0.247727, 0.968829, 0.0, 0.0, 0.0, 0.0, 1.0],
                [1.0, -0.0, 2e-06, -0.0, -0.0, 0.968831, 0.247726, 0.37472, -2e-06, -0.247727, 0.968829, 0.0, 0.0, 0.0, 0.0, 1.0],
                [1.0, -1e-06, 2e-06, -0.0, -0.0, 0.761925, 0.647666, 0.37472, -2e-06, -0.647667, 0.761924, -0.0, 0.0, 0.0, 0.0, 1.0],
                [1.0, -0.0, 2e-06, -0.0, -0.0, 0.968831, 0.247726, 0.37472, -2e-06, -0.247727, 0.968829, 0.0, 0.0, 0.0, 0.0, 1.0],
                [1.0, -0.0, 2e-06, -0.0, -0.0, 0.968831, 0.247726, 0.37472, -2e-06, -0.247727, 0.968829, 0.0, 0.0, 0.0, 0.0, 1.0]
            ]
        },
        {
            "name": "Knee_R",
            "time": [0.0, 0.1167, 0.2167, 0.8333, 1.2833],
            "transform": [
                [1.0, 0.0, -0.0, -0.0, -0.0, 1e-06, -1.0, 0.37472, -0.0, 1.0, 1e-06, 0.0, 0.0, 0.0, 0.0, 1.0],
                [1.0, 0.0, -0.0, -0.0, -0.0, 1e-06, -1.0, 0.37472, -0.0, 1.0, 1e-06, 0.0, 0.0, 0.0, 0.0, 1.0],
                [1.0, 0.0, -0.0, -0.0, -0.0, 1e-06, -1.0, 0.37472, -0.0, 1.0, 1e-06, -0.0, 0.0, 0.0, 0.0, 1.0],
                [1.0, 0.0, -0.0, -0.0, -0.0, 1e-06, -1.0, 0.37472, -0.0, 1.0, 1e-06, 0.0, 0.0, 0.0, 0.0, 1.0],
                [1.0, 0.0, -0.0, -0.0, -0.0, 1e-06, -1.0, 0.37472, -0.0, 1.0, 1e-06, 0.0, 0.0, 0.0, 0.0, 1.0]
            ]
        },
        {
            "name": "Thigh_L",
            "time": [0.0, 0.1167, 0.2167, 0.8333, 1.2833],
            "transform": [
                [0.866588, -0.344395, -0.361132, -0.125006, -0.027838, -0.755915, 0.654078, -0.002831, -0.498245, -0.556763, -0.664655, -1.2e-05, 0.0, 0.0, 0.0, 1.0],
                [0.866588, -0.344395, -0.361132, -0.125006, -0.027838, -0.755915, 0.654078, -0.002831, -0.498245, -0.556763, -0.664655, -1.2e-05, 0.0, 0.0, 0.0, 1.0],
                [0.866588, -0.387602, -0.314307, -0.125006, -0.027838, -0.666414, 0.745062, -0.002831, -0.498245, -0.636912, -0.588297, -1.2e-05, 0.0, 0.0, 0.0, 1.0],
                [0.866588, -0.344395, -0.361132, -0.125006, -0.027838, -0.755915, 0.654078, -0.002831, -0.498245, -0.556763, -0.664655, -1.2e-05, 0.0, 0.0, 0.0, 1.0],
                [0.866588, -0.344395, -0.361132, -0.125006, -0.027838, -0.755915, 0.654078, -0.002831, -0.498245, -0.556763, -0.664655, -1.2e-05, 0.0, 0.0, 0.0, 1.0]
            ]
        },
        {
            "name": "Leg_L",
            "time": [0.0, 0.1167, 0.2167, 0.8333, 1.2833],
            "transform": [
                [1.0, -1e-06, 0.0, 0.0, 0.0, 0.760582, 0.649242, 0.37472, -1e-06, -0.649241, 0.760583, -0.0, 0.0, 0.0, 0.0, 1.0],
                [1.0, -1e-06, 0.0, 0.0, 0.0, 0.760582, 0.649242, 0.37472, -1e-06, -0.649241, 0.760583, -0.0, 0.0, 0.0, 0.0, 1.0],
                [1.0, -1e-06, 0.0, 0.0, 0.0, 0.760582, 0.649242, 0.37472, -1e-06, -0.649241, 0.760583, -0.0, 0.0, 0.0, 0.0, 1.0],
                [1.0, -1e-06, 0.0, 0.0, 0.0, 0.760582, 0.649242, 0.37472, -1e-06, -0.649241, 0.760583, -0.0, 0.0, 0.0, 0.0, 1.0],
                [1.0, -1e-06, 0.0, 0.0, 0.0, 0.760582, 0.649242, 0.37472, -1e-06, -0.649241, 0.760583, -0.0, 0.0, 0.0, 0.0, 1.0]
            ]
        },
        {
            "name": "Knee_L",
            "time": [0.0, 0.1167, 0.2167, 0.8333, 1.2833],
            "transform": [
                [1.0, 0.0, -0.0, 0.0, -0.0, 1e-06, -1.0, 0.37472, -0.0, 1.0, 0.0, -0.0, 0.0, 0.0, 0.0, 1.0],
                [1.0, 0.0, -0.0, 0.0, -0.0, 1e-06, -1.0, 0.37472, -0.0, 1.0, 0.0, -0.0, 0.0, 0.0, 0.0, 1.0],
                [1.0, 0.0, -0.0, 0.0, -0.0, 1e-06, -1.0, 0.37472, -0.0, 1.0, 1e-06, -0.0, 0.0, 0.0, 0.0, 1.0],
                [1.0, 0.0, -0.0, 0.0, -0.0, 1e-06, -1.0, 0.37472, -0.0, 1.0, 0.0, -0.0, 0.0, 0.0, 0.0, 1.0],
                [1.0, 0.0, -0.0, 0.0, -0.0, 1e-06, -1.0, 0.37472, -0.0, 1.0, 0.0, -0.0, 0.0, 0.0, 0.0, 1.0]
            ]
        },
        {
            "name": "Torso",
            "time": [0.0, 0.1167, 0.2167, 0.8333, 1.2833],
            "transform": [
                [0.981277, 0.0108, -0.192301, 0.0, -0.017548, 0.999287, -0.033421, 0.05, 0.191803, 0.036169, 0.980767, 0.0, 0.0, 0.0, 0.0, 1.0],
                [0.981277, 0.0108, -0.192301, 0.0, -0.017548, 0.999287, -0.033421, 0.05, 0.191803, 0.036169, 0.980767, 0.0, 0.0, 0.0, 0.0, 1.0],
                [0.981277, 0.0108, -0.192301, 0.0, -0.017548, 0.999288, -0.033421, 0.05, 0.191803, 0.036169, 0.980767, 0.0, 0.0, 0.0, 0.0, 1.0],
                [0.981277, 0.0108, -0.192301, 0.0, -0.017548, 0.999287, -0.033421, 0.05, 0.191803, 0.036169, 0.980767, 0.0, 0.0, 0.0, 0.0, 1.0],
                [0.981277, 0.0108, -0.192301, 0.0, -0.017548, 0.999287, -0.033421, 0.05, 0.191803, 0.036169, 0.980767, 0.0, 0.0, 0.0, 0.0, 1.0]
            ]
        },
        {
            "name": "Chest",
            "time": [0.0, 0.1167, 0.2167, 0.8333, 1.2833],
            "transform": [
                [0.962878, 0.083993, -0.256536, 0.0, -0.058818, 0.992806, 0.10429, 0.3, 0.26345, -0.085329, 0.960892, -0.0, 0.0, 0.0, 0.0, 1.0],
                [0.962878, 0.083993, -0.256536, 0.0, -0.058818, 0.992806, 0.10429, 0.3, 0.26345, -0.085329, 0.960892, -0.0, 0.0, 0.0, 0.0, 1.0],
                [0.960781, -0.017497, -0.276758, 0.0, 0.054597, 0.990409, 0.12692, 0.3, 0.271883, -0.137052, 0.952521, -0.0, 0.0, 0.0, 0.0, 1.0],
                [0.963575, 0.071837, -0.257608, 0.0, -0.044614, 0.992928, 0.110013, 0.3, 0.263689, -0.094513, 0.959966, -0.0, 0.0, 0.0, 0.0, 1.0],
                [0.963575, 0.071837, -0.257608, 0.0, -0.044614, 0.992928, 0.110013, 0.3, 0.263689, -0.094513, 0.959966, -0.0, 0.0, 0.0, 0.0, 1.0]
            ]
        },
        {
            "name": "Head",
            "time": [0.0, 0.1167, 0.2167, 0.8333, 1.2833],