{
    "animation": [
        {
            "name": "Root",
            "time": [0.0, 0.1, 0.2, 0.7333],
            "transform": [
                [0.968697, 0.038611, -0.245224, -0.00065, -0.237581, -0.142238, -0.960897, -0.027522, -0.071982, 0.989079, -0.128613, 0.64379, 0.0, 0.0, 0.0, 1.0],
                [0.971809, 0.039312, 0.232468, -0.00065, 0.235642, -0.129703, -0.963146, -0.027522, -0.007712, 0.990773, -0.135311, 0.726083, 0.0, 0.0, 0.0, 1.0],
                [0.752493, 0.030664, 0.657886, -0.00065, 0.656773, -0.10928, -0.746128, 0.240846, 0.049015, 0.993538, -0.102372, 0.597059, 0.0, 0.0, 0.0, 1.0],
                [0.834853, 0.0, -0.550472, -0.00065, -0.550472, 0.0, -0.834853, -0.027522, 0.0, 1.0, 0.0, 0.770544, 0.0, 0.0, 0.0, 1.0]
            ]
        },
        {
            "name": "Thigh_R",
            "time": [0.0, 0.1, 0.2, 0.4, 0.7333],
            "transform": [
                [0.88503, 0.364388, 0.289728, 0.124994, 0.435629, -0.867703, -0.239408, -0.002831, 0.16416, 0.338097, -0.926683, -1.2e-05, 0.0, 0.0, 0.0, 1.0],
                [0.840057, 0.233759, 0.489551, 0.124994, 0.149791, -0.967266, 0.204829, -0.002831, 0.521408, -0.098737, -0.847576, -1.2e-05, 0.0, 0.0, 0.0, 1.0],
                [0.709408, 0.483624, 0.512686, 0.124994, 0.044055, -0.756427, 0.652592, -0.002831, 0.703419, -0.440366, -0.557923, -1.2e-05, 0.0, 0.0, 0.0, 1.0],
                [0.812853, 0.441268, 0.3802, 0.124994, 0.137084, -0.77933, 0.611433, -0.002831, 0.566107, -0.444885, -0.693974, -1.2e-05, 0.0, 0.0, 0.0, 1.0],
                [0.963909, 0.186031, 0.19045, 0.124994, 0.192353, -0.981208, -0.015096, -0.002831, 0.184063, 0.051185, -0.981581, -1.2e-05, 0.0, 0.0, 0.0, 1.0]
            ]
        },
        {
            "name": "Leg_R",
            "time": [0.0, 0.1, 0.2, 0.35, 0.45, 0.7333],
            "transform": [
                [1.0, -1e-06, 1e-06, 0.0, -0.0, 0.79359, 0.608453, 0.37472, -2e-06, -0.608454, 0.793589, 0.0, 0.0, 0.0, 0.0, 1.0],
                [0.974925, 0.219851, 0.034456, 0.0, -0.069181, 0.152268, 0.985914, 0.37472, 0.211508, -0.963578, 0.163659, -0.0, 0.0, 0.0, 0.0, 1.0],
                [1.0, -1e-06, 2e-06, 0.0, -0.0, 0.815662, 0.578529, 0.37472, -2e-06, -0.57853, 0.81566, 0.0, 0.0, 0.0, 0.0, 1.0],
                [1.0, -1e-06, 1e-06, -0.0, -0.0, 0.807853, 0.589384, 0.37472, -2e-06, -0.589385, 0.807852, 0.0, 0.0, 0.0, 0.0, 1.0],
                [1.0, -2e-06, 1e-06, 0.0, -0.0, 0.375088, 0.926989, 0.37472, -2e-06, -0.92699, 0.375088, 0.0, 0.0, 0.0, 0.0, 1.0],
                [1.0, 0.0, 2e-06, 0.0, -0.0, 0.999924, -0.012363, 0.37472, -2e-06, 0.012363, 0.999923, 0.0, 0.0, 0.0, 0.0, 1.0]
            ]
        },
        {
            "name": "Knee_R",
            "time": [0.0, 0.7333],
            "transform": [
                [1.0, 0.0, -0.0, 0.0, -0.0, 1e-06, -1.0, 0.37472, -0.0, 1.0, 1e-06, 0.0, 0.0, 0.0, 0.0, 1.0],
                [1.0, 0.0, -0.0, 0.0, -0.0, 1e-06, -1.0, 0.37472, -0.0, 1.0, 1e-06, 0.0, 0.0, 0.0, 0.0, 1.0]
            ]
        },
        {
            "name": "Thigh_L",
            "time": [0.0, 0.1, 0.2, 0.4, 0.7333],
            "transform": [
                [0.969467, -0.15617, -0.18906, -0.125006, -0.016497, -0.810771, 0.58513, -0.002831, -0.244664, -0.564146, -0.788593, -1.2e-05, 0.0, 0.0, 0.0, 1.0],
                [0.981986, -0.031678, 0.186279, -0.125006, -0.047134, -0.995749, 0.079141, -0.002831, 0.18298, -0.086495, -0.979304, -1.2e-05, 0.0, 0.0, 0.0, 1.0],
                [0.852776, -0.488258, 0.185407, -0.125006, -0.383505, -0.826389, -0.412316, -0.002831, 0.354535, 0.28051, -0.891974, -1.2e-05, 0.0, 0.0, 0.0, 1.0],
                [0.976581, -0.214937, -0.009523, -0.125006, -0.212072, -0.969135, 0.125706, -0.002831, -0.036248, -0.120742, -0.992021, -1.2e-05, 0.0, 0.0, 0.0, 1.0],
                [0.866588, -0.185794, -0.463146, -0.125006, -0.027838, -0.94466, 0.326868, -0.002831, -0.498245, -0.270367, -0.823804, -1.2e-05, 0.0, 0.0, 0.0, 1.0]
            ]
        },
        {
            "name": "Leg_L",
            "time": [0.0, 0.4, 0.7333],
            "transform": [
                [1.0, -1e-06, 0.0, 0.0, 0.0, 0.807112, 0.590399, 0.37472, -1e-06, -0.590398, 0.807112, 0.0, 0.0, 0.0, 0.0, 1.0],
                [1.0, -1e-06, 0.0, -0.0, 0.0, 0.678226, 0.734853, 0.37472, -1e-06, -0.734853, 0.678227, -0.0, 0.0, 0.0, 0.0, 1.0],
                [1.0, -0.0, 1e-06, 0.0, 0.0, 0.953504, 0.301381, 0.37472, -1e-06, -0.301381, 0.953504, 0.0, 0.0, 0.0, 0.0, 1.0]
            ]
        },
        {
            "name": "Knee_L",
            "time": [0.0, 0.7333],
            "transform": [
                [1.0, 0.0, -0.0, 0.0, -0.0, 1e-06, -1.0, 0.37472, -0.0, 1.0, 1e-06, 0.0, 0.0, 0.0, 0.0, 1.0],
                [1.0, 0.0, -0.0, 0.0, -0.0, 1e-06, -1.0, 0.37472, -0.0, 1.0, 1e-06, 0.0, 0.0, 0.0, 0.0, 1.0]
            ]
        },
        {
            "name": "Torso",
            "time": [0.0, 0.7333],
            "transform": [
                [0.977125, -0.149718, -0.151036, 0.0, 0.132583, 0.984146, -0.117809, 0.05, 0.166279, 0.09509, 0.981483, -0.0, 0.0, 0.0, 0.0, 1.0],
                [0.981277, 0.0108, -0.192301, 0.0, -0.017548, 0.999287, -0.033421, 0.05, 0.191803, 0.036169, 0.980767, 0.0, 0.0, 0.0, 0.0, 1.0]
            ]
        },
        {
            "name": "Chest",
            "time": [0.0, 0.2, 0.7333],
            "transform": [
                [0.912395, 0.104892, -0.395643, 0.0, 0.020539, 0.953656, 0.300198, 0.3, 0.408796, -0.282025, 0.867956, 0.0, 0.0, 0.0, 0.0, 1.0],
                [0.985705, 0.127489, -0.110141, -0.0, -0.062102, 0.882655, 0.4659, 0.3, 0.156614, -0.4524, 0.877955, 0.0, 0.0, 0.0, 0.0, 1.0],
                [0.963687, -0.011176, -0.266802, -0.0, 0.052557, 0.987519, 0.14847, 0.3, 0.261813, -0.157101, 0.952247, -0.0, 0.0, 0.0, 0.0, 1.0]
            ]
        },
        {
            "name": "Head",
            "time": [0.0, 0.2, 0.7333],
            "transform": [
                [0.689378, -0.058669, 0.722022, -0.0, 0.083627, 0.996497, 0.001126, 0.4, -0.719558, 0.059604, 0.691869, 0.0, 0.0, 0.0, 0.0, 1.0],
                [0.946495, -0.058669, -0.317342, 0.0, 0.036547, 0.996496, -0.075227, 0.4, 0.320644, 0.059604, 0.945323, -0.0, 0.0, 0.0, 0.0, 1.0],
                [0.689378, -0.058669, 0.722022, -0.0, 0.083627, 0.996497, 0.001126, 0.4, -0.719558, 0.059604, 0.691869, -0.0, 0.0, 0.0, 0.0, 1.0]
            ]
        },
        {
            "name": "Shoulder_R",
            "time": [0.0, 0.7333],
            "transform": [
                [0.356552, 0.842834, 0.403113, -0.0, -0.197463, -0.353741, 0.914262, 0.4, 0.913169, -0.405582, 0.040302, 0.0, 0.0, 0.0, 0.0, 1.0],
                [0.356552, 0.842834, 0.403113, -0.0, -0.197463, -0.353741, 0.914262, 0.4, 0.913169, -0.405582, 0.040302, -0.0, 0.0, 0.0, 0.0, 1.0]
            ]
        },
        {
            "name": "Arm_R",
            "time": [0.0, 0.2, 0.7333],
            "transform": [
                [-0.124752, -0.369051, -0.920999, -0.0, -0.889456, 0.452931, -0.061013, 0.393861, 0.439666, 0.811576, -0.384759, -0.0, 0.0, 0.0, 0.0, 1.0],
                [0.006464, -0.357934, -0.933724, 0.0, -0.629466, 0.724078, -0.281926, 0.39386, 0.777, 0.589571, -0.220627, -0.0, 0.0, 0.0, 0.0, 1.0],
                [-0.946732, -0.313749, -0.072529, 0.0, -0.186526, 0.717884, -0.670708, 0.39386, 0.262501, -0.621453, -0.738166, -0.0, 0.0, 0.0, 0.0, 1.0]
            ]
        },
        {
            "name": "Hand_R",
            "time": [0.0, 0.2, 0.7333],