{
    "animation": [
        {
            "name": "Root",
            "time": [0.0, 0.1167, 0.3333, 0.7167, 1.2333],
            "transform": [
                [0.630955, 0.0, -0.775819, -0.00065, -0.73731, -0.311144, -0.599636, -0.027522, -0.241391, 0.950363, -0.196318, 0.770544, 0.0, 0.0, 0.0, 1.0],
                [0.630955, 0.0, -0.775819, -0.00065, -0.73731, -0.311144, -0.599636, -0.027522, -0.241391, 0.950363, -0.196318, 0.770544, 0.0, 0.0, 0.0, 1.0],
                [0.998885, 0.012221, -0.045596, -0.00065, -0.046926, 0.152083, -0.987253, -0.358068, -0.005131, 0.988292, 0.152487, 0.69384, 0.0, 0.0, 0.0, 1.0],
                [0.995651, -0.023495, 0.090146, -0.00065, 0.093117, 0.222169, -0.970551, -0.414649, 0.002775, 0.974725, 0.223391, 0.68071, 0.0, 0.0, 0.0, 1.0],
                [0.834853, 0.0, -0.550472, -0.00065, -0.550472, 0.0, -0.834853, -0.246473, 0.0, 1.0, 0.0, 0.770544, 0.0, 0.0, 0.0, 1.0]
            ]
        },
        {
            "name": "Thigh_R",
            "time": [0.0, 0.1167, 0.3333, 0.7167, 1.2333],
            "transform": [
                [0.952427, 0.289105, 0.096435, 0.124994, 0.222921, -0.876625, 0.426416, -0.002831, 0.207817, -0.384632, -0.899372, -1.2e-05, 0.0, 0.0, 0.0, 1.0],
                [0.952427, 0.289105, 0.096435, 0.124994, 0.222921, -0.876625, 0.426416, -0.002831, 0.207817, -0.384632, -0.899372, -1.2e-05, 0.0, 0.0, 0.0, 1.0],
                [0.983408, 0.141586, 0.113405, 0.124994, 0.008582, -0.660758, 0.750548, -0.002831, 0.181201, -0.737121, -0.651013, -1.2e-05, 0.0, 0.0, 0.0, 1.0],
                [0.985171, 0.118141, 0.124418, 0.124994, -0.027299, -0.607982, 0.79348, -0.002831, 0.169387, -0.785109, -0.595743, -1.2e-05, 0.0, 0.0, 0.0, 1.0],
                [0.963909, 0.186031, 0.19045, 0.124994, 0.192353, -0.981208, -0.015096, -0.002831, 0.184063, 0.051185, -0.981581, -1.2e-05, 0.0, 0.0, 0.0, 1.0]
            ]
        },
        {
            "name": "Leg_R",
            "time": [0.0, 0.1167, 0.3333, 0.7167, 1.2333],
            "transform": [
                [1.0, -1e-06, 1e-06, 0.0, -0.0, 0.760837, 0.648943, 0.37472, -2e-06, -0.648944, 0.760836, -0.0, 0.0, 0.0, 0.0, 1.0],
                [1.0, -1e-06, 1e-06, 0.0, -0.0, 0.760837, 0.648943, 0.37472, -2e-06, -0.648944, 0.760836, -0.0, 0.0, 0.0, 0.0, 1.0],
                [1.0, -1e-06, 2e-06, -0.0, -0.0, 0.760837, 0.648943, 0.37472, -2e-06, -0.648944, 0.760836, 0.0, 0.0, 0.0, 0.0, 1.0],
                [1.0, -1e-06, 2e-06, -0.0, -0.0, 0.760837, 0.648943, 0.37472, -2e-06, -0.648944, 0.760836, -0.0, 0.0, 0.0, 0.0, 1.0],
                [1.0, 0.0, 2e-06, 0.0, -0.0, 0.999924, -0.012363, 0.37472, -2e-06, 0.012363, 0.999923, -0.0, 0.0, 0.0, 0.0, 1.0]
            ]
        },
        {
            "name": "Knee_R",
            "time": [0.0, 0.1167, 0.3333, 0.7167, 1.2333],
            "transform": [
                [1.0, 0.0, -0.0, 0.0, -0.0, 1e-06, -1.0, 0.37472, -0.0, 1.0, 1e-06, -0.0, 0.0, 0.0, 0.0, 1.0],
                [1.0, 0.0, -0.0, 0.0, -0.0, 1e-06, -1.0, 0.37472, -0.0, 1.0, 1e-06, -0.0, 0.0, 0.0, 0.0, 1.0],
                [1.0, 0.0, -0.0, -0.0, -0.0, 1e-06, -1.0, 0.37472, -0.0, 1.0, 1e-06, 0.0, 0.0, 0.0, 0.0, 1.0],
                [1.0, 0.0, -0.0, -0.0, -0.0, 1e-06, -1.0, 0.37472, -0.0, 1.0, 1e-06, -0.0, 0.0, 0.0, 0.0, 1.0],
                [1.0, 0.0, -0.0, 0.0, -0.0, 1e-06, -1.0, 0.37472, -0.0, 1.0, 1e-06, -0.0, 0.0, 0.0, 0.0, 1.0]
            ]
        },
        {
            "name": "Thigh_L",
            "time": [0.0, 0.1167, 0.3333, 0.7167, 1.2333],
            "transform": [
                [0.86009, -0.460735, -0.219015, -0.125006, -0.197441, -0.696507, 0.689851, -0.002831, -0.470384, -0.550092, -0.690027, -1.2e-05, 0.0, 0.0, 0.0, 1.0],
                [0.86009, -0.460735, -0.219015, -0.125006, -0.197441, -0.696507, 0.689851, -0.002831, -0.470384, -0.550092, -0.690027, -1.2e-05, 0.0, 0.0, 0.0, 1.0],
                [0.972964, -0.228787, -0.031553, -0.125006, -0.223935, -0.967978, 0.113451, -0.002831, -0.056498, -0.103318, -0.993042, -1.2e-05, 0.0, 0.0, 0.0, 1.0],
                [0.983754, -0.178884, 0.015057, -0.125006, -0.179004, -0.983823, 0.007011, -0.002831, 0.01356, -0.009593, -0.999862, -1.2e-05, 0.0, 0.0, 0.0, 1.0],
                [0.866588, -0.185794, -0.463146, -0.125006, -0.027838, -0.94466, 0.326868, -0.002831, -0.498245, -0.270367, -0.823804, -1.2e-05, 0.0, 0.0, 0.0, 1.0]
            ]
        },
        {
            "name": "Leg_L",
            "time": [0.0, 0.1167, 0.3333, 0.7167, 1.2333],
            "transform": [
                [1.0, -1e-06, 1e-06, 0.0, 0.0, 0.85033, 0.526249, 0.37472, -1e-06, -0.526249, 0.850331, -0.0, 0.0, 0.0, 0.0, 1.0],
                [1.0, -1e-06, 1e-06, 0.0, 0.0, 0.85033, 0.526249, 0.37472, -1e-06, -0.526249, 0.850331, -0.0, 0.0, 0.0, 0.0, 1.0],
                [1.0, -1e-06, 1e-06, -0.0, 0.0, 0.85033, 0.526249, 0.37472, -1e-06, -0.526249, 0.850331, -0.0, 0.0, 0.0, 0.0, 1.0],
                [1.0, -1e-06, 1e-06, -0.0, 0.0, 0.85033, 0.52625, 0.37472, -1e-06, -0.526249, 0.850331, 0.0, 0.0, 0.0, 0.0, 1.0],
                [1.0, -0.0, 1e-06, -0.0, 0.0, 0.953504, 0.301381, 0.37472, -1e-06, -0.301381, 0.953504, 0.0, 0.0, 0.0, 0.0, 1.0]
            ]
        },
        {
            "name": "Knee_L",
            "time": [0.0, 0.1167, 0.3333, 0.7167, 1.2333],
            "transform": [
                [1.0, 0.0, -0.0, 0.0, -0.0, 1e-06, -1.0, 0.37472, -0.0, 1.0, 1e-06, -0.0, 0.0, 0.0, 0.0, 1.0],
                [1.0, 0.0, -0.0, 0.0, -0.0, 1e-06, -1.0, 0.37472, -0.0, 1.0, 1e-06, -0.0, 0.0, 0.0, 0.0, 1.0],
                [1.0, 0.0, -0.0, -0.0, -0.0, 1e-06, -1.0, 0.37472, -0.0, 1.0, 1e-06, -0.0, 0.0, 0.0, 0.0, 1.0],
                [1.0, 0.0, -0.0, -0.0, -0.0, 1e-06, -1.0, 0.37472, -0.0, 1.0, 1e-06, 0.0, 0.0, 0.0, 0.0, 1.0],
                [1.0, 0.0, -0.0, -0.0, -0.0, 1e-06, -1.0, 0.37472, -0.0, 1.0, 1e-06, 0.0, 0.0, 0.0, 0.0, 1.0]
            ]
        },
        {
            "name": "Torso",
            "time": [0.0, 0.1167, 0.3333, 0.7167, 1.2333],
            "transform": [
                [0.947377, 0.0108, -0.319937, 0.0, -0.021799, 0.999287, -0.030817, 0.05, 0.319376, 0.036169, 0.946938, -0.0, 0.0, 0.0, 0.0, 1.0],
                [0.947377, 0.0108, -0.319937, 0.0, -0.021799, 0.999287, -0.030817, 0.05, 0.319376, 0.036169, 0.946938, -0.0, 0.0, 0.0, 0.0, 1.0],
                [0.947377, 0.0108, -0.319937, 0.0, -0.021799, 0.999287, -0.030817, 0.05, 0.319376, 0.036169, 0.946938, -0.0, 0.0, 0.0, 0.0, 1.0],
                [0.947377, 0.0108, -0.319937, 0.0, -0.021799, 0.999287, -0.030817, 0.05, 0.319376, 0.036169, 0.946938, 0.0, 0.0, 0.0, 0.0, 1.0],
                [0.981277, 0.0108, -0.192301, -0.0, -0.017548, 0.999287, -0.033421, 0.05, 0.191803, 0.036169, 0.980767, 0.0, 0.0, 0.0, 0.0, 1.0]
            ]
        },
        {
            "name": "Chest",
            "time": [0.0, 0.1167, 0.3333, 0.7167, 1.2333],
            "transform": [
                [0.930833, -0.314614, 0.185926, -0.0, 0.09239, 0.694834, 0.713211, 0.3, -0.353574, -0.646702, 0.675841, -0.0, 0.0, 0.0, 0.0, 1.0],
                [0.930833, -0.314614, 0.185926, -0.0, 0.09239, 0.694834, 0.713211, 0.3, -0.353574, -0.646702, 0.675841, -0.0, 0.0, 0.0, 0.0, 1.0],
                [0.987384, -0.092898, 0.128227, -0.0, -0.030698, 0.682137, 0.73058, 0.3, -0.155338, -0.7253, 0.670679, 0.0, 0.0, 0.0, 0.0, 1.0],
                [0.996294, -0.035541, 0.078322, -0.0, -0.033733, 0.676197, 0.735948, 0.3, -0.079118, -0.735863, 0.672493, -0.0, 0.0, 0.0, 0.0, 1.0],
                [0.963687, -0.011176, -0.266802, 0.0, 0.052557, 0.987519, 0.14847, 0.3, 0.261813, -0.157101, 0.952247, -0.0, 0.0, 0.0, 0.0, 1.0]
            ]
        },
        {
            "name": "Head",
            "time": [0.0, 0.1167, 0.3333, 0.7167, 1.2333],