{
    
    "animation": [
        {
            "name": "Root",
            "time": [0.0, 0.1833, 0.3167, 0.6, 1.0, 1.2],
            "transform": [
                [0.788169, 0.016909, -0.615227, 0.083175, -0.578565, -0.320537, -0.750012, -0.085005, -0.209885, 0.947085, -0.242854, 0.793531, 0.0, 0.0, 0.0, 1.0],
                [0.785732, 0.048844, -0.616636, -0.008917, -0.603472, -0.158358, -0.781501, -0.02889, -0.135821, 0.986173, -0.094951, 0.722703, 0.0, 0.0, 0.0, 1.0],
                [0.953225, 0.038895, -0.299748, 0.041998, -0.292364, -0.133048, -0.947007, 0.304405, -0.076714, 0.990346, -0.115453, 0.751065, 0.0, 0.0, 0.0, 1.0],
                [0.58791, 0.085865, 0.804356, 0.088803, 0.808766, -0.082174, -0.582362, 0.741473, 0.016093, 0.992912, -0.117756, 0.594146, 0.0, 0.0, 0.0, 1.0],
                [0.58791, 0.085865, 0.804356, 0.090926, 0.808766, -0.082174, -0.582362, 0.798582, 0.016093, 0.992912, -0.117756, 0.614248, 0.0, 0.0, 0.0, 1.0],
                [0.58791, 0.085865, 0.804356, 0.090926, 0.808766, -0.082174, -0.582362, 0.798582, 0.016093, 0.992912, -0.117756, 0.614248, 0.0, 0.0, 0.0, 1.0]
            ]
        },
        {
            "name": "Thigh_R",
            "time": [0.0, 0.1833, 0.3167, 0.6, 1.0, 1.2],
            "transform": [
                [0.676735, 0.368514, 0.637359, 0.124994, 0.519192, -0.852668, -0.058263, -0.002831, 0.521986, 0.37034, -0.768361, -1.2e-05, 0.0, 0.0, 0.0, 1.0],
                [0.909076, 0.391066, 0.143691, 0.124994, 0.413831, -0.887472, -0.202814, -0.002831, 0.048208, 0.243837, -0.968617, -1.2e-05, 0.0, 0.0, 0.0, 1.0],
                [0.936523, 0.091919, -0.33834, 0.124994, 0.218146, -0.908242, 0.357079, -0.002831, -0.274473, -0.408219, -0.870644, -1.2e-05, 0.0, 0.0, 0.0, 1.0],
                [0.685169, 0.568413, 0.455465, 0.124994, 0.132219, -0.711977, 0.689641, -0.002831, 0.716282, -0.412299, -0.562982, -1.2e-05, 0.0, 0.0, 0.0, 1.0],
                [0.685169, 0.568413, 0.455465, 0.124994, 0.132219, -0.711977, 0.689641, -0.002831, 0.716282, -0.412299, -0.562982, -1.2e-05, 0.0, 0.0, 0.0, 1.0],
                [0.685169, 0.568413, 0.455465, 0.124994, 0.132219, -0.711977, 0.689641, -0.002831, 0.716282, -0.412299, -0.562982, -1.2e-05, 0.0, 0.0, 0.0, 1.0]
            ]
        },
        {
            "name": "Leg_R",
            "time": [0.0, 0.1833, 0.3167, 0.4, 0.6, 1.0, 1.2],
            "transform": [
                [1.0, -0.0, 2e-06, -0.0, -0.0, 0.984742, 0.174024, 0.37472, -2e-06, -0.174025, 0.984741, 0.0, 0.0, 0.0, 0.0, 1.0],
                [1.0, -1e-06, 2e-06, -0.0, -0.0, 0.888703, 0.458485, 0.37472, -2e-06, -0.458486, 0.888701, -0.0, 0.0, 0.0, 0.0, 1.0],
                [1.0, -2e-06, 0.0, -0.0, -0.0, -0.192871, 0.981224, 0.37472, -2e-06, -0.981225, -0.19287, 0.0, 0.0, 0.0, 0.0, 1.0],
                [1.0, -1e-06, 2e-06, -0.0, -0.0, 0.868977, 0.494854, 0.37472, -2e-06, -0.494854, 0.868976, -0.0, 0.0, 0.0, 0.0, 1.0],
                [1.0, -1e-06, 2e-06, -0.0, -0.0, 0.846866, 0.531806, 0.37472, -2e-06, -0.531807, 0.846865, -0.0, 0.0, 0.0, 0.0, 1.0],
                [1.0, -1e-06, 2e-06, -0.0, -0.0, 0.846866, 0.531806, 0.37472, -2e-06, -0.531807, 0.846865, -0.0, 0.0, 0.0, 0.0, 1.0],
                [1.0, -1e-06, 2e-06, -0.0, -0.0, 0.846866, 0.531806, 0.37472, -2e-06, -0.531807, 0.846865, -0.0, 0.0, 0.0, 0.0, 1.0]
            ]
        },
        {
            "name": "Knee_R",
            "time": [0.0, 0.1833, 0.3167, 0.4, 0.6, 1.0, 1.2],
            "transform": [
                [1.0, 0.0, -0.0, -0.0, -0.0, 1e-06, -1.0, 0.37472, -0.0, 1.0, 1e-06, 0.0, 0.0, 0.0, 0.0, 1.0],
                [1.0, 0.0, -0.0, -0.0, -0.0, 1e-06, -1.0, 0.37472, -0.0, 1.0, 1e-06, -0.0, 0.0, 0.0, 0.0, 1.0],
                [1.0, 0.0, -0.0, -0.0, -0.0, 0.677847, -0.735203, 0.37472, -0.0, 0.735203, 0.677847, 0.0, 0.0, 0.0, 0.0, 1.0],
                [1.0, 0.0, -0.0, -0.0, -0.0, 0.387757, -0.921762, 0.37472, -0.0, 0.921762, 0.387757, -0.0, 0.0, 0.0, 0.0, 1.0],
                [1.0, 0.0, -0.0, -0.0, -0.0, 0.330367, -0.943853, 0.37472, -0.0, 0.943853, 0.330367, -0.0, 0.0, 0.0, 0.0, 1.0],
                [1.0, 0.0, -0.0, -0.0, -0.0, 0.330367, -0.943853, 0.37472, -0.0, 0.943853, 0.330367, -0.0, 0.0, 0.0, 0.0, 1.0],
                [1.0, 0.0, -0.0, -0.0, -0.0, 0.330367, -0.943853, 0.37472, -0.0, 0.943853, 0.330367, -0.0, 0.0, 0.0, 0.0, 1.0]
            ]
        },
        {
            "name": "Thigh_L",
            "time": [0.0, 0.0833, 0.1833, 0.3167, 0.6, 1.0, 1.2],
            "transform": [
                [0.727417, -0.515573, 0.452823, -0.125006, -0.564595, -0.074641, 0.821985, -0.002831, -0.389994, -0.853588, -0.345386, -1.2e-05, 0.0, 0.0, 0.0, 1.0],
                [0.828449, -0.558033, -0.047652, -0.125006, -0.123138, -0.264488, 0.956495, -0.002831, -0.546359, -0.78654, -0.28783, -1.2e-05, 0.0, 0.0, 0.0, 1.0],
                [0.788154, -0.160323, -0.59423, -0.125006, 0.035573, -0.951998, 0.30403, -0.002831, -0.614449, -0.260761, -0.744618, -1.2e-05, 0.0, 0.0, 0.0, 1.0],
                [0.95795, 0.040531, -0.284057, -0.125006, -0.033236, -0.967636, -0.250154, -0.002831, -0.285003, 0.249077, -0.925599, -1.2e-05, 0.0, 0.0, 0.0, 1.0],
                [0.699055, -0.468535, 0.540181, -0.125006, 0.010176, -0.748834, -0.66268, -0.002831, 0.714994, 0.468747, -0.518708, -1.2e-05, 0.0, 0.0, 0.0, 1.0],
                [0.699055, -0.468535, 0.540181, -0.125006, 0.010176, -0.748834, -0.66268, -0.002831, 0.714994, 0.468747, -0.518708, -1.2e-05, 0.0, 0.0, 0.0, 1.0],
                [0.699055, -0.468535, 0.540181, -0.125006, 0.010176, -0.748834, -0.66268, -0.002831, 0.714994, 0.468747, -0.518708, -1.2e-05, 0.0, 0.0, 0.0, 1.0]
            ]
        },
        {
            "name": "Leg_L",
            "time": [0.0, 0.0833, 0.1833, 0.6, 1.0, 1.2],
            "transform": [
                [1.0, -1e-06, 0.0, 0.0, 0.0, 0.426531, 0.904473, 0.37472, -1e-06, -0.904472, 0.426532, 0.0, 0.0, 0.0, 0.0, 1.0],
                [1.0, -1e-06, -0.0, 0.0, 0.0, -0.023132, 0.999732, 0.37472, -1e-06, -0.999732, -0.023132, 0.0, 0.0, 0.0, 0.0, 1.0],
                [1.0, -0.0, 1e-06, -0.0, 0.0, 0.97613, 0.217187, 0.37472, -1e-06, -0.217187, 0.97613, 0.0, 0.0, 0.0, 0.0, 1.0],
                [1.0, -0.0, 1e-06, 0.0, 0.0, 0.962147, 0.272531, 0.37472, -1e-06, -0.272531, 0.962147, -0.0, 0.0, 0.0, 0.0, 1.0],
                [1.0, -0.0, 1e-06, -0.0, 0.0, 0.962147, 0.272531, 0.37472, -1e-06, -0.272531, 0.962147, -0.0, 0.0, 0.0, 0.0, 1.0],
                [1.0, -0.0, 1e-06, -0.0, 0.0, 0.962147, 0.272531, 0.37472, -1e-06, -0.272531, 0.962147, -0.0, 0.0, 0.0, 0.0, 1.0]
            ]
        },
        {
            "name": "Knee_L",
            "time": [0.0, 0.0833, 0.1833, 1.0, 1.2],
            "transform": [
                [1.0, 0.0, -0.0, 0.0, -0.0, 0.127307, -0.991863, 0.37472, -0.0, 0.991863, 0.127307, 0.0, 0.0, 0.0, 0.0, 1.0],
                [1.0, 0.0, -0.0, 0.0, -0.0, 0.64445, -0.764647, 0.37472, -0.0, 0.764647, 0.64445, 0.0, 0.0, 0.0, 0.0, 1.0],
                [1.0, 0.0, -0.0, -0.0, -0.0, 0.234212, -0.972185, 0.37472, -0.0, 0.972185, 0.234212, 0.0, 0.0, 0.0, 0.0, 1.0],
                [1.0, 0.0, -0.0, -0.0, -0.0, 0.234212, -0.972185, 0.37472, -0.0, 0.972186, 0.234212, -0.0, 0.0, 0.0, 0.0, 1.0],
                [1.0, 0.0, -0.0, -0.0, -0.0, 0.234212, -0.972185, 0.37472, -0.0, 0.972186, 0.234212, -0.0, 0.0, 0.0, 0.0, 1.0]
            ]
        },
        {
            "name": "Torso",
            "time": [0.0, 0.1833, 0.3, 0.6, 1.0, 1.2],