{
    
    "animation": [
        {
            "name": "Root",
            "time": [0.0, 0.15, 0.2833, 0.45, 0.7167],
            "transform": [
                [0.885373, 0.0, 0.464882, -5e-06, 0.464882, 0.0, -0.885373, 0.000946, 0.0, 1.0, 0.0, 0.755725, 0.0, 0.0, 0.0, 1.0],
                [0.788169, 0.016909, -0.615227, 0.150668, -0.578565, -0.320537, -0.750012, 0.501229, -0.209885, 0.947085, -0.242854, 0.796471, 0.0, 0.0, 0.0, 1.0],
                [0.788169, 0.016909, -0.615227, 0.150668, -0.578565, -0.320537, -0.750012, 0.501229, -0.209885, 0.947085, -0.242854, 0.796471, 0.0, 0.0, 0.0, 1.0],
                [0.788169, 0.016909, -0.615227, 0.168558, -0.578565, -0.320537, -0.750012, 1.200816, -0.209885, 0.947085, -0.242854, 0.741521, 0.0, 0.0, 0.0, 1.0],
                [0.788169, 0.016909, -0.615227, 0.091623, -0.578565, -0.320537, -0.750012, 0.657971, -0.209885, 0.947085, -0.242854, 0.761214, 0.0, 0.0, 0.0, 1.0]
            ]
        },
        {
            "name": "Thigh_R",
            "time": [0.0, 0.15, 0.2833, 0.45, 0.5333, 0.7167],
            "transform": [
                [0.867241, 0.196843, 0.457324, 0.124994, -0.010013, -0.911445, 0.411296, -0.002831, 0.497787, -0.361271, -0.788474, -1.2e-05, 0.0, 0.0, 0.0, 1.0],
                [0.765579, 0.097097, 0.635972, 0.124994, 0.178672, -0.981744, -0.065196, -0.002831, 0.618033, 0.163543, -0.768953, -1.2e-05, 0.0, 0.0, 0.0, 1.0],
                [0.775162, 0.141474, 0.615719, 0.124994, 0.165639, -0.986019, 0.018027, -0.002831, 0.609662, 0.088013, -0.78776, -1.2e-05, 0.0, 0.0, 0.0, 1.0],
                [0.616148, 0.462747, 0.637359, 0.124994, 0.637343, -0.768373, -0.058263, -0.002831, 0.462769, 0.442115, -0.768361, -1.2e-05, 0.0, 0.0, 0.0, 1.0],
                [0.616148, 0.462747, 0.637359, 0.124994, 0.637343, -0.768373, -0.058263, -0.002831, 0.462769, 0.442115, -0.768361, -1.2e-05, 0.0, 0.0, 0.0, 1.0],
                [0.765311, 0.158263, 0.623901, 0.124994, 0.164129, -0.985239, 0.048596, -0.002831, 0.622383, 0.06521, -0.779992, -1.2e-05, 0.0, 0.0, 0.0, 1.0]
            ]
        },
        {
            "name": "Leg_R",
            "time": [0.0, 0.15, 0.2833, 0.7167],
            "transform": [
                [1.0, -1e-06, 2e-06, -0.0, -0.0, 0.926377, 0.376598, 0.37472, -2e-06, -0.376598, 0.926376, 0.0, 0.0, 0.0, 0.0, 1.0],
                [1.0, -0.0, 2e-06, -0.0, -0.0, 0.984742, 0.174024, 0.37472, -2e-06, -0.174025, 0.98474, 0.0, 0.0, 0.0, 0.0, 1.0],
                [1.0, -0.0, 2e-06, -0.0, -0.0, 0.984742, 0.174024, 0.37472, -2e-06, -0.174025, 0.98474, 0.0, 0.0, 0.0, 0.0, 1.0],
                [1.0, -0.0, 2e-06, -0.0, -0.0, 0.984742, 0.174024, 0.37472, -2e-06, -0.174025, 0.98474, 0.0, 0.0, 0.0, 0.0, 1.0]
            ]
        },
        {
            "name": "Knee_R",
            "time": [0.0, 0.2833, 0.7167],
            "transform": [
                [1.0, 0.0, -0.0, -0.0, -0.0, 1e-06, -1.0, 0.37472, -0.0, 1.0, 1e-06, 0.0, 0.0, 0.0, 0.0, 1.0],
                [1.0, 0.0, -0.0, -0.0, -0.0, 1e-06, -1.0, 0.37472, -0.0, 1.0, 1e-06, 0.0, 0.0, 0.0, 0.0, 1.0],
                [1.0, 0.0, -0.0, -0.0, -0.0, 1e-06, -1.0, 0.37472, -0.0, 1.0, 1e-06, 0.0, 0.0, 0.0, 0.0, 1.0]
            ]
        },
        {
            "name": "Thigh_L",
            "time": [0.0, 0.15, 0.2833, 0.45, 0.5333, 0.7167],
            "transform": [
                [0.970002, -0.090553, 0.2256, -0.125006, -0.110969, -0.990639, 0.079498, -0.002831, 0.216289, -0.102147, -0.970971, -1.2e-05, 0.0, 0.0, 0.0, 1.0],
                [0.752733, 0.04246, 0.656954, -0.125006, -0.658149, 0.025509, 0.752455, -0.002831, 0.015192, -0.998773, 0.047146, -1.2e-05, 0.0, 0.0, 0.0, 1.0],
                [0.714226, 0.466072, 0.522167, -0.125006, -0.697816, 0.531906, 0.479717, -0.002831, -0.054161, -0.707003, 0.705133, -1.2e-05, 0.0, 0.0, 0.0, 1.0],
                [0.608348, -0.631062, 0.481324, -0.125006, -0.77133, -0.327219, 0.545873, -0.002831, -0.186981, -0.703341, -0.68582, -1.2e-05, 0.0, 0.0, 0.0, 1.0],
                [0.608348, -0.631062, 0.481324, -0.125006, -0.77133, -0.327219, 0.545873, -0.002831, -0.186981, -0.703341, -0.68582, -1.2e-05, 0.0, 0.0, 0.0, 1.0],
                [0.727417, -0.515573, 0.452823, -0.125006, -0.564595, -0.074641, 0.821985, -0.002831, -0.389994, -0.853588, -0.345386, -1.2e-05, 0.0, 0.0, 0.0, 1.0]
            ]
        },
        {
            "name": "Leg_L",
            "time": [0.0, 0.15, 0.2833, 0.45, 0.5333, 0.7167],
            "transform": [
                [1.0, -1e-06, 0.0, -0.0, 0.0, 0.719376, 0.694621, 0.37472, -1e-06, -0.69462, 0.719376, 0.0, 0.0, 0.0, 0.0, 1.0],
                [1.0, -1e-06, -1e-06, -0.0, 0.0, -0.120972, 0.992656, 0.37472, -1e-06, -0.992656, -0.120972, -0.0, 0.0, 0.0, 0.0, 1.0],
                [1.0, -1e-06, -1e-06, -0.0, 0.0, -0.340909, 0.940096, 0.37472, -1e-06, -0.940096, -0.340909, -0.0, 0.0, 0.0, 0.0, 1.0],
                [1.0, -0.0, 1e-06, 0.0, 0.0, 0.999276, 0.038046, 0.37472, -1e-06, -0.038046, 0.999276, -0.0, 0.0, 0.0, 0.0, 1.0],
                [1.0, -0.0, 1e-06, 0.0, 0.0, 0.999276, 0.038046, 0.37472, -1e-06, -0.038046, 0.999276, 0.0, 0.0, 0.0, 0.0, 1.0],
                [1.0, -1e-06, 0.0, -0.0, 0.0, 0.426531, 0.904473, 0.37472, -1e-06, -0.904472, 0.426532, -0.0, 0.0, 0.0, 0.0, 1.0]
            ]
        },
        {
            "name": "Knee_L",
            "time": [0.0, 0.15, 0.2833, 0.45, 0.5333, 0.7167],
            "transform": [
                [1.0, 0.0, -0.0, -0.0, -0.0, 1e-06, -1.0, 0.37472, -0.0, 1.0, 1e-06, 0.0, 0.0, 0.0, 0.0, 1.0],
                [1.0, 0.0, 0.0, -0.0, -0.0, 0.829924, -0.557877, 0.37472, -0.0, 0.557877, 0.829924, -0.0, 0.0, 0.0, 0.0, 1.0],
                [1.0, 0.0, 0.0, -0.0, -0.0, 0.829924, -0.557877, 0.37472, -0.0, 0.557877, 0.829924, -0.0, 0.0, 0.0, 0.0, 1.0],
                [1.0, 0.0, -0.0, 0.0, -0.0, 0.127307, -0.991863, 0.37472, -0.0, 0.991863, 0.127307, -0.0, 0.0, 0.0, 0.0, 1.0],
                [1.0, 0.0, -0.0, 0.0, -0.0, 0.127307, -0.991863, 0.37472, -0.0, 0.991863, 0.127307, 0.0, 0.0, 0.0, 0.0, 1.0],
                [1.0, 0.0, -0.0, -0.0, -0.0, 0.127307, -0.991863, 0.37472, -0.0, 0.991863, 0.127307, -0.0, 0.0, 0.0, 0.0, 1.0]
            ]
        },
        {
            "name": "Torso",
            "time": [0.0, 0.15, 0.2833, 0.45, 0.7167],
            "transform": [
                [0.981277, 0.019996, -0.191563, -0.0, -0.017548, 0.999741, 0.014471, 0.05, 0.191803, -0.010839, 0.981374, 0.0, 0.0, 0.0, 0.0, 1.0],
                [0.977818, -0.065317, -0.199014, 0.0, 0.087598, 0.990576, 0.105288, 0.05, 0.190261, -0.120386, 0.974324, 0.0, 0.0, 0.0, 0.0, 1.0],
                [0.977818, -0.065317, -0.199014, 0.0, 0.087598, 0.990576, 0.105288, 0.05, 0.190261, -0.120386, 0.974324, 0.0, 0.0, 0.0, 0.0, 1.0],
                [0.963414, 0.16473, -0.211417, -0.0, -0.21582, 0.94454, -0.247519, 0.05, 0.158918, 0.284092, 0.945535, 0.0, 0.0, 0.0, 0.0, 1.0],
                [0.981277, 0.019996, -0.191563, 0.0, -0.017548, 0.999741, 0.014471, 0.05, 0.191803, -0.010839, 0.981374, 0.0, 0.0, 0.0, 0.0, 1.0]
            ]
        },
        {
            "name": "Chest",
            "time": [0.0, 0.15, 0.2833, 0.45, 0.7167],
            "transform": [
                [0.999771, -0.021411, -0.000206, 0.0, 0.021411, 0.999586, 0.019228, 0.3, -0.000206, -0.019228, 0.999815, -0.0, 0.0, 0.0, 0.0, 1.0],
                [0.878732, -0.451188, -0.15575, -0.0, 0.477294, 0.827542, 0.295574, 0.3, -0.00447, -0.334069, 0.942538, 0.0, 0.0, 0.0, 0.0, 1.0],
                [0.878732, -0.451188, -0.15575, -0.0, 0.477294, 0.827542, 0.295574, 0.3, -0.00447, -0.334069, 0.942538, 0.0, 0.0, 0.0, 0.0, 1.0],
                [0.931081, -0.210804, -0.297743, -0.0, 0.232827, 0.97169, 0.040118, 0.3, 0.280857, -0.106675, 0.953803, -0.0, 0.0, 0.0, 0.0, 1.0],
                [0.914764, -0.26075, -0.308572, 0.0, 0.315663, 0.938012, 0.143146, 0.3, 0.252119, -0.22835, 0.940368, 0.0, 0.0, 0.0, 0.0, 1.0]
            ]
        },
        {
            "name": "Head",