{
    
    "animation": [
        {
            "name": "Root",
            "time": [0.0, 0.1167, 0.2667, 0.4, 0.5833, 0.8167, 0.9333, 1.2333, 1.45, 1.6833],
            "transform": [
                [0.984795, 0.000337, -0.173718, -0.004996, -0.172447, -0.11885, -0.977822, 0.093808, -0.020975, 0.992912, -0.116985, 0.654949, 0.0, 0.0, 0.0, 1.0],
                [-0.041885, -0.121355, -0.991725, -0.053404, -0.999122, 0.004186, 0.041685, 0.062026, -0.000907, 0.9926, -0.121423, 0.661084, 0.0, 0.0, 0.0, 1.0],
                [-0.902889, -0.115563, -0.414051, -0.126535, -0.429874, 0.240292, 0.870327, 0.01401, -0.001084, 0.963797, -0.266634, 0.689359, 0.0, 0.0, 0.0, 1.0],
                [-0.817021, 0.0039, 0.576595, -0.08793, 0.51249, 0.463192, 0.723054, 0.227193, -0.264254, 0.886249, -0.380436, 0.733165, 0.0, 0.0, 0.0, 1.0],
                [0.938322, 0.164673, -0.304032, 0.004185, -0.325892, 0.127402, -0.936783, 0.806125, -0.115529, 0.978086, 0.17321, 0.778082, 0.0, 0.0, 0.0, 1.0],
                [0.928544, 0.097689, -0.358138, 0.043326, -0.37117, 0.228167, -0.900096, 1.357951, -0.006215, 0.968709, 0.248122, 0.624099, 0.0, 0.0, 0.0, 1.0],
                [0.932226, 0.096374, -0.348808, 0.048407, -0.361877, 0.249937, -0.898096, 1.46415, 0.000626, 0.963454, 0.267873, 0.575058, 0.0, 0.0, 0.0, 1.0],
                [0.935565, 0.095265, -0.340062, 0.042845, -0.353153, 0.250605, -0.901377, 1.559722, -0.000649, 0.963391, 0.2681, 0.575058, 0.0, 0.0, 0.0, 1.0],
                [0.932226, 0.096374, -0.348808, 0.048407, -0.361877, 0.249937, -0.898096, 1.587703, 0.000626, 0.963454, 0.267873, 0.575058, 0.0, 0.0, 0.0, 1.0],
                [0.932226, 0.096374, -0.348808, 0.051666, -0.361877, 0.249937, -0.898096, 1.596156, 0.000626, 0.963454, 0.267873, 0.607644, 0.0, 0.0, 0.0, 1.0]
            ]
        },
        {
            "name": "Thigh_R",
            "time": [0.0, 0.0833, 0.2667, 0.4, 0.4667, 0.5833, 0.9333, 1.45, 1.6833],
            "transform": [
                [0.988723, 0.133518, -0.067814, 0.124994, 0.040334, -0.673536, -0.738052, -0.002831, -0.144219, 0.726993, -0.671327, -1.2e-05, 0.0, 0.0, 0.0, 1.0],
                [0.985871, 0.084197, -0.144809, 0.124994, 0.134044, -0.914981, 0.380577, -0.002831, -0.100455, -0.394609, -0.913341, -1.2e-05, 0.0, 0.0, 0.0, 1.0],
                [0.979603, 0.167411, -0.111132, 0.124994, 0.200846, -0.798793, 0.567087, -0.002831, 0.006165, -0.57784, -0.816126, -1.2e-05, 0.0, 0.0, 0.0, 1.0],
                [0.742493, 0.661333, -0.106495, 0.124994, 0.659628, -0.694186, 0.288086, -0.002831, 0.116593, -0.284148, -0.951665, -1.2e-05, 0.0, 0.0, 0.0, 1.0],
                [0.748621, 0.641681, -0.166764, 0.124994, 0.599112, -0.547006, 0.584677, -0.002831, 0.283955, -0.537611, -0.793941, -1.2e-05, 0.0, 0.0, 0.0, 1.0],
                [0.911806, 0.155503, -0.380038, 0.124994, 0.266063, -0.928688, 0.258351, -0.002831, -0.312763, -0.336679, -0.888159, -1.2e-05, 0.0, 0.0, 0.0, 1.0],
                [0.951263, 0.171057, -0.256588, 0.124994, 0.100345, -0.958467, -0.266961, -0.002831, -0.291597, 0.228203, -0.928921, -1.2e-05, 0.0, 0.0, 0.0, 1.0],
                [0.951263, 0.114605, -0.286293, 0.124994, 0.100345, -0.992887, -0.064046, -0.002831, -0.291597, 0.032197, -0.955999, -1.2e-05, 0.0, 0.0, 0.0, 1.0],
                [0.951263, 0.114605, -0.286293, 0.124994, 0.100345, -0.992887, -0.064046, -0.002831, -0.291597, 0.032197, -0.955999, -1.2e-05, 0.0, 0.0, 0.0, 1.0]
            ]
        },
        {
            "name": "Leg_R",
            "time": [0.0, 0.0833, 0.2667, 0.4, 0.4833, 0.9333, 1.45, 1.6833],
            "transform": [
                [1.0, -0.0, 2e-06, -0.0, -0.0, 0.982453, 0.186513, 0.37472, -2e-06, -0.186513, 0.982452, -0.0, 0.0, 0.0, 0.0, 1.0],
                [1.0, -2e-06, 1e-06, -0.0, -0.0, 0.467125, 0.884191, 0.37472, -2e-06, -0.884192, 0.467124, -0.0, 0.0, 0.0, 0.0, 1.0],
                [1.0, -1e-06, 2e-06, -0.0, -0.0, 0.874945, 0.484223, 0.37472, -2e-06, -0.484223, 0.874944, -0.0, 0.0, 0.0, 0.0, 1.0],
                [1.0, -2e-06, 1e-06, 0.0, -0.0, 0.480566, 0.876958, 0.37472, -2e-06, -0.87696, 0.480565, 0.0, 0.0, 0.0, 0.0, 1.0],
                [1.0, -0.0, 2e-06, -0.0, -0.0, 0.95696, 0.290221, 0.37472, -2e-06, -0.290221, 0.956959, -0.0, 0.0, 0.0, 0.0, 1.0],
                [1.0, -0.0, 2e-06, 0.0, -0.0, 0.960401, 0.278624, 0.37472, -2e-06, -0.278625, 0.960399, -0.0, 0.0, 0.0, 0.0, 1.0],
                [1.0, -1e-06, 2e-06, -0.0, -0.0, 0.82778, 0.561054, 0.37472, -2e-06, -0.561055, 0.827778, 0.0, 0.0, 0.0, 0.0, 1.0],
                [1.0, -0.0, 2e-06, -0.0, -0.0, 0.906423, 0.422373, 0.37472, -2e-06, -0.422373, 0.906421, 0.0, 0.0, 0.0, 0.0, 1.0]
            ]
        },
        {
            "name": "Knee_R",
            "time": [0.0, 1.45, 1.6833],
            "transform": [
                [1.0, 0.0, -0.0, -0.0, -0.0, 0.330367, -0.943853, 0.37472, -0.0, 0.943853, 0.330367, -0.0, 0.0, 0.0, 0.0, 1.0],
                [1.0, 0.0, -0.0, -0.0, -0.0, 0.330367, -0.943853, 0.37472, -0.0, 0.943853, 0.330367, 0.0, 0.0, 0.0, 0.0, 1.0],
                [1.0, 0.0, -0.0, -0.0, -0.0, 0.330367, -0.943853, 0.37472, -0.0, 0.943853, 0.330367, 0.0, 0.0, 0.0, 0.0, 1.0]
            ]
        },
        {
            "name": "Thigh_L",
            "time": [0.0, 0.2667, 0.4667, 0.5833, 0.9333, 1.45, 1.6833],
            "transform": [
                [0.976164, -0.172938, -0.13113, -0.125006, -0.008369, -0.633745, 0.773497, -0.002831, -0.21687, -0.753963, -0.620087, -1.2e-05, 0.0, 0.0, 0.0, 1.0],
                [0.209827, -0.321407, -0.923401, -0.125006, -0.113425, -0.946051, 0.303516, -0.002831, -0.971137, 0.041051, -0.234963, -1.2e-05, 0.0, 0.0, 0.0, 1.0],
                [0.517091, 0.242404, -0.820888, -0.125006, -0.212731, -0.892569, -0.397574, -0.002831, -0.829072, 0.380211, -0.409973, -1.2e-05, 0.0, 0.0, 0.0, 1.0],
                [0.6713, -0.130066, -0.729683, -0.125006, -0.319793, -0.93896, -0.126836, -0.002831, -0.668646, 0.318493, -0.671918, -1.2e-05, 0.0, 0.0, 0.0, 1.0],
                [0.939259, -0.270956, -0.210652, -0.125006, 0.094393, -0.386161, 0.917589, -0.002831, -0.329972, -0.881738, -0.33713, -1.2e-05, 0.0, 0.0, 0.0, 1.0],
                [0.939259, -0.289061, -0.185028, -0.125006, 0.094393, -0.300754, 0.949019, -0.002831, -0.329972, -0.908841, -0.255202, -1.2e-05, 0.0, 0.0, 0.0, 1.0],
                [0.939259, -0.272577, -0.20855, -0.125006, 0.094393, -0.379053, 0.920548, -0.002831, -0.329972, -0.884319, -0.3303, -1.2e-05, 0.0, 0.0, 0.0, 1.0]
            ]
        },
        {
            "name": "Leg_L",
            "time": [0.0, 0.2667, 0.4667, 0.5833, 1.45, 1.6833],
            "transform": [
                [1.0, -1e-06, 0.0, 0.0, 0.0, 0.677029, 0.735956, 0.37472, -1e-06, -0.735956, 0.677029, -0.0, 0.0, 0.0, 0.0, 1.0],
                [1.0, -1e-06, 0.0, 0.0, 0.0, 0.890425, 0.455129, 0.37472, -1e-06, -0.455129, 0.890426, -0.0, 0.0, 0.0, 0.0, 1.0],
                [1.0, -0.0, 1e-06, -0.0, 0.0, 0.996689, 0.081307, 0.37472, -0.0, -0.081307, 0.996689, 0.0, 0.0, 0.0, 0.0, 1.0],
                [1.0, -1e-06, -0.0, 0.0, 0.0, 0.568426, 0.822734, 0.37472, -1e-06, -0.822734, 0.568426, -0.0, 0.0, 0.0, 0.0, 1.0],
                [1.0, -1e-06, 0.0, -0.0, 0.0, 0.691083, 0.722775, 0.37472, -1e-06, -0.722775, 0.691084, 0.0, 0.0, 0.0, 0.0, 1.0],
                [1.0, -1e-06, 0.0, 0.0, 0.0, 0.691083, 0.722775, 0.37472, -1e-06, -0.722775, 0.691084, 0.0, 0.0, 0.0, 0.0, 1.0]
            ]
        },
        {
            "name": "Knee_L",
            "time": [0.0, 0.4333, 1.45, 1.6833],