{
    
    "animation": [
        {
            "name": "Root",
            "time": [0.0, 0.15, 0.2667, 0.4167, 0.5333],
            "transform": [
                [1.0, 0.0, 0.0, -5e-06, 0.0, 0.0, -1.0, 0.000946, 0.0, 1.0, 0.0, 0.797984, 0.0, 0.0, 0.0, 1.0],
                [0.951269, 0.0, -0.308362, -5e-06, -0.301544, 0.209121, -0.930236, 0.000946, 0.064485, 0.97789, 0.198931, 0.64394, 0.0, 0.0, 0.0, 1.0],
                [1.0, 0.0, 0.0, -5e-06, 0.0, 0.0, -1.0, 0.000946, 0.0, 1.0, 0.0, 0.796622, 0.0, 0.0, 0.0, 1.0],
                [0.952763, -0.0, 0.303714, -5e-06, 0.296255, 0.220268, -0.929363, 0.000946, -0.066899, 0.975439, 0.209863, 0.6484, 0.0, 0.0, 0.0, 1.0],
                [1.0, 0.0, 0.0, -5e-06, 0.0, 0.0, -1.0, 0.000946, 0.0, 1.0, 0.0, 0.797984, 0.0, 0.0, 0.0, 1.0]
            ]
        },
        {
            "name": "Thigh_R",
            "time": [0.0, 0.15, 0.2667, 0.4167, 0.5333],
            "transform": [
                [0.99841, 0.0279, -0.048968, 0.124994, 0.051547, -0.803353, 0.593266, -0.002831, -0.022786, -0.594845, -0.803517, -1.2e-05, 0.0, 0.0, 0.0, 1.0],
                [0.952014, -0.292723, -0.089336, 0.124994, 0.000573, -0.290191, 0.956969, -0.002831, -0.306052, -0.911097, -0.276099, -1.2e-05, 0.0, 0.0, 0.0, 1.0],
                [0.999819, -0.002717, -0.018807, 0.124994, -0.006181, -0.982397, -0.186693, -0.002831, -0.017969, 0.186776, -0.982239, -1.2e-05, 0.0, 0.0, 0.0, 1.0],
                [0.951933, -0.147013, 0.268719, 0.124994, -0.00084, -0.878541, -0.477663, -0.002831, 0.306304, 0.454477, -0.836438, -1.2e-05, 0.0, 0.0, 0.0, 1.0],
                [0.99841, 0.0279, -0.048968, 0.124994, 0.051547, -0.803353, 0.593266, -0.002831, -0.022786, -0.594845, -0.803517, -1.2e-05, 0.0, 0.0, 0.0, 1.0]
            ]
        },
        {
            "name": "Leg_R",
            "time": [0.0, 0.1, 0.15, 0.2667, 0.4167, 0.5333],
            "transform": [
                [1.0, -2e-06, 1e-06, -0.0, -2e-06, -0.306092, 0.952001, 0.37472, -2e-06, -0.952003, -0.306091, -0.0, 0.0, 0.0, 0.0, 1.0],
                [1.0, -0.0, 1e-06, 0.0, -1e-06, 0.806972, 0.59059, 0.37472, -1e-06, -0.59059, 0.806971, 0.0, 0.0, 0.0, 0.0, 1.0],
                [1.0, -0.0, 1e-06, -0.0, -0.0, 0.835711, 0.54917, 0.37472, -1e-06, -0.549171, 0.83571, -0.0, 0.0, 0.0, 0.0, 1.0],
                [1.0, -0.0, 2e-06, -0.0, 0.0, 0.999953, 0.009717, 0.37472, -2e-06, -0.009717, 0.999952, 0.0, 0.0, 0.0, 0.0, 1.0],
                [1.0, -0.0, 1e-06, 0.0, -0.0, 0.974606, 0.223931, 0.37472, -1e-06, -0.223932, 0.974604, -0.0, 0.0, 0.0, 0.0, 1.0],
                [1.0, -2e-06, 1e-06, -0.0, -2e-06, -0.306092, 0.952001, 0.37472, -2e-06, -0.952003, -0.306091, -0.0, 0.0, 0.0, 0.0, 1.0]
            ]
        },
        {
            "name": "Knee_R",
            "time": [0.0, 0.15, 0.2667, 0.4167, 0.5333],
            "transform": [
                [1.0, 0.0, -0.0, -0.000179, -0.0, 0.448235, -0.893916, 0.436391, -0.0, 0.893916, 0.448235, -0.000613, 0.0, 0.0, 0.0, 1.0],
                [1.0, 0.0, -0.0, 0.0, -0.0, -0.20066, -0.979661, 0.415544, -0.0, 0.979661, -0.20066, -0.0, 0.0, 0.0, 0.0, 1.0],
                [1.0, 0.0, -0.0, -0.0, -0.0, 1e-06, -1.0, 0.37472, -0.0, 1.0, 1e-06, 0.0, 0.0, 0.0, 0.0, 1.0],
                [1.0, 0.0, -0.0, 0.0, -0.0, 1e-06, -1.0, 0.37472, -0.0, 1.0, 1e-06, -0.0, 0.0, 0.0, 0.0, 1.0],
                [1.0, 0.0, -0.0, -0.000179, -0.0, 0.448235, -0.893916, 0.436391, -0.0, 0.893916, 0.448235, -0.000613, 0.0, 0.0, 0.0, 1.0]
            ]
        },
        {
            "name": "Thigh_L",
            "time": [0.0, 0.15, 0.2667, 0.4167, 0.5333],
            "transform": [
                [0.999999, -4.5e-05, 1.2e-05, -0.125006, -3.9e-05, -0.963623, -0.267266, -0.002831, 2.4e-05, 0.267266, -0.963622, -1.2e-05, 0.0, 0.0, 0.0, 1.0],
                [0.950686, 0.177546, -0.254305, -0.125006, 0.006149, -0.830567, -0.556884, -0.002831, -0.31009, 0.52786, -0.790701, -1.2e-05, 0.0, 0.0, 0.0, 1.0],
                [0.999999, -3.4e-05, 4.7e-05, -0.125006, -5.1e-05, -0.903063, 0.429508, -0.002831, 2.8e-05, -0.429507, -0.903063, -1.2e-05, 0.0, 0.0, 0.0, 1.0],
                [0.951446, 0.298245, 0.076147, -0.125006, 0.006909, -0.268011, 0.963391, -0.002831, 0.307735, -0.916089, -0.25706, -1.2e-05, 0.0, 0.0, 0.0, 1.0],
                [0.999999, -4.5e-05, 1.2e-05, -0.125006, -3.9e-05, -0.963623, -0.267266, -0.002831, 2.4e-05, 0.267266, -0.963622, -1.2e-05, 0.0, 0.0, 0.0, 1.0]
            ]
        },
        {
            "name": "Leg_L",
            "time": [0.0, 0.15, 0.2667, 0.35, 0.4167, 0.5333],
            "transform": [
                [1.0, -0.0, 1e-06, -0.0, 0.0, 0.999948, 0.010137, 0.37472, -1e-06, -0.010137, 0.999949, 0.0, 0.0, 0.0, 0.0, 1.0],
                [1.0, -0.0, 2e-06, 0.0, 0.0, 0.989598, 0.143858, 0.37472, -2e-06, -0.143858, 0.989598, -0.0, 0.0, 0.0, 0.0, 1.0],
                [1.0, -1e-06, 1e-06, 0.0, -1e-06, 0.057431, 0.99835, 0.37472, -1e-06, -0.998349, 0.057431, -0.0, 0.0, 0.0, 0.0, 1.0],
                [0.999993, -0.003461, 0.001155, 0.0, 0.002073, 0.799395, 0.600802, 0.37472, -0.003003, -0.600796, 0.799397, -0.0, 0.0, 0.0, 0.0, 1.0],
                [0.999982, -0.006042, 0.000725, 0.0, 0.004606, 0.829457, 0.558551, 0.37472, -0.003976, -0.558537, 0.82947, -0.0, 0.0, 0.0, 0.0, 1.0],
                [1.0, -0.0, 1e-06, -0.0, 0.0, 0.999948, 0.010137, 0.37472, -1e-06, -0.010137, 0.999949, 0.0, 0.0, 0.0, 0.0, 1.0]
            ]
        },
        {
            "name": "Knee_L",
            "time": [0.0, 0.15, 0.2667, 0.35, 0.4167, 0.5333],
            "transform": [
                [1.0, 0.0, -0.0, -0.0, -0.0, 1e-06, -1.0, 0.37472, -0.0, 1.0, 1e-06, 0.0, 0.0, 0.0, 0.0, 1.0],
                [1.0, 0.0, -0.0, 0.0, -0.0, 1e-06, -1.0, 0.37472, -0.0, 1.0, 1e-06, -0.0, 0.0, 0.0, 0.0, 1.0],
                [1.0, 0.0, -0.0, -0.0001, -0.0, 0.249555, -0.968361, 0.433466, -0.0, 0.968361, 0.249555, -0.000823, 0.0, 0.0, 0.0, 1.0],
                [0.999998, 0.000867, -0.001924, -0.000113, -0.001727, -0.187834, -0.982199, 0.426368, -0.001213, 0.982201, -0.187832, -0.00073, 0.0, 0.0, 0.0, 1.0],
                [0.999994, 0.001787, -0.003069, -0.000114, -0.002719, -0.170626, -0.985332, 0.411945, -0.002285, 0.985334, -0.17062, -0.000532, 0.0, 0.0, 0.0, 1.0],
                [1.0, 0.0, -0.0, -0.0, -0.0, 1e-06, -1.0, 0.37472, -0.0, 1.0, 1e-06, 0.0, 0.0, 0.0, 0.0, 1.0]
            ]
        },
        {
            "name": "Torso",
            "time": [0.0, 0.15, 0.2667, 0.4167, 0.5333],
            "transform": [
                [1.0, 0.0, 0.0, 0.0, 0.0, 0.865636, 0.500675, 0.05, 0.0, -0.500675, 0.865635, 0.0, 0.0, 0.0, 0.0, 1.0],
                [0.968976, -0.159845, 0.188509, 0.0, 0.04777, 0.869454, 0.491698, 0.05, -0.242495, -0.467439, 0.850116, 0.0, 0.0, 0.0, 0.0, 1.0],
                [0.996834, 0.014148, -0.078247, 0.0, 0.026028, 0.871775, 0.489215, 0.05, 0.075135, -0.489703, 0.868646, 0.0, 0.0, 0.0, 0.0, 1.0],
                [0.914381, 0.127932, -0.384109, -0.0, 0.051771, 0.904023, 0.424337, 0.05, 0.40153, -0.407891, 0.819999, 0.0, 0.0, 0.0, 0.0, 1.0],
                [1.0, 0.0, 0.0, 0.0, 0.0, 0.865636, 0.500675, 0.05, 0.0, -0.500675, 0.865635, 0.0, 0.0, 0.0, 0.0, 1.0]
            ]
        },
        {
            "name": "Chest",
            "time": [0.0, 0.15, 0.2667, 0.4167, 0.5333],
            "transform": [
                [1.0, 0.0, 0.0, 0.0, 0.0, 0.978966, 0.204026, 0.3, 0.0, -0.204026, 0.978966, 0.0, 0.0, 0.0, 0.0, 1.0],
                [1.0, 0.0, 0.0, 0.0, -0.0, 0.996768, 0.08033, 0.3, 0.0, -0.08033, 0.996768, -0.0, 0.0, 0.0, 0.0, 1.0],
                [1.0, -0.0, 0.0, -0.0, 0.0, 0.955119, 0.296221, 0.3, 0.0, -0.296221, 0.95512, -0.0, 0.0, 0.0, 0.0, 1.0],
                [1.0, 0.0, -0.0, 0.0, -0.0, 0.996768, 0.08033, 0.3, 0.0, -0.08033, 0.996768, -0.0, 0.0, 0.0, 0.0, 1.0],
                [1.0, 0.0, 0.0, 0.0, 0.0, 0.978966, 0.204026, 0.3, 0.0, -0.204026, 0.978966, 0.0, 0.0, 0.0, 0.0, 1.0]
            ]
        },
        {
            "name": "Head",