{
    
    "animation": [
        {
            "name": "Root",
            "time": [0.0, 0.1, 0.2833, 0.5, 0.7, 1.05],
            "transform": [
                [0.958978, 0.120344, 0.256669, -0.053746, 0.083798, 0.744613, -0.662216, -0.691352, -0.270813, 0.656558, 0.703983, 0.894084, 0.0, 0.0, 0.0, 1.0],
                [0.958978, 0.120344, 0.256669, -0.210853, 0.083798, 0.744613, -0.662216, 0.152728, -0.270813, 0.656558, 0.703983, 0.502916, 0.0, 0.0, 0.0, 1.0],
                [0.958978, 0.120344, 0.256669, -0.197073, 0.083798, 0.744613, -0.662216, 0.352515, -0.270813, 0.656558, 0.703983, 0.469935, 0.0, 0.0, 0.0, 1.0],
                [0.958978, 0.120344, 0.256669, -0.197073, 0.083798, 0.744613, -0.662216, 0.352515, -0.270813, 0.656558, 0.703983, 0.469935, 0.0, 0.0, 0.0, 1.0],
                [0.958978, 0.262904, 0.106034, -0.046799, 0.083798, 0.094426, -0.991999, -1.333036, -0.270813, 0.96019, 0.068522, 0.972805, 0.0, 0.0, 0.0, 1.0],
                [0.958978, 0.262904, 0.106034, -0.034845, 0.083798, 0.094426, -0.991999, -2.734547, -0.270813, 0.96019, 0.068522, 0.66225, 0.0, 0.0, 0.0, 1.0]
            ]
        },
        {
            "name": "Thigh_R",
            "time": [0.0, 0.1, 0.2833, 0.5, 0.6, 0.7, 0.8333, 1.05],
            "transform": [
                [0.972121, 0.228921, -0.050741, 0.124994, 0.052094, 0.000135, 0.998642, -0.002831, 0.228617, -0.973443, -0.011795, -1.2e-05, 0.0, 0.0, 0.0, 1.0],
                [0.885849, 0.264751, -0.381021, 0.124994, 0.14171, 0.627585, 0.765542, -0.002831, 0.441801, -0.732148, 0.518429, -1.2e-05, 0.0, 0.0, 0.0, 1.0],
                [0.885849, 0.200277, -0.41852, 0.124994, 0.14171, 0.742141, 0.65509, -0.002831, 0.441801, -0.639619, 0.629046, -1.2e-05, 0.0, 0.0, 0.0, 1.0],
                [0.885849, 0.200277, -0.41852, 0.124994, 0.14171, 0.742141, 0.65509, -0.002831, 0.441801, -0.639619, 0.629046, -1.2e-05, 0.0, 0.0, 0.0, 1.0],
                [0.896858, 0.399829, -0.189162, 0.124994, 0.287444, -0.201796, 0.936298, -0.002831, 0.336187, -0.894098, -0.295912, -1.2e-05, 0.0, 0.0, 0.0, 1.0],
                [0.914264, 0.268996, -0.302922, 0.124994, 0.391636, -0.395565, 0.830752, -0.002831, 0.103644, -0.87816, -0.467001, -1.2e-05, 0.0, 0.0, 0.0, 1.0],
                [0.917343, 0.322797, 0.232986, 0.124994, 0.388577, -0.853262, -0.347778, -0.002831, 0.086536, 0.409564, -0.908168, -1.2e-05, 0.0, 0.0, 0.0, 1.0],
                [0.917343, 0.322797, 0.232986, 0.124994, 0.388577, -0.853262, -0.347778, -0.002831, 0.086536, 0.409564, -0.908168, -1.2e-05, 0.0, 0.0, 0.0, 1.0]
            ]
        },
        {
            "name": "Leg_R",
            "time": [0.0, 0.1, 0.2833, 0.5, 0.6, 0.7, 0.8333, 1.05],
            "transform": [
                [1.0, -0.0, 2e-06, 0.0, -0.0, 0.972693, 0.232099, 0.37472, -2e-06, -0.232099, 0.972691, 0.0, 0.0, 0.0, 0.0, 1.0],
                [1.0, -2e-06, 1e-06, -0.0, -0.0, 0.315315, 0.948986, 0.37472, -2e-06, -0.948988, 0.315314, 0.0, 0.0, 0.0, 0.0, 1.0],
                [1.0, -2e-06, 1e-06, 0.0, -0.0, 0.192762, 0.981245, 0.37472, -2e-06, -0.981246, 0.192762, -0.0, 0.0, 0.0, 0.0, 1.0],
                [1.0, -2e-06, 1e-06, 0.0, -0.0, 0.192762, 0.981245, 0.37472, -2e-06, -0.981246, 0.192762, -0.0, 0.0, 0.0, 0.0, 1.0],
                [1.0, -1e-06, 2e-06, 0.0, -0.0, 0.943511, 0.331343, 0.37472, -2e-06, -0.331343, 0.94351, 0.0, 0.0, 0.0, 0.0, 1.0],
                [1.0, -2e-06, 0.0, 0.0, -0.0, 0.060064, 0.998194, 0.37472, -2e-06, -0.998195, 0.060064, 0.0, 0.0, 0.0, 0.0, 1.0],
                [1.0, -0.0, 2e-06, -0.0, -0.0, 0.937382, 0.348306, 0.37472, -2e-06, -0.348306, 0.93738, -0.0, 0.0, 0.0, 0.0, 1.0],
                [1.0, -0.0, 2e-06, -0.0, -0.0, 0.937382, 0.348306, 0.37472, -2e-06, -0.348306, 0.93738, -0.0, 0.0, 0.0, 0.0, 1.0]
            ]
        },
        {
            "name": "Knee_R",
            "time": [0.0, 0.5, 1.05],
            "transform": [
                [1.0, 0.0, -0.0, 0.0, -0.0, 0.406103, -0.913828, 0.37472, -0.0, 0.913828, 0.406103, 0.0, 0.0, 0.0, 0.0, 1.0],
                [1.0, 0.0, -0.0, 0.0, -0.0, 0.406103, -0.913828, 0.37472, -0.0, 0.913828, 0.406103, -0.0, 0.0, 0.0, 0.0, 1.0],
                [1.0, 0.0, -0.0, -0.0, -0.0, 0.406103, -0.913827, 0.37472, -0.0, 0.913828, 0.406103, -0.0, 0.0, 0.0, 0.0, 1.0]
            ]
        },
        {
            "name": "Thigh_L",
            "time": [0.0, 0.1, 0.2833, 0.5, 0.6, 0.7, 0.8333, 1.05],
            "transform": [
                [0.979782, -0.124263, -0.156792, -0.125006, 0.19967, 0.558308, 0.805248, -0.002831, -0.012525, -0.820275, 0.571832, -1.2e-05, 0.0, 0.0, 0.0, 1.0],
                [0.954558, 0.184133, -0.234337, -0.125006, 0.142434, 0.408819, 0.901432, -0.002831, 0.261785, -0.893847, 0.364014, -1.2e-05, 0.0, 0.0, 0.0, 1.0],
                [0.954558, 0.155652, -0.254148, -0.125006, 0.142434, 0.510809, 0.847813, -0.002831, 0.261785, -0.845486, 0.465427, -1.2e-05, 0.0, 0.0, 0.0, 1.0],
                [0.954558, 0.155652, -0.254148, -0.125006, 0.142434, 0.510809, 0.847813, -0.002831, 0.261785, -0.845486, 0.465427, -1.2e-05, 0.0, 0.0, 0.0, 1.0],
                [0.955507, 0.199351, -0.217405, -0.125006, 0.275968, -0.343926, 0.897528, -0.002831, 0.104151, -0.917592, -0.383638, -1.2e-05, 0.0, 0.0, 0.0, 1.0],
                [0.953742, 0.133923, -0.269147, -0.125006, 0.282163, -0.707699, 0.647723, -0.002831, -0.10373, -0.693704, -0.712751, -1.2e-05, 0.0, 0.0, 0.0, 1.0],
                [0.971083, 0.225287, -0.079009, -0.125006, 0.237342, -0.875239, 0.421456, -0.002831, 0.025797, -0.428021, -0.9034, -1.2e-05, 0.0, 0.0, 0.0, 1.0],
                [0.971083, 0.225287, -0.079009, -0.125006, 0.237342, -0.875239, 0.421456, -0.002831, 0.025797, -0.428021, -0.9034, -1.2e-05, 0.0, 0.0, 0.0, 1.0]
            ]
        },
        {
            "name": "Leg_L",
            "time": [0.0, 0.1, 0.2833, 0.5, 0.6, 0.7, 1.05],
            "transform": [
                [1.0, -1e-06, 0.0, 0.0, 0.0, 0.435424, 0.900225, 0.37472, -1e-06, -0.900225, 0.435424, 0.0, 0.0, 0.0, 0.0, 1.0],
                [1.0, -1e-06, 0.0, 0.0, 0.0, 0.645796, 0.76351, 0.37472, -1e-06, -0.763509, 0.645796, 0.0, 0.0, 0.0, 0.0, 1.0],
                [1.0, -1e-06, 0.0, 0.0, 0.0, 0.391509, 0.920174, 0.37472, -1e-06, -0.920174, 0.39151, 0.0, 0.0, 0.0, 0.0, 1.0],
                [1.0, -1e-06, 0.0, 0.0, 0.0, 0.391509, 0.920174, 0.37472, -1e-06, -0.920174, 0.39151, 0.0, 0.0, 0.0, 0.0, 1.0],
                [1.0, -0.0, 1e-06, 0.0, 0.0, 0.984292, 0.176546, 0.37472, -1e-06, -0.176546, 0.984292, -0.0, 0.0, 0.0, 0.0, 1.0],
                [1.0, -0.0, 1e-06, -0.0, 0.0, 0.968346, 0.249611, 0.37472, -1e-06, -0.249611, 0.968346, 0.0, 0.0, 0.0, 0.0, 1.0],
                [1.0, -0.0, 1e-06, 0.0, 0.0, 0.968346, 0.249611, 0.37472, -1e-06, -0.249611, 0.968346, -0.0, 0.0, 0.0, 0.0, 1.0]
            ]
        },
        {
            "name": "Knee_L",
            "time": [0.0, 0.5, 1.05],
            "transform": [
                [1.0, 0.0, -0.0, 0.0, -0.0, 0.407615, -0.913154, 0.37472, -0.0, 0.913154, 0.407615, 0.0, 0.0, 0.0, 0.0, 1.0],
                [1.0, 0.0, -0.0, 0.0, -0.0, 0.407615, -0.913154, 0.37472, -0.0, 0.913154, 0.407615, 0.0, 0.0, 0.0, 0.0, 1.0],
                [1.0, 0.0, -0.0, 0.0, -0.0, 0.407615, -0.913154, 0.37472, -0.0, 0.913154, 0.407615, -0.0, 0.0, 0.0, 0.0, 1.0]
            ]
        },
        {
            "name": "Torso",
            "time": [0.0, 0.1, 0.5, 0.7, 1.05],