{
    
    "animation": [
        {
            "name": "Root",
            "time": [0.0, 0.3333, 0.7167, 1.0, 1.2333, 1.4],
            "transform": [
                [0.567904, -0.055869, -0.821196, 0.013538, -0.576366, 0.685266, -0.445211, -0.226758, 0.587611, 0.726147, 0.356965, 0.586958, 0.0, 0.0, 0.0, 1.0],
                [0.538781, -0.082718, -0.838375, -0.051613, -0.206957, 0.951676, -0.226897, 0.6872, 0.81663, 0.295756, 0.495625, 2.037112, 0.0, 0.0, 0.0, 1.0],
                [0.898444, -0.082718, 0.431226, -0.051613, 0.19963, 0.951676, -0.23337, 0.873336, -0.391083, 0.295756, 0.87154, 1.755811, 0.0, 0.0, 0.0, 1.0],
                [0.898444, -0.082718, 0.431226, -0.051613, 0.19963, 0.951676, -0.23337, 1.107278, -0.391083, 0.295756, 0.87154, 1.548996, 0.0, 0.0, 0.0, 1.0],
                [0.956418, 0.017603, 0.291471, -0.051237, 0.21036, 0.650755, -0.729566, 1.071635, -0.202519, 0.759084, 0.61869, 0.942791, 0.0, 0.0, 0.0, 1.0],
                [0.912723, 0.238019, 0.33209, -0.051021, 0.181559, 0.491863, -0.851532, 1.189481, -0.366023, 0.837507, 0.40572, 0.684359, 0.0, 0.0, 0.0, 1.0]
            ]
        },
        {
            "name": "Thigh_R",
            "time": [0.0, 0.2, 0.3333, 0.9167, 1.1667, 1.4],
            "transform": [
                [0.89454, 0.339505, -0.290745, 0.124994, 0.4177, -0.866497, 0.273324, -0.002831, -0.159135, -0.365943, -0.916931, -1.2e-05, 0.0, 0.0, 0.0, 1.0],
                [0.86566, 0.450662, -0.218026, 0.124994, 0.440924, -0.892575, -0.094303, -0.002831, -0.237103, -0.014498, -0.971377, -1.2e-05, 0.0, 0.0, 0.0, 1.0],
                [0.86566, 0.450662, -0.218026, 0.124994, 0.440924, -0.892575, -0.094303, -0.002831, -0.237103, -0.014498, -0.971377, -1.2e-05, 0.0, 0.0, 0.0, 1.0],
                [0.86566, 0.450662, -0.218026, 0.124994, 0.440924, -0.892575, -0.094303, -0.002831, -0.237103, -0.014498, -0.971376, -1.2e-05, 0.0, 0.0, 0.0, 1.0],
                [0.799, 0.572057, -0.185331, 0.124994, 0.272912, -0.07034, 0.959464, -0.002831, 0.535833, -0.81719, -0.212324, -1.2e-05, 0.0, 0.0, 0.0, 1.0],
                [0.799, 0.572057, -0.185331, 0.124994, 0.272912, -0.07034, 0.959464, -0.002831, 0.535833, -0.81719, -0.212324, -1.2e-05, 0.0, 0.0, 0.0, 1.0]
            ]
        },
        {
            "name": "Leg_R",
            "time": [0.0, 0.3333, 0.7167, 1.0, 1.2667, 1.4],
            "transform": [
                [1.0, -2e-06, 1e-06, -0.0, -0.0, 0.371147, 0.928573, 0.37472, -2e-06, -0.928575, 0.371147, 0.0, 0.0, 0.0, 0.0, 1.0],
                [1.0, -2e-06, 1e-06, -0.0, -0.0, 0.371147, 0.928573, 0.37472, -2e-06, -0.928575, 0.371147, -0.0, 0.0, 0.0, 0.0, 1.0],
                [1.0, -1e-06, 2e-06, 0.0, -0.0, 0.891657, 0.452713, 0.37472, -2e-06, -0.452714, 0.891655, -0.0, 0.0, 0.0, 0.0, 1.0],
                [1.0, -1e-06, 2e-06, -0.0, -0.0, 0.783769, 0.621053, 0.37472, -2e-06, -0.621054, 0.783768, -0.0, 0.0, 0.0, 0.0, 1.0],
                [1.0, -1e-06, 2e-06, 0.0, -0.0, 0.882672, 0.46999, 0.37472, -2e-06, -0.469991, 0.88267, -0.0, 0.0, 0.0, 0.0, 1.0],
                [1.0, -1e-06, 2e-06, 0.0, -0.0, 0.783769, 0.621053, 0.37472, -2e-06, -0.621054, 0.783768, 0.0, 0.0, 0.0, 0.0, 1.0]
            ]
        },
        {
            "name": "Knee_R",
            "time": [0.0, 0.3333, 0.7167, 1.4],
            "transform": [
                [1.0, 0.0, -0.0, -0.0, -0.0, 0.580487, -0.814269, 0.37472, -0.0, 0.814269, 0.580487, 0.0, 0.0, 0.0, 0.0, 1.0],
                [1.0, 0.0, -0.0, -0.0, -0.0, 0.580487, -0.814269, 0.37472, -0.0, 0.814269, 0.580487, -0.0, 0.0, 0.0, 0.0, 1.0],
                [1.0, 0.0, -0.0, 0.0, -0.0, 0.406103, -0.913828, 0.37472, -0.0, 0.913828, 0.406103, -0.0, 0.0, 0.0, 0.0, 1.0],
                [1.0, 0.0, -0.0, 0.0, -0.0, 0.406103, -0.913828, 0.37472, -0.0, 0.913827, 0.406103, 0.0, 0.0, 0.0, 0.0, 1.0]
            ]
        },
        {
            "name": "Thigh_L",
            "time": [0.0, 0.2, 0.3333, 1.4],
            "transform": [
                [0.866588, -0.497922, 0.03313, -0.125006, -0.027838, 0.01805, 0.999449, -0.002831, -0.498246, -0.867034, 0.00178, -1.2e-05, 0.0, 0.0, 0.0, 1.0],
                [0.912147, -0.406066, -0.05566, -0.125006, -0.093749, -0.338906, 0.936137, -0.002831, -0.398997, -0.848677, -0.347201, -1.2e-05, 0.0, 0.0, 0.0, 1.0],
                [0.912147, -0.406066, -0.05566, -0.125006, -0.093749, -0.338906, 0.936137, -0.002831, -0.398997, -0.848677, -0.347201, -1.2e-05, 0.0, 0.0, 0.0, 1.0],
                [0.912147, -0.247738, -0.326517, -0.125006, -0.093749, -0.90164, 0.422204, -0.002831, -0.398996, -0.354502, -0.845653, -1.2e-05, 0.0, 0.0, 0.0, 1.0]
            ]
        },
        {
            "name": "Leg_L",
            "time": [0.0, 0.2, 0.3333, 1.0, 1.4],
            "transform": [
                [1.0, -1e-06, 0.0, 0.0, 0.0, 0.415878, 0.909421, 0.37472, -1e-06, -0.90942, 0.415878, -0.0, 0.0, 0.0, 0.0, 1.0],
                [1.0, -1e-06, 0.0, 0.0, 0.0, 0.924781, 0.380499, 0.37472, -1e-06, -0.380499, 0.924782, -0.0, 0.0, 0.0, 0.0, 1.0],
                [1.0, -1e-06, 0.0, 0.0, 0.0, 0.924781, 0.380499, 0.37472, -1e-06, -0.380499, 0.924782, 0.0, 0.0, 0.0, 0.0, 1.0],
                [1.0, -1e-06, 0.0, -0.0, 0.0, 0.740346, 0.672226, 0.37472, -1e-06, -0.672226, 0.740346, -0.0, 0.0, 0.0, 0.0, 1.0],
                [1.0, -1e-06, 0.0, 0.0, 0.0, 0.740346, 0.672226, 0.37472, -1e-06, -0.672226, 0.740346, -0.0, 0.0, 0.0, 0.0, 1.0]
            ]
        },
        {
            "name": "Knee_L",
            "time": [0.0, 0.3333, 1.4],
            "transform": [
                [1.0, 0.0, -0.0, 0.0, -0.0, 0.407615, -0.913154, 0.37472, -0.0, 0.913154, 0.407615, -0.0, 0.0, 0.0, 0.0, 1.0],
                [1.0, 0.0, -0.0, 0.0, -0.0, 0.407615, -0.913154, 0.37472, -0.0, 0.913154, 0.407615, 0.0, 0.0, 0.0, 0.0, 1.0],
                [1.0, 0.0, -0.0, 0.0, -0.0, 0.407615, -0.913154, 0.37472, -0.0, 0.913154, 0.407615, -0.0, 0.0, 0.0, 0.0, 1.0]
            ]
        },
        {
            "name": "Torso",
            "time": [0.0, 0.3333, 1.4],
            "transform": [
                [0.981277, 0.019996, -0.191563, 0.0, -0.017548, 0.999741, 0.014471, 0.05, 0.191803, -0.010839, 0.981374, 0.0, 0.0, 0.0, 0.0, 1.0],
                [0.981277, 0.019996, -0.191563, 0.0, -0.017548, 0.999741, 0.014471, 0.05, 0.191803, -0.010839, 0.981374, 0.0, 0.0, 0.0, 0.0, 1.0],
                [0.937753, -0.046629, -0.344158, 0.0, 0.166483, 0.930026, 0.327621, 0.05, 0.3048, -0.364524, 0.879897, 0.0, 0.0, 0.0, 0.0, 1.0]
            ]
        },
        {
            "name": "Chest",
            "time": [0.0, 0.2, 0.3333, 0.7167, 1.4],
            "transform": [
                [0.970061, -0.239193, -0.042052, -0.0, 0.242783, 0.959492, 0.142937, 0.3, 0.00616, -0.148867, 0.988838, 0.0, 0.0, 0.0, 0.0, 1.0],
                [0.861825, -0.239193, -0.447264, 0.0, 0.280418, 0.959492, 0.027205, 0.3, 0.422639, -0.148867, 0.893988, -0.0, 0.0, 0.0, 0.0, 1.0],
                [0.861825, -0.239193, -0.447264, -0.0, 0.280418, 0.959492, 0.027205, 0.3, 0.422639, -0.148867, 0.893988, 0.0, 0.0, 0.0, 0.0, 1.0],
                [0.684984, -0.239193, 0.688174, -0.0, 0.058083, 0.959492, 0.275683, 0.3, -0.726239, -0.148867, 0.67113, -0.0, 0.0, 0.0, 0.0, 1.0],
                [0.938033, -0.239193, 0.250761, -0.0, 0.188751, 0.959492, 0.209159, 0.3, -0.290633, -0.148867, 0.945183, -0.0, 0.0, 0.0, 0.0, 1.0]
            ]
        },
        {
            "name": "Head",
            "time": [0.0, 0.3333, 0.7167, 1.4],