{
    
    "animation": [
        {
            "name": "Root",
            "time": [0.0, 0.35, 0.5167, 0.95, 1.25, 1.5],
            "transform": [
                [0.834853, 0.0, -0.550472, -5e-06, -0.550472, 0.0, -0.834853, 0.000946, 0.0, 1.0, 0.0, 0.755725, 0.0, 0.0, 0.0, 1.0],
                [0.746275, -0.000911, 0.665637, 0.041648, 0.657206, 0.159665, -0.736605, 0.621983, -0.105608, 0.987171, 0.119753, 0.603212, 0.0, 0.0, 0.0, 1.0],
                [0.746275, -0.000911, 0.665637, 0.043219, 0.657206, 0.159665, -0.736605, 0.651494, -0.105608, 0.987171, 0.119753, 0.561914, 0.0, 0.0, 0.0, 1.0],
                [0.801767, -0.077181, -0.592633, 0.010165, -0.525567, 0.381024, -0.760657, 6.270424, 0.284515, 0.921338, 0.264929, 0.603013, 0.0, 0.0, 0.0, 1.0],
                [0.990627, -0.052543, -0.126083, 0.007091, -0.106587, 0.279898, -0.954095, 6.589186, 0.085421, 0.958591, 0.271674, 0.776593, 0.0, 0.0, 0.0, 1.0],
                [0.982481, -0.012324, 0.185953, -0.057391, 0.184159, 0.217127, -0.958614, 6.991552, -0.028562, 0.976066, 0.215593, 0.64952, 0.0, 0.0, 0.0, 1.0]
            ]
        },
        {
            "name": "Thigh_R",
            "time": [0.0, 0.2, 0.35, 0.5167, 0.55, 0.95, 1.25, 1.5],
            "transform": [
                [0.996122, 0.069591, -0.053819, 0.124994, 0.068868, -0.997508, -0.01518, -0.002831, -0.054742, 0.011415, -0.998436, -1.2e-05, 0.0, 0.0, 0.0, 1.0],
                [0.93043, 0.362105, 0.056381, 0.124994, 0.128325, -0.466035, 0.875411, -0.002831, 0.343266, -0.807271, -0.480082, -1.2e-05, 0.0, 0.0, 0.0, 1.0],
                [0.81882, 0.531538, 0.216793, 0.124994, 0.024768, -0.410015, 0.911742, -0.002831, 0.573514, -0.741182, -0.348896, -1.2e-05, 0.0, 0.0, 0.0, 1.0],
                [0.81882, 0.54996, 0.164546, 0.124994, 0.024768, -0.32022, 0.947019, -0.002831, 0.573514, -0.771362, -0.275826, -1.2e-05, 0.0, 0.0, 0.0, 1.0],
                [0.925828, -0.015946, 0.377609, 0.124994, 0.127989, -0.926846, -0.352946, -0.002831, 0.355614, 0.375096, -0.856061, -1.2e-05, 0.0, 0.0, 0.0, 1.0],
                [0.834652, 0.291678, -0.467203, 0.124994, 0.035927, -0.875285, -0.482268, -0.002831, -0.549604, 0.38574, -0.74104, -1.1e-05, 0.0, 0.0, 0.0, 1.0],
                [0.958742, -0.119154, -0.2581, 0.124994, 0.187527, -0.417268, 0.889225, -0.002831, -0.213652, -0.900936, -0.377709, -1.2e-05, 0.0, 0.0, 0.0, 1.0],
                [0.982336, 0.174324, 0.068017, 0.124994, 0.041583, -0.55776, 0.828959, -0.002831, 0.182445, -0.811486, -0.555159, -1.2e-05, 0.0, 0.0, 0.0, 1.0]
            ]
        },
        {
            "name": "Leg_R",
            "time": [0.0, 0.2, 0.35, 0.5167, 0.55, 0.95, 1.25, 1.5],
            "transform": [
                [1.0, -1e-06, 2e-06, 0.0, -0.0, 0.926377, 0.376598, 0.37472, -2e-06, -0.376598, 0.926376, -0.0, 0.0, 0.0, 0.0, 1.0],
                [1.0, -2e-06, -0.0, 0.0, -0.0, -0.246551, 0.969129, 0.37472, -2e-06, -0.969131, -0.246551, -0.0, 0.0, 0.0, 0.0, 1.0],
                [1.0, -2e-06, 0.0, -0.0, -0.0, 0.113482, 0.993539, 0.37472, -2e-06, -0.993541, 0.113481, -0.0, 0.0, 0.0, 0.0, 1.0],
                [1.0, -2e-06, 0.0, -0.0, -0.0, 0.113482, 0.993539, 0.37472, -2e-06, -0.993541, 0.113481, -0.0, 0.0, 0.0, 0.0, 1.0],
                [1.0, -0.0, 2e-06, 0.0, -0.0, 0.953935, 0.300017, 0.37472, -2e-06, -0.300017, 0.953933, -0.0, 0.0, 0.0, 0.0, 1.0],
                [1.0, 0.0, 1e-06, -0.0, -0.0, 0.990533, 0.137277, 0.374721, -1e-06, -0.137278, 0.990532, 0.0, 0.0, 0.0, 0.0, 1.0],
                [1.0, -2e-06, 0.0, -0.0, -1e-06, -0.121598, 0.992579, 0.374721, -2e-06, -0.99258, -0.121597, 0.0, 0.0, 0.0, 0.0, 1.0],
                [1.0, -0.0, 2e-06, 0.0, -0.0, 0.884996, 0.465599, 0.37472, -2e-06, -0.4656, 0.884995, -0.0, 0.0, 0.0, 0.0, 1.0]
            ]
        },
        {
            "name": "Knee_R",
            "time": [0.0, 0.2, 0.35, 0.5167, 0.95, 1.5],
            "transform": [
                [1.0, 0.0, -0.0, 0.0, -0.0, 1e-06, -1.0, 0.37472, -0.0, 1.0, 1e-06, -0.0, 0.0, 0.0, 0.0, 1.0],
                [1.0, 0.0, -0.0, 0.0, -0.0, 0.782533, -0.62261, 0.37472, -0.0, 0.62261, 0.782533, -0.0, 0.0, 0.0, 0.0, 1.0],
                [1.0, 0.0, -0.0, -0.0, -0.0, 0.497314, -0.86757, 0.37472, -0.0, 0.86757, 0.497314, -0.0, 0.0, 0.0, 0.0, 1.0],
                [1.0, 0.0, -0.0, -0.0, -0.0, 0.497314, -0.86757, 0.37472, -0.0, 0.86757, 0.497314, -0.0, 0.0, 0.0, 0.0, 1.0],
                [1.0, -0.0, -0.0, -0.0, -0.0, 0.116366, -0.993206, 0.374721, 0.0, 0.993206, 0.116366, 0.0, 0.0, 0.0, 0.0, 1.0],
                [1.0, -0.0, -0.0, 0.0, -0.0, 0.116366, -0.993206, 0.37472, 0.0, 0.993206, 0.116366, -0.0, 0.0, 0.0, 0.0, 1.0]
            ]
        },
        {
            "name": "Thigh_L",
            "time": [0.0, 0.35, 0.5167, 0.55, 0.65, 0.95, 1.5],
            "transform": [
                [0.866588, -0.21542, -0.450131, -0.125006, -0.027838, -0.921489, 0.387404, -0.002831, -0.498245, -0.323189, -0.804549, -1.2e-05, 0.0, 0.0, 0.0, 1.0],
                [0.861854, -0.121268, 0.492444, -0.125006, -0.090238, -0.992166, -0.086396, -0.002831, 0.499063, 0.030024, -0.866045, -1.2e-05, 0.0, 0.0, 0.0, 1.0],
                [0.861854, -0.088272, 0.499414, -0.125006, -0.090238, -0.995714, -0.020267, -0.002831, 0.499063, -0.027599, -0.866126, -1.2e-05, 0.0, 0.0, 0.0, 1.0],
                [0.956938, 0.199619, 0.210761, -0.125006, -0.167319, -0.214012, 0.962394, -0.002831, 0.237217, -0.956217, -0.171397, -1.2e-05, 0.0, 0.0, 0.0, 1.0],
                [0.935887, -0.343003, 0.080402, -0.125006, -0.029858, 0.150172, 0.988209, -0.002831, -0.351032, -0.927253, 0.130302, -1.2e-05, 0.0, 0.0, 0.0, 1.0],
                [0.80365, -0.59504, -0.008615, -0.125006, -0.058826, -0.093839, 0.993847, -0.002831, -0.592187, -0.798199, -0.110418, -1.2e-05, 0.0, 0.0, 0.0, 1.0],
                [0.987725, -0.011839, 0.155749, -0.125006, 0.001263, -0.996486, -0.083753, -0.002831, 0.156193, 0.082922, -0.984239, -1.2e-05, 0.0, 0.0, 0.0, 1.0]
            ]
        },
        {
            "name": "Leg_L",
            "time": [0.0, 0.35, 0.5167, 0.55, 0.65, 0.95, 1.5],
            "transform": [
                [1.0, -1e-06, 1e-06, -0.0, 0.0, 0.917737, 0.397187, 0.37472, -1e-06, -0.397187, 0.917738, 0.0, 0.0, 0.0, 0.0, 1.0],
                [1.0, -1e-06, 0.0, 0.0, 0.0, 0.761495, 0.648171, 0.37472, -1e-06, -0.64817, 0.761495, 0.0, 0.0, 0.0, 0.0, 1.0],
                [1.0, -1e-06, 0.0, 0.0, 0.0, 0.622045, 0.782981, 0.37472, -1e-06, -0.782981, 0.622046, -0.0, 0.0, 0.0, 0.0, 1.0],
                [1.0, -1e-06, -0.0, -0.0, 0.0, -0.420912, 0.907102, 0.37472, -1e-06, -0.907101, -0.420912, -0.0, 0.0, 0.0, 0.0, 1.0],
                [1.0, -1e-06, -0.0, 0.0, 0.0, -0.347543, 0.937665, 0.374721, -1e-06, -0.937664, -0.347543, -0.0, 0.0, 0.0, 0.0, 1.0],
                [1.0, -1e-06, 1e-06, -0.0, 1e-06, 0.915961, 0.401267, 0.374721, -1e-06, -0.401267, 0.915962, 0.0, 0.0, 0.0, 0.0, 1.0],
                [1.0, -1e-06, 0.0, -0.0, 0.0, 0.836941, 0.547292, 0.37472, -1e-06, -0.547292, 0.836942, -0.0, 0.0, 0.0, 0.0, 1.0]
            ]
        },
        {
            "name": "Knee_L",
            "time": [0.0, 0.5167, 0.55, 0.95, 1.5],
            "transform": [
                [1.0, 0.0, -0.0, -0.0, -0.0, 1e-06, -1.0, 0.37472, -0.0, 1.0, 1e-06, 0.0, 0.0, 0.0, 0.0, 1.0],
                [1.0, 0.0, -0.0, 0.0, -0.0, 1e-06, -1.0, 0.37472, -0.0, 1.0, 1e-06, -0.0, 0.0, 0.0, 0.0, 1.0],
                [1.0, 0.0, -0.0, -0.0, -0.0, 0.862744, -0.505642, 0.37472, -0.0, 0.505642, 0.862744, -0.0, 0.0, 0.0, 0.0, 1.0],
                [1.0, 0.0, -0.0, -0.0, -0.0, 0.517326, -0.855789, 0.374721, -0.0, 0.855789, 0.517326, 0.0, 0.0, 0.0, 0.0, 1.0],
                [1.0, 0.0, -0.0, -0.0, -0.0, 0.517326, -0.855789, 0.37472, -0.0, 0.855789, 0.517326, -0.0, 0.0, 0.0, 0.0, 1.0]
            ]
        },
        {
            "name": "Torso",
            "time": [0.0, 0.35, 0.5167, 0.5667, 0.95, 1.5],