{
    
    "animation": [
        {
            "name": "Root",
            "time": [0.0, 0.2, 0.3833, 0.65, 0.9667],
            "transform": [
                [0.857655, 0.0, 0.514225, -0.064434, 0.514225, 0.0, -0.857655, 0.115849, 0.0, 1.0, 0.0, 0.65051, 0.0, 0.0, 0.0, 1.0],
                [0.994297, 0.0, 0.106647, -0.038778, 0.106647, 0.0, -0.994297, 0.727368, 0.0, 1.0, 0.0, 0.705299, 0.0, 0.0, 0.0, 1.0],
                [0.994297, 0.0, 0.106647, -0.038778, 0.106647, 0.0, -0.994297, 0.883211, 0.0, 1.0, 0.0, 0.705299, 0.0, 0.0, 0.0, 1.0],
                [0.974417, 0.0, -0.224749, -0.038778, -0.224749, 0.0, -0.974417, 1.690166, 0.0, 1.0, 0.0, 0.571385, 0.0, 0.0, 0.0, 1.0],
                [0.974417, 0.0, -0.224749, -0.038778, -0.224749, 0.0, -0.974417, 1.690166, 0.0, 1.0, 0.0, 0.571385, 0.0, 0.0, 0.0, 1.0]
            ]
        },
        {
            "name": "Thigh_R",
            "time": [0.0, 0.2, 0.3833, 0.65, 0.9667],
            "transform": [
                [0.907542, 0.293885, 0.299997, 0.124994, -0.051684, -0.630753, 0.77426, -0.002831, 0.416768, -0.718177, -0.557248, -1.2e-05, 0.0, 0.0, 0.0, 1.0],
                [0.978348, 0.161422, 0.129527, 0.124994, 0.131067, -0.967583, 0.21587, -0.002831, 0.160175, -0.194218, -0.967793, -1.2e-05, 0.0, 0.0, 0.0, 1.0],
                [0.978348, 0.13181, 0.159563, 0.124994, 0.131067, -0.991255, 0.015224, -0.002831, 0.160175, 0.00602, -0.987071, -1.2e-05, 0.0, 0.0, 0.0, 1.0],
                [0.983018, 0.095489, 0.156708, 0.124994, 0.168474, -0.808126, -0.564398, -0.002831, 0.072746, 0.581214, -0.810492, -1.2e-05, 0.0, 0.0, 0.0, 1.0],
                [0.983018, 0.095489, 0.156708, 0.124994, 0.168474, -0.808126, -0.564398, -0.002831, 0.072746, 0.581214, -0.810492, -1.2e-05, 0.0, 0.0, 0.0, 1.0]
            ]
        },
        {
            "name": "Leg_R",
            "time": [0.0, 0.2, 0.3833, 0.65, 0.9667],
            "transform": [
                [1.0, 0.0, 2e-06, 0.0, -2e-06, 0.598931, 0.8008, 0.37472, -1e-06, -0.800802, 0.59893, 0.0, 0.0, 0.0, 0.0, 1.0],
                [1.0, 1e-06, 2e-06, 0.0, -2e-06, 0.840045, 0.542517, 0.37472, -1e-06, -0.542518, 0.840044, -0.0, 0.0, 0.0, 0.0, 1.0],
                [0.999994, -0.002811, 0.002028, -0.0, 0.001339, 0.852894, 0.522083, 0.37472, -0.003197, -0.522078, 0.852891, -0.0, 0.0, 0.0, 0.0, 1.0],
                [0.996011, -0.078208, -0.04296, 0.0, 0.087464, 0.951022, 0.296494, 0.37472, 0.017668, -0.29907, 0.954067, -0.0, 0.0, 0.0, 0.0, 1.0],
                [0.996011, -0.078208, -0.04296, 0.0, 0.087464, 0.951022, 0.296494, 0.37472, 0.017668, -0.29907, 0.954067, -0.0, 0.0, 0.0, 0.0, 1.0]
            ]
        },
        {
            "name": "Knee_R",
            "time": [0.0, 0.3833, 0.9667],
            "transform": [
                [1.0, -0.0, -0.0, -0.000179, -0.0, -0.254613, -0.967043, 0.436391, 0.0, 0.967043, -0.254613, -0.000613, 0.0, 0.0, 0.0, 1.0],
                [1.0, -0.0, -0.0, -0.000179, -0.0, -0.254613, -0.967043, 0.436391, 0.0, 0.967043, -0.254613, -0.000613, 0.0, 0.0, 0.0, 1.0],
                [1.0, -0.0, -0.0, -0.000179, -0.0, -0.254613, -0.967043, 0.436391, 0.0, 0.967043, -0.254613, -0.000613, 0.0, 0.0, 0.0, 1.0]
            ]
        },
        {
            "name": "Thigh_L",
            "time": [0.0, 0.2, 0.3833, 0.45, 0.5167, 0.65, 0.9667],
            "transform": [
                [0.997549, -0.069704, -0.005971, -0.125006, -0.060179, -0.81144, -0.581328, -0.002831, 0.035676, 0.580264, -0.813646, -1.2e-05, 0.0, 0.0, 0.0, 1.0],
                [0.997549, -0.058745, 0.037991, -0.125006, -0.060179, -0.997472, 0.037781, -0.002831, 0.035675, -0.039974, -0.998563, -1.2e-05, 0.0, 0.0, 0.0, 1.0],
                [0.997549, -0.034908, 0.060628, -0.125006, -0.060179, -0.870099, 0.489189, -0.002831, 0.035675, -0.491638, -0.870068, -1.2e-05, 0.0, 0.0, 0.0, 1.0],
                [0.997946, -0.061596, 0.01758, -0.125006, -0.048907, -0.555452, 0.830109, -0.002831, -0.041367, -0.829264, -0.557324, -1.2e-05, 0.0, 0.0, 0.0, 1.0],
                [0.988799, -0.144886, -0.035824, -0.125006, -0.03376, -0.450939, 0.891916, -0.002831, -0.145381, -0.880717, -0.45078, -1.2e-05, 0.0, 0.0, 0.0, 1.0],
                [0.954231, -0.260141, -0.147541, -0.125006, -0.024879, -0.560674, 0.827663, -0.002831, -0.298031, -0.786111, -0.541485, -1.2e-05, 0.0, 0.0, 0.0, 1.0],
                [0.954231, -0.260141, -0.147541, -0.125006, -0.024879, -0.560674, 0.827663, -0.002831, -0.298031, -0.786111, -0.541485, -1.2e-05, 0.0, 0.0, 0.0, 1.0]
            ]
        },
        {
            "name": "Leg_L",
            "time": [0.0, 0.2, 0.3833, 0.45, 0.5833, 0.65, 0.9667],
            "transform": [
                [1.0, -1e-06, 1e-06, -0.0, 0.0, 0.936366, 0.351025, 0.37472, -1e-06, -0.351024, 0.936366, -0.0, 0.0, 0.0, 0.0, 1.0],
                [1.0, -2e-06, -0.0, 0.0, 0.0, -0.180031, 0.983661, 0.37472, -2e-06, -0.983661, -0.180031, 0.0, 0.0, 0.0, 0.0, 1.0],
                [1.0, -2e-06, -0.0, 0.0, 0.0, -0.180031, 0.983661, 0.37472, -2e-06, -0.983661, -0.180031, 0.0, 0.0, 0.0, 0.0, 1.0],
                [0.998274, -0.057019, 0.014097, -0.0, -0.012581, 0.026851, 0.99956, 0.37472, -0.057372, -0.998012, 0.026087, -0.0, 0.0, 0.0, 0.0, 1.0],
                [0.999808, 0.013756, 0.013932, -0.0, -0.019083, 0.843765, 0.536373, 0.37472, -0.004377, -0.536536, 0.843866, -0.0, 0.0, 0.0, 0.0, 1.0],
                [0.999808, 0.013756, 0.013932, 0.0, -0.019083, 0.843765, 0.536373, 0.37472, -0.004377, -0.536536, 0.843866, 0.0, 0.0, 0.0, 0.0, 1.0],
                [0.999808, 0.013756, 0.013932, 0.0, -0.019083, 0.843765, 0.536373, 0.37472, -0.004377, -0.536536, 0.843866, 0.0, 0.0, 0.0, 0.0, 1.0]
            ]
        },
        {
            "name": "Knee_L",
            "time": [0.0, 0.2, 0.3833, 0.5833, 0.65, 0.9667],
            "transform": [
                [1.0, 0.0, -0.0, -0.0, -0.0, 0.061189, -0.998126, 0.37472, -0.0, 0.998126, 0.061189, -0.0, 0.0, 0.0, 0.0, 1.0],
                [1.0, 0.0, 0.0, 0.0, -0.0, 0.72427, -0.689517, 0.37472, -0.0, 0.689517, 0.72427, 0.0, 0.0, 0.0, 0.0, 1.0],
                [1.0, 0.0, 0.0, 0.0, -0.0, 0.72427, -0.689517, 0.37472, -0.0, 0.689517, 0.72427, 0.0, 0.0, 0.0, 0.0, 1.0],
                [0.998977, -0.033722, -0.030136, -0.0, -0.02056, 0.254879, -0.966754, 0.37472, 0.040282, 0.966385, 0.253925, -0.0, 0.0, 0.0, 0.0, 1.0],
                [0.999634, -0.016379, -0.021521, 0.0, -0.011746, 0.453838, -0.891007, 0.37472, 0.02436, 0.890934, 0.45348, 0.0, 0.0, 0.0, 0.0, 1.0],
                [0.999634, -0.016379, -0.021521, 0.0, -0.011746, 0.453838, -0.891007, 0.37472, 0.02436, 0.890934, 0.45348, 0.0, 0.0, 0.0, 0.0, 1.0]
            ]
        },
        {
            "name": "Torso",
            "time": [0.0, 0.3833, 0.65, 0.9667],
            "transform": [
                [0.985623, 0.105926, 0.131634, 0.0, -0.142341, 0.940308, 0.309129, 0.05, -0.091031, -0.323421, 0.941866, -0.0, 0.0, 0.0, 0.0, 1.0],
                [0.985623, 0.105926, 0.131634, 0.0, -0.142341, 0.940308, 0.309129, 0.05, -0.091031, -0.323421, 0.941866, 0.0, 0.0, 0.0, 0.0, 1.0],
                [0.976671, -0.065017, -0.20466, -0.0, 0.109704, 0.970376, 0.215258, 0.05, 0.184602, -0.232688, 0.954871, 0.0, 0.0, 0.0, 0.0, 1.0],
                [0.976671, -0.065017, -0.20466, -0.0, 0.109704, 0.970376, 0.215258, 0.05, 0.184602, -0.232688, 0.954871, 0.0, 0.0, 0.0, 0.0, 1.0]
            ]
        },
        {
            "name": "Chest",
            "time": [0.0, 0.2, 0.3833, 0.65, 0.9667],