{
    
    "animation": [
        {
            "name": "Root",
            "time": [0.0, 0.1833, 0.5, 0.6667, 0.2667, 0.35, 0.4333],
            "transform": [
                [0.854689, 0.0, -0.51914, -5e-06, -0.51914, 0.0, -0.854689, 0.000946, 0.0, 1.0, 0.0, 0.755725, 0.0, 0.0, 0.0, 1.0],
                [-0.546318, 0.0, 0.837578, -0.003386, 0.837578, 0.0, 0.546318, -2.328367, 0.0, 1.0, 0.0, 0.755725, 0.0, 0.0, 0.0, 1.0],
                [-0.412113, 0.0, -0.911133, -0.021191, -0.911133, 0.0, 0.412113, -2.674502, 0.0, 1.0, 0.0, 0.743502, 0.0, 0.0, 0.0, 1.0],
                [0.792039, 0.0, -0.61047, -0.059956, -0.61047, 0.0, -0.792039, -2.869283, 0.0, 1.0, 0.0, 0.712319, 0.0, 0.0, 0.0, 1.0],
                [0.973845, 0.0, -0.227215, -0.09441, -0.227215, 0.0, -0.973845, -2.962099, 0.0, 1.0, 0.0, 0.683671, 0.0, 0.0, 0.0, 1.0],
                [0.997518, 0.0, -0.070409, -0.103758, -0.070409, 0.0, -0.997518, -2.981358, 0.0, 1.0, 0.0, 0.675804, 0.0, 0.0, 0.0, 1.0],
                [0.997518, 0.0, -0.070409, -0.103758, -0.070409, 0.0, -0.997518, -2.981358, 0.0, 1.0, 0.0, 0.769874, 0.0, 0.0, 0.0, 1.0]
            ]
        },
        {
            "name": "Thigh_R",
            "time": [0.0, 0.0833, 0.2, 0.3333, 0.5, 0.6667],
            "transform": [
                [0.996122, 0.056386, -0.067528, 0.124994, 0.068868, -0.977426, 0.199728, -0.002831, -0.054742, -0.203604, -0.977522, -1.2e-05, 0.0, 0.0, 0.0, 1.0],
                [0.861553, 0.052464, 0.50495, 0.124994, -0.055417, -0.978981, 0.196269, -0.002831, 0.504634, -0.197078, -0.840539, -1.2e-05, 0.0, 0.0, 0.0, 1.0],
                [0.861553, -0.018628, 0.507326, 0.124994, -0.055417, -0.996804, 0.05751, -0.002831, 0.504634, -0.077662, -0.859833, -1.2e-05, 0.0, 0.0, 0.0, 1.0],
                [0.861553, 0.001563, 0.507665, 0.124994, -0.055417, -0.993728, 0.097107, -0.002831, 0.504634, -0.111795, -0.856065, -1.2e-05, 0.0, 0.0, 0.0, 1.0],
                [0.994604, 0.072585, 0.074113, 0.124994, 0.092248, -0.945655, -0.311807, -0.002831, 0.047453, 0.316962, -0.947251, -1.2e-05, 0.0, 0.0, 0.0, 1.0],
                [0.996122, 0.056386, -0.067528, 0.124994, 0.068868, -0.977426, 0.199728, -0.002831, -0.054742, -0.203604, -0.977522, -1.2e-05, 0.0, 0.0, 0.0, 1.0]
            ]
        },
        {
            "name": "Leg_R",
            "time": [0.0, 0.5, 0.6667],
            "transform": [
                [1.0, -0.0, 2e-06, -0.0, -0.0, 0.9661, 0.258173, 0.37472, -2e-06, -0.258173, 0.966098, -0.0, 0.0, 0.0, 0.0, 1.0],
                [0.976624, 0.154282, 0.149675, 0.0, -0.209167, 0.842583, 0.496289, 0.37472, -0.049545, -0.515996, 0.855157, 0.0, 0.0, 0.0, 0.0, 1.0],
                [1.0, -0.0, 2e-06, 0.0, -0.0, 0.966099, 0.258173, 0.37472, -2e-06, -0.258173, 0.966098, -0.0, 0.0, 0.0, 0.0, 1.0]
            ]
        },
        {
            "name": "Knee_R",
            "time": [0.0, 0.6667],
            "transform": [
                [1.0, 0.0, -0.0, -0.0, -0.0, 1e-06, -1.0, 0.37472, -0.0, 1.0, 1e-06, -0.0, 0.0, 0.0, 0.0, 1.0],
                [1.0, 0.0, -0.0, 0.0, -0.0, 1e-06, -1.0, 0.37472, -0.0, 1.0, 1e-06, -0.0, 0.0, 0.0, 0.0, 1.0]
            ]
        },
        {
            "name": "Thigh_L",
            "time": [0.0, 0.0833, 0.2, 0.3333, 0.4167, 0.5, 0.6667],
            "transform": [
                [0.866588, -0.133703, -0.480778, -0.125006, -0.027838, -0.974891, 0.220935, -0.002831, -0.498245, -0.178075, -0.848552, -1.2e-05, 0.0, 0.0, 0.0, 1.0],
                [0.866588, -0.290572, -0.405699, -0.125006, -0.027838, -0.839871, 0.542072, -0.002831, -0.498245, -0.458459, -0.735912, -1.2e-05, 0.0, 0.0, 0.0, 1.0],
                [0.951465, 0.055876, 0.302641, -0.125006, -0.22932, -0.527104, 0.818274, -0.002831, 0.205246, -0.847961, -0.488708, -1.2e-05, 0.0, 0.0, 0.0, 1.0],
                [0.973186, 0.055876, 0.223128, -0.125006, -0.161043, -0.527104, 0.834401, -0.002831, 0.164235, -0.847961, -0.503972, -1.2e-05, 0.0, 0.0, 0.0, 1.0],
                [0.973703, -0.171485, -0.14998, -0.125006, 0.000916, -0.655381, 0.755297, -0.002831, -0.227816, -0.735573, -0.63799, -1.2e-05, 0.0, 0.0, 0.0, 1.0],
                [0.973703, -0.126143, -0.189708, -0.125006, 0.000916, -0.830541, 0.556956, -0.002831, -0.227816, -0.542484, -0.808585, -1.2e-05, 0.0, 0.0, 0.0, 1.0],
                [0.866588, -0.133703, -0.480778, -0.125006, -0.027838, -0.974891, 0.220935, -0.002831, -0.498245, -0.178075, -0.848552, -1.2e-05, 0.0, 0.0, 0.0, 1.0]
            ]
        },
        {
            "name": "Leg_L",
            "time": [0.0, 0.0833, 0.2, 0.5, 0.6667],
            "transform": [
                [1.0, -0.0, 1e-06, 0.0, 0.0, 0.984973, 0.172708, 0.37472, -1e-06, -0.172708, 0.984973, 0.0, 0.0, 0.0, 0.0, 1.0],
                [1.0, -1e-06, -0.0, -0.0, 0.0, -0.132787, 0.991145, 0.37472, -1e-06, -0.991144, -0.132787, 0.0, 0.0, 0.0, 0.0, 1.0],
                [1.0, -1e-06, -1e-06, 0.0, 0.0, -0.6112, 0.791476, 0.37472, -1e-06, -0.791476, -0.6112, -0.0, 0.0, 0.0, 0.0, 1.0],
                [1.0, -1e-06, 0.0, 0.0, 0.0, 0.607496, 0.794323, 0.37472, -1e-06, -0.794322, 0.607497, -0.0, 0.0, 0.0, 0.0, 1.0],
                [1.0, -0.0, 1e-06, -0.0, 0.0, 0.984973, 0.172708, 0.37472, -1e-06, -0.172708, 0.984973, -0.0, 0.0, 0.0, 0.0, 1.0]
            ]
        },
        {
            "name": "Knee_L",
            "time": [0.0, 0.0833, 0.2, 0.5, 0.6667],
            "transform": [
                [1.0, 0.0, -0.0, 0.0, -0.0, 1e-06, -1.0, 0.37472, -0.0, 1.0, 1e-06, 0.0, 0.0, 0.0, 0.0, 1.0],
                [1.0, 0.0, 0.0, -0.0, -0.0, 0.798079, -0.602553, 0.37472, -0.0, 0.602553, 0.798079, 0.0, 0.0, 0.0, 0.0, 1.0],
                [1.0, 0.0, 0.0, 0.0, -0.0, 0.953642, -0.300944, 0.37472, -0.0, 0.300944, 0.953642, -0.0, 0.0, 0.0, 0.0, 1.0],
                [1.0, 0.0, -0.0, 0.0, -0.0, 0.614282, -0.789087, 0.37472, -0.0, 0.789087, 0.614281, -0.0, 0.0, 0.0, 0.0, 1.0],
                [1.0, 0.0, -0.0, -0.0, -0.0, 1e-06, -1.0, 0.37472, -0.0, 1.0, 1e-06, -0.0, 0.0, 0.0, 0.0, 1.0]
            ]
        },
        {
            "name": "Torso",
            "time": [0.0, 0.2333, 0.5, 0.6667],
            "transform": [
                [0.99978, -0.020971, -0.000197, -0.0, 0.020971, 0.999603, 0.018833, 0.05, -0.000198, -0.018833, 0.999823, 0.0, 0.0, 0.0, 0.0, 1.0],
                [0.985531, -0.083886, -0.147278, -0.0, 0.145619, 0.863719, 0.482478, 0.05, 0.086734, -0.496944, 0.863437, 0.0, 0.0, 0.0, 0.0, 1.0],
                [0.999784, 0.020765, -0.000151, 0.0, -0.020484, 0.985012, -0.171269, 0.05, -0.003408, 0.171235, 0.985224, -0.0, 0.0, 0.0, 0.0, 1.0],
                [0.99978, -0.020971, -0.000197, 0.0, 0.020971, 0.999603, 0.018833, 0.05, -0.000198, -0.018833, 0.999823, -0.0, 0.0, 0.0, 0.0, 1.0]
            ]
        },
        {
            "name": "Chest",
            "time": [0.0, 0.15, 0.5, 0.6667],
            "transform": [
                [0.999771, -0.021411, -0.000206, 0.0, 0.021411, 0.999586, 0.019228, 0.3, -0.000206, -0.019228, 0.999815, 0.0, 0.0, 0.0, 0.0, 1.0],
                [0.93097, 0.153166, -0.331412, 0.0, 0.178297, 0.6014, 0.778799, 0.3, 0.318597, -0.784129, 0.532577, 0.0, 0.0, 0.0, 0.0, 1.0],
                [0.93097, 0.053208, -0.361197, -0.0, 0.178297, 0.797067, 0.576969, 0.3, 0.318597, -0.601542, 0.73256, -0.0, 0.0, 0.0, 0.0, 1.0],
                [0.999771, -0.021411, -0.000206, 0.0, 0.021411, 0.999586, 0.019228, 0.3, -0.000206, -0.019228, 0.999815, 0.0, 0.0, 0.0, 0.0, 1.0]
            ]
        },
        {
            "name": "Head",
            "time": [0.0, 0.2167, 0.3333, 0.5, 0.6667],