{
    "animation": [
        {
            "name": "Root",
            "time": [0.0, 0.0833, 0.3, 0.5167],
            "transform": [
                [0.779965, 0.0, 0.625822, -5e-06, 0.625822, 0.0, -0.779965, 0.000946, 0.0, 1.0, 0.0, 0.755725, 0.0, 0.0, 0.0, 1.0],
                [0.836368, -0.039498, -0.546744, -0.059429, -0.541385, -0.21595, -0.812569, -0.536165, -0.085975, 0.975605, -0.201997, 0.755725, 0.0, 0.0, 0.0, 1.0],
                [0.715439, -0.031107, -0.697982, -0.068523, -0.635583, 0.385884, -0.668676, -0.705128, 0.290141, 0.922023, 0.256305, 0.625506, 0.0, 0.0, 0.0, 1.0],
                [0.724861, -0.055464, -0.686659, -0.068234, -0.648686, 0.280597, -0.707441, -0.718269, 0.231912, 0.958222, 0.167415, 0.655869, 0.0, 0.0, 0.0, 1.0]
            ]
        },
        {
            "name": "Thigh_R",
            "time": [0.0, 0.0833, 0.3, 0.5167],
            "transform": [
                [0.996122, 0.056386, -0.067528, 0.124994, 0.068868, -0.977426, 0.199728, -0.002831, -0.054742, -0.203604, -0.977522, -1.2e-05, 0.0, 0.0, 0.0, 1.0],
                [0.985481, 0.162184, 0.050221, 0.124994, 0.164484, -0.985321, -0.04564, -0.002831, 0.042082, 0.053238, -0.997695, -1.2e-05, 0.0, 0.0, 0.0, 1.0],
                [0.970404, 0.241477, -0.002119, 0.124994, 0.237898, -0.954437, 0.180138, -0.002831, 0.041477, -0.17531, -0.983639, -1.2e-05, 0.0, 0.0, 0.0, 1.0],
                [0.982107, 0.188162, -0.007796, 0.124994, 0.180379, -0.927968, 0.326092, -0.002831, 0.054123, -0.321662, -0.945307, -1.2e-05, 0.0, 0.0, 0.0, 1.0]
            ]
        },
        {
            "name": "Leg_R",
            "time": [0.0, 0.0833, 0.3, 0.5167],
            "transform": [
                [1.0, -0.0, 2e-06, -0.0, -0.0, 0.966099, 0.258173, 0.37472, -2e-06, -0.258173, 0.966098, -0.0, 0.0, 0.0, 0.0, 1.0],
                [1.0, -0.0, 2e-06, 0.0, -0.0, 0.966099, 0.258173, 0.37472, -2e-06, -0.258173, 0.966098, -0.0, 0.0, 0.0, 0.0, 1.0],
                [1.0, -1e-06, 2e-06, -0.0, -0.0, 0.854901, 0.518791, 0.37472, -2e-06, -0.518792, 0.8549, -0.0, 0.0, 0.0, 0.0, 1.0],
                [1.0, -1e-06, 2e-06, 0.0, -0.0, 0.818562, 0.574418, 0.37472, -2e-06, -0.574419, 0.818561, 0.0, 0.0, 0.0, 0.0, 1.0]
            ]
        },
        {
            "name": "Knee_R",
            "time": [0.0, 0.0833, 0.3, 0.5167],
            "transform": [
                [1.0, 0.0, -0.0, -0.0, -0.0, 1e-06, -1.0, 0.37472, -0.0, 1.0, 1e-06, -0.0, 0.0, 0.0, 0.0, 1.0],
                [1.0, 0.0, -0.0, 0.0, -0.0, 1e-06, -1.0, 0.37472, -0.0, 1.0, 1e-06, -0.0, 0.0, 0.0, 0.0, 1.0],
                [1.0, 0.0, -0.0, -0.0, -0.0, 1e-06, -1.0, 0.37472, -0.0, 1.0, 1e-06, -0.0, 0.0, 0.0, 0.0, 1.0],
                [1.0, 0.0, -0.0, 0.0, -0.0, 1e-06, -1.0, 0.37472, -0.0, 1.0, 1e-06, 0.0, 0.0, 0.0, 0.0, 1.0]
            ]
        },
        {
            "name": "Thigh_L",
            "time": [0.0, 0.0833, 0.3, 0.5167],
            "transform": [
                [0.866588, -0.133703, -0.480778, -0.125006, -0.027838, -0.974891, 0.220935, -0.002831, -0.498245, -0.178075, -0.848552, -1.2e-05, 0.0, 0.0, 0.0, 1.0],
                [0.866588, -0.453265, -0.208747, -0.125006, -0.027838, -0.461571, 0.886666, -0.002831, -0.498246, -0.762564, -0.41261, -1.2e-05, 0.0, 0.0, 0.0, 1.0],
                [0.73126, -0.682023, 0.010108, -0.125006, -0.110455, -0.103779, 0.988447, -0.002831, -0.673095, -0.723929, -0.151223, -1.2e-05, 0.0, 0.0, 0.0, 1.0],
                [0.697629, -0.700418, -0.150756, -0.125006, -0.124597, -0.325818, 0.937186, -0.002831, -0.705541, -0.635025, -0.314571, -1.2e-05, 0.0, 0.0, 0.0, 1.0]
            ]
        },
        {
            "name": "Leg_L",
            "time": [0.0, 0.0833, 0.3, 0.5167],
            "transform": [
                [1.0, -0.0, 1e-06, 0.0, 0.0, 0.984973, 0.172708, 0.37472, -1e-06, -0.172708, 0.984973, -0.0, 0.0, 0.0, 0.0, 1.0],
                [1.0, -1e-06, 0.0, -0.0, 0.0, 0.150525, 0.988606, 0.37472, -1e-06, -0.988606, 0.150525, 0.0, 0.0, 0.0, 0.0, 1.0],
                [1.0, -1e-06, 0.0, 0.0, 0.0, 0.521304, 0.853371, 0.37472, -1e-06, -0.853371, 0.521304, 0.0, 0.0, 0.0, 0.0, 1.0],
                [1.0, -1e-06, 0.0, 0.0, 0.0, 0.629127, 0.777303, 0.37472, -1e-06, -0.777302, 0.629127, -0.0, 0.0, 0.0, 0.0, 1.0]
            ]
        },
        {
            "name": "Knee_L",
            "time": [0.0, 0.0833, 0.3, 0.5167],
            "transform": [
                [1.0, 0.0, -0.0, 0.0, -0.0, 1e-06, -1.0, 0.37472, -0.0, 1.0, 1e-06, -0.0, 0.0, 0.0, 0.0, 1.0],
                [1.0, 0.0, -0.0, -0.0, -0.0, 0.13741, -0.990514, 0.37472, -0.0, 0.990514, 0.137409, 0.0, 0.0, 0.0, 0.0, 1.0],
                [1.0, 0.0, -0.0, 0.0, -0.0, 0.157595, -0.987504, 0.37472, -0.0, 0.987504, 0.157595, 0.0, 0.0, 0.0, 0.0, 1.0],
                [1.0, 0.0, -0.0, 0.0, -0.0, 0.157595, -0.987504, 0.37472, -0.0, 0.987504, 0.157594, -0.0, 0.0, 0.0, 0.0, 1.0]
            ]
        },
        {
            "name": "Torso",
            "time": [0.0, 0.0833, 0.3, 0.5167],
            "transform": [
                [0.99978, -0.020971, -0.000197, -0.0, 0.020971, 0.999603, 0.018833, 0.05, -0.000198, -0.018833, 0.999823, -0.0, 0.0, 0.0, 0.0, 1.0],
                [0.99978, -0.020971, -0.000197, -0.0, 0.020971, 0.999603, 0.018833, 0.05, -0.000198, -0.018833, 0.999823, 0.0, 0.0, 0.0, 0.0, 1.0],
                [0.99978, -0.020971, -0.000197, 0.0, 0.020971, 0.999603, 0.018833, 0.05, -0.000198, -0.018833, 0.999823, -0.0, 0.0, 0.0, 0.0, 1.0],
                [0.984709, 0.144697, -0.097012, 0.0, -0.155044, 0.981842, -0.109303, 0.05, 0.079435, 0.122673, 0.989263, 0.0, 0.0, 0.0, 0.0, 1.0]
            ]
        },
        {
            "name": "Chest",
            "time": [0.0, 0.0833, 0.3, 0.5167],
            "transform": [
                [0.999771, -0.021411, -0.000206, 0.0, 0.021411, 0.999586, 0.019228, 0.3, -0.000206, -0.019228, 0.999815, 0.0, 0.0, 0.0, 0.0, 1.0],
                [0.965898, -0.081414, -0.245789, 0.0, 0.029887, 0.977991, -0.206497, 0.3, 0.257191, 0.192109, 0.947073, -0.0, 0.0, 0.0, 0.0, 1.0],
                [0.945559, -0.101112, -0.309347, 0.0, 0.153196, 0.976904, 0.148958, 0.3, 0.287141, -0.18824, 0.93921, -0.0, 0.0, 0.0, 0.0, 1.0],
                [0.958843, -0.023588, -0.282956, 0.0, 0.066212, 0.987644, 0.142036, 0.3, 0.276109, -0.154925, 0.948558, -0.0, 0.0, 0.0, 0.0, 1.0]
            ]
        },
        {
            "name": "Head",
            "time": [0.0, 0.0833, 0.3, 0.5167],
            "transform": [
                [0.790993, 0.029884, -0.611095, 0.0, -0.046789, 0.998836, -0.011717, 0.4, 0.610034, 0.03786, 0.79147, 0.0, 0.0, 0.0, 0.0, 1.0],
                [0.964535, -0.037409, 0.261291, -0.0, -0.005237, 0.987, 0.160638, 0.4, -0.263903, -0.156309, 0.9518, 0.0, 0.0, 0.0, 0.0, 1.0],
                [0.65818, -0.061917, 0.75031, -0.0, -0.09117, 0.982723, 0.161072, 0.4, -0.74732, -0.17442, 0.641163, -0.0, 0.0, 0.0, 0.0, 1.0],
                [0.560545, 0.135315, 0.816994, -0.0, -0.009594, 0.987555, -0.156981, 0.4, -0.828068, 0.080157, 0.554867, 0.0, 0.0, 0.0, 0.0, 1.0]
            ]
        },
        {
            "name": "Shoulder_R",
            "time": [0.0, 0.0833, 0.3, 0.5167],
            "transform": [
                [0.305097, 0.909607, 0.282013, 0.0, -0.011136, -0.292704, 0.956138, 0.4, 0.952256, -0.294856, -0.079174, 0.0, 0.0, 0.0, 0.0, 1.0],
                [0.305098, 0.909607, 0.282013, -0.0, -0.011136, -0.292704, 0.956138, 0.4, 0.952256, -0.294856, -0.079173, 0.0, 0.0, 0.0, 0.0, 1.0],
                [0.305097, 0.909606, 0.282013, -0.0, -0.011136, -0.292704, 0.956138, 0.4, 0.952256, -0.294856, -0.079174, -0.0, 0.0, 0.0, 0.0, 1.0],
                [0.305098, 0.909607, 0.282013, -0.0, -0.011136, -0.292704, 0.956138, 0.4, 0.952256, -0.294856, -0.079173, 0.0, 0.0, 0.0, 0.0, 1.0]
            ]
        },
        {
            "name": "Arm_R",
            "time": [0.0, 0.0833, 0.3, 0.5167],