{
    
    "animation": [
        {
            "name": "Root",
            "time": [0.0, 1.35, 2.15, 3.0, 3.9, 4.5],
            "transform": [
                [0.854689, 0.0, -0.51914, -5e-06, -0.51914, 0.0, -0.854689, 0.000946, 0.0, 1.0, 0.0, 0.716997, 0.0, 0.0, 0.0, 1.0],
                [0.854689, 0.0, -0.51914, -5e-06, -0.51914, 0.0, -0.854689, 0.000946, 0.0, 1.0, 0.0, 0.673322, 0.0, 0.0, 0.0, 1.0],
                [0.854689, 0.0, -0.51914, -5e-06, -0.51914, 0.0, -0.854689, 0.000946, 0.0, 1.0, 0.0, 0.673322, 0.0, 0.0, 0.0, 1.0],
                [0.854689, 0.0, -0.51914, -5e-06, -0.51914, 0.0, -0.854689, 0.000946, 0.0, 1.0, 0.0, 0.673322, 0.0, 0.0, 0.0, 1.0],
                [0.854689, 0.0, -0.51914, -5e-06, -0.51914, 0.0, -0.854689, 0.000946, 0.0, 1.0, 0.0, 0.673322, 0.0, 0.0, 0.0, 1.0],
                [0.854689, 0.0, -0.51914, -5e-06, -0.51914, 0.0, -0.854689, 0.000946, 0.0, 1.0, 0.0, 0.748834, 0.0, 0.0, 0.0, 1.0]
            ]
        },
        {
            "name": "Thigh_R",
            "time": [0.0, 1.35, 2.15, 3.0, 3.9, 4.5],
            "transform": [
                [0.996122, 0.077777, -0.04111, 0.124994, 0.068868, -0.980181, -0.185737, -0.002831, -0.054742, 0.182186, -0.981739, -1.2e-05, 0.0, 0.0, 0.0, 1.0],
                [0.996122, 0.082726, -0.029931, 0.124994, 0.068868, -0.944967, -0.31983, -0.002831, -0.054742, 0.316528, -0.947002, -1.2e-05, 0.0, 0.0, 0.0, 1.0],
                [0.996122, 0.082726, -0.029931, 0.124994, 0.068868, -0.944967, -0.31983, -0.002831, -0.054742, 0.316528, -0.947002, -1.2e-05, 0.0, 0.0, 0.0, 1.0],
                [0.996122, 0.082726, -0.029931, 0.124994, 0.068868, -0.944967, -0.31983, -0.002831, -0.054742, 0.316528, -0.947002, -1.2e-05, 0.0, 0.0, 0.0, 1.0],
                [0.996122, 0.082726, -0.029931, 0.124994, 0.068868, -0.944967, -0.31983, -0.002831, -0.054742, 0.316528, -0.947002, -1.2e-05, 0.0, 0.0, 0.0, 1.0],
                [0.949772, -0.013712, -0.31264, 0.124994, -0.02143, -0.999542, -0.021267, -0.002831, -0.312205, 0.026899, -0.949634, -1.2e-05, 0.0, 0.0, 0.0, 1.0]
            ]
        },
        {
            "name": "Leg_R",
            "time": [0.0, 3.9, 4.5],
            "transform": [
                [1.0, -0.0, 2e-06, 0.0, -0.0, 0.966099, 0.258173, 0.37472, -2e-06, -0.258173, 0.966098, -0.0, 0.0, 0.0, 0.0, 1.0],
                [1.0, -0.0, 2e-06, -0.0, -0.0, 0.966099, 0.258173, 0.37472, -2e-06, -0.258173, 0.966098, 0.0, 0.0, 0.0, 0.0, 1.0],
                [1.0, -1e-06, 2e-06, -0.0, -0.0, 0.912319, 0.409482, 0.37472, -2e-06, -0.409482, 0.912318, -0.0, 0.0, 0.0, 0.0, 1.0]
            ]
        },
        {
            "name": "Knee_R",
            "time": [0.0, 4.5],
            "transform": [
                [1.0, 0.0, -0.0, 0.0, -0.0, 1e-06, -1.0, 0.37472, -0.0, 1.0, 1e-06, -0.0, 0.0, 0.0, 0.0, 1.0],
                [1.0, 0.0, -0.0, -0.0, -0.0, 1e-06, -1.0, 0.37472, -0.0, 1.0, 1e-06, -0.0, 0.0, 0.0, 0.0, 1.0]
            ]
        },
        {
            "name": "Thigh_L",
            "time": [0.0, 1.35, 2.15, 3.0, 3.9, 4.5],
            "transform": [
                [0.866588, -0.282622, -0.411277, -0.125006, -0.027838, -0.850261, 0.525624, -0.002831, -0.498245, -0.444051, -0.744694, -1.2e-05, 0.0, 0.0, 0.0, 1.0],
                [0.866588, -0.320909, -0.382153, -0.125006, -0.027838, -0.7957, 0.605051, -0.002831, -0.498245, -0.513692, -0.698478, -1.2e-05, 0.0, 0.0, 0.0, 1.0],
                [0.866588, -0.320909, -0.382153, -0.125006, -0.027838, -0.7957, 0.605051, -0.002831, -0.498245, -0.513692, -0.698478, -1.2e-05, 0.0, 0.0, 0.0, 1.0],
                [0.866588, -0.320909, -0.382153, -0.125006, -0.027838, -0.7957, 0.605051, -0.002831, -0.498245, -0.513692, -0.698478, -1.2e-05, 0.0, 0.0, 0.0, 1.0],
                [0.866588, -0.320909, -0.382153, -0.125006, -0.027838, -0.7957, 0.605051, -0.002831, -0.498245, -0.513692, -0.698478, -1.2e-05, 0.0, 0.0, 0.0, 1.0],
                [0.866588, -0.225012, -0.445413, -0.125006, -0.027838, -0.91298, 0.407053, -0.002831, -0.498245, -0.340348, -0.797442, -1.2e-05, 0.0, 0.0, 0.0, 1.0]
            ]
        },
        {
            "name": "Leg_L",
            "time": [0.0, 4.5],
            "transform": [
                [1.0, -1e-06, 1e-06, -0.0, 0.0, 0.872351, 0.48888, 0.37472, -1e-06, -0.48888, 0.872351, -0.0, 0.0, 0.0, 0.0, 1.0],
                [1.0, -1e-06, 1e-06, -0.0, 0.0, 0.872351, 0.48888, 0.37472, -1e-06, -0.48888, 0.872351, -0.0, 0.0, 0.0, 0.0, 1.0]
            ]
        },
        {
            "name": "Knee_L",
            "time": [0.0, 4.5],
            "transform": [
                [1.0, 0.0, -0.0, -0.0, -0.0, 1e-06, -1.0, 0.37472, -0.0, 1.0, 1e-06, -0.0, 0.0, 0.0, 0.0, 1.0],
                [1.0, 0.0, -0.0, -0.0, -0.0, 1e-06, -1.0, 0.37472, -0.0, 1.0, 1e-06, -0.0, 0.0, 0.0, 0.0, 1.0]
            ]
        },
        {
            "name": "Torso",
            "time": [0.0, 4.5],
            "transform": [
                [0.991628, -0.020971, -0.127413, -0.0, 0.023197, 0.999603, 0.016012, 0.05, 0.127026, -0.018833, 0.991721, 0.0, 0.0, 0.0, 0.0, 1.0],
                [0.991628, -0.020971, -0.127413, -0.0, 0.023197, 0.999603, 0.016012, 0.05, 0.127026, -0.018833, 0.991721, 0.0, 0.0, 0.0, 0.0, 1.0]
            ]
        },
        {
            "name": "Chest",
            "time": [0.0, 0.3333, 1.35, 2.15, 3.0, 3.85, 3.9667, 4.5],
            "transform": [
                [0.972569, -0.021411, 0.231626, 0.0, 0.016369, 0.999586, 0.023669, 0.3, -0.232037, -0.019228, 0.972517, 0.0, 0.0, 0.0, 0.0, 1.0],
                [0.972569, 0.000955, 0.232612, 0.0, 0.016369, 0.997231, -0.072535, 0.3, -0.232037, 0.074353, 0.969861, 0.0, 0.0, 0.0, 0.0, 1.0],
                [0.972569, -0.079469, 0.218618, 0.0, 0.016369, 0.960885, 0.276465, 0.3, -0.232037, -0.265303, 0.935828, 0.0, 0.0, 0.0, 0.0, 1.0],
                [0.972569, -0.053777, 0.226312, 0.0, 0.016369, 0.98632, 0.164025, 0.3, -0.232037, -0.155821, 0.960145, 0.0, 0.0, 0.0, 0.0, 1.0],
                [0.972569, -0.079469, 0.218618, 0.0, 0.016369, 0.960885, 0.276465, 0.3, -0.232037, -0.265303, 0.935828, 0.0, 0.0, 0.0, 0.0, 1.0],
                [0.972569, 0.00072, 0.232612, 0.0, 0.016369, 0.997304, -0.071529, 0.3, -0.232037, 0.073375, 0.969936, 0.0, 0.0, 0.0, 0.0, 1.0],
                [0.972569, 0.00072, 0.232612, 0.0, 0.016369, 0.997304, -0.071529, 0.3, -0.232037, 0.073375, 0.969936, 0.0, 0.0, 0.0, 0.0, 1.0],
                [0.972569, 0.00072, 0.232612, -0.0, 0.016369, 0.997304, -0.071529, 0.3, -0.232037, 0.073375, 0.969936, 0.0, 0.0, 0.0, 0.0, 1.0]
            ]
        },
        {
            "name": "Head",
            "time": [0.0, 0.3333, 1.35, 2.15, 3.0, 3.85, 3.9667, 4.5],
            "transform": [
                [0.85311, 0.037721, 0.520365, -0.0, -0.006297, 0.998055, -0.062025, 0.4, -0.521693, 0.049637, 0.851688, 0.0, 0.0, 0.0, 0.0, 1.0],
                [0.933096, 0.192454, -0.303797, -0.0, -0.052957, 0.909079, 0.413244, 0.4, 0.355706, -0.369509, 0.85845, -0.0, 0.0, 0.0, 0.0, 1.0],
                [0.933096, 0.229504, -0.276874, -0.0, -0.052957, 0.849186, 0.525431, 0.4, 0.355706, -0.475616, 0.804526, 0.0, 0.0, 0.0, 0.0, 1.0],
                [0.895286, 0.229504, -0.381826, -0.0, 0.007514, 0.849186, 0.52804, 0.4, 0.445428, -0.475616, 0.75854, 0.0, 0.0, 0.0, 0.0, 1.0],
                [0.933096, 0.229504, -0.276874, -0.0, -0.052957, 0.849186, 0.525431, 0.4, 0.355706, -0.475616, 0.804526, 0.0, 0.0, 0.0, 0.0, 1.0],
                [0.956369, 0.121247, 0.265814, 0.0, -0.136362, 0.989888, 0.039092, 0.4, -0.258386, -0.073633, 0.963231, -0.0, 0.0, 0.0, 0.0, 1.0],
                [0.956369, 0.121247, 0.265814, 0.0, -0.136362, 0.989888, 0.039092, 0.4, -0.258386, -0.073633, 0.963231, -0.0, 0.0, 0.0, 0.0, 1.0],
                [0.956369, 0.121247, 0.265814, 0.0, -0.136362, 0.989888, 0.039092, 0.4, -0.258386, -0.073633, 0.963231, -0.0, 0.0, 0.0, 0.0, 1.0]
            ]
        },
        {
            "name": "Shoulder_R",
            "time": [0.0, 0.3333, 2.15, 3.9667, 4.5],