{
    "animation": [
        {
            "name": "Root",
            "time": [0.0, 0.1167, 0.2667, 0.4333, 0.6667, 0.8833],
            "transform": [
                [0.521914, 0.071728, -0.849977, 0.034255, -0.852113, 0.089205, -0.515699, -0.007252, 0.038832, 0.993427, 0.107678, 0.53065, 0.0, 0.0, 0.0, 1.0],
                [0.121785, 0.078109, -0.989478, 0.043475, -0.992031, 0.042025, -0.118781, -0.026995, 0.032305, 0.996059, 0.082605, 0.488656, 0.0, 0.0, 0.0, 1.0],
                [0.219968, -0.332201, -0.917201, 0.036498, -0.853757, 0.389299, -0.345753, 0.096196, 0.471924, 0.859121, -0.197985, 0.685355, 0.0, 0.0, 0.0, 1.0],
                [0.389232, 0.140725, 0.910327, 0.070968, 0.921131, -0.063871, -0.383978, 0.496677, 0.004108, 0.987986, -0.154487, 0.512647, 0.0, 0.0, 0.0, 1.0],
                [0.198818, 0.224409, 0.953998, 0.077068, 0.97968, -0.01927, -0.199637, 0.540591, -0.026417, 0.974305, -0.22368, 0.512188, 0.0, 0.0, 0.0, 1.0],
                [0.198818, 0.224409, 0.953998, 0.077068, 0.97968, -0.01927, -0.199637, 0.540591, -0.026417, 0.974305, -0.22368, 0.512188, 0.0, 0.0, 0.0, 1.0]
            ]
        },
        {
            "name": "Thigh_R",
            "time": [0.0, 0.1167, 0.2667, 0.4333, 0.6667, 0.8833],
            "transform": [
                [0.571383, 0.773613, 0.273938, 0.212066, 0.532547, -0.60348, 0.593468, -0.017831, 0.624431, -0.193212, -0.756805, -0.084447, 0.0, 0.0, 0.0, 1.0],
                [0.66923, 0.698173, 0.254329, 0.212066, 0.637099, -0.715291, 0.287161, -0.017831, 0.382407, -0.030144, -0.923502, -0.084447, 0.0, 0.0, 0.0, 1.0],
                [0.774632, -0.040229, -0.631132, 0.206461, 0.387443, -0.758568, 0.523888, -0.017002, -0.499833, -0.650347, -0.572027, -0.074494, 0.0, 0.0, 0.0, 1.0],
                [0.643899, 0.733695, 0.216987, 0.162466, 0.470847, -0.603523, 0.643476, 0.011308, 0.603072, -0.312165, -0.734069, -0.019982, 0.0, 0.0, 0.0, 1.0],
                [0.790534, 0.598011, -0.132051, 0.163694, 0.566689, -0.632541, 0.527972, -0.01068, 0.232205, -0.49221, -0.838934, 0.001454, 0.0, 0.0, 0.0, 1.0],
                [0.790534, 0.598011, -0.132051, 0.163694, 0.566689, -0.632541, 0.527972, -0.01068, 0.232205, -0.49221, -0.838934, 0.001454, 0.0, 0.0, 0.0, 1.0]
            ]
        },
        {
            "name": "Leg_R",
            "time": [0.0, 0.1167, 0.2667, 0.4333, 0.6667, 0.8833],
            "transform": [
                [1.0, -0.0, 1e-06, -0.0, -0.0, 0.791009, 0.611805, 0.37472, -1e-06, -0.611806, 0.791008, 0.0, 0.0, 0.0, 0.0, 1.0],
                [1.0, -0.0, 1e-06, 0.0, -0.0, 0.791009, 0.611805, 0.37472, -1e-06, -0.611806, 0.791008, 0.0, 0.0, 0.0, 0.0, 1.0],
                [1.0, -0.0, 1e-06, -0.0, -0.0, 0.791009, 0.611805, 0.37472, -1e-06, -0.611806, 0.791008, 0.0, 0.0, 0.0, 0.0, 1.0],
                [1.0, -0.0, 1e-06, -0.0, -0.0, 0.791009, 0.611805, 0.37472, -1e-06, -0.611806, 0.791008, 0.0, 0.0, 0.0, 0.0, 1.0],
                [1.0, -0.0, 1e-06, 0.0, -0.0, 0.791009, 0.611805, 0.37472, -1e-06, -0.611806, 0.791008, 0.0, 0.0, 0.0, 0.0, 1.0],
                [1.0, -0.0, 1e-06, 0.0, -0.0, 0.791009, 0.611805, 0.37472, -1e-06, -0.611806, 0.791008, 0.0, 0.0, 0.0, 0.0, 1.0]
            ]
        },
        {
            "name": "Knee_R",
            "time": [0.0, 0.1167, 0.2667, 0.4333, 0.6667, 0.8833],
            "transform": [
                [1.0, 0.0, -0.0, -0.0, -0.0, 1e-06, -1.0, 0.383077, -0.0, 1.0, 1e-06, -0.001653, 0.0, 0.0, 0.0, 1.0],
                [1.0, 0.0, -0.0, 0.0, -0.0, 1e-06, -1.0, 0.383077, -0.0, 1.0, 1e-06, -0.001653, 0.0, 0.0, 0.0, 1.0],
                [1.0, 0.0, -0.0, 0.0, -0.0, 0.465454, -0.885072, 0.383077, -0.0, 0.885072, 0.465454, -0.001653, 0.0, 0.0, 0.0, 1.0],
                [1.0, 0.0, -0.0, -0.0, -0.0, 0.066493, -0.997787, 0.383077, -0.0, 0.997787, 0.066493, -0.001653, 0.0, 0.0, 0.0, 1.0],
                [1.0, 0.0, -0.0, 0.0, -0.0, 1e-06, -1.0, 0.383077, -0.0, 1.0, 1e-06, -0.001653, 0.0, 0.0, 0.0, 1.0],
                [1.0, 0.0, -0.0, 0.0, -0.0, 1e-06, -1.0, 0.383077, -0.0, 1.0, 1e-06, -0.001653, 0.0, 0.0, 0.0, 1.0]
            ]
        },
        {
            "name": "Thigh_L",
            "time": [0.0, 0.1167, 0.2667, 0.4333, 0.6667, 0.8833],
            "transform": [
                [0.605807, -0.781245, -0.15051, -0.215917, -0.200979, -0.33331, 0.921147, -0.016149, -0.769808, -0.527788, -0.358936, 0.020336, 0.0, 0.0, 0.0, 1.0],
                [0.605807, -0.792996, -0.064466, -0.215917, -0.200979, -0.230929, 0.951986, -0.016149, -0.769808, -0.563764, -0.299274, 0.020336, 0.0, 0.0, 0.0, 1.0],
                [0.604756, -0.77426, -0.186526, -0.212594, -0.508192, -0.555493, 0.658155, -0.017471, -0.613197, -0.303232, -0.72941, 0.0285, 0.0, 0.0, 0.0, 1.0],
                [0.712046, -0.697771, 0.078131, -0.19241, -0.626191, -0.580755, 0.5202, 0.021696, -0.317606, -0.419331, -0.850463, 0.058361, 0.0, 0.0, 0.0, 1.0],
                [0.71593, -0.689451, 0.110005, -0.187238, -0.636944, -0.580465, 0.507308, -0.027552, -0.285909, -0.433265, -0.854715, 0.090798, 0.0, 0.0, 0.0, 1.0],
                [0.71593, -0.689451, 0.110005, -0.187238, -0.636944, -0.580465, 0.507308, -0.027552, -0.285909, -0.433265, -0.854715, 0.090798, 0.0, 0.0, 0.0, 1.0]
            ]
        },
        {
            "name": "Leg_L",
            "time": [0.0, 0.1167, 0.2667, 0.4333, 0.6667, 0.8833],
            "transform": [
                [1.0, -0.0, 1e-06, 0.0, -0.0, 0.774419, 0.632673, 0.37472, -1e-06, -0.632673, 0.774419, -0.0, 0.0, 0.0, 0.0, 1.0],
                [1.0, -1e-06, 1e-06, 0.0, -0.0, 0.321829, 0.946798, 0.37472, -1e-06, -0.946798, 0.321829, 0.0, 0.0, 0.0, 0.0, 1.0],
                [1.0, -1e-06, 1e-06, -0.0, -0.0, 0.321829, 0.946798, 0.37472, -1e-06, -0.946798, 0.321829, 0.0, 0.0, 0.0, 0.0, 1.0],
                [1.0, -1e-06, 1e-06, -0.0, -0.0, 0.321829, 0.946798, 0.37472, -1e-06, -0.946798, 0.321829, 0.0, 0.0, 0.0, 0.0, 1.0],
                [1.0, -1e-06, 1e-06, 0.0, -1e-06, 0.321829, 0.946798, 0.37472, -1e-06, -0.946798, 0.321829, -0.0, 0.0, 0.0, 0.0, 1.0],
                [1.0, -1e-06, 1e-06, 0.0, -1e-06, 0.321829, 0.946798, 0.37472, -1e-06, -0.946798, 0.321829, -0.0, 0.0, 0.0, 0.0, 1.0]
            ]
        },
        {
            "name": "Knee_L",
            "time": [0.0, 0.1167, 0.2667, 0.4333, 0.6667, 0.8833],
            "transform": [
                [1.0, 0.0, -0.0, 0.0, -0.0, 1e-06, -1.0, 0.37472, -0.0, 1.0, 1e-06, -0.0, 0.0, 0.0, 0.0, 1.0],
                [1.0, 0.0, -0.0, 0.0, -0.0, 1e-06, -1.0, 0.37472, -0.0, 1.0, 1e-06, 0.0, 0.0, 0.0, 0.0, 1.0],
                [1.0, 0.0, -0.0, -0.0, -0.0, 1e-06, -1.0, 0.37472, -0.0, 1.0, 1e-06, 0.0, 0.0, 0.0, 0.0, 1.0],
                [1.0, 0.0, -0.0, -0.0, -0.0, 1e-06, -1.0, 0.37472, -0.0, 1.0, 1e-06, 0.0, 0.0, 0.0, 0.0, 1.0],
                [1.0, 0.0, -0.0, 0.0, -0.0, 1e-06, -1.0, 0.37472, -0.0, 1.0, 1e-06, -0.0, 0.0, 0.0, 0.0, 1.0],
                [1.0, 0.0, -0.0, 0.0, -0.0, 1e-06, -1.0, 0.37472, -0.0, 1.0, 1e-06, -0.0, 0.0, 0.0, 0.0, 1.0]
            ]
        },
        {
            "name": "Torso",
            "time": [0.0, 0.1167, 0.2667, 0.4333, 0.6667, 0.8833],