{
    
    "animation": [
        {
            "name": "Root",
            "time": [0.0, 0.05, 0.1833, 0.2667, 0.5, 0.7333],
            "transform": [
                [0.757248, -0.015802, -0.652936, -0.029286, -0.653012, -0.037134, -0.756437, 0.033601, -0.012293, 0.999185, -0.038438, 0.690858, 0.0, 0.0, 0.0, 1.0],
                [0.757248, -0.015802, -0.652936, -0.029286, -0.653012, -0.037134, -0.756437, 0.033601, -0.012293, 0.999185, -0.038438, 0.690858, 0.0, 0.0, 0.0, 1.0],
                [0.757248, -0.015802, -0.652936, -0.029286, -0.653012, -0.037134, -0.756437, -0.255112, -0.012293, 0.999185, -0.038438, 0.690858, 0.0, 0.0, 0.0, 1.0],
                [0.757248, -0.015802, -0.652936, -0.029286, -0.653012, -0.037134, -0.756437, -0.428594, -0.012293, 0.999185, -0.038438, 0.690858, 0.0, 0.0, 0.0, 1.0],
                [0.757248, -0.015802, -0.652936, -0.029286, -0.653012, -0.037134, -0.756437, -0.255112, -0.012293, 0.999185, -0.038438, 0.690858, 0.0, 0.0, 0.0, 1.0],
                [0.757248, -0.015802, -0.652936, -0.029286, -0.653012, -0.037134, -0.756437, -0.255112, -0.012293, 0.999185, -0.038438, 0.690858, 0.0, 0.0, 0.0, 1.0]
            ]
        },
        {
            "name": "Thigh_R",
            "time": [0.0, 0.05, 0.1833, 0.2667, 0.5, 0.7333],
            "transform": [
                [0.948279, 0.309252, -0.071615, 0.124994, 0.309302, -0.950902, -0.010691, -0.002831, -0.071405, -0.012012, -0.997375, -1.2e-05, 0.0, 0.0, 0.0, 1.0],
                [0.948279, 0.309252, -0.071615, 0.124994, 0.309302, -0.950902, -0.010691, -0.002831, -0.071405, -0.012012, -0.997375, -1.2e-05, 0.0, 0.0, 0.0, 1.0],
                [0.981287, 0.173269, 0.083978, 0.124994, 0.152282, -0.965283, 0.212214, -0.002831, 0.117833, -0.195454, -0.973609, -1.2e-05, 0.0, 0.0, 0.0, 1.0],
                [0.981287, 0.173269, 0.083978, 0.124994, 0.152282, -0.965283, 0.212214, -0.002831, 0.117833, -0.195454, -0.973609, -1.2e-05, 0.0, 0.0, 0.0, 1.0],
                [0.948279, 0.309252, -0.071615, 0.124994, 0.309302, -0.950902, -0.010691, -0.002831, -0.071405, -0.012012, -0.997375, -1.2e-05, 0.0, 0.0, 0.0, 1.0],
                [0.948279, 0.309252, -0.071615, 0.124994, 0.309302, -0.950902, -0.010691, -0.002831, -0.071405, -0.012012, -0.997375, -1.2e-05, 0.0, 0.0, 0.0, 1.0]
            ]
        },
        {
            "name": "Leg_R",
            "time": [0.0, 0.05, 0.1833, 0.2667, 0.5, 0.7333],
            "transform": [
                [1.0, -0.0, 1e-06, -0.0, -0.0, 0.827981, 0.560757, 0.37472, -1e-06, -0.560758, 0.82798, -0.0, 0.0, 0.0, 0.0, 1.0],
                [1.0, -0.0, 1e-06, -0.0, -0.0, 0.827981, 0.560757, 0.37472, -1e-06, -0.560758, 0.82798, -0.0, 0.0, 0.0, 0.0, 1.0],
                [1.0, -1e-06, 1e-06, 0.0, -0.0, 0.556074, 0.831133, 0.37472, -1e-06, -0.831134, 0.556073, -0.0, 0.0, 0.0, 0.0, 1.0],
                [1.0, -1e-06, 1e-06, 0.0, -0.0, 0.556074, 0.831133, 0.37472, -1e-06, -0.831134, 0.556073, -0.0, 0.0, 0.0, 0.0, 1.0],
                [1.0, -0.0, 1e-06, 0.0, -0.0, 0.827981, 0.560757, 0.37472, -1e-06, -0.560758, 0.82798, 0.0, 0.0, 0.0, 0.0, 1.0],
                [1.0, -0.0, 1e-06, 0.0, -0.0, 0.827981, 0.560757, 0.37472, -1e-06, -0.560758, 0.82798, 0.0, 0.0, 0.0, 0.0, 1.0]
            ]
        },
        {
            "name": "Knee_R",
            "time": [0.0, 0.05, 0.2667, 0.5, 0.7333],
            "transform": [
                [1.0, 0.0, -0.0, -0.0, -0.0, 1e-06, -1.0, 0.383077, -0.0, 1.0, 1e-06, -0.001653, 0.0, 0.0, 0.0, 1.0],
                [1.0, 0.0, -0.0, -0.0, -0.0, 1e-06, -1.0, 0.383077, -0.0, 1.0, 1e-06, -0.001653, 0.0, 0.0, 0.0, 1.0],
                [1.0, 0.0, -0.0, -0.0, -0.0, 1e-06, -1.0, 0.383077, -0.0, 1.0, 1e-06, -0.001653, 0.0, 0.0, 0.0, 1.0],
                [1.0, 0.0, -0.0, 0.0, -0.0, 1e-06, -1.0, 0.383077, -0.0, 1.0, 1e-06, -0.001653, 0.0, 0.0, 0.0, 1.0],
                [1.0, 0.0, -0.0, 0.0, -0.0, 1e-06, -1.0, 0.383077, -0.0, 1.0, 1e-06, -0.001653, 0.0, 0.0, 0.0, 1.0]
            ]
        },
        {
            "name": "Thigh_L",
            "time": [0.0, 0.05, 0.2667, 0.5, 0.7333],
            "transform": [
                [0.745146, -0.33416, -0.577142, -0.125006, 0.032315, -0.846302, 0.531722, -0.002831, -0.666117, -0.414861, -0.61982, -1.2e-05, 0.0, 0.0, 0.0, 1.0],
                [0.745146, -0.33416, -0.577142, -0.125006, 0.032315, -0.846302, 0.531722, -0.002831, -0.666117, -0.414861, -0.61982, -1.2e-05, 0.0, 0.0, 0.0, 1.0],
                [0.745146, -0.33416, -0.577142, -0.125006, 0.032315, -0.846302, 0.531722, -0.002831, -0.666117, -0.414861, -0.61982, -1.2e-05, 0.0, 0.0, 0.0, 1.0],
                [0.745146, -0.33416, -0.577142, -0.125006, 0.032315, -0.846302, 0.531722, -0.002831, -0.666117, -0.414861, -0.61982, -1.2e-05, 0.0, 0.0, 0.0, 1.0],
                [0.745146, -0.33416, -0.577142, -0.125006, 0.032315, -0.846302, 0.531722, -0.002831, -0.666117, -0.414861, -0.61982, -1.2e-05, 0.0, 0.0, 0.0, 1.0]
            ]
        },
        {
            "name": "Leg_L",
            "time": [0.0, 0.05, 0.1833, 0.2667, 0.5, 0.7333],
            "transform": [
                [1.0, -0.0, 1e-06, -0.0, -0.0, 0.9275, 0.373822, 0.37472, -1e-06, -0.373821, 0.927501, -0.0, 0.0, 0.0, 0.0, 1.0],
                [1.0, -0.0, 1e-06, -0.0, -0.0, 0.9275, 0.373822, 0.37472, -1e-06, -0.373821, 0.927501, -0.0, 0.0, 0.0, 0.0, 1.0],
                [1.0, 0.0, 1e-06, -0.0, -0.0, 0.996221, 0.086848, 0.37472, -1e-06, -0.086848, 0.996222, 0.0, 0.0, 0.0, 0.0, 1.0],
                [1.0, 0.0, 1e-06, -0.0, -0.0, 0.996221, 0.086848, 0.37472, -1e-06, -0.086848, 0.996222, 0.0, 0.0, 0.0, 0.0, 1.0],
                [1.0, -0.0, 1e-06, -0.0, -0.0, 0.9275, 0.373822, 0.37472, -1e-06, -0.373821, 0.927501, 0.0, 0.0, 0.0, 0.0, 1.0],
                [1.0, -0.0, 1e-06, -0.0, -0.0, 0.9275, 0.373822, 0.37472, -1e-06, -0.373821, 0.927501, 0.0, 0.0, 0.0, 0.0, 1.0]
            ]
        },
        {
            "name": "Knee_L",
            "time": [0.0, 0.05, 0.2667, 0.5, 0.7333],
            "transform": [
                [1.0, 0.0, -0.0, -0.0, -0.0, 1e-06, -1.0, 0.37472, -0.0, 1.0, 1e-06, -0.0, 0.0, 0.0, 0.0, 1.0],
                [1.0, 0.0, -0.0, -0.0, -0.0, 1e-06, -1.0, 0.37472, -0.0, 1.0, 1e-06, -0.0, 0.0, 0.0, 0.0, 1.0],
                [1.0, 0.0, -0.0, -0.0, -0.0, 1e-06, -1.0, 0.37472, -0.0, 1.0, 1e-06, 0.0, 0.0, 0.0, 0.0, 1.0],
                [1.0, 0.0, -0.0, -0.0, -0.0, 1e-06, -1.0, 0.37472, -0.0, 1.0, 1e-06, 0.0, 0.0, 0.0, 0.0, 1.0],
                [1.0, 0.0, -0.0, -0.0, -0.0, 1e-06, -1.0, 0.37472, -0.0, 1.0, 1e-06, 0.0, 0.0, 0.0, 0.0, 1.0]
            ]
        },
        {
            "name": "Torso",
            "time": [0.0, 0.05, 0.1833, 0.2667, 0.5, 0.7333],
            "transform": [
                [0.998606, -0.0, -0.052779, 0.0, 0.0, 1.0, -0.0, 0.05, 0.052779, -0.0, 0.998606, -0.0, 0.0, 0.0, 0.0, 1.0],
                [0.998606, -0.0, -0.052779, 0.0, 0.0, 1.0, -0.0, 0.05, 0.052779, -0.0, 0.998606, -0.0, 0.0, 0.0, 0.0, 1.0],
                [0.994819, 0.053589, -0.086394, -0.0, -0.061241, 0.994191, -0.088505, 0.05, 0.081149, 0.093338, 0.992322, -0.0, 0.0, 0.0, 0.0, 1.0],
                [0.994819, 0.053589, -0.086394, -0.0, -0.061241, 0.994191, -0.088505, 0.05, 0.081149, 0.093338, 0.992322, -0.0, 0.0, 0.0, 0.0, 1.0],
                [0.998606, -0.0, -0.052779, -0.0, 0.0, 1.0, -0.0, 0.05, 0.052779, -0.0, 0.998606, -0.0, 0.0, 0.0, 0.0, 1.0],
                [0.998606, -0.0, -0.052779, -0.0, 0.0, 1.0, -0.0, 0.05, 0.052779, -0.0, 0.998606, -0.0, 0.0, 0.0, 0.0, 1.0]
            ]
        },
        {
            "name": "Chest",
            "time": [0.0, 0.05, 0.1, 0.1833, 0.2667, 0.5, 0.7333],