{
    
    "animation": [
        {
            "name": "Root",
            "time": [0.0, 0.1667, 0.3667, 0.5167, 0.95],
            "transform": [
                [0.914109, 0.0, 0.40547, -5e-06, 0.40547, 0.0, -0.914109, 0.000946, 0.0, 1.0, 0.0, 0.704302, 0.0, 0.0, 0.0, 1.0],
                [0.914109, 0.0, 0.40547, -5e-06, 0.40547, 0.0, -0.914109, 0.000946, 0.0, 1.0, 0.0, 0.675525, 0.0, 0.0, 0.0, 1.0],
                [0.914109, 0.0, 0.40547, -5e-06, 0.40547, 0.0, -0.914109, 0.000946, 0.0, 1.0, 0.0, 0.675525, 0.0, 0.0, 0.0, 1.0],
                [0.914109, 0.0, 0.40547, -5e-06, 0.40547, 0.0, -0.914109, 0.000946, 0.0, 1.0, 0.0, 0.675525, 0.0, 0.0, 0.0, 1.0],
                [0.914109, 0.0, 0.40547, -5e-06, 0.40547, 0.0, -0.914109, 0.000946, 0.0, 1.0, 0.0, 0.675525, 0.0, 0.0, 0.0, 1.0]
            ]
        },
        {
            "name": "Thigh_R",
            "time": [0.0, 0.1667, 0.3667, 0.5167, 0.95],
            "transform": [
                [0.923348, 0.253502, 0.288382, 0.124994, 0.090207, -0.873265, 0.478819, -0.002831, 0.373216, -0.416101, -0.829198, -1.2e-05, 0.0, 0.0, 0.0, 1.0],
                [0.923348, 0.30666, 0.231055, 0.124994, 0.090207, -0.758175, 0.645779, -0.002831, 0.373216, -0.575435, -0.727725, -1.2e-05, 0.0, 0.0, 0.0, 1.0],
                [0.923348, 0.30666, 0.231055, 0.124994, 0.090207, -0.758175, 0.645779, -0.002831, 0.373216, -0.575435, -0.727725, -1.2e-05, 0.0, 0.0, 0.0, 1.0],
                [0.923348, 0.30666, 0.231055, 0.124994, 0.090207, -0.758175, 0.645779, -0.002831, 0.373216, -0.575435, -0.727725, -1.2e-05, 0.0, 0.0, 0.0, 1.0],
                [0.923348, 0.30666, 0.231055, 0.124994, 0.090207, -0.758175, 0.645779, -0.002831, 0.373216, -0.575435, -0.727725, -1.2e-05, 0.0, 0.0, 0.0, 1.0]
            ]
        },
        {
            "name": "Leg_R",
            "time": [0.0, 0.1667, 0.3667, 0.5167, 0.95],
            "transform": [
                [1.0, 0.0, 1e-06, 0.0, -0.0, 0.984472, 0.175547, 0.37472, -1e-06, -0.175547, 0.98447, 0.0, 0.0, 0.0, 0.0, 1.0],
                [1.0, -0.0, 1e-06, -0.0, -0.0, 0.801998, 0.597326, 0.37472, -1e-06, -0.597327, 0.801997, 0.0, 0.0, 0.0, 0.0, 1.0],
                [1.0, -0.0, 1e-06, -0.0, -0.0, 0.801998, 0.597326, 0.37472, -1e-06, -0.597327, 0.801997, 0.0, 0.0, 0.0, 0.0, 1.0],
                [1.0, -0.0, 1e-06, -0.0, -0.0, 0.801998, 0.597326, 0.37472, -1e-06, -0.597327, 0.801997, 0.0, 0.0, 0.0, 0.0, 1.0],
                [1.0, -0.0, 1e-06, -0.0, -0.0, 0.801998, 0.597326, 0.37472, -1e-06, -0.597327, 0.801997, 0.0, 0.0, 0.0, 0.0, 1.0]
            ]
        },
        {
            "name": "Knee_R",
            "time": [0.0, 0.3667, 0.5167, 0.95],
            "transform": [
                [1.0, 0.0, -0.0, 0.0, -0.0, 1e-06, -1.0, 0.383077, -0.0, 1.0, 1e-06, -0.001653, 0.0, 0.0, 0.0, 1.0],
                [1.0, 0.0, -0.0, -0.0, -0.0, 1e-06, -1.0, 0.383077, -0.0, 1.0, 1e-06, -0.001653, 0.0, 0.0, 0.0, 1.0],
                [1.0, 0.0, -0.0, -0.0, -0.0, 1e-06, -1.0, 0.383077, -0.0, 1.0, 1e-06, -0.001653, 0.0, 0.0, 0.0, 1.0],
                [1.0, 0.0, -0.0, -0.0, -0.0, 1e-06, -1.0, 0.383077, -0.0, 1.0, 1e-06, -0.001653, 0.0, 0.0, 0.0, 1.0]
            ]
        },
        {
            "name": "Thigh_L",
            "time": [0.0, 0.1667, 0.3667, 0.5167, 0.95],
            "transform": [
                [0.923313, -0.274049, -0.269052, -0.125006, -0.332029, -0.921685, -0.200634, -0.002831, -0.192998, 0.274582, -0.941996, -1.2e-05, 0.0, 0.0, 0.0, 1.0],
                [0.923313, -0.326931, -0.201513, -0.125006, -0.332029, -0.943227, 0.008947, -0.002831, -0.192998, 0.058648, -0.979445, -1.2e-05, 0.0, 0.0, 0.0, 1.0],
                [0.923313, -0.326931, -0.201513, -0.125006, -0.332029, -0.943227, 0.008947, -0.002831, -0.192998, 0.058648, -0.979445, -1.2e-05, 0.0, 0.0, 0.0, 1.0],
                [0.923313, -0.326931, -0.201513, -0.125006, -0.332029, -0.943227, 0.008947, -0.002831, -0.192998, 0.058648, -0.979445, -1.2e-05, 0.0, 0.0, 0.0, 1.0],
                [0.923313, -0.326931, -0.201513, -0.125006, -0.332029, -0.943227, 0.008947, -0.002831, -0.192998, 0.058648, -0.979445, -1.2e-05, 0.0, 0.0, 0.0, 1.0]
            ]
        },
        {
            "name": "Leg_L",
            "time": [0.0, 0.1667, 0.3667, 0.5167, 0.95],
            "transform": [
                [1.0, -0.0, 1e-06, -0.0, -0.0, 0.968826, 0.247741, 0.37472, -1e-06, -0.247741, 0.968827, 0.0, 0.0, 0.0, 0.0, 1.0],
                [1.0, -0.0, 1e-06, 0.0, -0.0, 0.844926, 0.534883, 0.37472, -1e-06, -0.534883, 0.844926, -0.0, 0.0, 0.0, 0.0, 1.0],
                [1.0, -0.0, 1e-06, 0.0, -0.0, 0.844926, 0.534883, 0.37472, -1e-06, -0.534883, 0.844926, -0.0, 0.0, 0.0, 0.0, 1.0],
                [1.0, -0.0, 1e-06, 0.0, -0.0, 0.844926, 0.534883, 0.37472, -1e-06, -0.534883, 0.844926, -0.0, 0.0, 0.0, 0.0, 1.0],
                [1.0, -0.0, 1e-06, 0.0, -0.0, 0.844926, 0.534883, 0.37472, -1e-06, -0.534883, 0.844926, -0.0, 0.0, 0.0, 0.0, 1.0]
            ]
        },
        {
            "name": "Knee_L",
            "time": [0.0, 0.3667, 0.5167, 0.95],
            "transform": [
                [1.0, 0.0, -0.0, -0.0, -0.0, 1e-06, -1.0, 0.37472, -0.0, 1.0, 1e-06, 0.0, 0.0, 0.0, 0.0, 1.0],
                [1.0, 0.0, -0.0, 0.0, -0.0, 1e-06, -1.0, 0.37472, -0.0, 1.0, 1e-06, -0.0, 0.0, 0.0, 0.0, 1.0],
                [1.0, 0.0, -0.0, 0.0, -0.0, 1e-06, -1.0, 0.37472, -0.0, 1.0, 1e-06, -0.0, 0.0, 0.0, 0.0, 1.0],
                [1.0, 0.0, -0.0, 0.0, -0.0, 1e-06, -1.0, 0.37472, -0.0, 1.0, 1e-06, -0.0, 0.0, 0.0, 0.0, 1.0]
            ]
        },
        {
            "name": "Torso",
            "time": [0.0, 0.3667, 0.5167, 0.95],
            "transform": [
                [0.996512, 0.0, 0.083446, -0.0, 0.0, 1.0, 0.0, 0.05, -0.083446, 0.0, 0.996512, -0.0, 0.0, 0.0, 0.0, 1.0],
                [0.996512, 0.0, 0.083446, -0.0, 0.0, 1.0, 0.0, 0.05, -0.083446, 0.0, 0.996512, -0.0, 0.0, 0.0, 0.0, 1.0],
                [0.996512, 0.0, 0.083446, -0.0, 0.0, 1.0, 0.0, 0.05, -0.083446, 0.0, 0.996512, -0.0, 0.0, 0.0, 0.0, 1.0],
                [0.996512, 0.0, 0.083446, -0.0, 0.0, 1.0, 0.0, 0.05, -0.083446, 0.0, 0.996512, -0.0, 0.0, 0.0, 0.0, 1.0]
            ]
        },
        {
            "name": "Chest",
            "time": [0.0, 0.1667, 0.3667, 0.5167, 0.95],
            "transform": [
                [0.971043, 0.016016, -0.238369, 0.0, 0.002451, 0.99703, 0.076974, 0.3, 0.238894, -0.075329, 0.968119, 0.0, 0.0, 0.0, 0.0, 1.0],
                [0.971043, 0.126491, -0.202673, 0.0, 0.002451, 0.843016, 0.537883, 0.3, 0.238894, -0.522804, 0.818294, 0.0, 0.0, 0.0, 0.0, 1.0],
                [0.885973, -0.075359, -0.457573, 0.0, 0.083035, 0.996541, -0.003347, 0.3, 0.456243, -0.035029, 0.889166, 0.0, 0.0, 0.0, 0.0, 1.0],
                [0.885973, -0.000972, -0.463736, 0.0, 0.083035, 0.984169, 0.156577, 0.3, 0.456243, -0.177229, 0.872028, 0.0, 0.0, 0.0, 0.0, 1.0],
                [0.973004, -0.000972, 0.230787, 0.0, -0.039971, 0.984169, 0.172665, 0.3, -0.227301, -0.177229, 0.957562, 0.0, 0.0, 0.0, 0.0, 1.0]
            ]
        },
        {
            "name": "Head",
            "time": [0.0, 0.1667, 0.3667, 0.5167, 0.95],
            "transform": [
                [0.995631, -0.030121, -0.088384, 0.0, 0.024078, 0.99735, -0.068656, 0.4, 0.090218, 0.066228, 0.993717, 0.0, 0.0, 0.0, 0.0, 1.0],
                [0.981342, -0.030121, -0.189896, 0.0, 0.016919, 0.99735, -0.070761, 0.4, 0.191524, 0.066228, 0.979251, 0.0, 0.0, 0.0, 0.0, 1.0],
                [0.991121, -0.030121, 0.129508, 0.0, 0.038386, 0.99735, -0.061805, 0.4, -0.127303, 0.066228, 0.98965, -0.0, 0.0, 0.0, 0.0, 1.0],
                [0.991121, -0.030121, 0.129508, -0.0, 0.038386, 0.99735, -0.061805, 0.4, -0.127303, 0.066228, 0.98965, 0.0, 0.0, 0.0, 0.0, 1.0],
                [0.849633, -0.030121, -0.526513, -0.0, -0.009354, 0.99735, -0.072152, 0.4, 0.527291, 0.066228, 0.8471, 0.0, 0.0, 0.0, 0.0, 1.0]
            ]
        },
        {
            "name": "Shoulder_R",