{
    
    "animation": [
        {
            "name": "Root",
            "time": [0.0, 0.3167, 0.45, 0.65, 0.8],
            "transform": [
                [0.914109, 0.0, 0.40547, -5e-06, 0.40547, 0.0, -0.914109, 0.000946, 0.0, 1.0, 0.0, 0.704302, 0.0, 0.0, 0.0, 1.0],
                [0.914109, 0.0, 0.40547, -5e-06, 0.40547, 0.0, -0.914109, 0.000946, 0.0, 1.0, 0.0, 0.665554, 0.0, 0.0, 0.0, 1.0],
                [0.914109, 0.0, 0.40547, -5e-06, 0.40547, 0.0, -0.914109, 0.000946, 0.0, 1.0, 0.0, 0.665554, 0.0, 0.0, 0.0, 1.0],
                [0.914109, 0.0, 0.40547, -5e-06, 0.40547, 0.0, -0.914109, 0.000946, 0.0, 1.0, 0.0, 0.665554, 0.0, 0.0, 0.0, 1.0],
                [0.914109, 0.0, 0.40547, -5e-06, 0.40547, 0.0, -0.914109, 0.000946, 0.0, 1.0, 0.0, 0.665554, 0.0, 0.0, 0.0, 1.0]
            ]
        },
        {
            "name": "Thigh_R",
            "time": [0.0, 0.3167, 0.45, 0.65, 0.8],
            "transform": [
                [0.923348, 0.253502, 0.288382, 0.124994, 0.090207, -0.873265, 0.478819, -0.002831, 0.373216, -0.416101, -0.829198, -1.2e-05, 0.0, 0.0, 0.0, 1.0],
                [0.923348, 0.290976, 0.250519, 0.124994, 0.090207, -0.798588, 0.595078, -0.002831, 0.373216, -0.526864, -0.763625, -1.2e-05, 0.0, 0.0, 0.0, 1.0],
                [0.923348, 0.290976, 0.250519, 0.124994, 0.090207, -0.798588, 0.595078, -0.002831, 0.373216, -0.526864, -0.763625, -1.2e-05, 0.0, 0.0, 0.0, 1.0],
                [0.923348, 0.290976, 0.250519, 0.124994, 0.090207, -0.798588, 0.595078, -0.002831, 0.373216, -0.526864, -0.763625, -1.2e-05, 0.0, 0.0, 0.0, 1.0],
                [0.923348, 0.290976, 0.250519, 0.124994, 0.090207, -0.798588, 0.595078, -0.002831, 0.373216, -0.526864, -0.763625, -1.2e-05, 0.0, 0.0, 0.0, 1.0]
            ]
        },
        {
            "name": "Leg_R",
            "time": [0.0, 0.3167, 0.45, 0.65, 0.8],
            "transform": [
                [1.0, 0.0, 1e-06, 0.0, -0.0, 0.984472, 0.175547, 0.37472, -1e-06, -0.175547, 0.98447, 0.0, 0.0, 0.0, 0.0, 1.0],
                [1.0, -0.0, 1e-06, 0.0, -0.0, 0.859142, 0.511738, 0.37472, -1e-06, -0.511739, 0.85914, -0.0, 0.0, 0.0, 0.0, 1.0],
                [1.0, -0.0, 1e-06, 0.0, -0.0, 0.859142, 0.511738, 0.37472, -1e-06, -0.511739, 0.85914, -0.0, 0.0, 0.0, 0.0, 1.0],
                [1.0, -0.0, 1e-06, 0.0, -0.0, 0.859142, 0.511738, 0.37472, -1e-06, -0.511739, 0.85914, -0.0, 0.0, 0.0, 0.0, 1.0],
                [1.0, -0.0, 1e-06, 0.0, -0.0, 0.859142, 0.511738, 0.37472, -1e-06, -0.511739, 0.85914, -0.0, 0.0, 0.0, 0.0, 1.0]
            ]
        },
        {
            "name": "Knee_R",
            "time": [0.0, 0.3167, 0.45, 0.65, 0.8],
            "transform": [
                [1.0, 0.0, -0.0, 0.0, -0.0, 1e-06, -1.0, 0.383077, -0.0, 1.0, 1e-06, -0.001653, 0.0, 0.0, 0.0, 1.0],
                [1.0, 0.0, -0.0, -0.0, -0.0, 1e-06, -1.0, 0.383077, -0.0, 1.0, 1e-06, -0.001653, 0.0, 0.0, 0.0, 1.0],
                [1.0, 0.0, -0.0, -0.0, -0.0, 1e-06, -1.0, 0.383077, -0.0, 1.0, 1e-06, -0.001653, 0.0, 0.0, 0.0, 1.0],
                [1.0, 0.0, -0.0, -0.0, -0.0, 1e-06, -1.0, 0.383077, -0.0, 1.0, 1e-06, -0.001653, 0.0, 0.0, 0.0, 1.0],
                [1.0, 0.0, -0.0, -0.0, -0.0, 1e-06, -1.0, 0.383077, -0.0, 1.0, 1e-06, -0.001653, 0.0, 0.0, 0.0, 1.0]
            ]
        },
        {
            "name": "Thigh_L",
            "time": [0.0, 0.3167, 0.45, 0.65, 0.8],
            "transform": [
                [0.923313, -0.274049, -0.269052, -0.125006, -0.332029, -0.921685, -0.200634, -0.002831, -0.192998, 0.274582, -0.941996, -1.2e-05, 0.0, 0.0, 0.0, 1.0],
                [0.91121, -0.311942, -0.269048, -0.125006, -0.376826, -0.89506, -0.238475, -0.002831, -0.166423, 0.318686, -0.933136, -1.2e-05, 0.0, 0.0, 0.0, 1.0],
                [0.91121, -0.311942, -0.269048, -0.125006, -0.376826, -0.89506, -0.238475, -0.002831, -0.166423, 0.318686, -0.933136, -1.2e-05, 0.0, 0.0, 0.0, 1.0],
                [0.91121, -0.311942, -0.269048, -0.125006, -0.376826, -0.89506, -0.238475, -0.002831, -0.166423, 0.318686, -0.933136, -1.2e-05, 0.0, 0.0, 0.0, 1.0],
                [0.91121, -0.311942, -0.269048, -0.125006, -0.376826, -0.89506, -0.238475, -0.002831, -0.166423, 0.318686, -0.933136, -1.2e-05, 0.0, 0.0, 0.0, 1.0]
            ]
        },
        {
            "name": "Leg_L",
            "time": [0.0, 0.3167, 0.45, 0.65, 0.8],
            "transform": [
                [1.0, -0.0, 1e-06, -0.0, -0.0, 0.968826, 0.247741, 0.37472, -1e-06, -0.247741, 0.968827, 0.0, 0.0, 0.0, 0.0, 1.0],
                [1.0, -0.0, 1e-06, 0.0, -0.0, 0.968826, 0.247741, 0.37472, -1e-06, -0.247741, 0.968827, 0.0, 0.0, 0.0, 0.0, 1.0],
                [1.0, -0.0, 1e-06, 0.0, -0.0, 0.968826, 0.247741, 0.37472, -1e-06, -0.247741, 0.968827, 0.0, 0.0, 0.0, 0.0, 1.0],
                [1.0, -0.0, 1e-06, 0.0, -0.0, 0.968826, 0.247741, 0.37472, -1e-06, -0.247741, 0.968827, 0.0, 0.0, 0.0, 0.0, 1.0],
                [1.0, -0.0, 1e-06, 0.0, -0.0, 0.968826, 0.247741, 0.37472, -1e-06, -0.247741, 0.968827, 0.0, 0.0, 0.0, 0.0, 1.0]
            ]
        },
        {
            "name": "Knee_L",
            "time": [0.0, 0.3167, 0.45, 0.65, 0.8],
            "transform": [
                [1.0, 0.0, -0.0, -0.0, -0.0, 1e-06, -1.0, 0.37472, -0.0, 1.0, 1e-06, 0.0, 0.0, 0.0, 0.0, 1.0],
                [1.0, 0.0, -0.0, 0.0, -0.0, 1e-06, -1.0, 0.37472, -0.0, 1.0, 1e-06, 0.0, 0.0, 0.0, 0.0, 1.0],
                [1.0, 0.0, -0.0, 0.0, -0.0, 1e-06, -1.0, 0.37472, -0.0, 1.0, 1e-06, 0.0, 0.0, 0.0, 0.0, 1.0],
                [1.0, 0.0, -0.0, 0.0, -0.0, 1e-06, -1.0, 0.37472, -0.0, 1.0, 1e-06, 0.0, 0.0, 0.0, 0.0, 1.0],
                [1.0, 0.0, -0.0, 0.0, -0.0, 1e-06, -1.0, 0.37472, -0.0, 1.0, 1e-06, 0.0, 0.0, 0.0, 0.0, 1.0]
            ]
        },
        {
            "name": "Torso",
            "time": [0.0, 0.3167, 0.45, 0.65, 0.8],
            "transform": [
                [0.996512, 0.0, 0.083446, -0.0, 0.0, 1.0, 0.0, 0.05, -0.083446, 0.0, 0.996512, -0.0, 0.0, 0.0, 0.0, 1.0],
                [0.996512, 0.0, 0.083446, -0.0, 0.0, 1.0, 0.0, 0.05, -0.083446, 0.0, 0.996512, -0.0, 0.0, 0.0, 0.0, 1.0],
                [0.996512, 0.0, 0.083446, -0.0, 0.0, 1.0, 0.0, 0.05, -0.083446, 0.0, 0.996512, -0.0, 0.0, 0.0, 0.0, 1.0],
                [0.996512, 0.0, 0.083446, -0.0, 0.0, 1.0, 0.0, 0.05, -0.083446, 0.0, 0.996512, -0.0, 0.0, 0.0, 0.0, 1.0],
                [0.996512, 0.0, 0.083446, -0.0, 0.0, 1.0, 0.0, 0.05, -0.083446, 0.0, 0.996512, -0.0, 0.0, 0.0, 0.0, 1.0]
            ]
        },
        {
            "name": "Chest",
            "time": [0.0, 0.15, 0.3167, 0.45, 0.55, 0.65, 0.8],
            "transform": [
                [0.971043, 0.016016, -0.238369, 0.0, 0.002451, 0.99703, 0.076974, 0.3, 0.238894, -0.075329, 0.968119, 0.0, 0.0, 0.0, 0.0, 1.0],
                [0.872961, -0.034409, -0.486574, 0.0, 0.022791, 0.999297, -0.029777, 0.3, 0.487256, 0.014905, 0.873132, 0.0, 0.0, 0.0, 0.0, 1.0],
                [0.67551, 0.016016, -0.737177, 0.0, 0.044756, 0.99703, 0.062673, 0.3, 0.735991, -0.075329, 0.672787, 0.0, 0.0, 0.0, 0.0, 1.0],
                [0.677274, 0.047671, -0.734185, 0.0, 0.065931, 0.989951, 0.125099, 0.3, 0.732771, -0.133132, 0.667325, 0.0, 0.0, 0.0, 0.0, 1.0],
                [0.852063, -0.074495, -0.518111, 0.0, 0.063288, 0.997221, -0.039302, 0.3, 0.519599, 0.000698, 0.85441, 0.0, 0.0, 0.0, 0.0, 1.0],
                [0.986175, -0.025153, -0.163787, 0.0, 0.047378, 0.989951, 0.133237, 0.3, 0.15879, -0.139155, 0.977457, 0.0, 0.0, 0.0, 0.0, 1.0],
                [0.986175, -0.025153, -0.163787, 0.0, 0.047378, 0.989951, 0.133237, 0.3, 0.15879, -0.139155, 0.977457, 0.0, 0.0, 0.0, 0.0, 1.0]
            ]
        },
        {
            "name": "Head",
            "time": [0.0, 0.15, 0.3167, 0.45, 0.55, 0.65, 0.8],