{
    
    "animation": [
        {
            "name": "Root",
            "time": [0.0, 0.1, 0.45, 0.6],
            "transform": [
                [0.914109, 0.0, 0.40547, -5e-06, 0.40547, 0.0, -0.914109, 0.000946, 0.0, 1.0, 0.0, 0.675525, 0.0, 0.0, 0.0, 1.0],
                [0.914109, 0.0, 0.40547, -5e-06, 0.40547, 0.0, -0.914109, 0.000946, 0.0, 1.0, 0.0, 0.675525, 0.0, 0.0, 0.0, 1.0],
                [0.914109, 0.0, 0.40547, -5e-06, 0.40547, 0.0, -0.914109, -0.231135, 0.0, 1.0, 0.0, 0.675525, 0.0, 0.0, 0.0, 1.0],
                [0.914109, 0.0, 0.40547, -5e-06, 0.40547, 0.0, -0.914109, -0.231135, 0.0, 1.0, 0.0, 0.675525, 0.0, 0.0, 0.0, 1.0]
            ]
        },
        {
            "name": "Thigh_R",
            "time": [0.0, 0.1, 0.45, 0.6],
            "transform": [
                [0.923348, 0.30666, 0.231055, 0.124994, 0.090207, -0.758175, 0.645779, -0.002831, 0.373216, -0.575435, -0.727725, -1.2e-05, 0.0, 0.0, 0.0, 1.0],
                [0.923348, 0.30666, 0.231055, 0.124994, 0.090207, -0.758175, 0.645779, -0.002831, 0.373216, -0.575435, -0.727725, -1.2e-05, 0.0, 0.0, 0.0, 1.0],
                [0.923348, 0.30666, 0.231055, 0.124994, 0.090207, -0.758175, 0.645779, -0.002831, 0.373216, -0.575435, -0.727725, -1.2e-05, 0.0, 0.0, 0.0, 1.0],
                [0.923348, 0.30666, 0.231055, 0.124994, 0.090207, -0.758175, 0.645779, -0.002831, 0.373216, -0.575435, -0.727725, -1.2e-05, 0.0, 0.0, 0.0, 1.0]
            ]
        },
        {
            "name": "Leg_R",
            "time": [0.0, 0.1, 0.2, 0.45, 0.6],
            "transform": [
                [1.0, -0.0, 1e-06, -0.0, -0.0, 0.801998, 0.597326, 0.37472, -1e-06, -0.597327, 0.801997, 0.0, 0.0, 0.0, 0.0, 1.0],
                [1.0, -0.0, 1e-06, -0.0, -0.0, 0.801998, 0.597326, 0.37472, -1e-06, -0.597327, 0.801997, 0.0, 0.0, 0.0, 0.0, 1.0],
                [1.0, 0.0, 1e-06, -0.0, -0.0, 0.935186, 0.354158, 0.37472, -1e-06, -0.354159, 0.935185, -0.0, 0.0, 0.0, 0.0, 1.0],
                [1.0, -0.0, 1e-06, -0.0, -0.0, 0.801998, 0.597326, 0.37472, -1e-06, -0.597327, 0.801997, 0.0, 0.0, 0.0, 0.0, 1.0],
                [1.0, -0.0, 1e-06, -0.0, -0.0, 0.801998, 0.597326, 0.37472, -1e-06, -0.597327, 0.801997, 0.0, 0.0, 0.0, 0.0, 1.0]
            ]
        },
        {
            "name": "Knee_R",
            "time": [0.0, 0.1, 0.45, 0.6],
            "transform": [
                [1.0, 0.0, -0.0, -0.0, -0.0, 1e-06, -1.0, 0.383077, -0.0, 1.0, 1e-06, -0.001653, 0.0, 0.0, 0.0, 1.0],
                [1.0, 0.0, -0.0, -0.0, -0.0, 1e-06, -1.0, 0.383077, -0.0, 1.0, 1e-06, -0.001653, 0.0, 0.0, 0.0, 1.0],
                [1.0, 0.0, -0.0, -0.0, -0.0, 1e-06, -1.0, 0.383077, -0.0, 1.0, 1e-06, -0.001653, 0.0, 0.0, 0.0, 1.0],
                [1.0, 0.0, -0.0, -0.0, -0.0, 1e-06, -1.0, 0.383077, -0.0, 1.0, 1e-06, -0.001653, 0.0, 0.0, 0.0, 1.0]
            ]
        },
        {
            "name": "Thigh_L",
            "time": [0.0, 0.1, 0.2, 0.45, 0.6],
            "transform": [
                [0.923313, -0.326931, -0.201513, -0.125006, -0.332029, -0.943227, 0.008947, -0.002831, -0.192998, 0.058648, -0.979445, -1.2e-05, 0.0, 0.0, 0.0, 1.0],
                [0.923313, -0.326931, -0.201513, -0.125006, -0.332029, -0.943227, 0.008947, -0.002831, -0.192998, 0.058648, -0.979445, -1.2e-05, 0.0, 0.0, 0.0, 1.0],
                [0.951852, -0.165242, -0.258207, -0.125006, -0.113191, -0.972214, 0.204909, -0.002831, -0.284892, -0.165816, -0.944108, -1.2e-05, 0.0, 0.0, 0.0, 1.0],
                [0.923313, -0.326931, -0.201513, -0.125006, -0.332029, -0.943227, 0.008947, -0.002831, -0.192998, 0.058648, -0.979445, -1.2e-05, 0.0, 0.0, 0.0, 1.0],
                [0.923313, -0.326931, -0.201513, -0.125006, -0.332029, -0.943227, 0.008947, -0.002831, -0.192998, 0.058648, -0.979445, -1.2e-05, 0.0, 0.0, 0.0, 1.0]
            ]
        },
        {
            "name": "Leg_L",
            "time": [0.0, 0.1, 0.2, 0.45, 0.6],
            "transform": [
                [1.0, -0.0, 1e-06, 0.0, -0.0, 0.844926, 0.534883, 0.37472, -1e-06, -0.534883, 0.844926, -0.0, 0.0, 0.0, 0.0, 1.0],
                [1.0, -0.0, 1e-06, 0.0, -0.0, 0.844926, 0.534883, 0.37472, -1e-06, -0.534883, 0.844926, -0.0, 0.0, 0.0, 0.0, 1.0],
                [1.0, -0.0, 1e-06, -0.0, -0.0, 0.694429, 0.719561, 0.37472, -1e-06, -0.71956, 0.69443, 0.0, 0.0, 0.0, 0.0, 1.0],
                [1.0, -0.0, 1e-06, 0.0, -0.0, 0.844926, 0.534883, 0.37472, -1e-06, -0.534883, 0.844926, -0.0, 0.0, 0.0, 0.0, 1.0],
                [1.0, -0.0, 1e-06, 0.0, -0.0, 0.844926, 0.534883, 0.37472, -1e-06, -0.534883, 0.844926, -0.0, 0.0, 0.0, 0.0, 1.0]
            ]
        },
        {
            "name": "Knee_L",
            "time": [0.0, 0.1, 0.45, 0.6],
            "transform": [
                [1.0, 0.0, -0.0, 0.0, -0.0, 1e-06, -1.0, 0.37472, -0.0, 1.0, 1e-06, -0.0, 0.0, 0.0, 0.0, 1.0],
                [1.0, 0.0, -0.0, 0.0, -0.0, 1e-06, -1.0, 0.37472, -0.0, 1.0, 1e-06, -0.0, 0.0, 0.0, 0.0, 1.0],
                [1.0, 0.0, -0.0, 0.0, -0.0, 1e-06, -1.0, 0.37472, -0.0, 1.0, 1e-06, -0.0, 0.0, 0.0, 0.0, 1.0],
                [1.0, 0.0, -0.0, 0.0, -0.0, 1e-06, -1.0, 0.37472, -0.0, 1.0, 1e-06, -0.0, 0.0, 0.0, 0.0, 1.0]
            ]
        },
        {
            "name": "Torso",
            "time": [0.0, 0.1, 0.45, 0.6],
            "transform": [
                [0.996512, 0.0, 0.083446, -0.0, 0.0, 1.0, 0.0, 0.05, -0.083446, 0.0, 0.996512, -0.0, 0.0, 0.0, 0.0, 1.0],
                [0.996512, 0.0, 0.083446, -0.0, 0.0, 1.0, 0.0, 0.05, -0.083446, 0.0, 0.996512, -0.0, 0.0, 0.0, 0.0, 1.0],
                [0.996512, 0.0, 0.083446, 0.0, 0.0, 1.0, 0.0, 0.05, -0.083446, 0.0, 0.996512, -0.0, 0.0, 0.0, 0.0, 1.0],
                [0.996512, 0.0, 0.083446, 0.0, 0.0, 1.0, 0.0, 0.05, -0.083446, 0.0, 0.996512, -0.0, 0.0, 0.0, 0.0, 1.0]
            ]
        },
        {
            "name": "Chest",
            "time": [0.0, 0.1, 0.2, 0.45, 0.6],
            "transform": [
                [0.973004, -0.000972, 0.230787, 0.0, -0.039971, 0.984169, 0.172665, 0.3, -0.227301, -0.177229, 0.957562, 0.0, 0.0, 0.0, 0.0, 1.0],
                [0.973004, -0.000972, 0.230787, 0.0, -0.039971, 0.984169, 0.172665, 0.3, -0.227301, -0.177229, 0.957562, 0.0, 0.0, 0.0, 0.0, 1.0],
                [0.959604, -0.176071, 0.219453, -0.0, 0.19431, 0.978829, -0.064326, 0.3, -0.203481, 0.104369, 0.9735, 0.0, 0.0, 0.0, 0.0, 1.0],
                [0.973004, -0.000972, 0.230787, -0.0, -0.039971, 0.984169, 0.172665, 0.3, -0.227301, -0.177229, 0.957562, -0.0, 0.0, 0.0, 0.0, 1.0],
                [0.973004, -0.000972, 0.230787, -0.0, -0.039971, 0.984169, 0.172665, 0.3, -0.227301, -0.177229, 0.957562, -0.0, 0.0, 0.0, 0.0, 1.0]
            ]
        },
        {
            "name": "Head",
            "time": [0.0, 0.1, 0.2, 0.45, 0.6],
            "transform": [
                [0.849633, -0.030121, -0.526513, -0.0, -0.009354, 0.99735, -0.072152, 0.4, 0.527291, 0.066228, 0.8471, 0.0, 0.0, 0.0, 0.0, 1.0],
                [0.849633, -0.030121, -0.526513, -0.0, -0.009354, 0.99735, -0.072152, 0.4, 0.527291, 0.066228, 0.8471, 0.0, 0.0, 0.0, 0.0, 1.0],
                [0.842202, 0.125953, -0.524244, -0.0, -0.089912, 0.991525, 0.093775, 0.4, 0.531613, -0.031841, 0.846389, 0.0, 0.0, 0.0, 0.0, 1.0],
                [0.849633, -0.030121, -0.526513, -0.0, -0.009354, 0.99735, -0.072152, 0.4, 0.527291, 0.066228, 0.8471, -0.0, 0.0, 0.0, 0.0, 1.0],
                [0.849633, -0.030121, -0.526513, -0.0, -0.009354, 0.99735, -0.072152, 0.4, 0.527291, 0.066228, 0.8471, -0.0, 0.0, 0.0, 0.0, 1.0]
            ]
        },
        {
            "name": "Shoulder_R",
            "time": [0.0, 0.1, 0.45, 0.6],