{
    
    "animation": [
        {
            "name": "Root",
            "time": [0.0, 0.1167, 0.35, 0.5167],
            "transform": [
                [0.878439, 0.0, 0.477855, -5e-06, 0.477855, 0.0, -0.878439, 0.000946, 0.0, 1.0, 0.0, 0.722945, 0.0, 0.0, 0.0, 1.0],
                [0.777465, 0.0, 0.628926, -5e-06, 0.628926, 0.0, -0.777465, 0.000946, 0.0, 1.0, 0.0, 0.722945, 0.0, 0.0, 0.0, 1.0],
                [0.552536, 0.0, -0.833489, 0.208303, -0.833489, 0.0, -0.552536, 0.461687, 0.0, 1.0, 0.0, 0.830124, 0.0, 0.0, 0.0, 1.0],
                [0.552536, 0.0, -0.833489, 0.213044, -0.833489, 0.0, -0.552536, 0.454227, 0.0, 1.0, 0.0, 0.756179, 0.0, 0.0, 0.0, 1.0]
            ]
        },
        {
            "name": "Thigh_R",
            "time": [0.0, 0.1167, 0.35, 0.5167],
            "transform": [
                [0.95816, 0.196392, 0.208229, 0.124994, 0.157139, -0.968964, 0.190818, -0.002831, 0.239242, -0.150113, -0.959286, -1.2e-05, 0.0, 0.0, 0.0, 1.0],
                [0.95816, 0.196392, 0.208229, 0.124994, 0.157139, -0.968964, 0.190818, -0.002831, 0.239242, -0.150113, -0.959286, -1.2e-05, 0.0, 0.0, 0.0, 1.0],
                [0.95816, 0.196392, 0.208229, 0.124994, 0.157139, -0.968964, 0.190818, -0.002831, 0.239242, -0.150113, -0.959286, -1.2e-05, 0.0, 0.0, 0.0, 1.0],
                [0.95816, 0.196392, 0.208229, 0.124994, 0.157139, -0.968964, 0.190818, -0.002831, 0.239242, -0.150113, -0.959286, -1.2e-05, 0.0, 0.0, 0.0, 1.0]
            ]
        },
        {
            "name": "Leg_R",
            "time": [0.0, 0.1167, 0.35, 0.5167],
            "transform": [
                [1.0, 0.0, 1e-06, 0.0, -0.0, 0.920078, 0.391736, 0.37472, -1e-06, -0.391737, 0.920077, 0.0, 0.0, 0.0, 0.0, 1.0],
                [1.0, 0.0, 1e-06, 0.0, -0.0, 0.920078, 0.391736, 0.37472, -1e-06, -0.391737, 0.920077, 0.0, 0.0, 0.0, 0.0, 1.0],
                [1.0, -0.0, 1e-06, -0.0, -0.0, 0.723077, 0.690768, 0.37472, -1e-06, -0.690769, 0.723075, 0.0, 0.0, 0.0, 0.0, 1.0],
                [1.0, -0.0, 1e-06, -0.0, -0.0, 0.673726, 0.738981, 0.37472, -1e-06, -0.738983, 0.673724, -0.0, 0.0, 0.0, 0.0, 1.0]
            ]
        },
        {
            "name": "Knee_R",
            "time": [0.0, 0.1167, 0.35, 0.5167],
            "transform": [
                [1.0, 0.0, -0.0, 0.0, -0.0, 1e-06, -1.0, 0.383077, -0.0, 1.0, 1e-06, -0.001653, 0.0, 0.0, 0.0, 1.0],
                [1.0, 0.0, -0.0, 0.0, -0.0, 1e-06, -1.0, 0.383077, -0.0, 1.0, 1e-06, -0.001653, 0.0, 0.0, 0.0, 1.0],
                [1.0, 0.0, -0.0, -0.0, -0.0, 1e-06, -1.0, 0.383077, -0.0, 1.0, 1e-06, -0.001653, 0.0, 0.0, 0.0, 1.0],
                [1.0, 0.0, -0.0, -0.0, -0.0, 1e-06, -1.0, 0.383077, -0.0, 1.0, 1e-06, -0.001653, 0.0, 0.0, 0.0, 1.0]
            ]
        },
        {
            "name": "Thigh_L",
            "time": [0.0, 0.1167, 0.35, 0.5167],
            "transform": [
                [0.616528, -0.781399, -0.096477, -0.125006, -0.767216, -0.623772, 0.14929, -0.002831, -0.176834, -0.018022, -0.984075, -1.2e-05, 0.0, 0.0, 0.0, 1.0],
                [0.616528, -0.704084, -0.352361, -0.125006, -0.767216, -0.637771, -0.068019, -0.002831, -0.176834, 0.312274, -0.933388, -1.2e-05, 0.0, 0.0, 0.0, 1.0],
                [0.616528, -0.606331, 0.502249, -0.125006, -0.767216, -0.319389, 0.556209, -0.002831, -0.176834, -0.728253, -0.6621, -1.2e-05, 0.0, 0.0, 0.0, 1.0],
                [0.616528, -0.55732, 0.556136, -0.125006, -0.767216, -0.266618, 0.583346, -0.002831, -0.176834, -0.786327, -0.591963, -1.2e-05, 0.0, 0.0, 0.0, 1.0]
            ]
        },
        {
            "name": "Leg_L",
            "time": [0.0, 0.1167, 0.35, 0.5167],
            "transform": [
                [1.0, 0.0, 1e-06, -0.0, -0.0, 0.910212, 0.414142, 0.37472, -1e-06, -0.414142, 0.910213, 0.0, 0.0, 0.0, 0.0, 1.0],
                [1.0, -1e-06, 1e-06, 0.0, -0.0, 0.645859, 0.763457, 0.37472, -1e-06, -0.763457, 0.645859, 0.0, 0.0, 0.0, 0.0, 1.0],
                [1.0, 0.0, 1e-06, 0.0, -0.0, 0.998007, 0.0631, 0.37472, -1e-06, -0.0631, 0.998008, -0.0, 0.0, 0.0, 0.0, 1.0],
                [1.0, 0.0, 1e-06, 0.0, -0.0, 0.959765, 0.280803, 0.37472, -1e-06, -0.280803, 0.959766, 0.0, 0.0, 0.0, 0.0, 1.0]
            ]
        },
        {
            "name": "Knee_L",
            "time": [0.0, 0.1167, 0.35, 0.5167],
            "transform": [
                [1.0, 0.0, -0.0, -0.0, -0.0, 1e-06, -1.0, 0.37472, -0.0, 1.0, 1e-06, 0.0, 0.0, 0.0, 0.0, 1.0],
                [1.0, 0.0, -0.0, 0.0, -0.0, 1e-06, -1.0, 0.37472, -0.0, 1.0, 1e-06, 0.0, 0.0, 0.0, 0.0, 1.0],
                [1.0, 0.0, -0.0, 0.0, -0.0, 1e-06, -1.0, 0.37472, -0.0, 1.0, 1e-06, -0.0, 0.0, 0.0, 0.0, 1.0],
                [1.0, 0.0, -0.0, 0.0, -0.0, 1e-06, -1.0, 0.37472, -0.0, 1.0, 1e-06, 0.0, 0.0, 0.0, 0.0, 1.0]
            ]
        },
        {
            "name": "Torso",
            "time": [0.0, 0.1167, 0.35, 0.5167],
            "transform": [
                [0.996512, -0.012129, 0.08256, -0.0, 0.0, 0.98938, 0.145353, 0.05, -0.083446, -0.144846, 0.985929, -0.0, 0.0, 0.0, 0.0, 1.0],
                [0.996512, -0.012129, 0.08256, 0.0, 0.0, 0.98938, 0.145353, 0.05, -0.083446, -0.144846, 0.985929, 0.0, 0.0, 0.0, 0.0, 1.0],
                [0.996512, -0.012129, 0.08256, 0.0, 0.0, 0.98938, 0.145353, 0.05, -0.083446, -0.144846, 0.985929, 0.0, 0.0, 0.0, 0.0, 1.0],
                [0.996512, -0.012129, 0.08256, -0.0, 0.0, 0.98938, 0.145353, 0.05, -0.083446, -0.144846, 0.985929, 0.0, 0.0, 0.0, 0.0, 1.0]
            ]
        },
        {
            "name": "Chest",
            "time": [0.0, 0.1167, 0.35, 0.5167],
            "transform": [
                [0.996909, 0.006003, -0.078339, 0.0, 0.0, 0.997077, 0.076407, 0.3, 0.078568, -0.076171, 0.993995, 0.0, 0.0, 0.0, 0.0, 1.0],
                [0.990774, 0.006003, 0.135394, -0.0, -0.016244, 0.997077, 0.07466, 0.3, -0.13455, -0.076171, 0.987975, 0.0, 0.0, 0.0, 0.0, 1.0],
                [0.889162, 0.006003, -0.457554, 0.0, 0.029531, 0.997077, 0.07047, 0.3, 0.456639, -0.076171, 0.886385, 0.0, 0.0, 0.0, 0.0, 1.0],
                [0.889162, 0.006003, -0.457554, 0.0, 0.029531, 0.997077, 0.07047, 0.3, 0.456639, -0.076171, 0.886385, 0.0, 0.0, 0.0, 0.0, 1.0]
            ]
        },
        {
            "name": "Head",
            "time": [0.0, 0.1167, 0.35, 0.5167],
            "transform": [
                [0.893, -0.0, -0.450056, 0.0, 0.06519, 0.989454, 0.129351, 0.4, 0.44531, -0.144849, 0.883582, -0.0, 0.0, 0.0, 0.0, 1.0],
                [0.657856, 0.0, -0.753143, 0.0, 0.109092, 0.989454, 0.09529, 0.4, 0.745201, -0.144849, 0.650918, 0.0, 0.0, 0.0, 0.0, 1.0],
                [0.359188, 0.0, 0.933265, -0.0, -0.135183, 0.989454, 0.052028, 0.4, -0.923423, -0.144849, 0.3554, 0.0, 0.0, 0.0, 0.0, 1.0],
                [0.359188, 0.0, 0.933265, -0.0, -0.135183, 0.989454, 0.052028, 0.4, -0.923423, -0.144849, 0.3554, -0.0, 0.0, 0.0, 0.0, 1.0]
            ]
        },
        {
            "name": "Shoulder_R",
            "time": [0.0, 0.1167, 0.35, 0.5167],
            "transform": [
                [-0.004613, 0.899921, 0.436029, 0.0, 0.000526, -0.436031, 0.899931, 0.4, 0.999989, 0.004381, 0.001538, -0.0, 0.0, 0.0, 0.0, 1.0],
                [-0.004613, 0.899921, 0.436029, 0.0, 0.000526, -0.436031, 0.899931, 0.4, 0.999989, 0.004381, 0.001538, 0.0, 0.0, 0.0, 0.0, 1.0],
                [-0.004613, 0.899921, 0.436029, -0.0, 0.000526, -0.436031, 0.899931, 0.4, 0.999989, 0.004381, 0.001538, 0.0, 0.0, 0.0, 0.0, 1.0],
                [-0.004613, 0.899921, 0.436029, -0.0, 0.000526, -0.436031, 0.899931, 0.4, 0.999989, 0.004381, 0.001538, -0.0, 0.0, 0.0, 0.0, 1.0]
            ]
        },
        {
            "name": "Arm_R",
            "time": [0.0, 0.1167, 0.35, 0.5167],