{
    
    "animation": [
        {
            "name": "Root",
            "time": [0.0, 0.1667, 0.4167, 0.5667, 0.8333, 0.9833],
            "transform": [
                [0.657793, 0.0, -0.753199, -0.053156, -0.753199, 0.0, -0.657793, -0.028367, 0.0, 1.0, 0.0, 0.702626, 0.0, 0.0, 0.0, 1.0],
                [0.768217, 0.0, -0.640189, -0.038131, -0.640189, 0.0, -0.768217, 0.118933, 0.0, 1.0, 0.0, 0.615692, 0.0, 0.0, 0.0, 1.0],
                [0.781982, 0.002347, -0.623296, -0.029286, -0.621665, 0.075329, -0.779652, 0.033601, 0.045122, 0.997156, 0.060365, 0.690858, 0.0, 0.0, 0.0, 1.0],
                [0.757248, -0.015802, -0.652936, -0.029286, -0.653012, -0.037134, -0.756437, 0.033601, -0.012293, 0.999185, -0.038438, 0.690858, 0.0, 0.0, 0.0, 1.0],
                [0.757248, -0.015802, -0.652936, -0.029286, -0.653012, -0.037134, -0.756437, 0.033601, -0.012293, 0.999185, -0.038438, 0.690858, 0.0, 0.0, 0.0, 1.0],
                [0.757248, -0.015802, -0.652936, -0.029286, -0.653012, -0.037134, -0.756437, 0.033601, -0.012293, 0.999185, -0.038438, 0.690858, 0.0, 0.0, 0.0, 1.0]
            ]
        },
        {
            "name": "Thigh_R",
            "time": [0.0, 0.1667, 0.4167, 0.5667, 0.8333, 0.9833],
            "transform": [
                [0.948279, 0.311851, -0.059284, 0.124994, 0.309301, -0.949728, -0.048425, -0.002831, -0.071405, 0.027584, -0.997066, -1.2e-05, 0.0, 0.0, 0.0, 1.0],
                [0.948279, 0.311851, -0.059284, 0.124994, 0.309301, -0.949728, -0.048425, -0.002831, -0.071405, 0.027584, -0.997066, -1.2e-05, 0.0, 0.0, 0.0, 1.0],
                [0.948279, 0.310087, -0.06791, 0.124994, 0.309301, -0.950706, -0.022066, -0.002831, -0.071405, -7.9e-05, -0.997448, -1.2e-05, 0.0, 0.0, 0.0, 1.0],
                [0.948279, 0.309252, -0.071615, 0.124994, 0.309302, -0.950902, -0.010691, -0.002831, -0.071405, -0.012012, -0.997375, -1.2e-05, 0.0, 0.0, 0.0, 1.0],
                [0.948279, 0.309252, -0.071615, 0.124994, 0.309302, -0.950902, -0.010691, -0.002831, -0.071405, -0.012012, -0.997375, -1.2e-05, 0.0, 0.0, 0.0, 1.0],
                [0.948279, 0.309252, -0.071615, 0.124994, 0.309302, -0.950902, -0.010691, -0.002831, -0.071405, -0.012012, -0.997375, -1.2e-05, 0.0, 0.0, 0.0, 1.0]
            ]
        },
        {
            "name": "Leg_R",
            "time": [0.0, 0.1667, 0.4167, 0.5667, 0.8333, 0.9833],
            "transform": [
                [1.0, 0.0, 1e-06, -0.0, -0.0, 0.960492, 0.278311, 0.37472, -1e-06, -0.278311, 0.96049, -0.0, 0.0, 0.0, 0.0, 1.0],
                [1.0, -0.0, 1e-06, -0.0, -0.0, 0.827981, 0.560757, 0.37472, -1e-06, -0.560758, 0.82798, 0.0, 0.0, 0.0, 0.0, 1.0],
                [1.0, 0.0, 1e-06, 0.0, -0.0, 0.92237, 0.386308, 0.37472, -1e-06, -0.386308, 0.922369, -0.0, 0.0, 0.0, 0.0, 1.0],
                [1.0, -0.0, 1e-06, -0.0, -0.0, 0.827981, 0.560757, 0.37472, -1e-06, -0.560758, 0.82798, -0.0, 0.0, 0.0, 0.0, 1.0],
                [1.0, -0.0, 1e-06, -0.0, -0.0, 0.827981, 0.560757, 0.37472, -1e-06, -0.560758, 0.82798, -0.0, 0.0, 0.0, 0.0, 1.0],
                [1.0, -0.0, 1e-06, -0.0, -0.0, 0.827981, 0.560757, 0.37472, -1e-06, -0.560758, 0.82798, -0.0, 0.0, 0.0, 0.0, 1.0]
            ]
        },
        {
            "name": "Knee_R",
            "time": [0.0, 0.1667, 0.5667, 0.8333, 0.9833],
            "transform": [
                [1.0, 0.0, -0.0, -0.0, -0.0, 1e-06, -1.0, 0.383077, -0.0, 1.0, 1e-06, -0.001653, 0.0, 0.0, 0.0, 1.0],
                [1.0, 0.0, -0.0, 0.0, -0.0, 1e-06, -1.0, 0.383077, -0.0, 1.0, 1e-06, -0.001653, 0.0, 0.0, 0.0, 1.0],
                [1.0, 0.0, -0.0, -0.0, -0.0, 1e-06, -1.0, 0.383077, -0.0, 1.0, 1e-06, -0.001653, 0.0, 0.0, 0.0, 1.0],
                [1.0, 0.0, -0.0, -0.0, -0.0, 1e-06, -1.0, 0.383077, -0.0, 1.0, 1e-06, -0.001653, 0.0, 0.0, 0.0, 1.0],
                [1.0, 0.0, -0.0, -0.0, -0.0, 1e-06, -1.0, 0.383077, -0.0, 1.0, 1e-06, -0.001653, 0.0, 0.0, 0.0, 1.0]
            ]
        },
        {
            "name": "Thigh_L",
            "time": [0.0, 0.1667, 0.4167, 0.5667, 0.8333, 0.9833],
            "transform": [
                [0.745146, -0.343761, -0.571476, -0.125006, 0.032315, -0.837295, 0.545794, -0.002831, -0.666117, -0.425164, -0.612799, -1.2e-05, 0.0, 0.0, 0.0, 1.0],
                [0.745146, -0.494869, -0.447059, -0.125006, 0.032315, -0.642773, 0.765374, -0.002831, -0.666117, -0.584762, -0.462968, -1.2e-05, 0.0, 0.0, 0.0, 1.0],
                [0.745146, -0.407088, -0.528239, -0.125006, 0.032315, -0.76911, 0.638299, -0.002831, -0.666117, -0.492696, -0.559944, -1.2e-05, 0.0, 0.0, 0.0, 1.0],
                [0.745146, -0.33416, -0.577142, -0.125006, 0.032315, -0.846302, 0.531722, -0.002831, -0.666117, -0.414861, -0.61982, -1.2e-05, 0.0, 0.0, 0.0, 1.0],
                [0.745146, -0.33416, -0.577142, -0.125006, 0.032315, -0.846302, 0.531722, -0.002831, -0.666117, -0.414861, -0.61982, -1.2e-05, 0.0, 0.0, 0.0, 1.0],
                [0.745146, -0.33416, -0.577142, -0.125006, 0.032315, -0.846302, 0.531722, -0.002831, -0.666117, -0.414861, -0.61982, -1.2e-05, 0.0, 0.0, 0.0, 1.0]
            ]
        },
        {
            "name": "Leg_L",
            "time": [0.0, 0.1667, 0.4167, 0.5667, 0.8333, 0.9833],
            "transform": [
                [1.0, -0.0, 1e-06, -0.0, -0.0, 0.968826, 0.247741, 0.37472, -1e-06, -0.247741, 0.968827, 0.0, 0.0, 0.0, 0.0, 1.0],
                [1.0, -0.0, 1e-06, 0.0, -0.0, 0.737479, 0.67537, 0.37472, -1e-06, -0.675369, 0.73748, -0.0, 0.0, 0.0, 0.0, 1.0],
                [1.0, -0.0, 1e-06, 0.0, -0.0, 0.881884, 0.471466, 0.37472, -1e-06, -0.471466, 0.881885, -0.0, 0.0, 0.0, 0.0, 1.0],
                [1.0, -0.0, 1e-06, -0.0, -0.0, 0.9275, 0.373822, 0.37472, -1e-06, -0.373821, 0.927501, -0.0, 0.0, 0.0, 0.0, 1.0],
                [1.0, -0.0, 1e-06, -0.0, -0.0, 0.9275, 0.373822, 0.37472, -1e-06, -0.373821, 0.927501, -0.0, 0.0, 0.0, 0.0, 1.0],
                [1.0, -0.0, 1e-06, -0.0, -0.0, 0.9275, 0.373822, 0.37472, -1e-06, -0.373821, 0.927501, -0.0, 0.0, 0.0, 0.0, 1.0]
            ]
        },
        {
            "name": "Knee_L",
            "time": [0.0, 0.1667, 0.5667, 0.8333, 0.9833],
            "transform": [
                [1.0, 0.0, -0.0, -0.0, -0.0, 1e-06, -1.0, 0.37472, -0.0, 1.0, 1e-06, 0.0, 0.0, 0.0, 0.0, 1.0],
                [1.0, 0.0, -0.0, 0.0, -0.0, 1e-06, -1.0, 0.37472, -0.0, 1.0, 1e-06, -0.0, 0.0, 0.0, 0.0, 1.0],
                [1.0, 0.0, -0.0, -0.0, -0.0, 1e-06, -1.0, 0.37472, -0.0, 1.0, 1e-06, -0.0, 0.0, 0.0, 0.0, 1.0],
                [1.0, 0.0, -0.0, -0.0, -0.0, 1e-06, -1.0, 0.37472, -0.0, 1.0, 1e-06, -0.0, 0.0, 0.0, 0.0, 1.0],
                [1.0, 0.0, -0.0, -0.0, -0.0, 1e-06, -1.0, 0.37472, -0.0, 1.0, 1e-06, -0.0, 0.0, 0.0, 0.0, 1.0]
            ]
        },
        {
            "name": "Torso",
            "time": [0.0, 0.1667, 0.5667, 0.8333, 0.9833],
            "transform": [
                [0.998606, 0.0, -0.052779, 0.0, 0.0, 1.0, 0.0, 0.05, 0.052779, 0.0, 0.998606, 0.0, 0.0, 0.0, 0.0, 1.0],
                [0.998606, 0.0, -0.052779, 0.0, 0.0, 1.0, 0.0, 0.05, 0.052779, 0.0, 0.998606, -0.0, 0.0, 0.0, 0.0, 1.0],
                [0.998606, -0.0, -0.052779, 0.0, 0.0, 1.0, -0.0, 0.05, 0.052779, -0.0, 0.998606, -0.0, 0.0, 0.0, 0.0, 1.0],
                [0.998606, -0.0, -0.052779, 0.0, 0.0, 1.0, -0.0, 0.05, 0.052779, -0.0, 0.998606, -0.0, 0.0, 0.0, 0.0, 1.0],
                [0.998606, -0.0, -0.052779, 0.0, 0.0, 1.0, -0.0, 0.05, 0.052779, -0.0, 0.998606, -0.0, 0.0, 0.0, 0.0, 1.0]
            ]
        },
        {
            "name": "Chest",
            "time": [0.0, 0.1667, 0.4167, 0.5667, 0.8333, 0.9833],