{
    
    "animation": [
        {
            "name": "Root",
            "time": [0.0, 0.25, 0.6, 0.7667, 1.0667],
            "transform": [
                [1.0, 0.0, 0.0, -5e-06, 0.0, 0.0, -1.0, 0.000946, 0.0, 1.0, 0.0, 0.764948, 0.0, 0.0, 0.0, 1.0],
                [0.572099, 0.0, 0.820184, -5e-06, 0.820184, 0.0, -0.572099, 2.038529, 0.0, 1.0, 0.0, 0.641346, 0.0, 0.0, 0.0, 1.0],
                [0.572099, 0.0, 0.820184, -5e-06, 0.820184, 0.0, -0.572099, 2.038529, 0.0, 1.0, 0.0, 0.641346, 0.0, 0.0, 0.0, 1.0],
                [0.572099, 0.0, 0.820184, -5e-06, 0.820184, 0.0, -0.572099, 1.569523, 0.0, 1.0, 0.0, 0.641346, 0.0, 0.0, 0.0, 1.0],
                [0.572099, 0.0, 0.820184, -5e-06, 0.820184, 0.0, -0.572099, 1.569523, 0.0, 1.0, 0.0, 0.641346, 0.0, 0.0, 0.0, 1.0]
            ]
        },
        {
            "name": "Thigh_R",
            "time": [0.0, 0.25, 0.6, 0.7667, 1.0667],
            "transform": [
                [0.973736, 0.084118, 0.211568, 0.124994, 0.051884, -0.986777, 0.153544, -0.002831, 0.221686, -0.138534, -0.965227, -1.2e-05, 0.0, 0.0, 0.0, 1.0],
                [0.767563, 0.522797, 0.370848, 0.124994, 0.141637, -0.702605, 0.69734, -0.002831, 0.625128, -0.482726, -0.613344, -1.2e-05, 0.0, 0.0, 0.0, 1.0],
                [0.767563, 0.522797, 0.370848, 0.124994, 0.141637, -0.702605, 0.69734, -0.002831, 0.625128, -0.482726, -0.613344, -1.2e-05, 0.0, 0.0, 0.0, 1.0],
                [0.767563, 0.522797, 0.370848, 0.124994, 0.141637, -0.702605, 0.69734, -0.002831, 0.625128, -0.482726, -0.613344, -1.2e-05, 0.0, 0.0, 0.0, 1.0],
                [0.767563, 0.522797, 0.370848, 0.124994, 0.141637, -0.702605, 0.69734, -0.002831, 0.625128, -0.482726, -0.613344, -1.2e-05, 0.0, 0.0, 0.0, 1.0]
            ]
        },
        {
            "name": "Leg_R",
            "time": [0.0, 0.25, 0.6, 0.7667, 1.0667],
            "transform": [
                [1.0, 0.0, 1e-06, 0.0, -0.0, 0.984472, 0.175547, 0.37472, -1e-06, -0.175547, 0.98447, 0.0, 0.0, 0.0, 0.0, 1.0],
                [1.0, -0.0, 1e-06, -0.0, -0.0, 0.72866, 0.684875, 0.37472, -1e-06, -0.684877, 0.728659, 0.0, 0.0, 0.0, 0.0, 1.0],
                [1.0, -0.0, 1e-06, -0.0, -0.0, 0.72866, 0.684875, 0.37472, -1e-06, -0.684877, 0.728659, 0.0, 0.0, 0.0, 0.0, 1.0],
                [1.0, 0.0, 1e-06, -0.0, -0.0, 0.919881, 0.3922, 0.37472, -1e-06, -0.3922, 0.919879, -0.0, 0.0, 0.0, 0.0, 1.0],
                [1.0, 0.0, 1e-06, -0.0, -0.0, 0.919881, 0.3922, 0.37472, -1e-06, -0.3922, 0.919879, -0.0, 0.0, 0.0, 0.0, 1.0]
            ]
        },
        {
            "name": "Knee_R",
            "time": [0.0, 0.6, 0.7667, 1.0667],
            "transform": [
                [1.0, 0.0, -0.0, 0.0, -0.0, 1e-06, -1.0, 0.383077, -0.0, 1.0, 1e-06, -0.001653, 0.0, 0.0, 0.0, 1.0],
                [1.0, 0.0, -0.0, 0.0, -0.0, 1e-06, -1.0, 0.383077, -0.0, 1.0, 1e-06, -0.001653, 0.0, 0.0, 0.0, 1.0],
                [1.0, 0.0, -0.0, 0.0, -0.0, 1e-06, -1.0, 0.383077, -0.0, 1.0, 1e-06, -0.001654, 0.0, 0.0, 0.0, 1.0],
                [1.0, 0.0, -0.0, 0.0, -0.0, 1e-06, -1.0, 0.383077, -0.0, 1.0, 1e-06, -0.001654, 0.0, 0.0, 0.0, 1.0]
            ]
        },
        {
            "name": "Thigh_L",
            "time": [0.0, 0.25, 0.6, 0.7667, 1.0667],
            "transform": [
                [0.95515, -0.069461, -0.287858, -0.125006, -0.059939, -0.997328, 0.041774, -0.002831, -0.28999, -0.022646, -0.956761, -1.2e-05, 0.0, 0.0, 0.0, 1.0],
                [0.835651, -0.541463, -0.092219, -0.125006, -0.5324, -0.839783, 0.106369, -0.002831, -0.135039, -0.03979, -0.990041, -1.2e-05, 0.0, 0.0, 0.0, 1.0],
                [0.835651, -0.541463, -0.092219, -0.125006, -0.5324, -0.839783, 0.106369, -0.002831, -0.135039, -0.03979, -0.990041, -1.2e-05, 0.0, 0.0, 0.0, 1.0],
                [0.835651, -0.541463, -0.092219, -0.125006, -0.5324, -0.839783, 0.106369, -0.002831, -0.135039, -0.03979, -0.990041, -1.2e-05, 0.0, 0.0, 0.0, 1.0],
                [0.835651, -0.541463, -0.092219, -0.125006, -0.5324, -0.839783, 0.106369, -0.002831, -0.135039, -0.03979, -0.990041, -1.2e-05, 0.0, 0.0, 0.0, 1.0]
            ]
        },
        {
            "name": "Leg_L",
            "time": [0.0, 0.1, 0.25, 0.6, 0.7667, 1.0667],
            "transform": [
                [1.0, 0.0, 1e-06, 0.0, -0.0, 0.996194, 0.087156, 0.37472, -1e-06, -0.087156, 0.996195, -0.0, 0.0, 0.0, 0.0, 1.0],
                [1.0, -0.0, 1e-06, 0.0, -0.0, 0.968826, 0.247741, 0.37472, -1e-06, -0.247741, 0.968827, 0.0, 0.0, 0.0, 0.0, 1.0],
                [1.0, -0.0, 1e-06, -0.0, -0.0, 0.768988, 0.639263, 0.37472, -1e-06, -0.639263, 0.768988, 0.0, 0.0, 0.0, 0.0, 1.0],
                [1.0, -0.0, 1e-06, -0.0, -0.0, 0.768988, 0.639263, 0.37472, -1e-06, -0.639263, 0.768988, 0.0, 0.0, 0.0, 0.0, 1.0],
                [1.0, -0.0, 1e-06, -0.0, -0.0, 0.768988, 0.639263, 0.37472, -1e-06, -0.639263, 0.768988, -0.0, 0.0, 0.0, 0.0, 1.0],
                [1.0, -0.0, 1e-06, -0.0, -0.0, 0.768988, 0.639263, 0.37472, -1e-06, -0.639263, 0.768988, -0.0, 0.0, 0.0, 0.0, 1.0]
            ]
        },
        {
            "name": "Knee_L",
            "time": [0.0, 0.6, 0.7667, 1.0667],
            "transform": [
                [1.0, 0.0, -0.0, 0.0, -0.0, 1e-06, -1.0, 0.37472, -0.0, 1.0, 1e-06, -0.0, 0.0, 0.0, 0.0, 1.0],
                [1.0, 0.0, -0.0, -0.0, -0.0, 1e-06, -1.0, 0.37472, 0.0, 1.0, 1e-06, 0.0, 0.0, 0.0, 0.0, 1.0],
                [1.0, 0.0, -0.0, -0.0, -0.0, 1e-06, -1.0, 0.37472, 0.0, 1.0, 1e-06, -0.0, 0.0, 0.0, 0.0, 1.0],
                [1.0, 0.0, -0.0, -0.0, -0.0, 1e-06, -1.0, 0.37472, 0.0, 1.0, 1e-06, -0.0, 0.0, 0.0, 0.0, 1.0]
            ]
        },
        {
            "name": "Torso",
            "time": [0.0, 0.25, 0.6, 0.7667, 1.0667],
            "transform": [
                [0.996512, 0.0, 0.083446, 0.0, 0.0, 1.0, 0.0, 0.05, -0.083446, 0.0, 0.996512, 0.0, 0.0, 0.0, 0.0, 1.0],
                [0.993628, 0.077351, 0.081981, -0.0, -0.076794, 0.996998, -0.009936, 0.05, -0.082503, 0.003577, 0.996584, 0.0, 0.0, 0.0, 0.0, 1.0],
                [0.996512, 0.0, 0.083446, -0.0, 0.0, 1.0, 0.0, 0.05, -0.083446, 0.0, 0.996512, 0.0, 0.0, 0.0, 0.0, 1.0],
                [0.996512, 0.0, 0.083446, -0.0, 0.0, 1.0, 0.0, 0.05, -0.083446, 0.0, 0.996512, -0.0, 0.0, 0.0, 0.0, 1.0],
                [0.996512, 0.0, 0.083446, -0.0, 0.0, 1.0, 0.0, 0.05, -0.083446, 0.0, 0.996512, -0.0, 0.0, 0.0, 0.0, 1.0]
            ]
        },
        {
            "name": "Chest",
            "time": [0.0, 0.1, 0.25, 0.6, 0.6667, 0.7667, 1.0667],
            "transform": [
                [0.996909, 0.004476, -0.078441, 0.0, 0.0, 0.998376, 0.056972, 0.3, 0.078568, -0.056796, 0.99529, 0.0, 0.0, 0.0, 0.0, 1.0],
                [0.996698, -0.005775, 0.080992, -0.0, -0.009059, 0.98333, 0.181601, 0.3, -0.08069, -0.181735, 0.980031, -0.0, 0.0, 0.0, 0.0, 1.0],
                [0.945917, 0.126507, 0.298727, -0.0, -0.148759, 0.987459, 0.052868, 0.3, -0.288293, -0.094447, 0.952873, 0.0, 0.0, 0.0, 0.0, 1.0],
                [0.954328, 0.004476, 0.298727, -0.0, -0.021232, 0.998376, 0.052868, 0.3, -0.298005, -0.056796, 0.952873, -0.0, 0.0, 0.0, 0.0, 1.0],
                [0.909114, -0.247254, 0.335227, -0.0, 0.277338, 0.959753, -0.044237, 0.3, -0.310797, 0.133188, 0.941099, 0.0, 0.0, 0.0, 0.0, 1.0],
                [0.946194, -0.115406, 0.302323, 0.0, 0.120869, 0.992668, 0.000641, 0.3, -0.30018, 0.035935, 0.953206, 0.0, 0.0, 0.0, 0.0, 1.0],
                [0.942073, 0.145258, 0.302323, 0.0, -0.15259, 0.988289, 0.000641, 0.3, -0.298689, -0.046735, 0.953206, 0.0, 0.0, 0.0, 0.0, 1.0]
            ]
        },
        {
            "name": "Head",
            "time": [0.0, 0.25, 0.6, 0.7667, 1.0667],