{
    
    "animation": [
        {
            "name": "Root",
            "time": [0.0, 0.35, 0.6333, 0.8167, 1.0333],
            "transform": [
                [1.0, 0.0, 0.0, -5e-06, 0.0, 0.0, -1.0, 0.000946, 0.0, 1.0, 0.0, 0.764948, 0.0, 0.0, 0.0, 1.0],
                [0.352843, 0.0, -0.935683, -0.052297, -0.935683, 0.0, -0.352843, 1.621827, 0.0, 1.0, 0.0, 0.609331, 0.0, 0.0, 0.0, 1.0],
                [0.352843, 0.0, -0.935683, -0.052297, -0.935683, 0.0, -0.352843, 1.621827, 0.0, 1.0, 0.0, 0.609331, 0.0, 0.0, 0.0, 1.0],
                [0.352843, 0.0, -0.935683, -0.052297, -0.935683, 0.0, -0.352843, 1.383692, 0.0, 1.0, 0.0, 0.609331, 0.0, 0.0, 0.0, 1.0],
                [0.352843, 0.0, -0.935683, -0.052297, -0.935683, 0.0, -0.352843, 1.383692, 0.0, 1.0, 0.0, 0.609331, 0.0, 0.0, 0.0, 1.0]
            ]
        },
        {
            "name": "Thigh_R",
            "time": [0.0, 0.2167, 0.35, 0.6333, 0.8167, 1.0333],
            "transform": [
                [0.973736, 0.084118, 0.211568, 0.124994, 0.051884, -0.986777, 0.153544, -0.002831, 0.221686, -0.138534, -0.965227, -1.2e-05, 0.0, 0.0, 0.0, 1.0],
                [0.948279, 0.311851, -0.059284, 0.124994, 0.309301, -0.949728, -0.048425, -0.002831, -0.071405, 0.027584, -0.997066, -1.2e-05, 0.0, 0.0, 0.0, 1.0],
                [0.843465, 0.53217, -0.07321, 0.124994, 0.514821, -0.839722, -0.172695, -0.002831, -0.153379, 0.107973, -0.982251, -1.2e-05, 0.0, 0.0, 0.0, 1.0],
                [0.843465, 0.53217, -0.07321, 0.124994, 0.514821, -0.839722, -0.172695, -0.002831, -0.153379, 0.107973, -0.982251, -1.2e-05, 0.0, 0.0, 0.0, 1.0],
                [0.965263, 0.250811, -0.07321, 0.124994, 0.235418, -0.956426, -0.172695, -0.002831, -0.113334, 0.149462, -0.982251, -1.2e-05, 0.0, 0.0, 0.0, 1.0],
                [0.965263, 0.250811, -0.07321, 0.124994, 0.235418, -0.956426, -0.172695, -0.002831, -0.113334, 0.149462, -0.982251, -1.2e-05, 0.0, 0.0, 0.0, 1.0]
            ]
        },
        {
            "name": "Leg_R",
            "time": [0.0, 0.2167, 0.35, 0.6333, 1.0333],
            "transform": [
                [1.0, 0.0, 1e-06, 0.0, -0.0, 0.984472, 0.175547, 0.37472, -1e-06, -0.175547, 0.98447, 0.0, 0.0, 0.0, 0.0, 1.0],
                [1.0, 0.0, 1e-06, 0.0, -0.0, 0.960492, 0.278311, 0.37472, -1e-06, -0.278311, 0.96049, 0.0, 0.0, 0.0, 0.0, 1.0],
                [1.0, -0.0, 1e-06, 0.0, -0.0, 0.879186, 0.47648, 0.37472, -1e-06, -0.47648, 0.879185, 0.0, 0.0, 0.0, 0.0, 1.0],
                [1.0, -0.0, 1e-06, 0.0, -0.0, 0.879186, 0.47648, 0.37472, -1e-06, -0.47648, 0.879185, 0.0, 0.0, 0.0, 0.0, 1.0],
                [1.0, 0.0, 1e-06, 0.0, -0.0, 0.879186, 0.47648, 0.37472, -1e-06, -0.47648, 0.879185, 0.0, 0.0, 0.0, 0.0, 1.0]
            ]
        },
        {
            "name": "Knee_R",
            "time": [0.0, 0.35, 0.6333, 1.0333],
            "transform": [
                [1.0, 0.0, -0.0, 0.0, -0.0, 1e-06, -1.0, 0.383077, -0.0, 1.0, 1e-06, -0.001653, 0.0, 0.0, 0.0, 1.0],
                [1.0, 0.0, -0.0, 0.0, -0.0, 1e-06, -1.0, 0.383077, -0.0, 1.0, 1e-06, -0.001653, 0.0, 0.0, 0.0, 1.0],
                [1.0, 0.0, -0.0, 0.0, -0.0, 1e-06, -1.0, 0.383077, -0.0, 1.0, 1e-06, -0.001653, 0.0, 0.0, 0.0, 1.0],
                [1.0, 0.0, -0.0, -0.0, -0.0, 1e-06, -1.0, 0.383077, -0.0, 1.0, 1e-06, -0.001653, 0.0, 0.0, 0.0, 1.0]
            ]
        },
        {
            "name": "Thigh_L",
            "time": [0.0, 0.2167, 0.35, 0.6333, 0.8167, 1.0333],
            "transform": [
                [0.95515, -0.069461, -0.287858, -0.125006, -0.059939, -0.997328, 0.041774, -0.002831, -0.28999, -0.022646, -0.956761, -1.2e-05, 0.0, 0.0, 0.0, 1.0],
                [0.745146, -0.343761, -0.571476, -0.125006, 0.032315, -0.837295, 0.545794, -0.002831, -0.666117, -0.425164, -0.612799, -1.2e-05, 0.0, 0.0, 0.0, 1.0],
                [0.748258, -0.51931, -0.412827, -0.125006, 0.00317, -0.619478, 0.785007, -0.002831, -0.663399, -0.588697, -0.461883, -1.2e-05, 0.0, 0.0, 0.0, 1.0],
                [0.748258, -0.51931, -0.412827, -0.125006, 0.00317, -0.619478, 0.785007, -0.002831, -0.663399, -0.588697, -0.461883, -1.2e-05, 0.0, 0.0, 0.0, 1.0],
                [0.563047, -0.657496, -0.500676, -0.125006, -0.038561, -0.626077, 0.778807, -0.002831, -0.825524, -0.419198, -0.377865, -1.2e-05, 0.0, 0.0, 0.0, 1.0],
                [0.563047, -0.657496, -0.500676, -0.125006, -0.038561, -0.626077, 0.778807, -0.002831, -0.825524, -0.419198, -0.377865, -1.2e-05, 0.0, 0.0, 0.0, 1.0]
            ]
        },
        {
            "name": "Leg_L",
            "time": [0.0, 0.0833, 0.35, 0.6333, 0.8167, 1.0333],
            "transform": [
                [1.0, 0.0, 1e-06, 0.0, -0.0, 0.996194, 0.087156, 0.37472, -1e-06, -0.087156, 0.996195, -0.0, 0.0, 0.0, 0.0, 1.0],
                [1.0, -0.0, 1e-06, -0.0, -0.0, 0.968826, 0.247741, 0.37472, -1e-06, -0.247741, 0.968827, -0.0, 0.0, 0.0, 0.0, 1.0],
                [1.0, -0.0, 1e-06, -0.0, -0.0, 0.745522, 0.66648, 0.37472, -1e-06, -0.66648, 0.745523, -0.0, 0.0, 0.0, 0.0, 1.0],
                [1.0, -0.0, 1e-06, -0.0, -0.0, 0.745522, 0.66648, 0.37472, -1e-06, -0.66648, 0.745523, -0.0, 0.0, 0.0, 0.0, 1.0],
                [1.0, -0.0, 1e-06, -0.0, -0.0, 0.875482, 0.48325, 0.37472, -1e-06, -0.48325, 0.875483, 0.0, 0.0, 0.0, 0.0, 1.0],
                [1.0, -0.0, 1e-06, -0.0, -0.0, 0.875482, 0.48325, 0.37472, -1e-06, -0.48325, 0.875483, 0.0, 0.0, 0.0, 0.0, 1.0]
            ]
        },
        {
            "name": "Knee_L",
            "time": [0.0, 0.35, 0.6333, 1.0333],
            "transform": [
                [1.0, 0.0, -0.0, 0.0, -0.0, 1e-06, -1.0, 0.37472, -0.0, 1.0, 1e-06, -0.0, 0.0, 0.0, 0.0, 1.0],
                [1.0, 0.0, -0.0, -0.0, -0.0, 1e-06, -1.0, 0.37472, -0.0, 1.0, 1e-06, -0.0, 0.0, 0.0, 0.0, 1.0],
                [1.0, 0.0, -0.0, -0.0, -0.0, 1e-06, -1.0, 0.37472, -0.0, 1.0, 1e-06, -0.0, 0.0, 0.0, 0.0, 1.0],
                [1.0, 0.0, -0.0, -0.0, -0.0, 1e-06, -1.0, 0.37472, -0.0, 1.0, 1e-06, 0.0, 0.0, 0.0, 0.0, 1.0]
            ]
        },
        {
            "name": "Torso",
            "time": [0.0, 0.35, 0.6333, 1.0333],
            "transform": [
                [0.996512, 0.0, 0.083446, 0.0, 0.0, 1.0, 0.0, 0.05, -0.083446, 0.0, 0.996512, 0.0, 0.0, 0.0, 0.0, 1.0],
                [0.998606, 0.0, -0.052779, -0.0, 0.0, 1.0, 0.0, 0.05, 0.052779, 0.0, 0.998606, -0.0, 0.0, 0.0, 0.0, 1.0],
                [0.998606, 0.0, -0.052779, -0.0, 0.0, 1.0, 0.0, 0.05, 0.052779, 0.0, 0.998606, -0.0, 0.0, 0.0, 0.0, 1.0],
                [0.998606, 0.0, -0.052779, -0.0, 0.0, 1.0, 0.0, 0.05, 0.052779, 0.0, 0.998606, -0.0, 0.0, 0.0, 0.0, 1.0]
            ]
        },
        {
            "name": "Chest",
            "time": [0.0, 0.0833, 0.1167, 0.35, 0.6333, 0.7, 1.0333],
            "transform": [
                [0.996909, 0.004476, -0.078441, 0.0, 0.0, 0.998376, 0.056972, 0.3, 0.078568, -0.056796, 0.99529, 0.0, 0.0, 0.0, 0.0, 1.0],
                [0.996698, -0.005775, 0.080992, -0.0, -0.009059, 0.983331, 0.181601, 0.3, -0.08069, -0.181735, 0.980032, 0.0, 0.0, 0.0, 0.0, 1.0],
                [0.993779, -0.027646, 0.107883, -0.0, -0.011272, 0.938757, 0.344395, 0.3, -0.110797, -0.343468, 0.932606, 0.0, 0.0, 0.0, 0.0, 1.0],
                [0.994553, 0.004476, -0.104133, 0.0, 0.00147, 0.998376, 0.056953, 0.3, 0.104218, -0.056795, 0.992932, 0.0, 0.0, 0.0, 0.0, 1.0],
                [0.994553, 0.004476, -0.104133, 0.0, 0.00147, 0.998376, 0.056953, 0.3, 0.104218, -0.056795, 0.992932, 0.0, 0.0, 0.0, 0.0, 1.0],
                [0.973604, 0.203107, -0.104133, 0.0, -0.198045, 0.978537, 0.056953, 0.3, 0.113465, -0.034826, 0.992932, 0.0, 0.0, 0.0, 0.0, 1.0],
                [0.99391, -0.036048, -0.104133, 0.0, 0.042144, 0.997487, 0.056953, 0.3, 0.101818, -0.060994, 0.992932, 0.0, 0.0, 0.0, 0.0, 1.0]
            ]
        },
        {
            "name": "Head",
            "time": [0.0, 0.2167, 0.35, 0.6333, 0.7, 1.0333],