{
    
    "animation": [
        {
            "name": "Root",
            "time": [0.0, 0.15, 0.3167, 0.5333, 0.9, 1.4833],
            "transform": [
                [0.726066, 0.0, 0.687625, -5e-06, 0.687625, 0.0, -0.726066, 0.000946, 0.0, 1.0, 0.0, 0.764948, 0.0, 0.0, 0.0, 1.0],
                [0.625802, 0.0, -0.779982, -5e-06, -0.779982, 0.0, -0.625802, -2.30216, 0.0, 1.0, 0.0, 0.764948, 0.0, 0.0, 0.0, 1.0],
                [-0.913465, 0.0, 0.406917, -5e-06, 0.406917, 0.0, 0.913465, -4.085605, 0.0, 1.0, 0.0, 0.764948, 0.0, 0.0, 0.0, 1.0],
                [0.691632, 0.0, 0.72225, -5e-06, 0.72225, 0.0, -0.691632, -5.036601, 0.0, 1.0, 0.0, 0.61156, 0.0, 0.0, 0.0, 1.0],
                [0.691632, 0.0, 0.72225, -5e-06, 0.72225, 0.0, -0.691632, -5.036601, 0.0, 1.0, 0.0, 0.744351, 0.0, 0.0, 0.0, 1.0],
                [0.691632, 0.0, 0.72225, -5e-06, 0.72225, 0.0, -0.691632, -5.036601, 0.0, 1.0, 0.0, 0.744351, 0.0, 0.0, 0.0, 1.0]
            ]
        },
        {
            "name": "Thigh_R",
            "time": [0.0, 0.0667, 0.15, 0.5333, 0.9, 1.4833],
            "transform": [
                [0.704449, 0.28049, 0.651978, 0.124994, -0.001166, -0.918137, 0.396258, -0.002831, 0.709753, -0.279903, -0.646456, -1.2e-05, 0.0, 0.0, 0.0, 1.0],
                [0.747374, 0.215215, 0.628581, 0.124994, 0.251802, -0.967255, 0.031783, -0.002831, 0.614839, 0.134525, -0.777095, -1.2e-05, 0.0, 0.0, 0.0, 1.0],
                [0.727624, -0.039649, 0.684829, 0.124994, 0.002831, -0.998144, -0.060797, -0.002831, 0.68597, 0.046176, -0.726163, -1.2e-05, 0.0, 0.0, 0.0, 1.0],
                [0.727624, 0.554447, 0.403919, 0.124994, 0.002831, -0.591244, 0.806487, -0.002831, 0.68597, -0.585674, -0.431774, -1.2e-05, 0.0, 0.0, 0.0, 1.0],
                [0.720066, 0.385332, 0.577081, 0.124994, 0.129112, -0.891519, 0.43419, -0.002831, 0.681787, -0.238137, -0.691706, -1.2e-05, 0.0, 0.0, 0.0, 1.0],
                [0.973736, 0.084118, 0.211568, 0.124994, 0.051884, -0.986777, 0.153544, -0.002831, 0.221686, -0.138534, -0.965227, -1.2e-05, 0.0, 0.0, 0.0, 1.0]
            ]
        },
        {
            "name": "Leg_R",
            "time": [0.0, 0.5333, 0.9, 1.4833],
            "transform": [
                [0.999664, -0.024877, -0.007227, -0.0, 0.025905, 0.958924, 0.28248, 0.37472, -9.7e-05, -0.282573, 0.959245, 0.0, 0.0, 0.0, 0.0, 1.0],
                [0.999664, -0.021409, -0.014586, -0.0, 0.025905, 0.824045, 0.565932, 0.37472, -9.7e-05, -0.56612, 0.824322, -0.0, 0.0, 0.0, 0.0, 1.0],
                [1.0, -0.0, 1e-06, -0.0, -0.0, 0.865858, 0.500291, 0.37472, -1e-06, -0.500292, 0.865856, 0.0, 0.0, 0.0, 0.0, 1.0],
                [1.0, 0.0, 1e-06, 0.0, -0.0, 0.984472, 0.175547, 0.37472, -1e-06, -0.175547, 0.98447, 0.0, 0.0, 0.0, 0.0, 1.0]
            ]
        },
        {
            "name": "Knee_R",
            "time": [0.0, 0.5333, 0.9, 1.4833],
            "transform": [
                [1.0, 0.0, -0.0, -0.0, -0.0, 1e-06, -1.0, 0.383077, -0.0, 1.0, 1e-06, -0.001653, 0.0, 0.0, 0.0, 1.0],
                [1.0, 0.0, -0.0, -0.0, -0.0, 1e-06, -1.0, 0.383077, -0.0, 1.0, 1e-06, -0.001653, 0.0, 0.0, 0.0, 1.0],
                [1.0, 0.0, -0.0, 0.0, -0.0, 1e-06, -1.0, 0.383077, -0.0, 1.0, 1e-06, -0.001653, 0.0, 0.0, 0.0, 1.0],
                [1.0, 0.0, -0.0, -0.0, -0.0, 1e-06, -1.0, 0.383077, -0.0, 1.0, 1e-06, -0.001653, 0.0, 0.0, 0.0, 1.0]
            ]
        },
        {
            "name": "Thigh_L",
            "time": [0.0, 0.0667, 0.15, 0.3833, 0.5333, 0.9, 1.4833],
            "transform": [
                [0.959641, -0.191834, -0.205642, -0.125006, -0.224687, -0.962753, -0.150407, -0.002831, -0.169129, 0.190543, -0.967, -1.2e-05, 0.0, 0.0, 0.0, 1.0],
                [0.959641, -0.281196, -0.004182, -0.125006, -0.224687, -0.775565, 0.589928, -0.002831, -0.169129, -0.565179, -0.807445, -1.2e-05, 0.0, 0.0, 0.0, 1.0],
                [0.853395, -0.271248, 0.445129, -0.125006, -0.513912, -0.580715, 0.631398, -0.002831, 0.087227, -0.76759, -0.634978, -1.2e-05, 0.0, 0.0, 0.0, 1.0],
                [0.853396, -0.066107, 0.517054, -0.125006, -0.513912, -0.272689, 0.813347, -0.002831, 0.087227, -0.959828, -0.266685, -1.2e-05, 0.0, 0.0, 0.0, 1.0],
                [0.781934, -0.470699, 0.408681, -0.125006, -0.176276, -0.795817, -0.579311, -0.002831, 0.597916, 0.380944, -0.70525, -1.2e-05, 0.0, 0.0, 0.0, 1.0],
                [0.930798, -0.303063, -0.204368, -0.125006, -0.330671, -0.936413, -0.117417, -0.002831, -0.155788, 0.176871, -0.971826, -1.2e-05, 0.0, 0.0, 0.0, 1.0],
                [0.95515, -0.069461, -0.287858, -0.125006, -0.059939, -0.997328, 0.041774, -0.002831, -0.28999, -0.022646, -0.956761, -1.2e-05, 0.0, 0.0, 0.0, 1.0]
            ]
        },
        {
            "name": "Leg_L",
            "time": [0.0, 0.15, 0.5333, 0.9, 1.4833],
            "transform": [
                [1.0, 0.0, 1e-06, 0.0, -0.0, 0.996194, 0.087156, 0.37472, -1e-06, -0.087156, 0.996195, -0.0, 0.0, 0.0, 0.0, 1.0],
                [1.0, -0.0, 1e-06, 0.0, -0.0, 0.852092, 0.523392, 0.37472, -1e-06, -0.523392, 0.852092, -0.0, 0.0, 0.0, 0.0, 1.0],
                [1.0, 0.0, 1e-06, -0.0, -0.0, 0.96362, 0.267276, 0.37472, -1e-06, -0.267276, 0.96362, -1e-06, 0.0, 0.0, 0.0, 1.0],
                [1.0, 0.0, 1e-06, -0.0, -0.0, 0.996194, 0.087156, 0.37472, -1e-06, -0.087156, 0.996195, 0.0, 0.0, 0.0, 0.0, 1.0],
                [1.0, 0.0, 1e-06, -0.0, -0.0, 0.996194, 0.087156, 0.37472, -1e-06, -0.087156, 0.996195, -0.0, 0.0, 0.0, 0.0, 1.0]
            ]
        },
        {
            "name": "Knee_L",
            "time": [0.0, 0.5333, 0.9, 1.4833],
            "transform": [
                [1.0, 0.0, -0.0, 0.0, -0.0, 1e-06, -1.0, 0.37472, -0.0, 1.0, 1e-06, -0.0, 0.0, 0.0, 0.0, 1.0],
                [1.0, 0.0, -0.0, -0.0, -0.0, 1e-06, -1.0, 0.37472, -0.0, 1.0, 1e-06, -1e-06, 0.0, 0.0, 0.0, 1.0],
                [1.0, 0.0, -0.0, -0.0, -0.0, 1e-06, -1.0, 0.37472, -0.0, 1.0, 1e-06, 0.0, 0.0, 0.0, 0.0, 1.0],
                [1.0, 0.0, -0.0, -0.0, -0.0, 1e-06, -1.0, 0.37472, -0.0, 1.0, 1e-06, -0.0, 0.0, 0.0, 0.0, 1.0]
            ]
        },
        {
            "name": "Torso",
            "time": [0.0, 0.5333, 0.9, 1.4833],
            "transform": [
                [0.996512, 0.0, 0.083446, 0.0, 0.0, 1.0, 0.0, 0.05, -0.083446, 0.0, 0.996512, 0.0, 0.0, 0.0, 0.0, 1.0],
                [0.999693, 0.0, -0.024791, -0.0, 0.0, 1.0, 0.0, 0.05, 0.024791, 0.0, 0.999693, 0.0, 0.0, 0.0, 0.0, 1.0],
                [0.996512, 0.0, 0.083446, -0.0, 0.0, 1.0, 0.0, 0.05, -0.083446, 0.0, 0.996512, 0.0, 0.0, 0.0, 0.0, 1.0],
                [0.996512, 0.0, 0.083446, -0.0, 0.0, 1.0, 0.0, 0.05, -0.083446, 0.0, 0.996512, 0.0, 0.0, 0.0, 0.0, 1.0]
            ]
        },
        {
            "name": "Chest",
            "time": [0.0, 0.0667, 0.35, 0.5333, 0.9, 1.1833, 1.4833],
            "transform": [
                [0.981807, 0.004476, -0.189831, -0.0, 0.006394, 0.998376, 0.056612, 0.3, 0.189776, -0.056796, 0.980183, 0.0, 0.0, 0.0, 0.0, 1.0],
                [0.662386, 0.004476, -0.74915, 0.0, 0.039589, 0.998376, 0.040969, 0.3, 0.748116, -0.056796, 0.661133, 0.0, 0.0, 0.0, 0.0, 1.0],
                [0.991847, 0.113226, 0.058478, -0.0, -0.121945, 0.976524, 0.177565, 0.3, -0.037, -0.183248, 0.98237, -0.0, 0.0, 0.0, 0.0, 1.0],
                [0.770382, 0.136633, -0.622771, 1e-06, 0.032769, 0.966992, 0.25269, 0.3, 0.63674, -0.215075, 0.740476, -0.0, 0.0, 0.0, 0.0, 1.0],
                [0.770382, 0.136633, -0.622771, -0.0, 0.032769, 0.966992, 0.25269, 0.3, 0.63674, -0.215075, 0.740476, 0.0, 0.0, 0.0, 0.0, 1.0],
                [0.973232, 0.052282, 0.223797, -0.0, -0.0174, 0.987748, -0.155084, 0.3, -0.229164, 0.147039, 0.962218, 0.0, 0.0, 0.0, 0.0, 1.0],
                [0.996909, 0.004476, -0.078441, -0.0, 0.0, 0.998376, 0.056972, 0.3, 0.078568, -0.056796, 0.99529, 0.0, 0.0, 0.0, 0.0, 1.0]
            ]
        },
        {
            "name": "Head",
            "time": [0.0, 0.5333, 0.9, 1.1833, 1.4833],