{
    "animation": [
        {
            "name": "Root",
            "time": [0.0, 0.15, 0.2167, 0.2667, 0.45],
            "transform": [
                [0.009706, 0.001688, -0.999951, -0.019869, -0.999952, 0.000933, -0.009705, 0.003254, 0.000916, 0.999998, 0.001697, 0.606701, 0.0, 0.0, 0.0, 1.0],
                [-0.047546, 0.001688, -0.998868, -0.020905, -0.998869, 0.000933, 0.047547, -0.047778, 0.001012, 0.999998, 0.001642, 0.608985, 0.0, 0.0, 0.0, 1.0],
                [0.009706, 0.001688, -0.999951, -0.019869, -0.999952, 0.000933, -0.009705, 0.003254, 0.000916, 0.999998, 0.001697, 0.606701, 0.0, 0.0, 0.0, 1.0],
                [-0.029991, 0.001688, -0.999549, -0.020587, -0.99955, 0.000933, 0.029993, -0.032126, 0.000983, 0.999998, 0.001659, 0.608284, 0.0, 0.0, 0.0, 1.0],
                [-0.029991, 0.001688, -0.999549, -0.020587, -0.99955, 0.000933, 0.029993, -0.032126, 0.000983, 0.999998, 0.001659, 0.608284, 0.0, 0.0, 0.0, 1.0]
            ]
        },
        {
            "name": "Thigh_R",
            "time": [0.0, 0.15, 0.2167, 0.2667, 0.45],
            "transform": [
                [0.648962, 0.605417, -0.46078, 0.164398, 0.619539, -0.772046, -0.141829, -0.014081, -0.441609, -0.193429, -0.876109, -0.049932, 0.0, 0.0, 0.0, 1.0],
                [0.648962, 0.577851, -0.49491, 0.157151, 0.619539, -0.778938, -0.097094, -0.030313, -0.441609, -0.243606, -0.863504, -0.052433, 0.0, 0.0, 0.0, 1.0],
                [0.648962, 0.605417, -0.46078, 0.164398, 0.619539, -0.772046, -0.141829, -0.014081, -0.441609, -0.193429, -0.876109, -0.049932, 0.0, 0.0, 0.0, 1.0],
                [0.648962, 0.586516, -0.48461, 0.159374, 0.619539, -0.777098, -0.110858, -0.025334, -0.441609, -0.228292, -0.867678, -0.051666, 0.0, 0.0, 0.0, 1.0],
                [0.648962, 0.586516, -0.48461, 0.159374, 0.619539, -0.777098, -0.110858, -0.025334, -0.441609, -0.228292, -0.867678, -0.051666, 0.0, 0.0, 0.0, 1.0]
            ]
        },
        {
            "name": "Leg_R",
            "time": [0.0, 0.15, 0.2167, 0.2667, 0.45],
            "transform": [
                [1.0, -0.0, 1e-06, -0.0, 0.0, 0.968297, 0.249805, 0.37472, -1e-06, -0.249805, 0.968295, 0.0, 0.0, 0.0, 0.0, 1.0],
                [1.0, -0.0, 1e-06, 0.0, 0.0, 0.930759, 0.365634, 0.37472, -1e-06, -0.365634, 0.930758, 0.0, 0.0, 0.0, 0.0, 1.0],
                [1.0, -0.0, 1e-06, -0.0, 0.0, 0.968297, 0.249805, 0.37472, -1e-06, -0.249805, 0.968295, 0.0, 0.0, 0.0, 0.0, 1.0],
                [1.0, -0.0, 1e-06, -0.0, 0.0, 0.943778, 0.330581, 0.37472, -1e-06, -0.330582, 0.943777, 0.0, 0.0, 0.0, 0.0, 1.0],
                [1.0, -0.0, 1e-06, -0.0, 0.0, 0.943778, 0.330581, 0.37472, -1e-06, -0.330582, 0.943777, 0.0, 0.0, 0.0, 0.0, 1.0]
            ]
        },
        {
            "name": "Knee_R",
            "time": [0.0, 0.15, 0.2167, 0.2667, 0.45],
            "transform": [
                [1.0, 0.0, -0.0, -0.0, -0.0, 1e-06, -1.0, 0.37472, -0.0, 1.0, 1e-06, 0.0, 0.0, 0.0, 0.0, 1.0],
                [1.0, 0.0, -0.0, 0.0, -0.0, 1e-06, -1.0, 0.37472, -0.0, 1.0, 1e-06, 0.0, 0.0, 0.0, 0.0, 1.0],
                [1.0, 0.0, -0.0, -0.0, -0.0, 1e-06, -1.0, 0.37472, -0.0, 1.0, 1e-06, 0.0, 0.0, 0.0, 0.0, 1.0],
                [1.0, 0.0, -0.0, -0.0, -0.0, 1e-06, -1.0, 0.37472, -0.0, 1.0, 1e-06, 0.0, 0.0, 0.0, 0.0, 1.0],
                [1.0, 0.0, -0.0, -0.0, -0.0, 1e-06, -1.0, 0.37472, -0.0, 1.0, 1e-06, 0.0, 0.0, 0.0, 0.0, 1.0]
            ]
        },
        {
            "name": "Thigh_L",
            "time": [0.0, 0.15, 0.2167, 0.2667, 0.45],
            "transform": [
                [0.22076, -0.753741, -0.618983, -0.198712, -0.05161, -0.642779, 0.76431, -0.021851, -0.973961, -0.136783, -0.180801, 0.04579, 0.0, 0.0, 0.0, 1.0],
                [0.22417, -0.7549, -0.616339, -0.231379, -0.060172, -0.64195, 0.764382, -0.02643, -0.97269, -0.134265, -0.18933, 0.04853, 0.0, 0.0, 0.0, 1.0],
                [0.22076, -0.753741, -0.618983, -0.198712, -0.05161, -0.642779, 0.76431, -0.021851, -0.973961, -0.136783, -0.180801, 0.04579, 0.0, 0.0, 0.0, 1.0],
                [0.223127, -0.754543, -0.617153, -0.22136, -0.057546, -0.642207, 0.764368, -0.025026, -0.973089, -0.135036, -0.186715, 0.04769, 0.0, 0.0, 0.0, 1.0],
                [0.223127, -0.754543, -0.617153, -0.22136, -0.057546, -0.642207, 0.764368, -0.025026, -0.973089, -0.135036, -0.186715, 0.04769, 0.0, 0.0, 0.0, 1.0]
            ]
        },
        {
            "name": "Leg_L",
            "time": [0.0, 0.15, 0.2167, 0.2667, 0.45],
            "transform": [
                [1.0, -1e-06, 1e-06, -0.0, 0.0, 0.911425, 0.411465, 0.37472, -1e-06, -0.411465, 0.911426, 0.0, 0.0, 0.0, 0.0, 1.0],
                [1.0, -1e-06, 1e-06, -0.0, 0.0, 0.945799, 0.324753, 0.37472, -1e-06, -0.324753, 0.945799, -0.0, 0.0, 0.0, 0.0, 1.0],
                [1.0, -1e-06, 1e-06, -0.0, 0.0, 0.911425, 0.411465, 0.37472, -1e-06, -0.411465, 0.911426, 0.0, 0.0, 0.0, 0.0, 1.0],
                [1.0, -1e-06, 1e-06, -0.0, 0.0, 0.936114, 0.351695, 0.37472, -1e-06, -0.351695, 0.936115, -0.0, 0.0, 0.0, 0.0, 1.0],
                [1.0, -1e-06, 1e-06, -0.0, 0.0, 0.936114, 0.351695, 0.37472, -1e-06, -0.351695, 0.936115, -0.0, 0.0, 0.0, 0.0, 1.0]
            ]
        },
        {
            "name": "Knee_L",
            "time": [0.0, 0.15, 0.2167, 0.2667, 0.45],
            "transform": [
                [1.0, 0.0, -0.0, -0.0, -0.0, 1e-06, -1.0, 0.37472, -0.0, 1.0, 1e-06, 0.0, 0.0, 0.0, 0.0, 1.0],
                [1.0, 0.0, -0.0, -0.0, -0.0, 1e-06, -1.0, 0.37472, -0.0, 1.0, 1e-06, -0.0, 0.0, 0.0, 0.0, 1.0],
                [1.0, 0.0, -0.0, -0.0, -0.0, 1e-06, -1.0, 0.37472, -0.0, 1.0, 1e-06, 0.0, 0.0, 0.0, 0.0, 1.0],
                [1.0, 0.0, -0.0, -0.0, -0.0, 1e-06, -1.0, 0.37472, -0.0, 1.0, 1e-06, -0.0, 0.0, 0.0, 0.0, 1.0],
                [1.0, 0.0, -0.0, -0.0, -0.0, 1e-06, -1.0, 0.37472, -0.0, 1.0, 1e-06, -0.0, 0.0, 0.0, 0.0, 1.0]
            ]
        },
        {
            "name": "Torso",
            "time": [0.0, 0.15, 0.2167, 0.2667, 0.45],
            "transform": [
                [0.760844, -0.259251, 0.594899, 0.0, 0.14155, 0.960959, 0.237741, 0.05, -0.633309, -0.096676, 0.767837, -0.0, 0.0, 0.0, 0.0, 1.0],
                [0.772947, -0.220565, 0.594899, -0.0, 0.092925, 0.966873, 0.237741, 0.05, -0.627629, -0.128481, 0.767837, 0.0, 0.0, 0.0, 0.0, 1.0],
                [0.760844, -0.259251, 0.594899, 0.0, 0.14155, 0.960959, 0.237741, 0.05, -0.633309, -0.096676, 0.767837, -0.0, 0.0, 0.0, 0.0, 1.0],
                [0.769442, -0.232496, 0.594899, -0.0, 0.107871, 0.96532, 0.237741, 0.05, -0.629542, -0.118756, 0.767837, -0.0, 0.0, 0.0, 0.0, 1.0],
                [0.769442, -0.232496, 0.594899, -0.0, 0.107871, 0.96532, 0.237741, 0.05, -0.629542, -0.118756, 0.767837, -0.0, 0.0, 0.0, 0.0, 1.0]
            ]
        },
        {
            "name": "Chest",
            "time": [0.0, 0.15, 0.2167, 0.2667, 0.45],
            "transform": [
                [0.88268, -0.026308, 0.469238, 0.0, -0.069882, 0.979986, 0.186397, 0.3, -0.46475, -0.19732, 0.863176, -0.0, 0.0, 0.0, 0.0, 1.0],
                [0.934412, -0.026308, 0.35522, 0.0, -0.046034, 0.979986, 0.19367, 0.3, -0.353206, -0.19732, 0.9145, -0.0, 0.0, 0.0, 0.0, 1.0],
                [0.88268, -0.026308, 0.469238, 0.0, -0.069882, 0.979986, 0.186397, 0.3, -0.46475, -0.19732, 0.863176, -0.0, 0.0, 0.0, 0.0, 1.0],
                [0.92006, -0.026308, 0.390894, -0.0, -0.053448, 0.979986, 0.191757, 0.3, -0.388116, -0.19732, 0.90024, 0.0, 0.0, 0.0, 0.0, 1.0],
                [0.92006, -0.026308, 0.390894, -0.0, -0.053448, 0.979986, 0.191757, 0.3, -0.388116, -0.19732, 0.90024, 0.0, 0.0, 0.0, 0.0, 1.0]
            ]
        },
        {
            "name": "Head",
            "time": [0.0, 0.15, 0.2167, 0.2667, 0.45],