{
    "animation": [
        {
            "name": "Root",
            "time": [0.0, 0.1667, 0.2833, 0.4333],
            "transform": [
                [0.796508, 0.000936, 0.604627, -0.153892, 0.603502, 0.059768, -0.795119, -0.006989, -0.036881, 0.998212, 0.04704, 0.667791, 0.0, 0.0, 0.0, 1.0],
                [0.64136, -0.012455, 0.767139, -0.153892, 0.766353, 0.058463, -0.639754, 0.037612, -0.036881, 0.998212, 0.04704, 0.667791, 0.0, 0.0, 0.0, 1.0],
                [0.796508, 0.000936, 0.604627, -0.153892, 0.603502, 0.059768, -0.795119, 0.228201, -0.036881, 0.998212, 0.04704, 0.667791, 0.0, 0.0, 0.0, 1.0],
                [0.796508, 0.000936, 0.604627, -0.153892, 0.603502, 0.059768, -0.795119, 0.228201, -0.036881, 0.998212, 0.04704, 0.667791, 0.0, 0.0, 0.0, 1.0]
            ]
        },
        {
            "name": "Thigh_R",
            "time": [0.0, 0.2833, 0.4333],
            "transform": [
                [0.692466, 0.478731, 0.539728, 0.124994, -0.018483, -0.736096, 0.676624, -0.002831, 0.721213, -0.478514, -0.500875, -1.2e-05, 0.0, 0.0, 0.0, 1.0],
                [0.753265, 0.533361, 0.384859, 0.124994, 0.121852, -0.688181, 0.715232, -0.002831, 0.64633, -0.491862, -0.583376, -1.2e-05, 0.0, 0.0, 0.0, 1.0],
                [0.753265, 0.533361, 0.384859, 0.124994, 0.121852, -0.688181, 0.715232, -0.002831, 0.64633, -0.491862, -0.583376, -1.2e-05, 0.0, 0.0, 0.0, 1.0]
            ]
        },
        {
            "name": "Leg_R",
            "time": [0.0, 0.2833, 0.4333],
            "transform": [
                [1.0, -0.0, 1e-06, -0.0, 0.0, 0.861977, 0.506947, 0.37472, -1e-06, -0.506948, 0.861976, 0.0, 0.0, 0.0, 0.0, 1.0],
                [0.996317, -0.084952, -0.011662, 0.0, 0.061413, 0.612007, 0.788464, 0.37472, -0.059844, -0.786277, 0.614969, -0.0, 0.0, 0.0, 0.0, 1.0],
                [0.996317, -0.084952, -0.011662, 0.0, 0.061413, 0.612007, 0.788464, 0.37472, -0.059844, -0.786277, 0.614969, -0.0, 0.0, 0.0, 0.0, 1.0]
            ]
        },
        {
            "name": "Knee_R",
            "time": [0.0, 0.1667, 0.2833, 0.4333],
            "transform": [
                [1.0, 0.0, -0.0, -0.0, -0.0, 1e-06, -1.0, 0.37472, -0.0, 1.0, 1e-06, 0.0, 0.0, 0.0, 0.0, 1.0],
                [1.0, 0.0, -0.0, -0.0, -0.0, 1e-06, -1.0, 0.37472, -0.0, 1.0, 1e-06, -0.0, 0.0, 0.0, 0.0, 1.0],
                [1.0, 0.0, -0.0, 0.0, -0.0, 1e-06, -1.0, 0.37472, -0.0, 1.0, 1e-06, -0.0, 0.0, 0.0, 0.0, 1.0],
                [1.0, 0.0, -0.0, 0.0, -0.0, 1e-06, -1.0, 0.37472, -0.0, 1.0, 1e-06, -0.0, 0.0, 0.0, 0.0, 1.0]
            ]
        },
        {
            "name": "Thigh_L",
            "time": [0.0, 0.1667, 0.2833, 0.4333],
            "transform": [
                [0.833328, -0.183679, 0.521369, -0.125006, -0.055, -0.96605, -0.252432, -0.002831, 0.550035, 0.181684, -0.815139, -1.2e-05, 0.0, 0.0, 0.0, 1.0],
                [0.833328, 0.034016, 0.551731, -0.125006, -0.055, -0.98805, 0.143987, -0.002831, 0.550035, -0.150333, -0.821499, -1.2e-05, 0.0, 0.0, 0.0, 1.0],
                [0.833328, 0.034016, 0.551731, -0.125006, -0.055, -0.98805, 0.143987, -0.002831, 0.550035, -0.150333, -0.821499, -1.2e-05, 0.0, 0.0, 0.0, 1.0],
                [0.833328, 0.034016, 0.551731, -0.125006, -0.055, -0.98805, 0.143987, -0.002831, 0.550035, -0.150333, -0.821499, -1.2e-05, 0.0, 0.0, 0.0, 1.0]
            ]
        },
        {
            "name": "Leg_L",
            "time": [0.0, 0.2833, 0.4333],
            "transform": [
                [0.999625, 0.022951, 0.014918, -0.0, -0.027322, 0.870164, 0.492004, 0.37472, -0.001689, -0.492227, 0.870465, -0.0, 0.0, 0.0, 0.0, 1.0],
                [0.999625, 0.015536, 0.022538, -0.0, -0.027322, 0.617078, 0.786427, 0.37472, -0.001689, -0.786748, 0.617272, 0.0, 0.0, 0.0, 0.0, 1.0],
                [0.999625, 0.015536, 0.022538, -0.0, -0.027322, 0.617078, 0.786427, 0.37472, -0.001689, -0.786748, 0.617272, 0.0, 0.0, 0.0, 0.0, 1.0]
            ]
        },
        {
            "name": "Knee_L",
            "time": [0.0, 0.1667, 0.2833, 0.4333],
            "transform": [
                [1.0, 0.0, -0.0, -0.0, -0.0, 1e-06, -1.0, 0.37472, -0.0, 1.0, 1e-06, -0.0, 0.0, 0.0, 0.0, 1.0],
                [1.0, 0.0, -0.0, 0.0, -0.0, 1e-06, -1.0, 0.37472, -0.0, 1.0, 1e-06, 0.0, 0.0, 0.0, 0.0, 1.0],
                [1.0, 0.0, -0.0, -0.0, -0.0, 1e-06, -1.0, 0.37472, -0.0, 1.0, 1e-06, 0.0, 0.0, 0.0, 0.0, 1.0],
                [1.0, 0.0, -0.0, -0.0, -0.0, 1e-06, -1.0, 0.37472, -0.0, 1.0, 1e-06, 0.0, 0.0, 0.0, 0.0, 1.0]
            ]
        },
        {
            "name": "Torso",
            "time": [0.0, 0.2833, 0.4333],
            "transform": [
                [0.99978, -0.020934, -0.001276, 0.0, 0.020971, 0.997312, 0.070213, 0.05, -0.000198, -0.070225, 0.997531, 0.0, 0.0, 0.0, 0.0, 1.0],
                [0.99978, -0.020934, -0.001276, 0.0, 0.020971, 0.997312, 0.070213, 0.05, -0.000198, -0.070225, 0.997531, 0.0, 0.0, 0.0, 0.0, 1.0],
                [0.99978, -0.020934, -0.001276, 0.0, 0.020971, 0.997312, 0.070213, 0.05, -0.000198, -0.070225, 0.997531, 0.0, 0.0, 0.0, 0.0, 1.0]
            ]
        },
        {
            "name": "Chest",
            "time": [0.0, 0.1667, 0.2833, 0.4333],
            "transform": [
                [0.56364, -0.021316, 0.825745, -0.0, -0.074225, 0.994316, 0.076332, 0.3, -0.822678, -0.104315, 0.558855, -0.0, 0.0, 0.0, 0.0, 1.0],
                [0.947841, -0.021316, 0.31803, 0.0, -0.013092, 0.994316, 0.105662, 0.3, -0.318475, -0.104315, 0.942174, 0.0, 0.0, 0.0, 0.0, 1.0],
                [0.790334, -0.021316, 0.612305, -0.0, -0.047143, 0.994316, 0.095465, 0.3, -0.610859, -0.104315, 0.784837, -0.0, 0.0, 0.0, 0.0, 1.0],
                [0.790334, -0.021316, 0.612305, -0.0, -0.047143, 0.994316, 0.095465, 0.3, -0.610859, -0.104315, 0.784837, -0.0, 0.0, 0.0, 0.0, 1.0]
            ]
        },
        {
            "name": "Head",
            "time": [0.0, 0.1667, 0.2833, 0.4333],
            "transform": [
                [0.225651, 0.001262, -0.974207, 0.0, -0.063915, 0.997864, -0.013511, 0.4, 0.972109, 0.065315, 0.225249, -0.0, 0.0, 0.0, 0.0, 1.0],
                [0.225651, 0.001262, -0.974207, 0.0, -0.063915, 0.997864, -0.013511, 0.4, 0.972109, 0.065315, 0.225249, 0.0, 0.0, 0.0, 0.0, 1.0],
                [0.225651, 0.001262, -0.974207, 0.0, -0.063915, 0.997864, -0.013511, 0.4, 0.972109, 0.065315, 0.225249, -0.0, 0.0, 0.0, 0.0, 1.0],
                [0.225651, 0.001262, -0.974207, 0.0, -0.063915, 0.997864, -0.013511, 0.4, 0.972109, 0.065315, 0.225249, -0.0, 0.0, 0.0, 0.0, 1.0]
            ]
        },
        {
            "name": "Shoulder_R",
            "time": [0.0, 0.1667, 0.2833, 0.4333],
            "transform": [
                [-0.100226, 0.960457, 0.259762, 0.0, 0.147492, -0.243849, 0.958532, 0.4, 0.983972, 0.134383, -0.11722, -0.0, 0.0, 0.0, 0.0, 1.0],
                [-0.232828, 0.937184, 0.259762, 0.0, 0.179973, -0.220967, 0.958532, 0.4, 0.95572, 0.269923, -0.11722, 0.0, 0.0, 0.0, 0.0, 1.0],
                [-0.100226, 0.960457, 0.259762, 0.0, 0.147493, -0.243849, 0.958532, 0.4, 0.983972, 0.134383, -0.11722, -0.0, 0.0, 0.0, 0.0, 1.0],
                [-0.100226, 0.960457, 0.259762, 0.0, 0.147493, -0.243849, 0.958532, 0.4, 0.983972, 0.134383, -0.11722, -0.0, 0.0, 0.0, 0.0, 1.0]
            ]
        },
        {
            "name": "Arm_R",
            "time": [0.0, 0.1667, 0.2833, 0.4333],