{
    "animation": [
        {
            "name": "Root",
            "time": [0.0, 0.1333, 0.3667, 0.6333, 0.7667],
            "transform": [
                [0.796508, 0.000936, 0.604627, -0.153892, 0.603502, 0.059768, -0.795119, 0.01026, -0.036881, 0.998212, 0.04704, 0.667791, 0.0, 0.0, 0.0, 1.0],
                [0.796508, 0.000936, 0.604627, -0.153892, 0.594445, 0.18154, -0.783376, 0.153252, -0.110497, 0.983383, 0.144041, 0.667791, 0.0, 0.0, 0.0, 1.0],
                [0.908471, -0.044948, 0.415523, -0.008526, 0.383209, -0.307259, -0.871059, -0.610942, 0.166826, 0.950564, -0.261911, 0.667791, 0.0, 0.0, 0.0, 1.0],
                [0.976247, -0.044948, 0.211945, -0.008526, 0.188365, -0.307259, -0.932797, -0.783131, 0.107049, 0.950564, -0.291494, 0.667791, 0.0, 0.0, 0.0, 1.0],
                [0.976247, -0.044948, 0.211945, -0.008526, 0.188365, -0.307259, -0.932797, -0.783131, 0.107049, 0.950564, -0.291494, 0.667791, 0.0, 0.0, 0.0, 1.0]
            ]
        },
        {
            "name": "Thigh_R",
            "time": [0.0, 0.1333, 0.2333, 0.3667, 0.6333, 0.7667],
            "transform": [
                [0.753265, 0.533361, 0.384859, 0.124994, 0.121852, -0.688181, 0.715232, -0.002831, 0.64633, -0.491862, -0.583376, -1.2e-05, 0.0, 0.0, 0.0, 1.0],
                [0.753265, 0.566859, 0.333557, 0.124994, 0.121852, -0.618639, 0.776168, -0.002831, 0.64633, -0.544014, -0.535075, -1.2e-05, 0.0, 0.0, 0.0, 1.0],
                [0.795059, 0.389479, 0.464958, 0.124994, 0.209382, -0.895702, 0.392267, -0.002831, 0.569245, -0.214521, -0.793688, -1.2e-05, 0.0, 0.0, 0.0, 1.0],
                [0.895366, -0.19989, 0.397948, 0.124994, 0.199856, -0.618198, -0.76019, -0.002831, 0.397965, 0.760179, -0.513565, -1.2e-05, 0.0, 0.0, 0.0, 1.0],
                [0.895366, -0.19989, 0.397948, 0.124994, 0.199856, -0.618198, -0.76019, -0.002831, 0.397965, 0.760179, -0.513565, -1.2e-05, 0.0, 0.0, 0.0, 1.0],
                [0.895366, -0.19989, 0.397948, 0.124994, 0.199856, -0.618198, -0.76019, -0.002831, 0.397965, 0.760179, -0.513565, -1.2e-05, 0.0, 0.0, 0.0, 1.0]
            ]
        },
        {
            "name": "Leg_R",
            "time": [0.0, 0.1333, 0.2333, 0.3667, 0.6333, 0.7667],
            "transform": [
                [0.996317, -0.084952, -0.011662, 0.0, 0.061413, 0.612007, 0.788464, 0.37472, -0.059844, -0.786277, 0.614969, -0.0, 0.0, 0.0, 0.0, 1.0],
                [0.996317, -0.083024, 0.021441, 0.0, 0.061413, 0.8654, 0.497305, 0.37472, -0.059844, -0.494158, 0.86731, -0.0, 0.0, 0.0, 0.0, 1.0],
                [0.996317, -0.064103, -0.056952, -0.0, 0.061413, 0.069903, 0.995661, 0.37472, -0.059844, -0.995493, 0.073583, 0.0, 0.0, 0.0, 0.0, 1.0],
                [0.996317, -0.071578, 0.047216, 0.0, 0.061412, 0.979929, 0.189656, 0.37472, -0.059844, -0.186058, 0.980714, 0.0, 0.0, 0.0, 0.0, 1.0],
                [0.996317, -0.071578, 0.047216, 0.0, 0.061413, 0.979929, 0.189656, 0.37472, -0.059844, -0.186058, 0.980714, 0.0, 0.0, 0.0, 0.0, 1.0],
                [0.996317, -0.071578, 0.047216, 0.0, 0.061413, 0.979929, 0.189656, 0.37472, -0.059844, -0.186058, 0.980714, 0.0, 0.0, 0.0, 0.0, 1.0]
            ]
        },
        {
            "name": "Knee_R",
            "time": [0.0, 0.1333, 0.3667, 0.6333, 0.7667],
            "transform": [
                [1.0, 0.0, -0.0, 0.0, -0.0, 1e-06, -1.0, 0.37472, -0.0, 1.0, 1e-06, -0.0, 0.0, 0.0, 0.0, 1.0],
                [1.0, 0.0, -0.0, 0.0, -0.0, 1e-06, -1.0, 0.37472, -0.0, 1.0, 1e-06, -0.0, 0.0, 0.0, 0.0, 1.0],
                [1.0, 0.0, -0.0, 0.0, -0.0, 1e-06, -1.0, 0.37472, -0.0, 1.0, 1e-06, 0.0, 0.0, 0.0, 0.0, 1.0],
                [1.0, 0.0, -0.0, 0.0, -0.0, 1e-06, -1.0, 0.37472, -0.0, 1.0, 1e-06, 0.0, 0.0, 0.0, 0.0, 1.0],
                [1.0, 0.0, -0.0, 0.0, -0.0, 1e-06, -1.0, 0.37472, -0.0, 1.0, 1e-06, 0.0, 0.0, 0.0, 0.0, 1.0]
            ]
        },
        {
            "name": "Thigh_L",
            "time": [0.0, 0.1333, 0.3667, 0.6333, 0.7667],
            "transform": [
                [0.833328, 0.034016, 0.551731, -0.125006, -0.055, -0.98805, 0.143987, -0.002831, 0.550035, -0.150333, -0.821499, -1.2e-05, 0.0, 0.0, 0.0, 1.0],
                [0.944015, -0.264536, 0.197118, -0.125006, -0.303438, -0.930726, 0.204144, -0.002831, 0.12946, -0.252528, -0.95889, -1.2e-05, 0.0, 0.0, 0.0, 1.0],
                [0.95625, 0.027629, 0.291239, -0.125006, -0.137321, -0.836645, 0.530252, -0.002831, 0.258314, -0.547047, -0.796249, -1.2e-05, 0.0, 0.0, 0.0, 1.0],
                [0.956251, 0.027629, 0.291239, -0.125006, -0.137321, -0.836645, 0.530252, -0.002831, 0.258314, -0.547047, -0.796249, -1.2e-05, 0.0, 0.0, 0.0, 1.0],
                [0.956251, 0.027629, 0.291239, -0.125006, -0.137321, -0.836645, 0.530252, -0.002831, 0.258314, -0.547047, -0.796249, -1.2e-05, 0.0, 0.0, 0.0, 1.0]
            ]
        },
        {
            "name": "Leg_L",
            "time": [0.0, 0.1333, 0.3667, 0.6333, 0.7667],
            "transform": [
                [0.999625, 0.015536, 0.022538, -0.0, -0.027322, 0.617078, 0.786427, 0.37472, -0.001689, -0.786748, 0.617272, -0.0, 0.0, 0.0, 0.0, 1.0],
                [0.999625, 0.015536, 0.022538, -0.0, -0.027322, 0.617078, 0.786427, 0.37472, -0.001689, -0.786748, 0.617272, -0.0, 0.0, 0.0, 0.0, 1.0],
                [0.999626, 0.015536, 0.022538, -0.0, -0.027322, 0.617079, 0.786427, 0.37472, -0.001689, -0.786748, 0.617272, 0.0, 0.0, 0.0, 0.0, 1.0],
                [0.999625, 0.023845, 0.013445, 0.0, -0.027322, 0.899396, 0.436281, 0.37472, -0.001689, -0.436484, 0.899711, -0.0, 0.0, 0.0, 0.0, 1.0],
                [0.999625, 0.023845, 0.013445, 0.0, -0.027322, 0.899396, 0.436281, 0.37472, -0.001689, -0.436484, 0.899711, -0.0, 0.0, 0.0, 0.0, 1.0]
            ]
        },
        {
            "name": "Knee_L",
            "time": [0.0, 0.1333, 0.3667, 0.6333, 0.7667],
            "transform": [
                [1.0, 0.0, -0.0, -0.0, -0.0, 1e-06, -1.0, 0.37472, -0.0, 1.0, 1e-06, -0.0, 0.0, 0.0, 0.0, 1.0],
                [1.0, 0.0, -0.0, -0.0, -0.0, 1e-06, -1.0, 0.37472, -0.0, 1.0, 1e-06, -0.0, 0.0, 0.0, 0.0, 1.0],
                [1.0, 0.0, -0.0, -0.0, -0.0, 1e-06, -1.0, 0.37472, -0.0, 1.0, 1e-06, 0.0, 0.0, 0.0, 0.0, 1.0],
                [1.0, 0.0, -0.0, 0.0, -0.0, 1e-06, -1.0, 0.37472, -0.0, 1.0, 1e-06, -0.0, 0.0, 0.0, 0.0, 1.0],
                [1.0, 0.0, -0.0, 0.0, -0.0, 1e-06, -1.0, 0.37472, -0.0, 1.0, 1e-06, -0.0, 0.0, 0.0, 0.0, 1.0]
            ]
        },
        {
            "name": "Torso",
            "time": [0.0, 0.1333, 0.3667, 0.6333, 0.7667],
            "transform": [
                [0.99978, -0.020934, -0.001276, 0.0, 0.020971, 0.997312, 0.070213, 0.05, -0.000198, -0.070225, 0.997531, 0.0, 0.0, 0.0, 0.0, 1.0],
                [0.99978, -0.020934, -0.001276, 0.0, 0.020971, 0.997312, 0.070213, 0.05, -0.000198, -0.070225, 0.997531, 0.0, 0.0, 0.0, 0.0, 1.0],
                [0.942462, -0.020934, -0.333657, 0.0, 0.043126, 0.997312, 0.059244, 0.05, 0.33152, -0.070225, 0.940831, -0.0, 0.0, 0.0, 0.0, 1.0],
                [0.889297, -0.020934, -0.45685, 0.0, 0.05067, 0.997312, 0.052936, 0.05, 0.454514, -0.070225, 0.887967, 0.0, 0.0, 0.0, 0.0, 1.0],
                [0.889297, -0.020934, -0.45685, 0.0, 0.05067, 0.997312, 0.052936, 0.05, 0.454514, -0.070225, 0.887967, 0.0, 0.0, 0.0, 0.0, 1.0]
            ]
        },
        {
            "name": "Chest",
            "time": [0.0, 0.1333, 0.3667, 0.6333, 0.7667],