{
    "animation": [
        {
            "name": "Root",
            "time": [0.0, 0.25, 0.3833, 0.5833, 1.0333],
            "transform": [
                [1.0, 0.0, 0.0, -5e-06, 0.0, 0.0, -1.0, 0.000946, 0.0, 1.0, 0.0, 0.722945, 0.0, 0.0, 0.0, 1.0],
                [0.872609, -0.403666, -0.274969, -5e-06, -0.280142, 0.047515, -0.958782, 0.000946, 0.400093, 0.913672, -0.071622, 1.066968, 0.0, 0.0, 0.0, 1.0],
                [0.817551, -0.441708, -0.369465, -5e-06, -0.321544, 0.182103, -0.929219, 0.000946, 0.477724, 0.878483, 0.00685, 1.077704, 0.0, 0.0, 0.0, 1.0],
                [0.910684, -0.126523, 0.393252, -5e-06, 0.411881, 0.351286, -0.840805, 0.000946, -0.031763, 0.92768, 0.372022, 1.131344, 0.0, 0.0, 0.0, 1.0],
                [0.910684, -0.126523, 0.393252, 0.065778, 0.411881, 0.351286, -0.840805, 0.008059, -0.031763, 0.92768, 0.372022, 0.696361, 0.0, 0.0, 0.0, 1.0]
            ]
        },
        {
            "name": "Thigh_R",
            "time": [0.0, 0.25, 0.3833, 0.5833, 0.7167, 1.0333],
            "transform": [
                [0.973736, 0.161835, 0.160144, 0.124994, 0.051884, -0.8426, 0.536031, -0.002831, 0.221686, -0.513643, -0.82887, -1.2e-05, 0.0, 0.0, 0.0, 1.0],
                [0.973736, 0.172888, 0.148143, 0.124994, 0.051884, -0.80205, 0.594997, -0.002831, 0.221686, -0.571682, -0.789958, -1.2e-05, 0.0, 0.0, 0.0, 1.0],
                [0.973736, 0.172888, 0.148143, 0.124994, 0.051884, -0.80205, 0.594997, -0.002831, 0.221686, -0.571682, -0.789958, -1.2e-05, 0.0, 0.0, 0.0, 1.0],
                [0.973736, 0.215836, 0.072465, 0.124994, 0.051884, -0.520263, 0.852428, -0.002831, 0.221686, -0.826278, -0.5178, -1.2e-05, 0.0, 0.0, 0.0, 1.0],
                [0.973736, 0.215836, 0.072465, 0.124994, 0.051884, -0.520263, 0.852428, -0.002831, 0.221686, -0.826278, -0.5178, -1.2e-05, 0.0, 0.0, 0.0, 1.0],
                [0.973736, 0.215836, 0.072465, 0.124994, 0.051884, -0.520263, 0.852428, -0.002831, 0.221686, -0.826278, -0.5178, -1.2e-05, 0.0, 0.0, 0.0, 1.0]
            ]
        },
        {
            "name": "Leg_R",
            "time": [0.0, 0.25, 0.3833, 0.5833, 0.7167, 1.0333],
            "transform": [
                [1.0, -0.0, 1e-06, -0.0, -0.0, 0.636969, 0.770889, 0.37472, -1e-06, -0.77089, 0.636968, 0.0, 0.0, 0.0, 0.0, 1.0],
                [1.0, -1e-06, 1e-06, -0.0, -0.0, 0.158345, 0.987383, 0.37472, -1e-06, -0.987385, 0.158344, 0.0, 0.0, 0.0, 0.0, 1.0],
                [1.0, -1e-06, 1e-06, 0.0, -0.0, 0.158345, 0.987383, 0.37472, -1e-06, -0.987385, 0.158344, 0.0, 0.0, 0.0, 0.0, 1.0],
                [1.0, -0.0, 1e-06, 0.0, -0.0, 0.898537, 0.438898, 0.37472, -1e-06, -0.438899, 0.898536, -0.0, 0.0, 0.0, 0.0, 1.0],
                [1.0, -0.0, 1e-06, 0.0, -0.0, 0.898537, 0.438898, 0.37472, -1e-06, -0.438899, 0.898536, 0.0, 0.0, 0.0, 0.0, 1.0],
                [1.0, -0.0, 1e-06, -0.0, -0.0, 0.898537, 0.438898, 0.37472, -1e-06, -0.438899, 0.898536, -0.0, 0.0, 0.0, 0.0, 1.0]
            ]
        },
        {
            "name": "Knee_R",
            "time": [0.0, 0.3833, 0.5833, 0.7167, 1.0333],
            "transform": [
                [1.0, 0.0, -0.0, -0.0, -0.0, 1e-06, -1.0, 0.383077, -0.0, 1.0, 1e-06, -0.001653, 0.0, 0.0, 0.0, 1.0],
                [1.0, 0.0, -0.0, 0.0, -0.0, 1e-06, -1.0, 0.383077, -0.0, 1.0, 1e-06, -0.001653, 0.0, 0.0, 0.0, 1.0],
                [1.0, 0.0, -0.0, 0.0, -0.0, 1e-06, -1.0, 0.383077, -0.0, 1.0, 1e-06, -0.001653, 0.0, 0.0, 0.0, 1.0],
                [1.0, 0.0, -0.0, 0.0, -0.0, 1e-06, -1.0, 0.383077, -0.0, 1.0, 1e-06, -0.001653, 0.0, 0.0, 0.0, 1.0],
                [1.0, 0.0, -0.0, -0.0, -0.0, 1e-06, -1.0, 0.383077, -0.0, 1.0, 1e-06, -0.001653, 0.0, 0.0, 0.0, 1.0]
            ]
        },
        {
            "name": "Thigh_L",
            "time": [0.0, 0.25, 0.3833, 0.5833, 0.7167, 1.0333],
            "transform": [
                [0.95515, -0.217961, -0.20045, -0.125006, -0.059939, -0.805215, 0.589945, -0.002831, -0.28999, -0.551472, -0.782166, -1.2e-05, 0.0, 0.0, 0.0, 1.0],
                [0.807933, -0.440802, -0.391072, -0.125006, -0.352026, -0.893259, 0.27958, -0.002831, -0.472568, -0.088214, -0.876868, -1.2e-05, 0.0, 0.0, 0.0, 1.0],
                [0.807933, -0.440802, -0.391072, -0.125006, -0.352026, -0.893259, 0.27958, -0.002831, -0.472568, -0.088214, -0.876868, -1.2e-05, 0.0, 0.0, 0.0, 1.0],
                [0.941485, -0.150217, 0.301727, -0.125006, -0.095372, -0.977338, -0.188983, -0.002831, 0.323278, 0.149149, -0.934476, -1.2e-05, 0.0, 0.0, 0.0, 1.0],
                [0.941485, -0.150217, 0.301727, -0.125006, -0.095372, -0.977338, -0.188983, -0.002831, 0.323278, 0.149149, -0.934476, -1.2e-05, 0.0, 0.0, 0.0, 1.0],
                [0.941485, -0.150217, 0.301727, -0.125006, -0.095372, -0.977338, -0.188983, -0.002831, 0.323278, 0.149149, -0.934476, -1.2e-05, 0.0, 0.0, 0.0, 1.0]
            ]
        },
        {
            "name": "Leg_L",
            "time": [0.0, 0.25, 0.3833, 0.5833, 0.7167, 1.0333],
            "transform": [
                [1.0, -1e-06, 1e-06, 0.0, -0.0, 0.645858, 0.763457, 0.37472, -1e-06, -0.763457, 0.645859, -0.0, 0.0, 0.0, 0.0, 1.0],
                [1.0, -0.0, 1e-06, 0.0, -0.0, 0.968399, 0.249405, 0.37472, -1e-06, -0.249405, 0.9684, 0.0, 0.0, 0.0, 0.0, 1.0],
                [1.0, -0.0, 1e-06, -0.0, -0.0, 0.968399, 0.249405, 0.37472, -1e-06, -0.249405, 0.9684, 0.0, 0.0, 0.0, 0.0, 1.0],
                [1.0, -0.0, 1e-06, -0.0, -0.0, 0.968399, 0.249405, 0.37472, -1e-06, -0.249405, 0.9684, -0.0, 0.0, 0.0, 0.0, 1.0],
                [1.0, -0.0, 1e-06, 0.0, -0.0, 0.968399, 0.249405, 0.37472, -1e-06, -0.249405, 0.9684, -0.0, 0.0, 0.0, 0.0, 1.0],
                [1.0, -0.0, 1e-06, 0.0, -0.0, 0.968399, 0.249405, 0.37472, -1e-06, -0.249405, 0.9684, -0.0, 0.0, 0.0, 0.0, 1.0]
            ]
        },
        {
            "name": "Knee_L",
            "time": [0.0, 0.3833, 0.5833, 0.7167, 1.0333],
            "transform": [
                [1.0, 0.0, -0.0, 0.0, -0.0, 1e-06, -1.0, 0.37472, -0.0, 1.0, 1e-06, -0.0, 0.0, 0.0, 0.0, 1.0],
                [1.0, 0.0, -0.0, -0.0, -0.0, 1e-06, -1.0, 0.37472, -0.0, 1.0, 1e-06, 0.0, 0.0, 0.0, 0.0, 1.0],
                [1.0, 0.0, -0.0, -0.0, -0.0, 1e-06, -1.0, 0.37472, -0.0, 1.0, 1e-06, -0.0, 0.0, 0.0, 0.0, 1.0],
                [1.0, 0.0, -0.0, 0.0, -0.0, 1e-06, -1.0, 0.37472, -0.0, 1.0, 1e-06, -0.0, 0.0, 0.0, 0.0, 1.0],
                [1.0, 0.0, -0.0, 0.0, -0.0, 1e-06, -1.0, 0.37472, -0.0, 1.0, 1e-06, -0.0, 0.0, 0.0, 0.0, 1.0]
            ]
        },
        {
            "name": "Torso",
            "time": [0.0, 0.25, 0.3833, 0.5833, 0.7167, 1.0333],
            "transform": [
                [0.996512, -0.012129, 0.08256, 0.0, 0.0, 0.98938, 0.145353, 0.05, -0.083446, -0.144846, 0.985929, 0.0, 0.0, 0.0, 0.0, 1.0],
                [0.999835, -0.012129, -0.013542, -0.0, 0.013962, 0.98938, 0.144681, 0.05, 0.011643, -0.144846, 0.989386, 0.0, 0.0, 0.0, 0.0, 1.0],
                [0.999835, -0.012129, -0.013542, 0.0, 0.013962, 0.98938, 0.144681, 0.05, 0.011643, -0.144846, 0.989386, -0.0, 0.0, 0.0, 0.0, 1.0],
                [0.999835, -0.012129, -0.013542, 0.0, 0.013962, 0.98938, 0.144681, 0.05, 0.011643, -0.144846, 0.989386, -0.0, 0.0, 0.0, 0.0, 1.0],
                [0.999835, -0.012129, -0.013542, -0.0, 0.013962, 0.98938, 0.144681, 0.05, 0.011643, -0.144846, 0.989386, 0.0, 0.0, 0.0, 0.0, 1.0],
                [0.999835, -0.012129, -0.013542, -0.0, 0.013962, 0.98938, 0.144681, 0.05, 0.011643, -0.144846, 0.989386, 0.0, 0.0, 0.0, 0.0, 1.0]
            ]
        },
        {
            "name": "Chest",
            "time": [0.0, 0.25, 0.3833, 0.5833, 0.7167, 1.0333],