{
    "animation": [
        {
            "name": "Root",
            "time": [0.0, 0.05, 0.1667, 0.2333],
            "transform": [
                [0.964927, 0.0, 0.262517, -5e-06, 0.262517, 0.0, -0.964927, -0.184389, 0.0, 1.0, 0.0, 0.743765, 0.0, 0.0, 0.0, 1.0],
                [0.964927, 0.0, 0.262517, -5e-06, 0.262517, 0.0, -0.964927, -0.184389, 0.0, 1.0, 0.0, 0.743765, 0.0, 0.0, 0.0, 1.0],
                [0.884218, 0.0, -0.467075, -5e-06, -0.467075, 0.0, -0.884218, -0.184389, 0.0, 1.0, 0.0, 0.743765, 0.0, 0.0, 0.0, 1.0],
                [0.884218, 0.0, -0.467075, -5e-06, -0.467075, 0.0, -0.884218, -0.184389, 0.0, 1.0, 0.0, 0.665878, 0.0, 0.0, 0.0, 1.0]
            ]
        },
        {
            "name": "Thigh_R",
            "time": [0.0, 0.05, 0.1667, 0.2333],
            "transform": [
                [0.982494, 0.106308, 0.152978, 0.124994, 0.047453, -0.936912, 0.346325, -0.002831, 0.180145, -0.333002, -0.925558, -1.2e-05, 0.0, 0.0, 0.0, 1.0],
                [0.982494, 0.106308, 0.152978, 0.124994, 0.047453, -0.936912, 0.346325, -0.002831, 0.180145, -0.333002, -0.925558, -1.2e-05, 0.0, 0.0, 0.0, 1.0],
                [0.971212, 0.20886, 0.114558, 0.124994, 0.198093, -0.975211, 0.098581, -0.002831, 0.132308, -0.07305, -0.988514, -1.2e-05, 0.0, 0.0, 0.0, 1.0],
                [0.94186, 0.31292, 0.122393, 0.124994, 0.326541, -0.938288, -0.113939, -0.002831, 0.079186, 0.147281, -0.98592, -1.2e-05, 0.0, 0.0, 0.0, 1.0]
            ]
        },
        {
            "name": "Leg_R",
            "time": [0.0, 0.05, 0.1667, 0.2333],
            "transform": [
                [1.0, -0.0, 1e-06, 0.0, 0.0, 0.997612, 0.069073, 0.37472, -1e-06, -0.069073, 0.997611, 0.0, 0.0, 0.0, 0.0, 1.0],
                [1.0, -0.0, 1e-06, 0.0, 0.0, 0.997612, 0.069073, 0.37472, -1e-06, -0.069073, 0.997611, 0.0, 0.0, 0.0, 0.0, 1.0],
                [1.0, -0.0, 1e-06, -0.0, 0.0, 0.925512, 0.378719, 0.37472, -1e-06, -0.37872, 0.925511, -0.0, 0.0, 0.0, 0.0, 1.0],
                [1.0, -0.0, 1e-06, 0.0, 0.0, 0.925512, 0.378719, 0.37472, -1e-06, -0.37872, 0.925511, -0.0, 0.0, 0.0, 0.0, 1.0]
            ]
        },
        {
            "name": "Knee_R",
            "time": [0.0, 0.05, 0.2333],
            "transform": [
                [1.0, 0.0, -0.0, 0.0, -0.0, 1e-06, -1.0, 0.37472, -0.0, 1.0, 1e-06, 0.0, 0.0, 0.0, 0.0, 1.0],
                [1.0, 0.0, -0.0, 0.0, -0.0, 1e-06, -1.0, 0.37472, -0.0, 1.0, 1e-06, 0.0, 0.0, 0.0, 0.0, 1.0],
                [1.0, 0.0, -0.0, 0.0, -0.0, 1e-06, -1.0, 0.37472, -0.0, 1.0, 1e-06, -0.0, 0.0, 0.0, 0.0, 1.0]
            ]
        },
        {
            "name": "Thigh_L",
            "time": [0.0, 0.05, 0.1667, 0.2333],
            "transform": [
                [0.996843, -0.042375, -0.067134, -0.125006, -0.051904, -0.987736, -0.14725, -0.002831, -0.060071, 0.15027, -0.986818, -1.2e-05, 0.0, 0.0, 0.0, 1.0],
                [0.996843, -0.042375, -0.067134, -0.125006, -0.051904, -0.987736, -0.14725, -0.002831, -0.060071, 0.15027, -0.986818, -1.2e-05, 0.0, 0.0, 0.0, 1.0],
                [0.945767, -0.22125, -0.23785, -0.125006, -0.08814, -0.879507, 0.467651, -0.002831, -0.312658, -0.421325, -0.85131, -1.2e-05, 0.0, 0.0, 0.0, 1.0],
                [0.941416, -0.25505, -0.220645, -0.125006, -0.098761, -0.834071, 0.542744, -0.002831, -0.322461, -0.489157, -0.810397, -1.2e-05, 0.0, 0.0, 0.0, 1.0]
            ]
        },
        {
            "name": "Leg_L",
            "time": [0.0, 0.05, 0.2333],
            "transform": [
                [0.999989, -0.003452, -0.00313, 0.0, 0.003782, 0.993653, 0.112423, 0.37472, 0.002722, -0.112434, 0.993656, 0.0, 0.0, 0.0, 0.0, 1.0],
                [0.999989, -0.003452, -0.00313, 0.0, 0.003782, 0.993653, 0.112423, 0.37472, 0.002722, -0.112434, 0.993656, 0.0, 0.0, 0.0, 0.0, 1.0],
                [0.999989, -0.003452, -0.00313, -0.0, 0.003782, 0.993653, 0.112423, 0.37472, 0.002722, -0.112434, 0.993656, 0.0, 0.0, 0.0, 0.0, 1.0]
            ]
        },
        {
            "name": "Knee_L",
            "time": [0.0, 0.05, 0.2333],
            "transform": [
                [1.0, 0.0, -0.0, 0.0, -0.0, 1e-06, -1.0, 0.37472, -0.0, 1.0, 1e-06, 0.0, 0.0, 0.0, 0.0, 1.0],
                [1.0, 0.0, -0.0, 0.0, -0.0, 1e-06, -1.0, 0.37472, -0.0, 1.0, 1e-06, 0.0, 0.0, 0.0, 0.0, 1.0],
                [1.0, 0.0, -0.0, -0.0, -0.0, 1e-06, -1.0, 0.37472, -0.0, 1.0, 1e-06, 0.0, 0.0, 0.0, 0.0, 1.0]
            ]
        },
        {
            "name": "Torso",
            "time": [0.0, 0.05, 0.2333],
            "transform": [
                [0.99978, -0.020971, -0.000197, -0.0, 0.020971, 0.999603, 0.018833, 0.05, -0.000198, -0.018833, 0.999823, -0.0, 0.0, 0.0, 0.0, 1.0],
                [0.99978, -0.020971, -0.000197, -0.0, 0.020971, 0.999603, 0.018833, 0.05, -0.000198, -0.018833, 0.999823, -0.0, 0.0, 0.0, 0.0, 1.0],
                [0.99978, -0.020971, -0.000197, -0.0, 0.020971, 0.999603, 0.018833, 0.05, -0.000198, -0.018833, 0.999823, 0.0, 0.0, 0.0, 0.0, 1.0]
            ]
        },
        {
            "name": "Chest",
            "time": [0.0, 0.05, 0.1667, 0.2333],
            "transform": [
                [0.924191, -0.021316, 0.381337, 0.0, -0.0202, 0.994316, 0.104537, 0.3, -0.381397, -0.104315, 0.918507, -0.0, 0.0, 0.0, 0.0, 1.0],
                [0.924191, -0.021316, 0.381337, 0.0, -0.0202, 0.994316, 0.104537, 0.3, -0.381397, -0.104315, 0.918507, -0.0, 0.0, 0.0, 0.0, 1.0],
                [0.961034, -0.021316, -0.275608, 0.0, 0.049141, 0.994316, 0.094452, 0.3, 0.272028, -0.104315, 0.956619, -0.0, 0.0, 0.0, 0.0, 1.0],
                [0.948297, -0.021316, -0.316668, 0.0, 0.053156, 0.994316, 0.092252, 0.3, 0.312902, -0.104315, 0.94404, -0.0, 0.0, 0.0, 0.0, 1.0]
            ]
        },
        {
            "name": "Head",
            "time": [0.0, 0.05, 0.1667, 0.2333],
            "transform": [
                [0.742562, 0.037721, -0.668715, -0.0, -0.061236, 0.998055, -0.0117, 0.4, 0.666972, 0.049637, 0.743427, -0.0, 0.0, 0.0, 0.0, 1.0],
                [0.742562, 0.037721, -0.668715, -0.0, -0.061236, 0.998055, -0.0117, 0.4, 0.666972, 0.049637, 0.743427, -0.0, 0.0, 0.0, 0.0, 1.0],
                [0.691447, 0.037721, 0.721442, -0.0, 0.009793, 0.998055, -0.06157, 0.4, -0.722361, 0.049637, 0.689732, -0.0, 0.0, 0.0, 0.0, 1.0],
                [0.691447, -0.010536, 0.722351, -0.0, 0.009793, 0.999938, 0.00521, 0.4, -0.722361, 0.003471, 0.691507, -0.0, 0.0, 0.0, 0.0, 1.0]
            ]
        },
        {
            "name": "Shoulder_R",
            "time": [0.0, 0.05, 0.1667, 0.2333],
            "transform": [
                [0.27416, 0.925937, 0.259762, -0.0, 0.04319, -0.281693, 0.958532, 0.4, 0.960714, -0.251572, -0.11722, -0.0, 0.0, 0.0, 0.0, 1.0],
                [0.27416, 0.925937, 0.259762, -0.0, 0.04319, -0.281693, 0.958532, 0.4, 0.960714, -0.251572, -0.11722, -0.0, 0.0, 0.0, 0.0, 1.0],
                [0.254675, 0.931485, 0.259762, -0.0, 0.04909, -0.280725, 0.958532, 0.4, 0.96578, -0.231362, -0.11722, -0.0, 0.0, 0.0, 0.0, 1.0],
                [0.254675, 0.931485, 0.259762, -0.0, 0.04909, -0.280725, 0.958532, 0.4, 0.96578, -0.231362, -0.11722, -0.0, 0.0, 0.0, 0.0, 1.0]
            ]
        },
        {
            "name": "Arm_R",
            "time": [0.0, 0.05, 0.1667, 0.2333],
            "transform": [
                [0.092956, -0.994228, -0.053563, -0.0, 0.203921, 0.071666, -0.976361, 0.39386, 0.974564, 0.079836, 0.209406, -0.0, 0.0, 0.0, 0.0, 1.0],
                [0.092956, -0.991454, 0.091527, -0.0, 0.203921, -0.071019, -0.976408, 0.39386, 0.974564, 0.109427, 0.195577, -0.0, 0.0, 0.0, 0.0, 1.0],
                [0.092956, 0.438032, -0.89414, -0.0, 0.203921, 0.870617, 0.447708, 0.39386, 0.974564, -0.223951, -0.008395, 0.0, 0.0, 0.0, 0.0, 1.0],
                [0.092956, 0.48294, -0.870705, 0.0, 0.203921, 0.846721, 0.491407, 0.393861, 0.974564, -0.223234, -0.019774, 0.0, 0.0, 0.0, 0.0, 1.0]
            ]
        },
        {
            "name": "Hand_R",