{
    "animation": [
        {
            "name": "Root",
            "time": [0.0, 0.1333, 0.2667, 0.4, 0.45, 0.8667, 1.15],
            "transform": [
                [0.854689, 0.0, -0.51914, -5e-06, -0.51914, 0.0, -0.854689, 0.000946, 0.0, 1.0, 0.0, 0.743765, 0.0, 0.0, 0.0, 1.0],
                [0.997242, 0.055888, 0.048832, -5e-06, 0.048756, 0.002732, -0.998807, -0.116537, -0.055955, 0.998433, -0.0, 0.743765, 0.0, 0.0, 0.0, 1.0],
                [0.799972, 0.0, 0.600037, -5e-06, 0.600037, 0.0, -0.799972, -0.23402, 0.0, 1.0, 0.0, 0.743765, 0.0, 0.0, 0.0, 1.0],
                [0.689815, 0.0, 0.723986, -5e-06, 0.723986, 0.0, -0.689815, -0.300049, 0.0, 1.0, 0.0, 0.668074, 0.0, 0.0, 0.0, 1.0],
                [0.799885, 0.0, 0.600154, -5e-06, 0.600154, 0.0, -0.799885, 1.1391, 0.0, 1.0, 0.0, 0.675308, 0.0, 0.0, 0.0, 1.0],
                [0.898622, 0.0, -0.438723, -5e-06, -0.438723, 0.0, -0.898622, 1.828982, 0.0, 1.0, 0.0, 0.720387, 0.0, 0.0, 0.0, 1.0],
                [0.898622, 0.0, -0.438723, -5e-06, -0.438723, 0.0, -0.898622, 1.828982, 0.0, 1.0, 0.0, 0.622968, 0.0, 0.0, 0.0, 1.0]
            ]
        },
        {
            "name": "Thigh_R",
            "time": [0.0, 0.1333, 0.2667, 0.4, 0.45, 0.7167, 0.8667, 1.15],
            "transform": [
                [0.992811, 0.11785, -0.020883, 0.124994, 0.118536, -0.992318, 0.035348, -0.002831, -0.016557, -0.037569, -0.999157, -1.2e-05, 0.0, 0.0, 0.0, 1.0],
                [0.958202, 0.186577, 0.21688, 0.124994, 0.115282, -0.945615, 0.304168, -0.002831, 0.261836, -0.266452, -0.927602, -1.2e-05, 0.0, 0.0, 0.0, 1.0],
                [0.850968, 0.197733, 0.486574, 0.124994, 0.081419, -0.964887, 0.249718, -0.002831, 0.518868, -0.172885, -0.83719, -1.2e-05, 0.0, 0.0, 0.0, 1.0],
                [0.850968, 0.351933, 0.389867, 0.124994, 0.081419, -0.821714, 0.564052, -0.002831, 0.518868, -0.448246, -0.727909, -1.2e-05, 0.0, 0.0, 0.0, 1.0],
                [0.886871, -0.266845, 0.377165, 0.124994, 0.028813, -0.782809, -0.621593, -0.002831, 0.461118, 0.562139, -0.686563, -1.2e-05, 0.0, 0.0, 0.0, 1.0],
                [0.904517, 0.17116, -0.39058, 0.124994, 0.011349, -0.92525, -0.379183, -0.002831, -0.426286, 0.338545, -0.838849, -1.2e-05, 0.0, 0.0, 0.0, 1.0],
                [0.904517, 0.17116, -0.39058, 0.124994, 0.011349, -0.92525, -0.379183, -0.002831, -0.426286, 0.338545, -0.838849, -1.2e-05, 0.0, 0.0, 0.0, 1.0],
                [0.952522, 0.281894, -0.115052, 0.124994, 0.224498, -0.905523, -0.360035, -0.002831, -0.205674, 0.317113, -0.925817, -1.2e-05, 0.0, 0.0, 0.0, 1.0]
            ]
        },
        {
            "name": "Leg_R",
            "time": [0.0, 0.2667, 0.4, 0.45, 0.7167, 0.8667, 1.15],
            "transform": [
                [1.0, -0.0, 1e-06, -0.0, 0.0, 0.997612, 0.069073, 0.37472, -1e-06, -0.069073, 0.997611, -0.0, 0.0, 0.0, 0.0, 1.0],
                [1.0, -0.0, 1e-06, 0.0, 0.0, 0.957119, 0.289696, 0.37472, -1e-06, -0.289696, 0.957118, -0.0, 0.0, 0.0, 0.0, 1.0],
                [1.0, -0.0, 1e-06, -0.0, 0.0, 0.957119, 0.289696, 0.37472, -1e-06, -0.289696, 0.957118, 0.0, 0.0, 0.0, 0.0, 1.0],
                [1.0, -0.0, 1e-06, 0.0, 0.0, 0.999811, -0.019489, 0.37472, -1e-06, 0.019489, 0.999809, 0.0, 0.0, 0.0, 0.0, 1.0],
                [1.0, -0.0, 1e-06, 0.0, 0.0, 0.935241, 0.354013, 0.37472, -1e-06, -0.354013, 0.93524, 0.0, 0.0, 0.0, 0.0, 1.0],
                [1.0, -0.0, 1e-06, 0.0, 0.0, 0.935241, 0.354013, 0.37472, -1e-06, -0.354013, 0.93524, -0.0, 0.0, 0.0, 0.0, 1.0],
                [1.0, -1e-06, 1e-06, 0.0, 0.0, 0.859626, 0.510924, 0.37472, -1e-06, -0.510925, 0.859625, -0.0, 0.0, 0.0, 0.0, 1.0]
            ]
        },
        {
            "name": "Knee_R",
            "time": [0.0, 0.4, 0.8667, 1.15],
            "transform": [
                [1.0, 0.0, -0.0, -0.0, -0.0, 1e-06, -1.0, 0.37472, -0.0, 1.0, 1e-06, -0.0, 0.0, 0.0, 0.0, 1.0],
                [1.0, 0.0, -0.0, -0.0, -0.0, 1e-06, -1.0, 0.37472, -0.0, 1.0, 1e-06, 0.0, 0.0, 0.0, 0.0, 1.0],
                [1.0, 0.0, -0.0, 0.0, -0.0, 1e-06, -1.0, 0.37472, -0.0, 1.0, 1e-06, -0.0, 0.0, 0.0, 0.0, 1.0],
                [1.0, 0.0, -0.0, 0.0, -0.0, 1e-06, -1.0, 0.37472, -0.0, 1.0, 1e-06, -0.0, 0.0, 0.0, 0.0, 1.0]
            ]
        },
        {
            "name": "Thigh_L",
            "time": [0.0, 0.2667, 0.4, 0.45, 0.6167, 0.7167, 1.15],
            "transform": [
                [0.869242, -0.05516, -0.491298, -0.125006, -0.021407, -0.997024, 0.074063, -0.002831, -0.493921, -0.053862, -0.867837, -1.2e-05, 0.0, 0.0, 0.0, 1.0],
                [0.858521, -0.191891, -0.47552, -0.125006, -0.222925, -0.974793, -0.00911, -0.002831, -0.461785, 0.113826, -0.879658, -1.2e-05, 0.0, 0.0, 0.0, 1.0],
                [0.725039, -0.567343, -0.390435, -0.125006, -0.462268, -0.821128, 0.334748, -0.002831, -0.510514, -0.06222, -0.857615, -1.2e-05, 0.0, 0.0, 0.0, 1.0],
                [0.834973, 0.193727, 0.515061, -0.125006, -0.130673, -0.839408, 0.527559, -0.002831, 0.534549, -0.507802, -0.675569, -1.2e-05, 0.0, 0.0, 0.0, 1.0],
                [0.975416, 0.111049, 0.190344, -0.125006, -0.082774, -0.615873, 0.783485, -0.002831, 0.204233, -0.77998, -0.59154, -1.2e-05, 0.0, 0.0, 0.0, 1.0],
                [0.866466, -0.265084, -0.423044, -0.125006, -0.007491, -0.854193, 0.519902, -0.002831, -0.499179, -0.447308, -0.742115, -1.2e-05, 0.0, 0.0, 0.0, 1.0],
                [0.866338, -0.372354, -0.33288, -0.125006, 0.004035, -0.661246, 0.750158, -0.002831, -0.49944, -0.651234, -0.571361, -1.2e-05, 0.0, 0.0, 0.0, 1.0]
            ]
        },
        {
            "name": "Leg_L",
            "time": [0.0, 0.1333, 0.2667, 0.4, 0.45, 0.7167, 0.8667, 1.15],
            "transform": [
                [0.999989, -0.003452, -0.00313, -0.0, 0.003782, 0.993653, 0.112423, 0.37472, 0.002722, -0.112434, 0.993656, 0.0, 0.0, 0.0, 0.0, 1.0],
                [0.999989, -0.000547, -0.004628, 0.0, 0.003782, 0.675459, 0.737388, 0.37472, 0.002722, -0.737397, 0.675454, 0.0, 0.0, 0.0, 0.0, 1.0],
                [0.999989, -0.003128, -0.003455, -0.0, 0.003782, 0.977785, 0.209576, 0.37472, 0.002722, -0.209586, 0.977787, 0.0, 0.0, 0.0, 0.0, 1.0],
                [0.999989, -0.001903, -0.004254, 0.0, 0.003782, 0.864663, 0.502338, 0.37472, 0.002722, -0.502348, 0.864661, 0.0, 0.0, 0.0, 0.0, 1.0],
                [0.998435, 0.014761, 0.053939, 0.0, -0.053853, -0.00613, 0.99853, 0.37472, 0.01507, -0.999872, -0.005326, -0.0, 0.0, 0.0, 0.0, 1.0],
                [0.999877, -0.015516, 0.002205, -0.0, 0.012447, 0.871743, 0.489805, 0.37472, -0.009522, -0.489717, 0.87183, 0.0, 0.0, 0.0, 0.0, 1.0],
                [0.999877, -0.015516, 0.002205, -0.0, 0.012447, 0.871743, 0.489805, 0.37472, -0.009522, -0.489717, 0.871829, -0.0, 0.0, 0.0, 0.0, 1.0],
                [0.999877, -0.0146, -0.005697, 0.0, 0.012447, 0.518957, 0.85471, 0.37472, -0.009522, -0.854675, 0.519075, -0.0, 0.0, 0.0, 0.0, 1.0]
            ]
        },
        {
            "name": "Knee_L",
            "time": [0.0, 0.4, 0.45, 0.7167, 0.8667, 1.15],
            "transform": [
                [1.0, 0.0, -0.0, -0.0, -0.0, 1e-06, -1.0, 0.37472, -0.0, 1.0, 1e-06, 0.0, 0.0, 0.0, 0.0, 1.0],
                [1.0, 0.0, -0.0, 0.0, -0.0, 1e-06, -1.0, 0.37472, -0.0, 1.0, 1e-06, 0.0, 0.0, 0.0, 0.0, 1.0],
                [1.0, 0.0, -0.0, 0.0, -0.0, 0.615526, -0.788117, 0.37472, -0.0, 0.788117, 0.615525, -0.0, 0.0, 0.0, 0.0, 1.0],
                [1.0, -0.0, -0.0, -0.0, -0.0, 0.143771, -0.989611, 0.37472, 0.0, 0.989611, 0.143771, 0.0, 0.0, 0.0, 0.0, 1.0],
                [1.0, -0.0, -0.0, -0.0, -0.0, 0.143772, -0.989611, 0.37472, 0.0, 0.989611, 0.143771, -0.0, 0.0, 0.0, 0.0, 1.0],
                [1.0, -0.0, -0.0, 0.0, -0.0, 0.143771, -0.989611, 0.37472, 0.0, 0.989611, 0.143771, -0.0, 0.0, 0.0, 0.0, 1.0]
            ]
        },
        {
            "name": "Torso",
            "time": [0.0, 0.4, 0.45, 0.7167, 0.8667, 1.15],