{
    "animation": [
        {
            "name": "Root",
            "time": [0.0, 0.2333, 0.4667, 0.7, 0.9333],
            "transform": [
                [0.996276, 0.0, -0.086227, -5e-06, -0.086227, 0.0, -0.996276, 0.000946, 0.0, 1.0, 0.0, 0.743765, 0.0, 0.0, 0.0, 1.0],
                [0.978735, 0.0, -0.205128, -5e-06, -0.205128, 0.0, -0.978735, 0.000946, 0.0, 1.0, 0.0, 0.698873, 0.0, 0.0, 0.0, 1.0],
                [0.996276, 0.0, -0.086227, -5e-06, -0.086227, 0.0, -0.996276, 0.000946, 0.0, 1.0, 0.0, 0.743765, 0.0, 0.0, 0.0, 1.0],
                [0.996867, 0.0, 0.0791, -5e-06, 0.0791, 0.0, -0.996867, 0.000946, 0.0, 1.0, 0.0, 0.67533, 0.0, 0.0, 0.0, 1.0],
                [0.996276, 0.0, -0.086227, -5e-06, -0.086227, 0.0, -0.996276, 0.000946, 0.0, 1.0, 0.0, 0.743765, 0.0, 0.0, 0.0, 1.0]
            ]
        },
        {
            "name": "Thigh_R",
            "time": [0.0, 0.2333, 0.5167, 0.7, 0.9333],
            "transform": [
                [0.999125, 0.039328, -0.014227, 0.124994, 0.036959, -0.989491, -0.139777, -0.002831, -0.019575, 0.139129, -0.990081, -1.2e-05, 0.0, 0.0, 0.0, 1.0],
                [0.976023, 0.09377, -0.196432, 0.124994, 0.025372, -0.945304, -0.325197, -0.002831, -0.216182, 0.312416, -0.92502, -1.2e-05, 0.0, 0.0, 0.0, 1.0],
                [0.995533, -0.040086, -0.085474, 0.124994, 0.024328, -0.765865, 0.64254, -0.002831, -0.091218, -0.641747, -0.761471, -1.2e-05, 0.0, 0.0, 0.0, 1.0],
                [0.997834, 0.053582, 0.038156, 0.124994, 0.025372, -0.848681, 0.528294, -0.002831, 0.06069, -0.52618, -0.848204, -1.2e-05, 0.0, 0.0, 0.0, 1.0],
                [0.999125, 0.039328, -0.014227, 0.124994, 0.036959, -0.989491, -0.139777, -0.002831, -0.019575, 0.139129, -0.990081, -1.2e-05, 0.0, 0.0, 0.0, 1.0]
            ]
        },
        {
            "name": "Leg_R",
            "time": [0.0, 0.2333, 0.4667, 0.7, 0.9333],
            "transform": [
                [1.0, -0.0, 1e-06, -0.0, 0.0, 0.997612, 0.069073, 0.37472, -1e-06, -0.069073, 0.997611, -0.0, 0.0, 0.0, 0.0, 1.0],
                [0.999948, -0.004772, 0.009002, 0.0, 0.002312, 0.966751, 0.255712, 0.37472, -0.009923, -0.255678, 0.96671, 0.0, 0.0, 0.0, 0.0, 1.0],
                [1.0, -1e-06, 0.0, 0.0, 0.0, 0.376571, 0.926387, 0.37472, -1e-06, -0.926389, 0.376571, -0.0, 0.0, 0.0, 0.0, 1.0],
                [1.0, -0.0, 1e-06, -0.0, 0.0, 0.97873, 0.205157, 0.37472, -1e-06, -0.205157, 0.978728, -0.0, 0.0, 0.0, 0.0, 1.0],
                [1.0, -0.0, 1e-06, -0.0, 0.0, 0.997612, 0.069073, 0.37472, -1e-06, -0.069073, 0.997611, -0.0, 0.0, 0.0, 0.0, 1.0]
            ]
        },
        {
            "name": "Knee_R",
            "time": [0.0, 0.2333, 0.4667, 0.7, 0.9333],
            "transform": [
                [1.0, 0.0, -0.0, -0.0, -0.0, 1e-06, -1.0, 0.37472, -0.0, 1.0, 1e-06, -0.0, 0.0, 0.0, 0.0, 1.0],
                [1.0, 0.0, -0.0, 0.0, -0.0, 0.038306, -0.999266, 0.37472, -0.0, 0.999266, 0.038306, 0.0, 0.0, 0.0, 0.0, 1.0],
                [1.0, 0.0, -0.0, 0.0, -0.0, 0.076556, -0.997065, 0.37472, -0.0, 0.997065, 0.076556, -0.0, 0.0, 0.0, 0.0, 1.0],
                [1.0, 0.0, -0.0, -0.0, -0.0, 0.038306, -0.999266, 0.37472, -0.0, 0.999266, 0.038306, -0.0, 0.0, 0.0, 0.0, 1.0],
                [1.0, 0.0, -0.0, -0.0, -0.0, 1e-06, -1.0, 0.37472, -0.0, 1.0, 1e-06, -0.0, 0.0, 0.0, 0.0, 1.0]
            ]
        },
        {
            "name": "Thigh_L",
            "time": [0.0, 0.05, 0.2333, 0.4667, 0.7, 0.9333],
            "transform": [
                [0.997238, -0.072033, -0.018043, -0.125006, -0.052324, -0.854036, 0.517576, -0.002831, -0.052692, -0.515203, -0.855447, -1.2e-05, 0.0, 0.0, 0.0, 1.0],
                [0.99663, -0.079638, -0.019611, -0.125006, -0.047497, -0.755349, 0.653599, -0.002831, -0.066864, -0.650465, -0.756587, -1.2e-05, 0.0, 0.0, 0.0, 1.0],
                [0.978114, -0.120131, -0.169882, -0.125006, -0.029608, -0.888537, 0.457848, -0.002831, -0.205948, -0.442798, -0.872648, -1.2e-05, 0.0, 0.0, 0.0, 1.0],
                [0.991726, -0.009267, -0.128033, -0.125006, -0.029608, -0.987011, -0.157901, -0.002831, -0.124906, 0.160386, -0.979119, -1.2e-05, 0.0, 0.0, 0.0, 1.0],
                [0.998758, -0.044189, 0.022975, -0.125006, -0.029608, -0.897738, -0.439534, -0.002831, 0.040048, 0.438309, -0.897931, -1.2e-05, 0.0, 0.0, 0.0, 1.0],
                [0.997238, -0.072033, -0.018043, -0.125006, -0.052324, -0.854036, 0.517576, -0.002831, -0.052692, -0.515203, -0.855447, -1.2e-05, 0.0, 0.0, 0.0, 1.0]
            ]
        },
        {
            "name": "Leg_L",
            "time": [0.0, 0.2333, 0.4667, 0.7, 0.9333],
            "transform": [
                [0.999989, 0.001721, -0.004331, 0.0, 0.003782, 0.243162, 0.969979, 0.37472, 0.002722, -0.969984, 0.243153, -0.0, 0.0, 0.0, 0.0, 1.0],
                [0.999989, -0.003317, -0.003274, -0.0, 0.003782, 0.988, 0.154406, 0.37472, 0.002722, -0.154417, 0.988002, -0.0, 0.0, 0.0, 0.0, 1.0],
                [0.999989, -0.003642, -0.002907, 0.0, 0.003782, 0.998758, 0.049672, 0.37472, 0.002722, -0.049683, 0.998762, -0.0, 0.0, 0.0, 0.0, 1.0],
                [0.999989, -0.003136, -0.003447, 0.0, 0.003782, 0.978282, 0.20724, 0.37472, 0.002722, -0.207251, 0.978284, 0.0, 0.0, 0.0, 0.0, 1.0],
                [0.999989, 0.001721, -0.004331, 0.0, 0.003782, 0.243162, 0.969979, 0.37472, 0.002722, -0.969984, 0.243153, -0.0, 0.0, 0.0, 0.0, 1.0]
            ]
        },
        {
            "name": "Knee_L",
            "time": [0.0, 0.2333, 0.4667, 0.7, 0.9333],
            "transform": [
                [1.0, 0.0, -0.0, 0.0, -0.0, 0.410561, -0.911833, 0.37472, -0.0, 0.911833, 0.410561, -0.0, 0.0, 0.0, 0.0, 1.0],
                [1.0, 0.0, -0.0, -0.0, -0.0, 0.115137, -0.99335, 0.37472, -0.0, 0.99335, 0.115137, -0.0, 0.0, 0.0, 0.0, 1.0],
                [1.0, 0.0, -0.0, 0.0, -0.0, 0.115137, -0.99335, 0.37472, -0.0, 0.99335, 0.115137, -0.0, 0.0, 0.0, 0.0, 1.0],
                [1.0, 0.0, -0.0, 0.0, -0.0, 0.265991, -0.963976, 0.37472, -0.0, 0.963975, 0.26599, 0.0, 0.0, 0.0, 0.0, 1.0],
                [1.0, 0.0, -0.0, 0.0, -0.0, 0.410561, -0.911833, 0.37472, -0.0, 0.911833, 0.410561, -0.0, 0.0, 0.0, 0.0, 1.0]
            ]
        },
        {
            "name": "Torso",
            "time": [0.0, 0.2333, 0.4667, 0.7, 0.9333],
            "transform": [
                [0.99978, -0.020971, -0.000197, -0.0, 0.020971, 0.999603, 0.018833, 0.05, -0.000198, -0.018833, 0.999823, -0.0, 0.0, 0.0, 0.0, 1.0],
                [0.99978, -0.020971, -0.000197, 0.0, 0.020971, 0.999603, 0.018833, 0.05, -0.000198, -0.018833, 0.999823, 0.0, 0.0, 0.0, 0.0, 1.0],
                [0.99978, -0.020971, -0.000197, -0.0, 0.020971, 0.999603, 0.018833, 0.05, -0.000198, -0.018833, 0.999823, -0.0, 0.0, 0.0, 0.0, 1.0],
                [0.99978, -0.020971, -0.000197, -0.0, 0.020971, 0.999603, 0.018833, 0.05, -0.000198, -0.018833, 0.999823, -0.0, 0.0, 0.0, 0.0, 1.0],
                [0.99978, -0.020971, -0.000197, -0.0, 0.020971, 0.999603, 0.018833, 0.05, -0.000198, -0.018833, 0.999823, -0.0, 0.0, 0.0, 0.0, 1.0]
            ]
        },
        {
            "name": "Chest",
            "time": [0.0, 0.2333, 0.4667, 0.7, 0.9333],
            "transform": [
                [0.999771, -0.021316, -0.002029, 0.0, 0.021411, 0.994316, 0.104295, 0.3, -0.000206, -0.104315, 0.994544, 0.0, 0.0, 0.0, 0.0, 1.0],
                [0.984281, -0.021316, 0.17532, -0.0, 0.002574, 0.994316, 0.106439, 0.3, -0.176593, -0.104315, 0.978741, -0.0, 0.0, 0.0, 0.0, 1.0],
                [0.999771, -0.021316, -0.002029, 0.0, 0.021411, 0.994316, 0.104295, 0.3, -0.000206, -0.104315, 0.994544, 0.0, 0.0, 0.0, 0.0, 1.0],
                [0.993805, -0.021316, -0.109076, 0.0, 0.032457, 0.994316, 0.101403, 0.3, 0.106295, -0.104315, 0.988848, 0.0, 0.0, 0.0, 0.0, 1.0],
                [0.999771, -0.021316, -0.002029, 0.0, 0.021411, 0.994316, 0.104295, 0.3, -0.000206, -0.104315, 0.994544, 0.0, 0.0, 0.0, 0.0, 1.0]
            ]
        },
        {
            "name": "Head",