{
    "animation": [
        {
            "name": "Root",
            "time": [0.0, 0.0333, 0.2, 0.4167, 0.9],
            "transform": [
                [0.999912, 0.0, -0.013243, -5e-06, -0.013243, 0.0, -0.999912, 0.005278, 0.0, 1.0, 0.0, 0.585007, 0.0, 0.0, 0.0, 1.0],
                [0.999912, 0.0, -0.013243, -5e-06, -0.013243, 0.0, -0.999912, 0.006159, 0.0, 1.0, 0.0, 0.585007, 0.0, 0.0, 0.0, 1.0],
                [0.999943, 0.000448, -0.010657, -5e-06, -0.010216, 0.327412, -0.944826, 6.05239, 0.003066, 0.944881, 0.327398, 0.549783, 0.0, 0.0, 0.0, 1.0],
                [0.999943, 0.000448, -0.010657, -5e-06, -0.00947, 0.497014, -0.867691, 6.05239, 0.004908, 0.867742, 0.49699, 0.539124, 0.0, 0.0, 0.0, 1.0],
                [0.999943, 0.000448, -0.010657, -5e-06, -0.010216, 0.327412, -0.944826, 6.389459, 0.003066, 0.944881, 0.327398, 0.763626, 0.0, 0.0, 0.0, 1.0]
            ]
        },
        {
            "name": "Thigh_R",
            "time": [0.0, 0.0333, 0.2, 0.4167, 0.9],
            "transform": [
                [0.976389, 0.196784, -0.089106, 0.124994, 0.164602, -0.410614, 0.896828, -0.002831, 0.139894, -0.890318, -0.433312, -1.2e-05, 0.0, 0.0, 0.0, 1.0],
                [0.976389, 0.196784, -0.089106, 0.124994, 0.164602, -0.410614, 0.896828, -0.002831, 0.139894, -0.890318, -0.433312, -1.2e-05, 0.0, 0.0, 0.0, 1.0],
                [0.98385, -0.159654, 0.080932, 0.124994, -0.136169, -0.961044, -0.240515, -0.003116, 0.116179, 0.225611, -0.967265, -5.6e-05, 0.0, 0.0, 0.0, 1.0],
                [0.98385, -0.126858, 0.12628, 0.124994, -0.136169, -0.988345, 0.068023, -0.003116, 0.116179, -0.08412, -0.989659, -5.5e-05, 0.0, 0.0, 0.0, 1.0],
                [0.999096, 0.042506, 0.000909, 0.124994, 0.04028, -0.953181, 0.299697, -0.002831, 0.013606, -0.299388, -0.954034, -1.1e-05, 0.0, 0.0, 0.0, 1.0]
            ]
        },
        {
            "name": "Leg_R",
            "time": [0.0, 0.0333, 0.1167, 0.2, 0.4167, 0.5833, 0.8667, 0.9],
            "transform": [
                [1.0, -1e-06, 1e-06, -0.0, -0.0, 0.722173, 0.691713, 0.37472, -1e-06, -0.691711, 0.722176, 0.0, 0.0, 0.0, 0.0, 1.0],
                [1.0, -1e-06, 1e-06, -0.0, -1e-06, 0.722172, 0.691715, 0.37472, -1e-06, -0.691712, 0.722175, 0.0, 0.0, 0.0, 0.0, 1.0],
                [1.0, -1e-06, 1e-06, -0.0, -1e-06, 0.310113, 0.950702, 0.37472, -1e-06, -0.950699, 0.310114, -0.0, 0.0, 0.0, 0.0, 1.0],
                [1.0, -0.0, 1e-06, -0.0, -0.0, 0.761948, 0.647639, 0.37472, -1e-06, -0.647637, 0.761951, -1e-06, 0.0, 0.0, 0.0, 1.0],
                [1.0, -1e-06, 1e-06, -0.0, -0.0, 0.645982, 0.763354, 0.37472, -1e-06, -0.763351, 0.645985, -0.0, 0.0, 0.0, 0.0, 1.0],
                [0.999984, -0.005305, 0.001831, -0.0, 0.00084, 0.464114, 0.885777, 0.37472, -0.005549, -0.885759, 0.464113, 1e-06, 0.0, 0.0, 0.0, 1.0],
                [0.999776, -0.009477, 0.018935, 0.0, 0.009452, 0.999953, 0.001407, 0.37472, -0.018947, -0.001228, 0.999822, -0.0, 0.0, 0.0, 0.0, 1.0],
                [0.999772, -0.009758, 0.019005, 0.0, 0.009744, 0.999951, 0.000822, 0.37472, -0.019012, -0.000637, 0.999822, 0.0, 0.0, 0.0, 0.0, 1.0]
            ]
        },
        {
            "name": "Knee_R",
            "time": [0.0, 0.0333, 0.2, 0.4167, 0.9],
            "transform": [
                [1.0, 0.0, -0.0, -0.0, -0.0, 1e-06, -1.0, 0.406094, -0.0, 1.0, 1e-06, 0.0, 0.0, 0.0, 0.0, 1.0],
                [1.0, 0.0, -0.0, -0.0, -0.0, 1e-06, -1.0, 0.405421, -0.0, 1.0, 1e-06, 0.0, 0.0, 0.0, 0.0, 1.0],
                [1.0, 0.0, -0.0, -0.000112, -0.0, 1e-06, -1.0, 0.388831, -0.0, 1.0, 1e-06, 0.001045, 0.0, 0.0, 0.0, 1.0],
                [1.0, 0.0, -0.0, -0.0, -0.0, 1e-06, -1.0, 0.37472, -0.0, 1.0, 1e-06, -0.0, 0.0, 0.0, 0.0, 1.0],
                [1.0, 0.0, -0.0, 0.0, -0.0, 1e-06, -1.0, 0.37472, -0.0, 1.0, 1e-06, 0.0, 0.0, 0.0, 0.0, 1.0]
            ]
        },
        {
            "name": "Thigh_L",
            "time": [0.0, 0.0333, 0.2, 0.4167, 0.9],
            "transform": [
                [0.999542, -0.004502, -0.029918, -0.125006, -0.011829, -0.968299, -0.249507, -0.002831, -0.027846, 0.249747, -0.967911, -1.2e-05, 0.0, 0.0, 0.0, 1.0],
                [0.999542, -0.004502, -0.029918, -0.125006, -0.011829, -0.968299, -0.249507, -0.002831, -0.027846, 0.249747, -0.967911, -1.2e-05, 0.0, 0.0, 0.0, 1.0],
                [0.990369, 0.122621, 0.064288, -0.125006, -0.051883, -0.101803, 0.99345, -0.002721, 0.128363, -0.987217, -0.094461, 5e-06, 0.0, 0.0, 0.0, 1.0],
                [0.990369, 0.134498, 0.03285, -0.125006, -0.051883, 0.140554, 0.988713, -0.002721, 0.128363, -0.980894, 0.146178, 6e-06, 0.0, 0.0, 0.0, 1.0],
                [0.999938, 0.010717, 0.002772, -0.125006, 0.006842, -0.795196, 0.606313, -0.002831, 0.008702, -0.606255, -0.795222, -1.2e-05, 0.0, 0.0, 0.0, 1.0]
            ]
        },
        {
            "name": "Leg_L",
            "time": [0.0, 0.0333, 0.1167, 0.2, 0.4167, 0.5833, 0.9],
            "transform": [
                [1.0, -1e-06, 1e-06, -0.0, -1e-06, 0.561409, 0.827537, 0.37472, -1e-06, -0.827539, 0.561408, 0.0, 0.0, 0.0, 0.0, 1.0],
                [1.0, -1e-06, 5e-06, -0.0, -4e-06, 0.561411, 0.827536, 0.37472, -3e-06, -0.827538, 0.561409, 0.0, 0.0, 0.0, 0.0, 1.0],
                [0.999425, 0.032896, -0.008253, -0.0, 0.022614, -0.464997, 0.885023, 0.37472, 0.025276, -0.884702, -0.465472, 0.0, 0.0, 0.0, 0.0, 1.0],
                [0.997627, 0.009583, -0.068183, -0.0, 0.043773, 0.676122, 0.735488, 0.37472, 0.053148, -0.736729, 0.674096, -0.0, 0.0, 0.0, 0.0, 1.0],
                [0.997627, 0.027025, -0.063328, -0.0, 0.043773, 0.461033, 0.886302, 0.37472, 0.053148, -0.886972, 0.458755, 0.0, 0.0, 0.0, 0.0, 1.0],
                [0.99904, 0.015811, -0.040865, -0.0, 0.024159, 0.579288, 0.814764, 0.374721, 0.036555, -0.81497, 0.578349, 0.0, 0.0, 0.0, 0.0, 1.0],
                [0.999819, -0.018176, 0.005543, -0.0, 0.015683, 0.954009, 0.299369, 0.37472, -0.01073, -0.299229, 0.95412, 0.0, 0.0, 0.0, 0.0, 1.0]
            ]
        },
        {
            "name": "Knee_L",
            "time": [0.0, 0.0333, 0.2, 0.4167, 0.9],
            "transform": [
                [1.0, 0.0, -0.0, 0.0, -0.0, 1e-06, -1.0, 0.418692, -0.0, 1.0, 1e-06, -0.0, 0.0, 0.0, 0.0, 1.0],
                [1.0, 0.0, -0.0, -0.0, -0.0, 1e-06, -1.0, 0.416315, -0.0, 1.0, 1e-06, 0.0, 0.0, 0.0, 0.0, 1.0],
                [1.0, 0.0, -0.0, 0.000112, -0.0, 1e-06, -1.0, 0.426603, -0.0, 1.0, 1e-06, 0.000176, 0.0, 0.0, 0.0, 1.0],
                [0.997837, -0.0278, 0.059563, 0.000146, 0.040247, -0.458035, -0.888023, 0.44576, 0.051969, 0.888499, -0.455926, 0.000766, 0.0, 0.0, 0.0, 1.0],
                [1.0, 0.0, -0.0, 0.000146, -0.0, 1e-06, -1.0, 0.44576, -0.0, 1.0, 1e-06, 0.000766, 0.0, 0.0, 0.0, 1.0]
            ]
        },
        {
            "name": "Torso",
            "time": [0.0, 0.0333, 0.2, 0.2667, 0.3833, 0.9],
            "transform": [
                [1.0, -0.000644, 1.4e-05, -0.0, 0.000644, 0.999112, -0.042126, 0.05, 1.3e-05, 0.042126, 0.999112, -0.0, 0.0, 0.0, 0.0, 1.0],
                [1.0, 0.0, -0.0, 0.0, 0.0, 0.999029, -0.044054, 0.05, 0.0, 0.044054, 0.999029, -0.0, 0.0, 0.0, 0.0, 1.0],
                [0.999999, -0.001302, -0.000135, -0.0, 0.001308, 0.992473, 0.122457, 0.05, -2.5e-05, -0.122457, 0.992474, -0.0, 0.0, 0.0, 0.0, 1.0],
                [1.0, 0.0, 0.0, 0.0, -0.0, 0.987654, 0.156651, 0.05, 0.0, -0.156651, 0.987654, -0.0, 0.0, 0.0, 0.0, 1.0],
                [0.999998, -0.001865, -0.000558, -0.0, 0.001944, 0.942752, 0.33349, 0.05, -9.6e-05, -0.333491, 0.942753, 0.0, 0.0, 0.0, 0.0, 1.0],
                [0.999993, 0.003628, 0.000103, 0.0, -0.003548, 0.982993, -0.18361, 0.05, -0.000767, 0.183608, 0.982999, -0.0, 0.0, 0.0, 0.0, 1.0]
            ]
        },
        {
            "name": "Chest",
            "time": [0.0, 0.0333, 0.2, 0.2667, 0.3667, 0.9],