{
    "animation": [
        {
            "name": "Root",
            "time": [0.0, 0.15, 0.8833],
            "transform": [
                [0.854171, 0.048341, -0.51774, -0.000196, -0.497068, -0.216465, -0.840278, 0.000946, -0.152693, 0.975093, -0.160869, 0.74699, 0.0, 0.0, 0.0, 1.0],
                [0.864036, 0.086958, -0.495863, -0.000196, -0.439268, -0.350957, -0.826966, 0.000946, -0.245938, 0.932345, -0.265041, 0.74699, 0.0, 0.0, 0.0, 1.0],
                [0.854339, 0.028643, -0.518927, -0.000196, -0.51914, 0.0, -0.854689, 0.000946, -0.024481, 0.99959, 0.01487, 0.74699, 0.0, 0.0, 0.0, 1.0]
            ]
        },
        {
            "name": "Thigh_R",
            "time": [0.0, 0.15, 0.4667, 0.8833],
            "transform": [
                [0.971526, -0.21127, 0.107243, 0.124994, -0.233921, -0.783394, 0.575823, -0.002831, -0.037641, -0.584512, -0.810511, -1.2e-05, 0.0, 0.0, 0.0, 1.0],
                [0.977507, -0.199249, 0.069136, 0.124994, -0.20426, -0.81278, 0.545586, -0.002831, -0.052515, -0.547434, -0.835199, -1.2e-05, 0.0, 0.0, 0.0, 1.0],
                [0.900295, -0.032595, -0.434058, 0.124994, 0.193548, -0.86321, 0.466267, -0.002831, -0.389881, -0.503788, -0.770837, -1.2e-05, 0.0, 0.0, 0.0, 1.0],
                [0.988545, 0.148801, -0.025238, 0.124994, 0.148718, -0.988864, -0.005161, -0.002831, -0.025725, 0.001349, -0.999668, -1.2e-05, 0.0, 0.0, 0.0, 1.0]
            ]
        },
        {
            "name": "Leg_R",
            "time": [0.0, 0.15, 0.4667, 0.8833],
            "transform": [
                [1.0, -0.0, 1e-06, 0.0, 0.0, 0.997612, 0.069073, 0.37472, -1e-06, -0.069073, 0.997611, 0.0, 0.0, 0.0, 0.0, 1.0],
                [1.0, -0.0, 1e-06, 0.0, 0.0, 0.997612, 0.069073, 0.37472, -1e-06, -0.069073, 0.997611, 0.0, 0.0, 0.0, 0.0, 1.0],
                [1.0, -1e-06, 1e-06, 0.0, 0.0, 0.690766, 0.723078, 0.37472, -1e-06, -0.723079, 0.690765, -0.0, 0.0, 0.0, 0.0, 1.0],
                [1.0, -0.0, 1e-06, -0.0, 0.0, 0.997612, 0.069073, 0.37472, -1e-06, -0.069073, 0.997611, -0.0, 0.0, 0.0, 0.0, 1.0]
            ]
        },
        {
            "name": "Knee_R",
            "time": [0.0, 0.15, 0.8833],
            "transform": [
                [1.0, 0.0, -0.0, 0.0, -0.0, 1e-06, -1.0, 0.37472, -0.0, 1.0, 1e-06, 0.0, 0.0, 0.0, 0.0, 1.0],
                [1.0, -0.0, -0.0, 0.0, -0.0, 1e-06, -1.0, 0.37472, -0.0, 1.0, 1e-06, 0.0, 0.0, 0.0, 0.0, 1.0],
                [1.0, 0.0, -0.0, -0.0, -0.0, 1e-06, -1.0, 0.37472, -0.0, 1.0, 1e-06, -0.0, 0.0, 0.0, 0.0, 1.0]
            ]
        },
        {
            "name": "Thigh_L",
            "time": [0.0, 0.15, 0.4667, 0.8833],
            "transform": [
                [0.808554, -0.546389, -0.218399, -0.125006, -0.079283, -0.468939, 0.879664, -0.002831, -0.583055, -0.693942, -0.422482, -1.2e-05, 0.0, 0.0, 0.0, 1.0],
                [0.826701, -0.503319, -0.251466, -0.125006, -0.073322, -0.539502, 0.838785, -0.002831, -0.557842, -0.674987, -0.482912, -1.2e-05, 0.0, 0.0, 0.0, 1.0],
                [0.889517, 0.122977, -0.440039, -0.125006, 0.011488, -0.968812, -0.247531, -0.002831, -0.456755, 0.215129, -0.863188, -1.2e-05, 0.0, 0.0, 0.0, 1.0],
                [0.869242, -0.150522, -0.470913, -0.125006, -0.021407, -0.96309, 0.268325, -0.002831, -0.493921, -0.223159, -0.840382, -1.2e-05, 0.0, 0.0, 0.0, 1.0]
            ]
        },
        {
            "name": "Leg_L",
            "time": [0.0, 0.15, 0.4667, 0.8833],
            "transform": [
                [0.998576, 0.039719, 0.035608, -0.0, -0.051599, 0.549953, 0.8336, 0.37472, 0.013527, -0.83425, 0.55122, -0.0, 0.0, 0.0, 0.0, 1.0],
                [0.998576, 0.009047, 0.05257, 0.0, -0.051599, -0.086096, 0.99495, 0.37472, 0.013527, -0.996246, -0.085507, -0.0, 0.0, 0.0, 0.0, 1.0],
                [0.998576, 0.05333, 0.001197, -0.0, -0.051599, 0.959999, 0.275206, 0.37472, 0.013527, -0.274876, 0.961385, -0.0, 0.0, 0.0, 0.0, 1.0],
                [0.998576, 0.053341, 0.000405, -0.0, -0.051599, 0.963981, 0.260918, 0.37472, 0.013527, -0.260567, 0.965361, -0.0, 0.0, 0.0, 0.0, 1.0]
            ]
        },
        {
            "name": "Knee_L",
            "time": [0.0, 0.15, 0.8833],
            "transform": [
                [1.0, 0.0, -0.0, -0.0, -0.0, 1e-06, -1.0, 0.37472, -0.0, 1.0, 1e-06, -0.0, 0.0, 0.0, 0.0, 1.0],
                [1.0, 0.0, -0.0, 0.0, -0.0, 0.545284, -0.838251, 0.37472, -0.0, 0.838251, 0.545284, -0.0, 0.0, 0.0, 0.0, 1.0],
                [1.0, 0.0, -0.0, -0.0, -0.0, 1e-06, -1.0, 0.37472, -0.0, 1.0, 1e-06, -0.0, 0.0, 0.0, 0.0, 1.0]
            ]
        },
        {
            "name": "Torso",
            "time": [0.0, 0.15, 0.4667, 0.8833],
            "transform": [
                [0.997708, 0.045908, 0.049719, 0.0, -0.038641, 0.989628, -0.138356, 0.05, -0.055555, 0.136118, 0.989134, -0.0, 0.0, 0.0, 0.0, 1.0],
                [0.999041, 0.022473, 0.037573, 0.0, -0.018486, 0.994481, -0.103275, 0.05, -0.039687, 0.102481, 0.993943, -0.0, 0.0, 0.0, 0.0, 1.0],
                [0.981252, -0.175591, -0.079443, -0.0, 0.187779, 0.963862, 0.188972, 0.05, 0.04339, -0.200347, 0.978764, -0.0, 0.0, 0.0, 0.0, 1.0],
                [0.999042, -0.043673, -0.002705, 0.0, 0.04367, 0.999045, -0.001423, 0.05, 0.002765, 0.001304, 0.999995, -0.0, 0.0, 0.0, 0.0, 1.0]
            ]
        },
        {
            "name": "Chest",
            "time": [0.0, 0.15, 0.8833],
            "transform": [
                [0.999771, -0.015601, -0.014667, 0.0, 0.021411, 0.721793, 0.691778, 0.3, -0.000206, -0.691933, 0.721961, 0.0, 0.0, 0.0, 0.0, 1.0],
                [0.999771, -0.017818, -0.011875, 0.0, 0.021411, 0.826583, 0.562408, 0.3, -0.000206, -0.562533, 0.826775, 0.0, 0.0, 0.0, 0.0, 1.0],
                [0.999771, -0.021316, -0.002029, 0.0, 0.021411, 0.994316, 0.104295, 0.3, -0.000206, -0.104315, 0.994544, -0.0, 0.0, 0.0, 0.0, 1.0]
            ]
        },
        {
            "name": "Head",
            "time": [0.0, 0.15, 0.8833],
            "transform": [
                [0.853111, -0.150682, 0.499497, -0.0, -0.006297, 0.954343, 0.298648, 0.4, -0.521692, -0.257925, 0.813211, -0.0, 0.0, 0.0, 0.0, 1.0],
                [0.85311, -0.103763, 0.511308, 0.0, -0.006297, 0.977904, 0.20896, 0.4, -0.521692, -0.181485, 0.833607, 0.0, 0.0, 0.0, 0.0, 1.0],
                [0.85311, 0.037721, 0.520365, -0.0, -0.006297, 0.998055, -0.062025, 0.4, -0.521692, 0.049637, 0.851689, -0.0, 0.0, 0.0, 0.0, 1.0]
            ]
        },
        {
            "name": "Shoulder_R",
            "time": [0.0, 0.15, 0.8833],
            "transform": [
                [0.110305, 0.959352, 0.259762, -0.0, 0.091141, -0.270019, 0.958532, 0.4, 0.98971, -0.082056, -0.11722, -0.0, 0.0, 0.0, 0.0, 1.0],
                [0.110305, 0.959352, 0.259762, 0.0, 0.091141, -0.270018, 0.958532, 0.4, 0.98971, -0.082056, -0.11722, 0.0, 0.0, 0.0, 0.0, 1.0],
                [0.110305, 0.959352, 0.259762, -0.0, 0.091141, -0.270019, 0.958532, 0.4, 0.98971, -0.082056, -0.11722, -0.0, 0.0, 0.0, 0.0, 1.0]
            ]
        },
        {
            "name": "Arm_R",
            "time": [0.0, 0.15, 0.4667, 0.8833],
            "transform": [
                [0.181503, 0.371127, -0.910671, 0.0, 0.648348, 0.651121, 0.394572, 0.39386, 0.739393, -0.662047, -0.122439, 0.0, 0.0, 0.0, 0.0, 1.0],
                [0.155594, 0.266819, -0.951104, 0.0, 0.725464, 0.622615, 0.293347, 0.39386, 0.670442, -0.735634, -0.096692, -0.0, 0.0, 0.0, 0.0, 1.0],
                [0.236698, 0.125994, -0.963379, -0.0, 0.748141, 0.608994, 0.263461, 0.39386, 0.619886, -0.783104, 0.049886, -0.0, 0.0, 0.0, 0.0, 1.0],
                [0.016005, -0.035545, -0.99924, -0.0, 0.894149, 0.447767, -0.001606, 0.393861, 0.447483, -0.893444, 0.038949, 0.0, 0.0, 0.0, 0.0, 1.0]
            ]
        },
        {
            "name": "Hand_R",
            "time": [0.0, 0.15, 0.4667, 0.8833],