{
    "animation": [
        {
            "name": "Root",
            "time": [0.0, 0.1, 0.15, 0.2, 0.3, 0.65],
            "transform": [
                [0.745081, 0.020974, 0.666645, -0.000797, 0.658773, 0.133119, -0.740471, -0.058023, -0.104273, 0.990878, 0.085367, 0.622844, 0.0, 0.0, 0.0, 1.0],
                [0.372221, -0.040716, 0.927251, -0.000284, 0.91829, 0.161346, -0.36154, -0.065053, -0.134888, 0.986058, 0.097445, 0.496427, 0.0, 0.0, 0.0, 1.0],
                [0.372222, -0.040716, 0.92725, -0.000355, 0.928136, 0.012236, -0.37204, -0.064081, 0.003802, 0.999096, 0.042344, 0.437845, 0.0, 0.0, 0.0, 1.0],
                [0.372222, -0.040716, 0.92725, -0.000519, 0.928136, 0.012236, -0.37204, -0.06184, 0.003802, 0.999096, 0.042344, 0.623282, 0.0, 0.0, 0.0, 1.0],
                [0.372222, -0.040716, 0.92725, -0.000797, 0.928136, 0.012236, -0.37204, -0.058023, 0.003802, 0.999096, 0.042344, 0.584199, 0.0, 0.0, 0.0, 1.0],
                [0.745081, 0.020974, 0.666645, -0.000797, 0.658773, 0.133119, -0.740471, -0.058023, -0.104273, 0.990878, 0.085367, 0.622844, 0.0, 0.0, 0.0, 1.0]
            ]
        },
        {
            "name": "Thigh_R",
            "time": [0.0, 0.1, 0.3, 0.65],
            "transform": [
                [0.69688, 0.657002, 0.287582, 0.124994, 0.03508, -0.431731, 0.90132, -0.002831, 0.716328, -0.618023, -0.323914, -1.2e-05, 0.0, 0.0, 0.0, 1.0],
                [0.550746, 0.834558, -0.013731, 0.124994, 0.304417, -0.185519, 0.934298, -0.002831, 0.77718, -0.51874, -0.356229, -1.2e-05, 0.0, 0.0, 0.0, 1.0],
                [0.667586, 0.68079, 0.301416, 0.124994, 0.193283, -0.549428, 0.812877, -0.002831, 0.719007, -0.484406, -0.498377, -1.2e-05, 0.0, 0.0, 0.0, 1.0],
                [0.69688, 0.657002, 0.287582, 0.124994, 0.03508, -0.431731, 0.90132, -0.002831, 0.716328, -0.618023, -0.323914, -1.2e-05, 0.0, 0.0, 0.0, 1.0]
            ]
        },
        {
            "name": "Leg_R",
            "time": [0.0, 0.1, 0.3, 0.65],
            "transform": [
                [1.0, -1e-06, 0.0, -0.0, 0.0, 0.617801, 0.786334, 0.37472, -1e-06, -0.786335, 0.6178, 0.0, 0.0, 0.0, 0.0, 1.0],
                [1.0, -1e-06, 0.0, -0.0, 0.0, 0.678056, 0.73501, 0.37472, -1e-06, -0.735011, 0.678055, 0.0, 0.0, 0.0, 0.0, 1.0],
                [1.0, -1e-06, 0.0, 0.0, 0.0, 0.678056, 0.73501, 0.37472, -1e-06, -0.735011, 0.678055, 0.0, 0.0, 0.0, 0.0, 1.0],
                [1.0, -1e-06, 0.0, -0.0, 0.0, 0.617801, 0.786334, 0.37472, -1e-06, -0.786335, 0.6178, 0.0, 0.0, 0.0, 0.0, 1.0]
            ]
        },
        {
            "name": "Knee_R",
            "time": [0.0, 0.1, 0.3, 0.65],
            "transform": [
                [1.0, 0.0, -0.0, -0.0, -0.0, 1e-06, -1.0, 0.37472, -0.0, 1.0, 0.0, 0.0, 0.0, 0.0, 0.0, 1.0],
                [1.0, 0.0, -0.0, -0.0, -0.0, 1e-06, -1.0, 0.37472, -0.0, 1.0, 1e-06, 0.0, 0.0, 0.0, 0.0, 1.0],
                [1.0, 0.0, -0.0, 0.0, -0.0, 1e-06, -1.0, 0.37472, -0.0, 1.0, 1e-06, 0.0, 0.0, 0.0, 0.0, 1.0],
                [1.0, 0.0, -0.0, -0.0, -0.0, 1e-06, -1.0, 0.37472, -0.0, 1.0, 0.0, 0.0, 0.0, 0.0, 0.0, 1.0]
            ]
        },
        {
            "name": "Thigh_L",
            "time": [0.0, 0.1, 0.3, 0.65],
            "transform": [
                [0.792223, -0.433137, -0.429854, -0.125006, -0.442533, -0.892806, 0.084032, -0.002831, -0.420173, 0.123653, -0.898979, -1.2e-05, 0.0, 0.0, 0.0, 1.0],
                [0.651583, -0.719409, -0.240603, -0.125006, -0.656606, -0.693709, 0.296034, -0.002831, -0.379878, -0.034909, -0.924377, -1.2e-05, 0.0, 0.0, 0.0, 1.0],
                [0.689295, -0.705206, -0.166002, -0.125006, -0.610996, -0.688982, 0.389855, -0.002831, -0.3893, -0.167299, -0.90579, -1.2e-05, 0.0, 0.0, 0.0, 1.0],
                [0.792223, -0.433137, -0.429854, -0.125006, -0.442533, -0.892806, 0.084032, -0.002831, -0.420173, 0.123653, -0.898979, -1.2e-05, 0.0, 0.0, 0.0, 1.0]
            ]
        },
        {
            "name": "Leg_L",
            "time": [0.0, 0.1, 0.3, 0.65],
            "transform": [
                [0.998576, 0.053341, 0.000405, 0.0, -0.051599, 0.963981, 0.260918, 0.37472, 0.013527, -0.260567, 0.965361, 0.0, 0.0, 0.0, 0.0, 1.0],
                [0.998576, 0.052654, 0.008548, 0.0, -0.051599, 0.912816, 0.405098, 0.37472, 0.013527, -0.404962, 0.914234, -0.0, 0.0, 0.0, 0.0, 1.0],
                [0.998576, 0.051238, 0.014837, -0.0, -0.051599, 0.857283, 0.512254, 0.37472, 0.013527, -0.51229, 0.858706, 0.0, 0.0, 0.0, 0.0, 1.0],
                [0.998576, 0.053341, 0.000405, 0.0, -0.051599, 0.963981, 0.260918, 0.37472, 0.013527, -0.260567, 0.965361, 0.0, 0.0, 0.0, 0.0, 1.0]
            ]
        },
        {
            "name": "Knee_L",
            "time": [0.0, 0.1, 0.3, 0.65],
            "transform": [
                [1.0, 0.0, -0.0, 0.0, -0.0, 1e-06, -1.0, 0.37472, -0.0, 1.0, 1e-06, 0.0, 0.0, 0.0, 0.0, 1.0],
                [1.0, 0.0, -0.0, 0.0, -0.0, 1e-06, -1.0, 0.37472, -0.0, 1.0, 1e-06, -0.0, 0.0, 0.0, 0.0, 1.0],
                [1.0, 0.0, -0.0, -0.0, -0.0, 1e-06, -1.0, 0.37472, -0.0, 1.0, 1e-06, 0.0, 0.0, 0.0, 0.0, 1.0],
                [1.0, 0.0, -0.0, 0.0, -0.0, 1e-06, -1.0, 0.37472, -0.0, 1.0, 1e-06, 0.0, 0.0, 0.0, 0.0, 1.0]
            ]
        },
        {
            "name": "Torso",
            "time": [0.0, 0.1, 0.3, 0.65],
            "transform": [
                [0.999042, -0.043673, -0.002706, -0.0, 0.04367, 0.999045, -0.001423, 0.05, 0.002765, 0.001304, 0.999995, -0.0, 0.0, 0.0, 0.0, 1.0],
                [0.997945, 0.057049, -0.029173, 0.0, -0.054442, 0.995021, 0.08348, 0.05, 0.03379, -0.081721, 0.996082, -0.0, 0.0, 0.0, 0.0, 1.0],
                [0.999042, -0.043673, -0.002706, -0.0, 0.04367, 0.999045, -0.001423, 0.05, 0.002765, 0.001304, 0.999995, -0.0, 0.0, 0.0, 0.0, 1.0],
                [0.999042, -0.043673, -0.002706, -0.0, 0.04367, 0.999045, -0.001423, 0.05, 0.002765, 0.001304, 0.999995, -0.0, 0.0, 0.0, 0.0, 1.0]
            ]
        },
        {
            "name": "Chest",
            "time": [0.0, 0.1, 0.3, 0.65],
            "transform": [
                [0.914064, -0.241039, 0.326171, 0.0, 0.279396, 0.957194, -0.075618, 0.3, -0.293982, 0.16025, 0.942282, -0.0, 0.0, 0.0, 0.0, 1.0],
                [0.821211, 0.259362, 0.508276, 0.0, -0.23166, 0.965562, -0.118418, 0.3, -0.521485, -0.020501, 0.853014, 0.0, 0.0, 0.0, 0.0, 1.0],
                [0.823033, 0.245282, 0.512302, 0.0, -0.212105, 0.969426, -0.12339, 0.3, -0.526904, -0.007108, 0.849895, -0.0, 0.0, 0.0, 0.0, 1.0],
                [0.95876, -0.021316, 0.283417, 0.0, -0.009248, 0.994316, 0.106068, 0.3, -0.284067, -0.104315, 0.953113, -0.0, 0.0, 0.0, 0.0, 1.0]
            ]
        },
        {
            "name": "Head",
            "time": [0.0, 0.1, 0.3, 0.65],
            "transform": [
                [0.669301, -0.045453, -0.7416, -0.0, 0.06187, 0.99807, -0.005334, 0.4, 0.740411, -0.042313, 0.670821, -0.0, 0.0, 0.0, 0.0, 1.0],
                [-0.045972, -0.274085, -0.960606, -0.0, 0.040222, 0.960335, -0.275932, 0.4, 0.998133, -0.051323, -0.033124, 0.0, 0.0, 0.0, 0.0, 1.0],
                [-0.045972, -0.045453, -0.997908, -0.0, 0.040222, 0.99807, -0.047314, 0.4, 0.998133, -0.042313, -0.044055, -0.0, 0.0, 0.0, 0.0, 1.0],
                [0.669301, -0.045453, -0.7416, -0.0, 0.06187, 0.99807, -0.005334, 0.4, 0.740411, -0.042313, 0.670821, -0.0, 0.0, 0.0, 0.0, 1.0]
            ]
        },
        {
            "name": "Shoulder_R",
            "time": [0.0, 0.1, 0.3, 0.65],