{
    "animation": [
        {
            "name": "Root",
            "time": [0.0, 0.1167, 0.25, 0.3667, 0.4667],
            "transform": [
                [0.938142, 0.0, -0.346251, -5e-06, -0.337922, 0.218019, -0.915574, 0.152767, 0.075489, 0.975945, 0.204533, 0.709658, 0.0, 0.0, 0.0, 1.0],
                [0.994667, -0.009721, -0.10268, -5e-06, -0.100329, 0.139612, -0.98511, 0.0836, 0.023912, 0.990159, 0.137892, 0.510249, 0.0, 0.0, 0.0, 1.0],
                [0.89632, -0.0, -0.443408, -5e-06, -0.437627, 0.160952, -0.884634, 0.155693, 0.071367, 0.986962, 0.144264, 0.765508, 0.0, 0.0, 0.0, 1.0],
                [0.89632, 0.0, -0.443408, -5e-06, -0.441304, 0.097303, -0.892067, 0.060558, 0.043145, 0.995255, 0.087215, 0.539438, 0.0, 0.0, 0.0, 1.0],
                [0.938142, 0.0, -0.346251, -5e-06, -0.337922, 0.218019, -0.915574, 0.152767, 0.075489, 0.975945, 0.204533, 0.709658, 0.0, 0.0, 0.0, 1.0]
            ]
        },
        {
            "name": "Thigh_R",
            "time": [0.0, 0.1167, 0.2, 0.25, 0.3667, 0.4667],
            "transform": [
                [0.955758, -0.270939, -0.114528, 0.124994, 0.040743, -0.263659, 0.963755, -0.002831, -0.291316, -0.925781, -0.240957, -1.2e-05, 0.0, 0.0, 0.0, 1.0],
                [0.993762, -0.111463, -0.003423, 0.124994, 0.005108, 0.014831, 0.999877, -0.002831, -0.111399, -0.993656, 0.015307, -1.2e-05, 0.0, 0.0, 0.0, 1.0],
                [0.930225, -0.069483, -0.36035, 0.124994, 0.042289, -0.955075, 0.293325, -0.002831, -0.364543, -0.288097, -0.885499, -1.2e-05, 0.0, 0.0, 0.0, 1.0],
                [0.893621, 0.220695, -0.390811, 0.124994, 0.086795, -0.939288, -0.331965, -0.002831, -0.440348, 0.26273, -0.858526, -1.2e-05, 0.0, 0.0, 0.0, 1.0],
                [0.875196, 0.310514, -0.37096, 0.124994, 0.005147, -0.772747, -0.634691, -0.002831, -0.48374, 0.553569, -0.677906, -1.2e-05, 0.0, 0.0, 0.0, 1.0],
                [0.955758, -0.270939, -0.114528, 0.124994, 0.040743, -0.263659, 0.963755, -0.002831, -0.291316, -0.925781, -0.240957, -1.2e-05, 0.0, 0.0, 0.0, 1.0]
            ]
        },
        {
            "name": "Leg_R",
            "time": [0.0, 0.0667, 0.1167, 0.25, 0.3667, 0.4667],
            "transform": [
                [0.994522, 0.089342, -0.054253, 0.0, 0.085463, -0.396206, 0.914175, 0.37472, 0.060179, -0.913805, -0.401671, -0.0, 0.0, 0.0, 0.0, 1.0],
                [0.998076, -0.000995, -0.062003, -0.0, 0.035993, 0.823503, 0.566169, 0.37472, 0.050496, -0.567312, 0.821953, -0.0, 0.0, 0.0, 0.0, 1.0],
                [0.9999, 0.012945, -0.005712, -0.0, -0.005431, 0.723882, 0.689903, 0.37472, 0.013065, -0.689804, 0.723878, 0.0, 0.0, 0.0, 0.0, 1.0],
                [1.0, 0.0, 1e-06, 0.0, -0.0, 0.953718, 0.300706, 0.37472, -1e-06, -0.300706, 0.953716, -0.0, 0.0, 0.0, 0.0, 1.0],
                [1.0, 1e-06, 1e-06, 0.0, -1e-06, 0.970294, 0.24193, 0.37472, -0.0, -0.241931, 0.970293, 0.0, 0.0, 0.0, 0.0, 1.0],
                [0.994522, 0.089342, -0.054253, 0.0, 0.085463, -0.396206, 0.914175, 0.37472, 0.060179, -0.913805, -0.401671, -0.0, 0.0, 0.0, 0.0, 1.0]
            ]
        },
        {
            "name": "Knee_R",
            "time": [0.0, 0.0667, 0.1167, 0.25, 0.3667, 0.4667],
            "transform": [
                [0.999981, -0.005992, 0.001192, -0.000179, 0.004411, 0.573052, -0.819508, 0.436391, 0.004227, 0.819497, 0.573067, -0.000613, 0.0, 0.0, 0.0, 1.0],
                [0.999995, -0.001676, 0.002597, -0.00025, 0.00188, -0.33683, -0.941564, 0.419387, 0.002453, 0.941564, -0.336825, -0.000139, 0.0, 0.0, 0.0, 1.0],
                [1.0, 0.0, -0.0, -0.000322, -0.0, 1e-06, -1.0, 0.39431, -0.0, 1.0, 1e-06, 0.000335, 0.0, 0.0, 0.0, 1.0],
                [1.0, 0.0, -0.0, 0.0, -0.0, 1e-06, -1.0, 0.37472, -0.0, 1.0, 1e-06, -0.0, 0.0, 0.0, 0.0, 1.0],
                [1.0, -0.0, -0.0, 0.0, -0.0, -0.282407, -0.959295, 0.399872, -0.0, 0.959294, -0.282407, 0.001742, 0.0, 0.0, 0.0, 1.0],
                [0.999981, -0.005992, 0.001192, -0.000179, 0.004411, 0.573052, -0.819508, 0.436391, 0.004227, 0.819497, 0.573067, -0.000613, 0.0, 0.0, 0.0, 1.0]
            ]
        },
        {
            "name": "Thigh_L",
            "time": [0.0, 0.1167, 0.25, 0.3667, 0.4667],
            "transform": [
                [0.887332, 0.187656, -0.42122, -0.125006, -0.066843, -0.85146, -0.520142, -0.002831, -0.456259, 0.489695, -0.742984, -1.2e-05, 0.0, 0.0, 0.0, 1.0],
                [0.995861, 0.06328, -0.06523, -0.125006, 0.002643, -0.737611, -0.67522, -0.002831, -0.090842, 0.672255, -0.734725, -1.2e-05, 0.0, 0.0, 0.0, 1.0],
                [0.854613, -0.504422, -0.123268, -0.125006, -0.087524, -0.373925, 0.92332, -0.002831, -0.511835, -0.778293, -0.36371, -1.2e-05, 0.0, 0.0, 0.0, 1.0],
                [0.900858, -0.430666, 0.054589, -0.125006, -0.055786, 0.009858, 0.998394, -0.002831, -0.430512, -0.902458, -0.015145, -1.2e-05, 0.0, 0.0, 0.0, 1.0],
                [0.887332, 0.187656, -0.42122, -0.125006, -0.066843, -0.85146, -0.520142, -0.002831, -0.456259, 0.489695, -0.742984, -1.2e-05, 0.0, 0.0, 0.0, 1.0]
            ]
        },
        {
            "name": "Leg_L",
            "time": [0.0, 0.1167, 0.25, 0.3167, 0.3667, 0.4667],
            "transform": [
                [1.0, 0.0, 1e-06, 0.0, -0.0, 0.999944, 0.010576, 0.37472, -1e-06, -0.010576, 0.999944, -0.0, 0.0, 0.0, 0.0, 1.0],
                [1.0, 1e-06, 1e-06, -0.0, -1e-06, 0.963008, 0.26947, 0.37472, -0.0, -0.26947, 0.963009, -0.0, 0.0, 0.0, 0.0, 1.0],
                [1.0, -1e-06, 1e-06, -0.0, -1e-06, -0.277205, 0.960811, 0.37472, -0.0, -0.96081, -0.277205, 0.0, 0.0, 0.0, 0.0, 1.0],
                [0.999167, -0.04023, -0.006918, -0.0, 0.033805, 0.72048, 0.692651, 0.37472, -0.022881, -0.692307, 0.72124, 0.0, 0.0, 0.0, 0.0, 1.0],
                [0.997365, -0.025727, -0.067826, 0.0, 0.067351, 0.675723, 0.734073, 0.37472, 0.026946, -0.736706, 0.675676, 0.0, 0.0, 0.0, 0.0, 1.0],
                [1.0, 0.0, 1e-06, 0.0, -0.0, 0.999944, 0.010576, 0.37472, -1e-06, -0.010576, 0.999944, -0.0, 0.0, 0.0, 0.0, 1.0]
            ]
        },
        {
            "name": "Knee_L",
            "time": [0.0, 0.1167, 0.25, 0.3167, 0.3667, 0.4667],
            "transform": [
                [1.0, 0.0, -0.0, 0.0, -0.0, 1e-06, -1.0, 0.37472, -0.0, 1.0, 1e-06, -0.0, 0.0, 0.0, 0.0, 1.0],
                [1.0, 0.0, -0.0, 2.5e-05, -0.0, 1e-06, -1.0, 0.399689, -0.0, 1.0, 1e-06, -7e-06, 0.0, 0.0, 0.0, 1.0],
                [1.0, 0.0, -0.0, -0.0001, -0.0, 1e-06, -1.0, 0.433466, -0.0, 1.0, 1e-06, -0.000823, 0.0, 0.0, 0.0, 1.0],
                [1.0, 0.0, -0.0, -0.000173, -0.0, -0.21695, -0.976183, 0.422035, -0.0, 0.976183, -0.21695, 8e-06, 0.0, 0.0, 0.0, 1.0],
                [1.0, 0.0, -0.0, -0.000258, -0.0, 1e-06, -1.0, 0.391327, -0.0, 1.0, 1e-06, 0.001626, 0.0, 0.0, 0.0, 1.0],
                [1.0, 0.0, -0.0, 0.0, -0.0, 1e-06, -1.0, 0.37472, -0.0, 1.0, 1e-06, -0.0, 0.0, 0.0, 0.0, 1.0]
            ]
        },
        {
            "name": "Torso",
            "time": [0.0, 0.1167, 0.25, 0.3667, 0.4667],
            "transform": [
                [0.987206, -0.109324, 0.116069, 0.0, 0.078855, 0.967435, 0.240524, 0.05, -0.138584, -0.228294, 0.963678, -0.0, 0.0, 0.0, 0.0, 1.0],
                [0.988607, -0.092503, 0.118739, -0.0, 0.058806, 0.963537, 0.261033, 0.05, -0.138556, -0.251077, 0.957999, -0.0, 0.0, 0.0, 0.0, 1.0],
                [0.984511, -0.137415, -0.108882, 0.0, 0.154098, 0.974418, 0.163593, 0.05, 0.083616, -0.177837, 0.980501, 0.0, 0.0, 0.0, 0.0, 1.0],
                [0.982163, -0.137415, -0.128346, 0.0, 0.157306, 0.974418, 0.16051, 0.05, 0.103006, -0.177837, 0.978654, -0.0, 0.0, 0.0, 0.0, 1.0],
                [0.987206, -0.109324, 0.116069, 0.0, 0.078855, 0.967435, 0.240524, 0.05, -0.138584, -0.228294, 0.963678, -0.0, 0.0, 0.0, 0.0, 1.0]
            ]
        },
        {
            "name": "Chest",
            "time": [0.0, 0.1167, 0.25, 0.3667, 0.4667],