{
    "animation": [
        {
            "name": "Root",
            "time": [0.0, 0.0667, 0.1333, 0.2, 0.3833, 0.8167, 1.0333],
            "transform": [
                [-0.987808, 0.12688, -0.090204, -0.007616, -0.092783, -0.014556, 0.99558, -0.096052, 0.125007, 0.991811, 0.026151, 0.657201, 0.0, 0.0, 0.0, 1.0],
                [-0.983948, 0.127313, -0.125048, -0.007616, -0.127353, -0.010099, 0.991806, -0.148005, 0.125006, 0.991811, 0.026151, 0.58582, 0.0, 0.0, 0.0, 1.0],
                [-0.943653, 0.126994, -0.3056, -0.007616, -0.306419, 0.013525, 0.951801, -0.406809, 0.125006, 0.991811, 0.026151, 0.754353, 0.0, 0.0, 0.0, 1.0],
                [-0.778222, 0.114367, -0.617488, -0.007616, -0.615422, 0.056839, 0.786146, -0.849688, 0.125006, 0.991811, 0.026151, 0.713657, 0.0, 0.0, 0.0, 1.0],
                [0.191431, -0.056479, -0.97988, -0.007616, -0.973723, 0.114545, -0.196831, -1.28006, 0.123357, 0.991811, -0.033067, 0.657201, 0.0, 0.0, 0.0, 1.0],
                [0.191431, -0.056479, -0.97988, -0.007616, -0.973723, 0.114545, -0.196831, -1.28006, 0.123357, 0.991811, -0.033067, 0.657201, 0.0, 0.0, 0.0, 1.0],
                [0.191431, -0.056479, -0.97988, -0.007616, -0.973723, 0.114545, -0.196831, -1.28006, 0.123357, 0.991811, -0.033067, 0.657201, 0.0, 0.0, 0.0, 1.0]
            ]
        },
        {
            "name": "Thigh_R",
            "time": [0.0, 0.3833, 0.8167, 1.0333],
            "transform": [
                [0.992811, 0.089128, -0.079882, 0.124994, 0.118536, -0.824545, 0.553238, -0.002831, -0.016557, -0.558729, -0.829185, -1.2e-05, 0.0, 0.0, 0.0, 1.0],
                [0.898748, 0.416871, -0.135906, 0.124994, 0.436436, -0.880315, 0.185917, -0.002831, -0.042137, -0.226406, -0.973122, -1.2e-05, 0.0, 0.0, 0.0, 1.0],
                [0.879958, 0.456006, -0.133161, 0.124994, 0.472006, -0.870952, 0.13656, -0.002831, -0.053705, -0.183019, -0.981642, -1.2e-05, 0.0, 0.0, 0.0, 1.0],
                [0.879958, 0.456006, -0.133161, 0.124994, 0.472006, -0.870952, 0.13656, -0.002831, -0.053705, -0.183019, -0.981642, -1.2e-05, 0.0, 0.0, 0.0, 1.0]
            ]
        },
        {
            "name": "Leg_R",
            "time": [0.0, 0.3833, 0.8167, 1.0333],
            "transform": [
                [1.0, -0.0, 1e-06, -0.0, 0.0, 0.908795, 0.417243, 0.37472, -1e-06, -0.417244, 0.908794, -0.0, 0.0, 0.0, 0.0, 1.0],
                [1.0, -0.0, 1e-06, -0.0, 0.0, 0.908795, 0.417243, 0.37472, -1e-06, -0.417244, 0.908794, -0.0, 0.0, 0.0, 0.0, 1.0],
                [1.0, -0.0, 1e-06, -0.0, 0.0, 0.908795, 0.417243, 0.37472, -1e-06, -0.417244, 0.908794, -0.0, 0.0, 0.0, 0.0, 1.0],
                [1.0, -0.0, 1e-06, -0.0, 0.0, 0.908795, 0.417243, 0.37472, -1e-06, -0.417244, 0.908794, -0.0, 0.0, 0.0, 0.0, 1.0]
            ]
        },
        {
            "name": "Knee_R",
            "time": [0.0, 0.3833, 0.8167, 1.0333],
            "transform": [
                [1.0, 0.0, -0.0, -0.0, -0.0, 1e-06, -1.0, 0.37472, -0.0, 1.0, 1e-06, -0.0, 0.0, 0.0, 0.0, 1.0],
                [1.0, 0.0, -0.0, -0.0, -0.0, 1e-06, -1.0, 0.37472, -0.0, 1.0, 1e-06, -0.0, 0.0, 0.0, 0.0, 1.0],
                [1.0, 0.0, -0.0, -0.0, -0.0, 1e-06, -1.0, 0.37472, -0.0, 1.0, 1e-06, -0.0, 0.0, 0.0, 0.0, 1.0],
                [1.0, 0.0, -0.0, -0.0, -0.0, 1e-06, -1.0, 0.37472, -0.0, 1.0, 1e-06, -0.0, 0.0, 0.0, 0.0, 1.0]
            ]
        },
        {
            "name": "Thigh_L",
            "time": [0.0, 0.3833, 0.8167, 1.0333],
            "transform": [
                [0.728511, -0.482049, -0.486724, -0.125006, -0.536396, -0.843345, 0.032385, -0.002831, -0.426087, 0.237484, -0.872955, -1.2e-05, 0.0, 0.0, 0.0, 1.0],
                [0.728511, -0.680175, -0.081443, -0.125006, -0.536396, -0.640342, 0.549764, -0.002831, -0.426087, -0.356824, -0.83134, -1.2e-05, 0.0, 0.0, 0.0, 1.0],
                [0.728511, -0.684584, -0.024825, -0.125006, -0.536396, -0.592606, 0.600914, -0.002831, -0.426087, -0.424456, -0.798928, -1.2e-05, 0.0, 0.0, 0.0, 1.0],
                [0.728511, -0.684584, -0.024825, -0.125006, -0.536396, -0.592606, 0.600914, -0.002831, -0.426087, -0.424456, -0.798928, -1.2e-05, 0.0, 0.0, 0.0, 1.0]
            ]
        },
        {
            "name": "Leg_L",
            "time": [0.0, 0.3833, 0.8167, 1.0333],
            "transform": [
                [0.999989, -0.001914, -0.004249, 0.0, 0.003782, 0.866011, 0.50001, 0.37472, 0.002722, -0.50002, 0.86601, 0.0, 0.0, 0.0, 0.0, 1.0],
                [0.999989, -0.001914, -0.004249, -0.0, 0.003782, 0.866011, 0.50001, 0.37472, 0.002722, -0.500021, 0.86601, 0.0, 0.0, 0.0, 0.0, 1.0],
                [0.999989, -0.001914, -0.004249, -0.0, 0.003782, 0.866011, 0.50001, 0.37472, 0.002722, -0.50002, 0.86601, -0.0, 0.0, 0.0, 0.0, 1.0],
                [0.999989, -0.001914, -0.004249, -0.0, 0.003782, 0.866011, 0.50001, 0.37472, 0.002722, -0.50002, 0.86601, -0.0, 0.0, 0.0, 0.0, 1.0]
            ]
        },
        {
            "name": "Knee_L",
            "time": [0.0, 0.3833, 0.8167, 1.0333],
            "transform": [
                [1.0, 0.0, -0.0, 0.0, -0.0, 1e-06, -1.0, 0.37472, -0.0, 1.0, 1e-06, 0.0, 0.0, 0.0, 0.0, 1.0],
                [1.0, 0.0, -0.0, -0.0, -0.0, 1e-06, -1.0, 0.37472, -0.0, 1.0, 1e-06, 0.0, 0.0, 0.0, 0.0, 1.0],
                [1.0, 0.0, -0.0, -0.0, -0.0, 1e-06, -1.0, 0.37472, -0.0, 1.0, 1e-06, -0.0, 0.0, 0.0, 0.0, 1.0],
                [1.0, 0.0, -0.0, -0.0, -0.0, 1e-06, -1.0, 0.37472, -0.0, 1.0, 1e-06, -0.0, 0.0, 0.0, 0.0, 1.0]
            ]
        },
        {
            "name": "Torso",
            "time": [0.0, 0.3833, 0.8167, 1.0333],
            "transform": [
                [0.99978, -0.020971, -0.000197, -0.0, 0.020971, 0.999603, 0.018833, 0.05, -0.000198, -0.018833, 0.999823, 0.0, 0.0, 0.0, 0.0, 1.0],
                [0.99978, -0.020971, -0.000197, -0.0, 0.020971, 0.999603, 0.018833, 0.05, -0.000198, -0.018833, 0.999823, 0.0, 0.0, 0.0, 0.0, 1.0],
                [0.99978, -0.020971, -0.000197, -0.0, 0.020971, 0.999603, 0.018833, 0.05, -0.000198, -0.018833, 0.999823, 0.0, 0.0, 0.0, 0.0, 1.0],
                [0.99978, -0.020971, -0.000197, -0.0, 0.020971, 0.999603, 0.018833, 0.05, -0.000198, -0.018833, 0.999823, 0.0, 0.0, 0.0, 0.0, 1.0]
            ]
        },
        {
            "name": "Chest",
            "time": [0.0, 0.3833, 0.8167, 1.0333],
            "transform": [
                [0.992751, 0.111229, 0.045545, -0.0, -0.12016, 0.927224, 0.354708, 0.3, -0.002777, -0.357609, 0.933867, -0.0, 0.0, 0.0, 0.0, 1.0],
                [0.936728, 0.349278, -0.023347, 0.0, -0.320094, 0.881638, 0.346777, 0.3, 0.141705, -0.317363, 0.937657, 0.0, 0.0, 0.0, 0.0, 1.0],
                [0.66135, 0.093927, -0.744174, 0.0, 0.184378, 0.94133, 0.282669, 0.3, 0.727063, -0.324153, 0.605231, 0.0, 0.0, 0.0, 0.0, 1.0],
                [0.66135, 0.093927, -0.744174, 0.0, 0.184378, 0.94133, 0.282669, 0.3, 0.727063, -0.324153, 0.605231, 0.0, 0.0, 0.0, 0.0, 1.0]
            ]
        },
        {
            "name": "Head",
            "time": [0.0, 0.3833, 0.8167, 1.0333],
            "transform": [
                [0.169785, 0.012325, 0.985404, 0.0, 0.005876, 0.999891, -0.013519, 0.4, -0.985464, 0.008086, 0.169694, 0.0, 0.0, 0.0, 0.0, 1.0],
                [0.48571, 0.012325, 0.874033, -0.0, 0.001081, 0.999891, -0.014701, 0.4, -0.874119, 0.008086, 0.485644, -0.0, 0.0, 0.0, 0.0, 1.0],
                [0.52213, 0.012325, 0.852777, -0.0, 0.000461, 0.999891, -0.014733, 0.4, -0.852866, 0.008086, 0.522067, 0.0, 0.0, 0.0, 0.0, 1.0],
                [0.52213, 0.012325, 0.852777, -0.0, 0.000461, 0.999891, -0.014733, 0.4, -0.852866, 0.008086, 0.522067, 0.0, 0.0, 0.0, 0.0, 1.0]
            ]
        },
        {
            "name": "Shoulder_R",
            "time": [0.0, 0.3833, 0.8167, 1.0333],