{
    "animation": [
        {
            "name": "Root",
            "time": [0.0, 0.2667, 0.35, 0.45, 0.6167, 1.15],
            "transform": [
                [0.854689, 0.0, -0.51914, -0.007616, -0.51914, 0.0, -0.854689, 0.001678, 0.0, 1.0, 0.0, 0.764267, 0.0, 0.0, 0.0, 1.0],
                [0.484178, 0.0, -0.87497, -0.007616, -0.87497, 0.0, -0.484178, -0.421523, 0.0, 1.0, 0.0, 0.764267, 0.0, 0.0, 0.0, 1.0],
                [0.984942, 0.0, 0.172884, -0.007616, 0.172884, 0.0, -0.984942, -0.119388, 0.0, 1.0, 0.0, 0.729721, 0.0, 0.0, 0.0, 1.0],
                [0.991831, 0.0, 0.127555, -0.007616, 0.127555, 0.0, -0.991831, 0.210506, 0.0, 1.0, 0.0, 0.692002, 0.0, 0.0, 0.0, 1.0],
                [0.993337, 0.0, 0.115247, -0.007616, 0.115247, 0.0, -0.993337, 0.247159, 0.0, 1.0, 0.0, 0.687811, 0.0, 0.0, 0.0, 1.0],
                [0.993337, 0.0, 0.115247, -0.002821, 0.115247, 0.0, -0.993337, 0.289221, 0.0, 1.0, 0.0, 0.652541, 0.0, 0.0, 0.0, 1.0]
            ]
        },
        {
            "name": "Thigh_R",
            "time": [0.0, 0.2667, 0.45, 0.6167, 1.15],
            "transform": [
                [0.992811, 0.11785, -0.020883, 0.124994, 0.118536, -0.992318, 0.035348, -0.002831, -0.016557, -0.037569, -0.999157, -1.2e-05, 0.0, 0.0, 0.0, 1.0],
                [0.973936, 0.224653, -0.03127, 0.124994, 0.223555, -0.974057, -0.035092, -0.002831, -0.038342, 0.027187, -0.998895, -1.2e-05, 0.0, 0.0, 0.0, 1.0],
                [0.998181, 0.04627, -0.038635, 0.124994, 0.060177, -0.802231, 0.593971, -0.002831, -0.003511, -0.595214, -0.803559, -1.2e-05, 0.0, 0.0, 0.0, 1.0],
                [0.999404, 0.01908, -0.028741, 0.124994, 0.033482, -0.737116, 0.674935, -0.002831, -0.008308, -0.675494, -0.737318, -1.2e-05, 0.0, 0.0, 0.0, 1.0],
                [0.999404, 0.01649, -0.030301, 0.124994, 0.033482, -0.675194, 0.736878, -0.002831, -0.008308, -0.737452, -0.675347, -1.2e-05, 0.0, 0.0, 0.0, 1.0]
            ]
        },
        {
            "name": "Leg_R",
            "time": [0.0, 0.2667, 0.45, 0.6167, 1.15],
            "transform": [
                [1.0, -0.0, 1e-06, 0.0, 0.0, 0.997612, 0.069073, 0.37472, -1e-06, -0.069073, 0.997611, -0.0, 0.0, 0.0, 0.0, 1.0],
                [1.0, -0.0, 1e-06, 0.0, 0.0, 0.997612, 0.069073, 0.37472, -1e-06, -0.069073, 0.997611, 0.0, 0.0, 0.0, 0.0, 1.0],
                [1.0, -0.0, 1e-06, -0.0, 0.0, 0.887463, 0.46088, 0.37472, -1e-06, -0.460881, 0.887462, 0.0, 0.0, 0.0, 0.0, 1.0],
                [1.0, -0.0, 1e-06, 0.0, 0.0, 0.855484, 0.517829, 0.37472, -1e-06, -0.51783, 0.855483, 0.0, 0.0, 0.0, 0.0, 1.0],
                [1.0, -0.0, 1e-06, 0.0, 0.0, 0.855484, 0.517829, 0.37472, -1e-06, -0.51783, 0.855483, 0.0, 0.0, 0.0, 0.0, 1.0]
            ]
        },
        {
            "name": "Knee_R",
            "time": [0.0, 0.2667, 0.45, 0.6167, 1.15],
            "transform": [
                [1.0, 0.0, -0.0, 0.0, -0.0, 1e-06, -1.0, 0.37472, -0.0, 1.0, 1e-06, -0.0, 0.0, 0.0, 0.0, 1.0],
                [1.0, 0.0, -0.0, 0.0, -0.0, 1e-06, -1.0, 0.37472, -0.0, 1.0, 1e-06, 0.0, 0.0, 0.0, 0.0, 1.0],
                [1.0, 0.0, -0.0, -0.0, -0.0, 1e-06, -1.0, 0.37472, -0.0, 1.0, 1e-06, 0.0, 0.0, 0.0, 0.0, 1.0],
                [1.0, 0.0, -0.0, 0.0, -0.0, 1e-06, -1.0, 0.37472, -0.0, 1.0, 1e-06, 0.0, 0.0, 0.0, 0.0, 1.0],
                [1.0, 0.0, -0.0, 0.0, -0.0, 1e-06, -1.0, 0.37472, -0.0, 1.0, 1e-06, 0.0, 0.0, 0.0, 0.0, 1.0]
            ]
        },
        {
            "name": "Thigh_L",
            "time": [0.0, 0.2667, 0.45, 0.6167, 1.15],
            "transform": [
                [0.659168, -0.135791, -0.739633, -0.125006, -0.117516, -0.990078, 0.077038, -0.002831, -0.742756, 0.036138, -0.668586, -1.2e-05, 0.0, 0.0, 0.0, 1.0],
                [0.550908, -0.672301, -0.494481, -0.125006, -0.105774, -0.643971, 0.757703, -0.002831, -0.827835, -0.365121, -0.425881, -1.2e-05, 0.0, 0.0, 0.0, 1.0],
                [0.781104, -0.23711, -0.577629, -0.125006, -0.284183, -0.958725, 0.009254, -0.002831, -0.555981, 0.156925, -0.816247, -1.2e-05, 0.0, 0.0, 0.0, 1.0],
                [0.816891, -0.17055, -0.551, -0.125006, -0.282206, -0.951315, -0.12393, -0.002831, -0.503039, 0.256734, -0.825251, -1.2e-05, 0.0, 0.0, 0.0, 1.0],
                [0.793971, -0.22178, -0.566058, -0.125006, -0.438097, -0.854277, -0.279787, -0.002831, -0.421519, 0.470132, -0.775433, -1.2e-05, 0.0, 0.0, 0.0, 1.0]
            ]
        },
        {
            "name": "Leg_L",
            "time": [0.0, 0.2667, 0.45, 0.6167, 1.15],
            "transform": [
                [0.999989, -0.003452, -0.00313, 0.0, 0.003782, 0.993653, 0.112423, 0.37472, 0.002723, -0.112434, 0.993656, -0.0, 0.0, 0.0, 0.0, 1.0],
                [0.999989, -0.001034, -0.004544, -0.0, 0.003782, 0.749677, 0.661793, 0.37472, 0.002722, -0.661803, 0.749673, -0.0, 0.0, 0.0, 0.0, 1.0],
                [0.999989, -0.002787, -0.003735, -0.0, 0.003782, 0.953577, 0.301124, 0.37472, 0.002722, -0.301135, 0.953578, 0.0, 0.0, 0.0, 0.0, 1.0],
                [0.999989, -0.003029, -0.003542, -0.0, 0.003782, 0.97148, 0.237092, 0.37472, 0.002722, -0.237103, 0.971481, -0.0, 0.0, 0.0, 0.0, 1.0],
                [0.999989, -0.003029, -0.003542, -0.0, 0.003782, 0.97148, 0.237092, 0.37472, 0.002722, -0.237103, 0.971481, 0.0, 0.0, 0.0, 0.0, 1.0]
            ]
        },
        {
            "name": "Knee_L",
            "time": [0.0, 0.2667, 0.45, 0.6167, 1.15],
            "transform": [
                [1.0, 0.0, -0.0, 0.0, -0.0, 1e-06, -1.0, 0.37472, -0.0, 1.0, 1e-06, -0.0, 0.0, 0.0, 0.0, 1.0],
                [1.0, 0.0, -0.0, -0.0, -0.0, 1e-06, -1.0, 0.37472, -0.0, 1.0, 1e-06, -0.0, 0.0, 0.0, 0.0, 1.0],
                [1.0, 0.0, -0.0, -0.0, -0.0, 1e-06, -1.0, 0.37472, -0.0, 1.0, 1e-06, 0.0, 0.0, 0.0, 0.0, 1.0],
                [1.0, 0.0, -0.0, -0.0, -0.0, 1e-06, -1.0, 0.37472, -0.0, 1.0, 1e-06, -0.0, 0.0, 0.0, 0.0, 1.0],
                [1.0, 0.0, -0.0, -0.0, -0.0, 1e-06, -1.0, 0.37472, -0.0, 1.0, 1e-06, 0.0, 0.0, 0.0, 0.0, 1.0]
            ]
        },
        {
            "name": "Torso",
            "time": [0.0, 0.2667, 0.45, 0.6167, 1.15],
            "transform": [
                [0.99978, -0.020971, -0.000197, 0.0, 0.020971, 0.999603, 0.018833, 0.05, -0.000198, -0.018833, 0.999823, 0.0, 0.0, 0.0, 0.0, 1.0],
                [0.99978, -0.020971, -0.000197, 0.0, 0.020971, 0.999603, 0.018833, 0.05, -0.000198, -0.018833, 0.999823, -0.0, 0.0, 0.0, 0.0, 1.0],
                [0.976643, -0.020971, 0.213843, -0.0, 0.016453, 0.999603, 0.022886, 0.05, -0.214238, -0.018833, 0.9766, -0.0, 0.0, 0.0, 0.0, 1.0],
                [0.968671, -0.020971, 0.247459, 0.0, 0.015653, 0.999603, 0.023441, 0.05, -0.247852, -0.018833, 0.968615, -0.0, 0.0, 0.0, 0.0, 1.0],
                [0.968671, -0.020971, 0.247459, -0.0, 0.015653, 0.999603, 0.023441, 0.05, -0.247852, -0.018833, 0.968615, 0.0, 0.0, 0.0, 0.0, 1.0]
            ]
        },
        {
            "name": "Chest",
            "time": [0.0, 0.2667, 0.4, 0.45, 0.6167, 1.15],
            "transform": [
                [0.999771, -0.021404, 0.000595, 0.0, 0.021411, 0.999605, -0.01819, 0.3, -0.000206, 0.018199, 0.999834, 0.0, 0.0, 0.0, 0.0, 1.0],
                [0.99592, 0.088806, 0.01603, 0.0, -0.09024, 0.97925, 0.181455, 0.3, 0.000417, -0.182161, 0.983269, -0.0, 0.0, 0.0, 0.0, 1.0],
                [0.848935, 0.113357, 0.516197, 0.0, -0.211633, 0.967911, 0.135497, 0.3, -0.484274, -0.224273, 0.845684, -0.0, 0.0, 0.0, 0.0, 1.0],
                [0.658174, 0.068269, 0.749764, 0.0, 0.059655, 0.98802, -0.142331, 0.3, -0.750499, 0.138406, 0.646216, -0.0, 0.0, 0.0, 0.0, 1.0],
                [0.543583, 0.015067, 0.83922, 0.0, 0.278757, 0.939849, -0.197431, 0.3, -0.791715, 0.341258, 0.506686, 0.0, 0.0, 0.0, 0.0, 1.0],
                [0.553118, 0.090014, 0.828226, 0.0, 0.074468, 0.984824, -0.156766, 0.3, -0.829768, 0.148387, 0.538021, -0.0, 0.0, 0.0, 0.0, 1.0]
            ]
        },
        {
            "name": "Head",