{
    "animation": [
        {
            "name": "Root",
            "time": [0.0, 0.2333, 0.3833, 0.4167, 0.45, 0.5, 0.55, 0.7333, 1.1667],
            "transform": [
                [0.993337, 0.0, 0.115247, -0.002821, 0.115247, 0.0, -0.993337, -0.100438, 0.0, 1.0, 0.0, 0.652541, 0.0, 0.0, 0.0, 1.0],
                [0.993337, 0.0, 0.115247, -0.002821, 0.112252, -0.226475, -0.967527, -0.100438, 0.026101, 0.974017, -0.224966, 0.652541, 0.0, 0.0, 0.0, 1.0],
                [0.906666, 0.347339, -0.2394, -0.002821, -0.413786, 0.621827, -0.664915, 0.546491, -0.082086, 0.701916, 0.707513, 0.652541, 0.0, 0.0, 0.0, 1.0],
                [0.906666, 0.347339, -0.2394, -0.002821, -0.413786, 0.621827, -0.664915, 0.546491, -0.082086, 0.701916, 0.707513, 0.716128, 0.0, 0.0, 0.0, 1.0],
                [0.906666, 0.347339, -0.2394, -0.002821, -0.413786, 0.621827, -0.664915, 0.546491, -0.082086, 0.701916, 0.707513, 0.515705, 0.0, 0.0, 0.0, 1.0],
                [0.906666, 0.347339, -0.2394, -0.002821, -0.413786, 0.621827, -0.664915, 0.546491, -0.082086, 0.701916, 0.707513, 0.614968, 0.0, 0.0, 0.0, 1.0],
                [0.906666, 0.347339, -0.2394, -0.002821, -0.413786, 0.621827, -0.664915, 0.546491, -0.082086, 0.701916, 0.707513, 0.601364, 0.0, 0.0, 0.0, 1.0],
                [0.906666, 0.347339, -0.2394, -0.002821, -0.413786, 0.621827, -0.664915, 0.546491, -0.082086, 0.701916, 0.707513, 0.652541, 0.0, 0.0, 0.0, 1.0],
                [0.854689, 0.0, -0.51914, -0.007616, -0.51914, 0.0, -0.854689, 0.001678, 0.0, 1.0, 0.0, 0.764267, 0.0, 0.0, 0.0, 1.0]
            ]
        },
        {
            "name": "Thigh_R",
            "time": [0.0, 0.2333, 0.3833, 0.7333, 1.1667],
            "transform": [
                [0.999404, 0.01649, -0.030301, 0.124994, 0.033482, -0.675194, 0.736878, -0.002831, -0.008308, -0.737452, -0.675347, -1.2e-05, 0.0, 0.0, 0.0, 1.0],
                [0.999404, 0.025016, -0.023755, 0.124994, 0.033482, -0.869216, 0.493294, -0.002831, -0.008308, -0.493794, -0.869539, -1.2e-05, 0.0, 0.0, 0.0, 1.0],
                [0.873923, 0.239461, -0.422984, 0.124994, 0.396378, -0.854766, 0.335048, -0.002831, -0.281322, -0.460466, -0.841919, -1.2e-05, 0.0, 0.0, 0.0, 1.0],
                [0.873923, 0.239461, -0.422984, 0.124994, 0.396378, -0.854766, 0.335048, -0.002831, -0.281322, -0.460466, -0.841919, -1.2e-05, 0.0, 0.0, 0.0, 1.0],
                [0.992811, 0.11785, -0.020883, 0.124994, 0.118536, -0.992318, 0.035348, -0.002831, -0.016557, -0.037569, -0.999157, -1.2e-05, 0.0, 0.0, 0.0, 1.0]
            ]
        },
        {
            "name": "Leg_R",
            "time": [0.0, 0.2333, 0.3833, 0.7333, 1.1667],
            "transform": [
                [1.0, -0.0, 1e-06, 0.0, 0.0, 0.855484, 0.517829, 0.37472, -1e-06, -0.51783, 0.855483, -0.0, 0.0, 0.0, 0.0, 1.0],
                [1.0, -0.0, 1e-06, 0.0, 0.0, 0.855485, 0.517829, 0.37472, -1e-06, -0.51783, 0.855483, -0.0, 0.0, 0.0, 0.0, 1.0],
                [1.0, -1e-06, 1e-06, 0.0, 0.0, 0.855485, 0.517829, 0.37472, -1e-06, -0.51783, 0.855483, 0.0, 0.0, 0.0, 0.0, 1.0],
                [1.0, -1e-06, 1e-06, 0.0, 0.0, 0.855485, 0.517829, 0.37472, -1e-06, -0.51783, 0.855483, 0.0, 0.0, 0.0, 0.0, 1.0],
                [1.0, -0.0, 1e-06, 0.0, 0.0, 0.997612, 0.069073, 0.37472, -1e-06, -0.069073, 0.997611, -0.0, 0.0, 0.0, 0.0, 1.0]
            ]
        },
        {
            "name": "Knee_R",
            "time": [0.0, 0.2333, 0.3833, 0.7333, 1.1667],
            "transform": [
                [1.0, 0.0, -0.0, 0.0, -0.0, 1e-06, -1.0, 0.37472, -0.0, 1.0, 1e-06, -0.0, 0.0, 0.0, 0.0, 1.0],
                [1.0, 0.0, -0.0, 0.0, -0.0, 1e-06, -1.0, 0.37472, -0.0, 1.0, 1e-06, -0.0, 0.0, 0.0, 0.0, 1.0],
                [1.0, 0.0, -0.0, 0.0, -0.0, 1e-06, -1.0, 0.37472, -0.0, 1.0, 1e-06, 0.0, 0.0, 0.0, 0.0, 1.0],
                [1.0, 0.0, -0.0, 0.0, -0.0, 1e-06, -1.0, 0.37472, -0.0, 1.0, 1e-06, 0.0, 0.0, 0.0, 0.0, 1.0],
                [1.0, 0.0, -0.0, 0.0, -0.0, 1e-06, -1.0, 0.37472, -0.0, 1.0, 1e-06, -0.0, 0.0, 0.0, 0.0, 1.0]
            ]
        },
        {
            "name": "Thigh_L",
            "time": [0.0, 0.2333, 0.3833, 0.7333, 1.1667],
            "transform": [
                [0.793971, -0.22178, -0.566058, -0.125006, -0.438097, -0.854277, -0.279787, -0.002831, -0.421519, 0.470132, -0.775433, -1.2e-05, 0.0, 0.0, 0.0, 1.0],
                [0.793971, -0.22178, -0.566058, -0.125006, -0.438097, -0.854277, -0.279787, -0.002831, -0.42152, 0.470132, -0.775433, -1.2e-05, 0.0, 0.0, 0.0, 1.0],
                [0.896366, -0.260536, -0.358676, -0.125006, 0.364655, -0.026777, 0.930757, -0.002831, -0.2521, -0.965093, 0.071003, -1.2e-05, 0.0, 0.0, 0.0, 1.0],
                [0.896366, -0.260536, -0.358676, -0.125006, 0.364655, -0.026777, 0.930757, -0.002831, -0.2521, -0.965093, 0.071003, -1.2e-05, 0.0, 0.0, 0.0, 1.0],
                [0.659168, -0.135791, -0.739633, -0.125006, -0.117516, -0.990078, 0.077038, -0.002831, -0.742756, 0.036138, -0.668586, -1.2e-05, 0.0, 0.0, 0.0, 1.0]
            ]
        },
        {
            "name": "Leg_L",
            "time": [0.0, 0.2333, 0.3833, 0.7333, 1.1667],
            "transform": [
                [0.999989, -0.003029, -0.003542, 0.0, 0.003782, 0.97148, 0.237092, 0.37472, 0.002722, -0.237103, 0.971481, 0.0, 0.0, 0.0, 0.0, 1.0],
                [0.999989, -0.00131, -0.004472, -0.0, 0.003782, 0.788785, 0.614658, 0.37472, 0.002722, -0.614668, 0.788782, 0.0, 0.0, 0.0, 0.0, 1.0],
                [0.999989, -0.000118, -0.004659, 0.0, 0.003782, 0.604633, 0.796495, 0.37472, 0.002722, -0.796504, 0.604627, -0.0, 0.0, 0.0, 0.0, 1.0],
                [0.999989, -0.000118, -0.004659, 0.0, 0.003782, 0.604633, 0.796495, 0.37472, 0.002722, -0.796504, 0.604627, -0.0, 0.0, 0.0, 0.0, 1.0],
                [0.999989, -0.003452, -0.00313, 0.0, 0.003782, 0.993653, 0.112423, 0.37472, 0.002723, -0.112434, 0.993656, -0.0, 0.0, 0.0, 0.0, 1.0]
            ]
        },
        {
            "name": "Knee_L",
            "time": [0.0, 0.2333, 0.3833, 0.7333, 1.1667],
            "transform": [
                [1.0, 0.0, -0.0, 0.0, -0.0, 1e-06, -1.0, 0.37472, -0.0, 1.0, 1e-06, 0.0, 0.0, 0.0, 0.0, 1.0],
                [1.0, 0.0, -0.0, -0.0, -0.0, 1e-06, -1.0, 0.37472, -0.0, 1.0, 1e-06, 0.0, 0.0, 0.0, 0.0, 1.0],
                [1.0, 0.0, -0.0, 0.0, -0.0, 1e-06, -1.0, 0.37472, -0.0, 1.0, 1e-06, -0.0, 0.0, 0.0, 0.0, 1.0],
                [1.0, 0.0, -0.0, 0.0, -0.0, 1e-06, -1.0, 0.37472, -0.0, 1.0, 1e-06, -0.0, 0.0, 0.0, 0.0, 1.0],
                [1.0, 0.0, -0.0, 0.0, -0.0, 1e-06, -1.0, 0.37472, -0.0, 1.0, 1e-06, -0.0, 0.0, 0.0, 0.0, 1.0]
            ]
        },
        {
            "name": "Torso",
            "time": [0.0, 0.2333, 0.3833, 0.7333, 1.1667],
            "transform": [
                [0.968671, -0.020971, 0.247459, -0.0, 0.015653, 0.999603, 0.023441, 0.05, -0.247852, -0.018833, 0.968615, 0.0, 0.0, 0.0, 0.0, 1.0],
                [0.968671, -0.020971, 0.247459, -0.0, 0.015653, 0.999603, 0.023441, 0.05, -0.247852, -0.018833, 0.968615, 0.0, 0.0, 0.0, 0.0, 1.0],
                [0.973447, -0.228909, 0.000893, 0.0, 0.219987, 0.934412, -0.280144, 0.05, 0.063293, 0.272902, 0.959958, -0.0, 0.0, 0.0, 0.0, 1.0],
                [0.981615, -0.188457, 0.030261, 0.0, 0.186693, 0.914995, -0.357673, 0.05, 0.039717, 0.356747, 0.933357, -0.0, 0.0, 0.0, 0.0, 1.0],
                [0.99978, -0.020971, -0.000197, 0.0, 0.020971, 0.999603, 0.018833, 0.05, -0.000198, -0.018833, 0.999823, 0.0, 0.0, 0.0, 0.0, 1.0]
            ]
        },
        {
            "name": "Chest",
            "time": [0.0, 0.2333, 0.3833, 0.7333, 0.95, 1.1667],