{
    "animation": [
        {
            "name": "Root",
            "time": [0.0, 0.15, 0.2667, 0.4167, 0.5333],
            "transform": [
                [1.0, 0.0, 0.0, -5e-06, 0.0, 0.0, -1.0, 0.000946, 0.0, 1.0, 0.0, 0.797984, 0.0, 0.0, 0.0, 1.0],
                [1.0, 0.0, 0.0, 0.011545, 0.0, 0.0, -1.0, 0.000946, 0.0, 1.0, 0.0, 0.548375, 0.0, 0.0, 0.0, 1.0],
                [1.0, 0.0, 0.0, -5e-06, 0.0, 0.0, -1.0, 0.000946, 0.0, 1.0, 0.0, 0.797984, 0.0, 0.0, 0.0, 1.0],
                [1.0, 0.0, 0.0, 0.011545, 0.0, 0.0, -1.0, 0.000946, 0.0, 1.0, 0.0, 0.548375, 0.0, 0.0, 0.0, 1.0],
                [1.0, 0.0, 0.0, -5e-06, 0.0, 0.0, -1.0, 0.000946, 0.0, 1.0, 0.0, 0.797984, 0.0, 0.0, 0.0, 1.0]
            ]
        },
        {
            "name": "Thigh_R",
            "time": [0.0, 0.0833, 0.15, 0.2667, 0.4167, 0.5333],
            "transform": [
                [0.984809, 0.168428, -0.042225, 0.124994, 0.170587, -0.893043, 0.416377, -0.002831, 0.032421, -0.417254, -0.908211, -1.2e-05, 0.0, 0.0, 0.0, 1.0],
                [0.99282, 0.082414, -0.086696, 0.124994, 0.116541, -0.503114, 0.856325, -0.002831, 0.026955, -0.860279, -0.509108, -1.2e-05, 0.0, 0.0, 0.0, 1.0],
                [0.99831, 0.031606, -0.048765, 0.124994, 0.058112, -0.542362, 0.838132, -0.002831, 4.1e-05, -0.839547, -0.543284, -1.2e-05, 0.0, 0.0, 0.0, 1.0],
                [0.996146, 0.08551, 0.019495, 0.124994, 0.083779, -0.99351, 0.07691, -0.002831, 0.025946, -0.07498, -0.996848, -1.2e-05, 0.0, 0.0, 0.0, 1.0],
                [0.99831, 0.045347, 0.03634, 0.124994, 0.058112, -0.77947, -0.623736, -0.002831, 4.2e-05, 0.624793, -0.780789, -1.2e-05, 0.0, 0.0, 0.0, 1.0],
                [0.984809, 0.168428, -0.042225, 0.124994, 0.170587, -0.893043, 0.416377, -0.002831, 0.032421, -0.417254, -0.908211, -1.2e-05, 0.0, 0.0, 0.0, 1.0]
            ]
        },
        {
            "name": "Leg_R",
            "time": [0.0, 0.0833, 0.15, 0.2667, 0.4167, 0.5333],
            "transform": [
                [1.0, -1e-06, 2e-06, 0.0, -2e-06, 0.329795, 0.944052, 0.37472, -1e-06, -0.944053, 0.329795, 0.0, 0.0, 0.0, 0.0, 1.0],
                [1.0, 1e-06, 2e-06, -0.0, -1e-06, 0.936255, 0.351322, 0.37472, -1e-06, -0.351323, 0.936254, -0.0, 0.0, 0.0, 0.0, 1.0],
                [1.0, 1e-06, 2e-06, 0.0, -1e-06, 0.876277, 0.481809, 0.37472, -1e-06, -0.48181, 0.876275, -0.0, 0.0, 0.0, 0.0, 1.0],
                [1.0, 1e-06, 1e-06, -0.0, -1e-06, 0.993003, 0.118095, 0.37472, -1e-06, -0.118095, 0.993002, 0.0, 0.0, 0.0, 0.0, 1.0],
                [1.0, 1e-06, 2e-06, -0.0, -1e-06, 0.994946, 0.100422, 0.37472, -1e-06, -0.100422, 0.994944, 0.0, 0.0, 0.0, 0.0, 1.0],
                [1.0, -1e-06, 2e-06, 0.0, -2e-06, 0.329795, 0.944052, 0.37472, -1e-06, -0.944053, 0.329795, 0.0, 0.0, 0.0, 0.0, 1.0]
            ]
        },
        {
            "name": "Knee_R",
            "time": [0.0, 0.0833, 0.15, 0.2667, 0.4167, 0.5333],
            "transform": [
                [1.0, 0.0, -0.0, -0.000179, -0.0, 1e-06, -1.0, 0.436391, -0.0, 1.0, 1e-06, -0.000613, 0.0, 0.0, 0.0, 1.0],
                [1.0, -0.0, -0.0, -0.000179, -0.0, -0.475591, -0.879667, 0.436391, -0.0, 0.879667, -0.475591, -0.000613, 0.0, 0.0, 0.0, 1.0],
                [1.0, -0.0, -0.0, -0.000179, -0.0, -0.417945, -0.908472, 0.436391, -0.0, 0.908472, -0.417945, -0.000613, 0.0, 0.0, 0.0, 1.0],
                [1.0, 0.0, -0.0, -0.000179, -0.0, 1e-06, -1.0, 0.436391, -0.0, 1.0, 1e-06, -0.000613, 0.0, 0.0, 0.0, 1.0],
                [1.0, -0.0, -0.0, -0.000179, -0.0, -0.417945, -0.908472, 0.436391, -0.0, 0.908472, -0.417945, -0.000613, 0.0, 0.0, 0.0, 1.0],
                [1.0, 0.0, -0.0, -0.000179, -0.0, 1e-06, -1.0, 0.436391, -0.0, 1.0, 1e-06, -0.000613, 0.0, 0.0, 0.0, 1.0]
            ]
        },
        {
            "name": "Thigh_L",
            "time": [0.0, 0.15, 0.2667, 0.35, 0.4167, 0.5333],
            "transform": [
                [0.99823, -0.059461, 1.6e-05, -0.125006, -0.058379, -0.980129, -0.189574, -0.002831, 0.011287, 0.189238, -0.981866, -1.2e-05, 0.0, 0.0, 0.0, 1.0],
                [0.99823, -0.048473, -0.034437, -0.125006, -0.058379, -0.689038, -0.72237, -0.002831, 0.011288, 0.723103, -0.690648, -1.2e-05, 0.0, 0.0, 0.0, 1.0],
                [0.99823, -0.04927, 0.033287, -0.125006, -0.058379, -0.91838, 0.39137, -0.002831, 0.011287, -0.392621, -0.919631, -1.2e-05, 0.0, 0.0, 0.0, 1.0],
                [0.998044, -0.024444, 0.057527, -0.125006, -0.061755, -0.527786, 0.847129, -0.002831, 0.009654, -0.849025, -0.528264, -1.2e-05, 0.0, 0.0, 0.0, 1.0],
                [0.99823, -0.021045, 0.055612, -0.125006, -0.058379, -0.524419, 0.849457, -0.002831, 0.011287, -0.8512, -0.52472, -1.2e-05, 0.0, 0.0, 0.0, 1.0],
                [0.99823, -0.059461, 1.6e-05, -0.125006, -0.058379, -0.980129, -0.189574, -0.002831, 0.011287, 0.189238, -0.981866, -1.2e-05, 0.0, 0.0, 0.0, 1.0]
            ]
        },
        {
            "name": "Leg_L",
            "time": [0.0, 0.15, 0.2667, 0.35, 0.4167, 0.5333],
            "transform": [
                [1.0, -0.0, 1e-06, 0.0, 0.0, 0.999948, 0.010137, 0.37472, -1e-06, -0.010137, 0.999949, -0.0, 0.0, 0.0, 0.0, 1.0],
                [1.0, -0.0, 1e-06, 0.0, 0.0, 0.999948, 0.010137, 0.37472, -1e-06, -0.010137, 0.999949, 0.0, 0.0, 0.0, 0.0, 1.0],
                [1.0, -1e-06, 0.0, -0.0, 0.0, 0.20269, 0.979244, 0.37472, -2e-06, -0.979243, 0.20269, -0.0, 0.0, 0.0, 0.0, 1.0],
                [1.0, -1e-06, 1e-06, 0.0, 0.0, 0.914777, 0.403958, 0.37472, -1e-06, -0.403957, 0.914778, 0.0, 0.0, 0.0, 0.0, 1.0],
                [1.0, -1e-06, 1e-06, 0.0, 0.0, 0.865296, 0.501261, 0.37472, -1e-06, -0.50126, 0.865297, -0.0, 0.0, 0.0, 0.0, 1.0],
                [1.0, -0.0, 1e-06, 0.0, 0.0, 0.999948, 0.010137, 0.37472, -1e-06, -0.010137, 0.999949, -0.0, 0.0, 0.0, 0.0, 1.0]
            ]
        },
        {
            "name": "Knee_L",
            "time": [0.0, 0.15, 0.2667, 0.4167, 0.5333],
            "transform": [
                [1.0, 0.0, -0.0, 0.0, -0.0, 1e-06, -1.0, 0.37472, -0.0, 1.0, 1e-06, -0.0, 0.0, 0.0, 0.0, 1.0],
                [1.0, 0.0, -0.0, 0.0, -0.0, 1e-06, -1.0, 0.37472, -0.0, 1.0, 1e-06, 0.0, 0.0, 0.0, 0.0, 1.0],
                [1.0, 0.0, -0.0, -0.0, -0.0, 0.625728, -0.780041, 0.37472, -0.0, 0.780041, 0.625728, -0.0, 0.0, 0.0, 0.0, 1.0],
                [1.0, 0.0, -0.0, 0.0, -0.0, 1e-06, -1.0, 0.37472, -0.0, 1.0, 1e-06, -0.0, 0.0, 0.0, 0.0, 1.0],
                [1.0, 0.0, -0.0, 0.0, -0.0, 1e-06, -1.0, 0.37472, -0.0, 1.0, 1e-06, -0.0, 0.0, 0.0, 0.0, 1.0]
            ]
        },
        {
            "name": "Torso",
            "time": [0.0, 0.15, 0.2667, 0.4167, 0.5333],
            "transform": [
                [1.0, 0.0, 0.0, 0.0, 0.0, 0.929943, 0.367703, 0.05, 0.0, -0.367703, 0.929943, 0.0, 0.0, 0.0, 0.0, 1.0],
                [0.983393, -0.015687, 0.180808, 0.0, -0.032485, 0.964953, 0.260403, 0.05, -0.178556, -0.261953, 0.948419, 0.0, 0.0, 0.0, 0.0, 1.0],
                [1.0, 0.0, 0.0, 0.0, 0.0, 0.871178, 0.490967, 0.05, 0.0, -0.490967, 0.871178, 0.0, 0.0, 0.0, 0.0, 1.0],
                [0.983393, -0.015687, 0.180808, 0.0, -0.032485, 0.964953, 0.260403, 0.05, -0.178556, -0.261953, 0.948419, 0.0, 0.0, 0.0, 0.0, 1.0],
                [1.0, 0.0, 0.0, 0.0, 0.0, 0.929943, 0.367703, 0.05, 0.0, -0.367703, 0.929943, 0.0, 0.0, 0.0, 0.0, 1.0]
            ]
        },
        {
            "name": "Chest",
            "time": [0.0, 0.15, 0.2667, 0.4167, 0.5333],