{
    
    "animation": [
        {
            "name": "Root",
            "time": [0.0, 0.2, 0.2833, 0.45, 0.6333, 0.8833],
            "transform": [
                [0.999442, 0.0, 0.033416, -0.02837, 0.033416, 0.0, -0.999442, 0.023735, 0.0, 1.0, 0.0, 0.7248, 0.0, 0.0, 0.0, 1.0],
                [0.999924, 0.0, 0.012338, -0.009449, 0.012338, 0.0, -0.999924, 0.479166, 0.0, 1.0, 0.0, 0.730364, 0.0, 0.0, 0.0, 1.0],
                [0.999924, 0.0, 0.012338, -0.009449, 0.012338, 0.0, -0.999924, 0.479166, 0.0, 1.0, 0.0, 0.730364, 0.0, 0.0, 0.0, 1.0],
                [0.997651, 0.003496, -0.068416, 0.001056, -0.068506, 0.050914, -0.996351, 0.807976, -0.0, 0.998697, 0.051033, 0.700514, 0.0, 0.0, 0.0, 1.0],
                [0.989923, 0.0, -0.141604, 0.065147, -0.141604, 0.0, -0.989923, 1.510943, 0.0, 1.0, 0.0, 0.594153, 0.0, 0.0, 0.0, 1.0],
                [0.989923, -0.006608, -0.14145, 0.065321, -0.141604, -0.046195, -0.988845, 1.512161, 0.0, 0.998911, -0.046665, 0.567814, 0.0, 0.0, 0.0, 1.0]
            ]
        },
        {
            "name": "Thigh_R",
            "time": [0.0, 0.2, 0.3, 0.6333, 0.8833],
            "transform": [
                [0.993754, 0.077685, -0.080104, 0.124994, 0.103495, -0.910054, 0.401356, -0.002831, -0.04172, -0.407139, -0.912413, -1.2e-05, 0.0, 0.0, 0.0, 1.0],
                [0.993754, 0.08249, -0.075146, 0.124994, 0.103495, -0.933134, 0.344305, -0.002831, -0.04172, -0.349931, -0.935846, -1.2e-05, 0.0, 0.0, 0.0, 1.0],
                [0.993754, 0.08249, -0.075146, 0.124994, 0.103495, -0.933134, 0.344305, -0.002831, -0.04172, -0.349931, -0.935846, -1.2e-05, 0.0, 0.0, 0.0, 1.0],
                [0.993754, 0.107672, 0.029299, 0.124994, 0.103495, -0.791182, -0.602758, -0.002831, -0.04172, 0.602025, -0.797386, -1.2e-05, 0.0, 0.0, 0.0, 1.0],
                [0.993754, 0.105779, 0.035531, 0.124994, 0.103495, -0.754667, -0.647892, -0.002831, -0.04172, 0.647522, -0.760903, -1.2e-05, 0.0, 0.0, 0.0, 1.0]
            ]
        },
        {
            "name": "Leg_R",
            "time": [0.0, 0.2, 0.3, 0.6333, 0.8833],
            "transform": [
                [0.997558, -0.047798, 0.050932, 0.0, 0.003865, 0.765842, 0.643017, 0.37472, -0.069741, -0.64125, 0.764156, -0.0, 0.0, 0.0, 0.0, 1.0],
                [0.997558, -0.024566, 0.065385, 0.0, 0.003865, 0.954088, 0.299503, 0.37472, -0.069741, -0.298519, 0.951852, -0.0, 0.0, 0.0, 0.0, 1.0],
                [0.997558, -0.024566, 0.065385, -0.0, 0.003865, 0.954088, 0.299503, 0.37472, -0.069741, -0.298519, 0.951852, -0.0, 0.0, 0.0, 0.0, 1.0],
                [0.997558, -0.024515, 0.065404, 0.0, 0.003865, 0.954322, 0.298756, 0.37472, -0.069741, -0.297774, 0.952085, -0.0, 0.0, 0.0, 0.0, 1.0],
                [0.997558, -0.034709, 0.060613, 0.0, 0.003865, 0.893892, 0.448267, 0.37472, -0.069741, -0.446938, 0.891842, -0.0, 0.0, 0.0, 0.0, 1.0]
            ]
        },
        {
            "name": "Knee_R",
            "time": [0.0, 0.4833, 0.8833],
            "transform": [
                [1.0, 0.0, -0.0, 0.0, -0.0, 1e-06, -1.0, 0.37472, -0.0, 1.0, 1e-06, -0.0, 0.0, 0.0, 0.0, 1.0],
                [1.0, 0.0, -0.0, -0.0, -0.0, 1e-06, -1.0, 0.37472, -0.0, 1.0, 1e-06, -0.0, 0.0, 0.0, 0.0, 1.0],
                [1.0, 0.0, -0.0, 0.0, -0.0, 1e-06, -1.0, 0.37472, -0.0, 1.0, 1e-06, -0.0, 0.0, 0.0, 0.0, 1.0]
            ]
        },
        {
            "name": "Thigh_L",
            "time": [0.0, 0.2, 0.3, 0.6333, 0.8833],
            "transform": [
                [0.999355, -0.019863, 0.029902, -0.125006, -0.027483, -0.959204, 0.281375, -0.002831, 0.023094, -0.282015, -0.959132, -1.2e-05, 0.0, 0.0, 0.0, 1.0],
                [0.999355, -0.03156, 0.017108, -0.125006, -0.027483, -0.979218, -0.200939, -0.002831, 0.023094, 0.20034, -0.979454, -1.2e-05, 0.0, 0.0, 0.0, 1.0],
                [0.999355, -0.03156, 0.017108, -0.125006, -0.027483, -0.979218, -0.200939, -0.002831, 0.023094, 0.20034, -0.979454, -1.2e-05, 0.0, 0.0, 0.0, 1.0],
                [0.95318, -0.296762, -0.058123, -0.125006, -0.099851, -0.490293, 0.865819, -0.002831, -0.285439, -0.819479, -0.49697, -1.2e-05, 0.0, 0.0, 0.0, 1.0],
                [0.95318, -0.300718, -0.031853, -0.125006, -0.099851, -0.412413, 0.905508, -0.002831, -0.285439, -0.859932, -0.423132, -1.2e-05, 0.0, 0.0, 0.0, 1.0]
            ]
        },
        {
            "name": "Leg_L",
            "time": [0.0, 0.2, 0.3, 0.6333, 0.8833],
            "transform": [
                [0.999995, 0.001954, 0.002545, -0.0, -0.002663, 0.948006, 0.318239, 0.37472, -0.001791, -0.318244, 0.948007, -0.0, 0.0, 0.0, 0.0, 1.0],
                [0.999995, 0.00158, 0.002793, -0.0, -0.002663, 0.894253, 0.447554, 0.37472, -0.001791, -0.447559, 0.894253, 0.0, 0.0, 0.0, 0.0, 1.0],
                [0.999995, 0.001159, 0.002992, -0.0, -0.002663, 0.819996, 0.572363, 0.37472, -0.001791, -0.572368, 0.819995, 0.0, 0.0, 0.0, 0.0, 1.0],
                [0.999995, 0.000184, 0.003204, -0.0, -0.002663, 0.604624, 0.796507, 0.37472, -0.001791, -0.796511, 0.604622, -0.0, 0.0, 0.0, 0.0, 1.0],
                [0.999995, -0.00058, 0.003156, 0.0, -0.002663, 0.398828, 0.917022, 0.37472, -0.001791, -0.917025, 0.398825, 0.0, 0.0, 0.0, 0.0, 1.0]
            ]
        },
        {
            "name": "Knee_L",
            "time": [0.0, 0.4833, 0.6333, 0.8833],
            "transform": [
                [1.0, 0.0, -0.0, -0.0, -0.0, 1e-06, -1.0, 0.37472, -0.0, 1.0, 1e-06, -0.0, 0.0, 0.0, 0.0, 1.0],
                [1.0, 0.0, -0.0, 0.0, -0.0, 1e-06, -1.0, 0.37472, -0.0, 1.0, 1e-06, 0.0, 0.0, 0.0, 0.0, 1.0],
                [1.0, 0.0, -0.0, -0.0, -0.0, 0.658476, -0.752602, 0.37472, -0.0, 0.752601, 0.658476, -0.0, 0.0, 0.0, 0.0, 1.0],
                [1.0, 0.0, -0.0, 0.0, -0.0, 0.658476, -0.752601, 0.37472, -0.0, 0.752602, 0.658476, 0.0, 0.0, 0.0, 0.0, 1.0]
            ]
        },
        {
            "name": "Torso",
            "time": [0.0, 0.2, 0.3667, 0.6333, 0.8833],
            "transform": [
                [0.992881, -0.019672, -0.117477, 0.0, 0.060029, 0.934504, 0.350856, 0.05, 0.10288, -0.35541, 0.929031, -0.0, 0.0, 0.0, 0.0, 1.0],
                [0.99223, -0.061515, 0.108141, 0.0, 0.062379, 0.998042, -0.004622, 0.05, -0.107645, 0.011332, 0.994125, 0.0, 0.0, 0.0, 0.0, 1.0],
                [0.99223, -0.061515, 0.108141, 0.0, 0.062379, 0.998042, -0.004622, 0.05, -0.107645, 0.011332, 0.994125, -0.0, 0.0, 0.0, 0.0, 1.0],
                [0.964892, -0.061515, -0.255343, 0.0, 0.05656, 0.998042, -0.026712, 0.05, 0.256486, 0.011332, 0.966482, 0.0, 0.0, 0.0, 0.0, 1.0],
                [0.964892, -0.061515, -0.255343, 0.0, 0.05656, 0.998042, -0.026712, 0.05, 0.256486, 0.011332, 0.966482, 0.0, 0.0, 0.0, 0.0, 1.0]
            ]
        },
        {
            "name": "Chest",
            "time": [0.0, 0.35, 0.4833, 0.6333, 0.8833],
            "transform": [
                [0.984312, -0.108344, 0.139253, -0.0, 0.044852, 0.916978, 0.396408, 0.3, -0.17064, -0.383943, 0.907452, 0.0, 0.0, 0.0, 0.0, 1.0],
                [0.828475, -0.076659, 0.554754, -0.0, -0.040448, 0.979809, 0.1958, 0.3, -0.558563, -0.184654, 0.808647, 0.0, 0.0, 0.0, 0.0, 1.0],
                [0.828475, -0.076659, 0.554754, 0.0, -0.040448, 0.979809, 0.1958, 0.3, -0.558563, -0.184654, 0.808647, -0.0, 0.0, 0.0, 0.0, 1.0],
                [0.792992, 0.126979, -0.595852, -0.0, 0.200438, 0.869213, 0.451988, 0.3, 0.575316, -0.477855, 0.663828, -0.0, 0.0, 0.0, 0.0, 1.0],
                [0.773487, 0.231367, -0.590074, 0.0, 0.220606, 0.774502, 0.592858, 0.3, 0.594181, -0.588741, 0.548026, 0.0, 0.0, 0.0, 0.0, 1.0]
            ]
        },
        {
            "name": "Head",
            "time": [0.0, 0.2, 0.35, 0.4333, 0.6333, 0.8833],