{
    "animation": [
        {
            "name": "Root",
            "time": [0.0, 0.15, 0.2667, 0.4167, 0.5333],
            "transform": [
                [1.0, 0.0, 0.0, -5e-06, 0.0, 0.0, -1.0, 0.000946, 0.0, 1.0, 0.0, 0.715445, 0.0, 0.0, 0.0, 1.0],
                [1.0, 0.0, 0.0, -5e-06, 0.0, 0.0, -1.0, 0.000946, 0.0, 1.0, 0.0, 0.590014, 0.0, 0.0, 0.0, 1.0],
                [1.0, 0.0, 0.0, -5e-06, 0.0, 0.0, -1.0, 0.000946, 0.0, 1.0, 0.0, 0.771807, 0.0, 0.0, 0.0, 1.0],
                [1.0, 0.0, 0.0, -5e-06, 0.0, 0.0, -1.0, 0.000946, 0.0, 1.0, 0.0, 0.567698, 0.0, 0.0, 0.0, 1.0],
                [1.0, 0.0, 0.0, -5e-06, 0.0, 0.0, -1.0, 0.000946, 0.0, 1.0, 0.0, 0.715445, 0.0, 0.0, 0.0, 1.0]
            ]
        },
        {
            "name": "Thigh_R",
            "time": [0.0, 0.0833, 0.15, 0.2667, 0.4167, 0.5333],
            "transform": [
                [0.99841, 0.022982, -0.051459, 0.124994, 0.051547, -0.741546, 0.668917, -0.002831, -0.022786, -0.670505, -0.741554, -1.2e-05, 0.0, 0.0, 0.0, 1.0],
                [0.998348, 0.004928, -0.057229, 0.124994, 0.053007, -0.462872, 0.884838, -0.002831, -0.022129, -0.886409, -0.46237, -1.2e-05, 0.0, 0.0, 0.0, 1.0],
                [0.99841, 0.013076, -0.054821, 0.124994, 0.051547, -0.605138, 0.794449, -0.002831, -0.022786, -0.79601, -0.604852, -1.2e-05, 0.0, 0.0, 0.0, 1.0],
                [0.99841, 0.053867, -0.016572, 0.124994, 0.051547, -0.991683, -0.117911, -0.002831, -0.022786, 0.11687, -0.992886, -1.2e-05, 0.0, 0.0, 0.0, 1.0],
                [0.99841, 0.054156, 0.0156, 0.124994, 0.051547, -0.765583, -0.641267, -0.002831, -0.022786, 0.641051, -0.767159, -1.2e-05, 0.0, 0.0, 0.0, 1.0],
                [0.99841, 0.022982, -0.051459, 0.124994, 0.051547, -0.741546, 0.668917, -0.002831, -0.022786, -0.670505, -0.741554, -1.2e-05, 0.0, 0.0, 0.0, 1.0]
            ]
        },
        {
            "name": "Leg_R",
            "time": [0.0, 0.0833, 0.15, 0.2667, 0.4167, 0.5333],
            "transform": [
                [1.0, -2e-06, 2e-06, -0.0, -2e-06, -0.04747, 0.998872, 0.37472, -1e-06, -0.998873, -0.04747, -0.0, 0.0, 0.0, 0.0, 1.0],
                [1.0, 0.0, 2e-06, 0.0, -1e-06, 0.773697, 0.633556, 0.37472, -1e-06, -0.633557, 0.773695, -0.0, 0.0, 0.0, 0.0, 1.0],
                [1.0, 1e-06, 2e-06, -0.0, -1e-06, 0.919436, 0.39324, 0.37472, -1e-06, -0.393241, 0.919435, -0.0, 0.0, 0.0, 0.0, 1.0],
                [1.0, 1e-06, 2e-06, 0.0, -1e-06, 0.919436, 0.39324, 0.37472, -1e-06, -0.393241, 0.919435, -0.0, 0.0, 0.0, 0.0, 1.0],
                [1.0, 1e-06, 2e-06, 0.0, -1e-06, 0.919436, 0.39324, 0.37472, -1e-06, -0.393241, 0.919435, -0.0, 0.0, 0.0, 0.0, 1.0],
                [1.0, -2e-06, 2e-06, -0.0, -2e-06, -0.04747, 0.998872, 0.37472, -1e-06, -0.998873, -0.04747, -0.0, 0.0, 0.0, 0.0, 1.0]
            ]
        },
        {
            "name": "Knee_R",
            "time": [0.0, 0.0833, 0.15, 0.2667, 0.4167, 0.5333],
            "transform": [
                [1.0, 0.0, -0.0, -0.000179, -0.0, 0.187032, -0.982354, 0.436391, -0.0, 0.982354, 0.187031, -0.000613, 0.0, 0.0, 0.0, 1.0],
                [0.999081, 0.035221, -0.024438, -0.000179, -0.014419, -0.260761, -0.965296, 0.436391, -0.040371, 0.964761, -0.260014, -0.000613, 0.0, 0.0, 0.0, 1.0],
                [1.0, -0.0, -0.0, -0.000179, -0.0, -0.397195, -0.917734, 0.436391, -0.0, 0.917734, -0.397195, -0.000613, 0.0, 0.0, 0.0, 1.0],
                [1.0, -0.0, -0.0, -0.000179, -0.0, -0.397195, -0.917734, 0.436391, -0.0, 0.917734, -0.397195, -0.000613, 0.0, 0.0, 0.0, 1.0],
                [1.0, -0.0, -0.0, -0.000179, -0.0, -0.397195, -0.917734, 0.436391, -0.0, 0.917734, -0.397195, -0.000613, 0.0, 0.0, 0.0, 1.0],
                [1.0, 0.0, -0.0, -0.000179, -0.0, 0.187032, -0.982354, 0.436391, -0.0, 0.982354, 0.187031, -0.000613, 0.0, 0.0, 0.0, 1.0]
            ]
        },
        {
            "name": "Thigh_L",
            "time": [0.0, 0.15, 0.2667, 0.3333, 0.4167, 0.5333],
            "transform": [
                [0.999999, -4.6e-05, 7e-06, -0.125006, -3.9e-05, -0.925482, -0.37879, -0.002831, 2.4e-05, 0.378791, -0.925482, -1.2e-05, 0.0, 0.0, 0.0, 1.0],
                [0.999999, -4.4e-05, -1.3e-05, -0.125006, -3.9e-05, -0.681765, -0.731571, -0.002831, 2.4e-05, 0.731571, -0.681765, -1.2e-05, 0.0, 0.0, 0.0, 1.0],
                [0.999999, -2.5e-05, 3.9e-05, -0.125006, -3.9e-05, -0.891451, 0.453116, -0.002831, 2.3e-05, -0.453116, -0.891451, -1.2e-05, 0.0, 0.0, 0.0, 1.0],
                [0.999999, 1e-06, 4.6e-05, -0.125006, -3.9e-05, -0.48388, 0.875134, -0.002831, 2.3e-05, -0.875134, -0.48388, -1.2e-05, 0.0, 0.0, 0.0, 1.0],
                [0.999999, -5e-06, 4.6e-05, -0.125006, -3.9e-05, -0.600546, 0.79959, -0.002831, 2.3e-05, -0.79959, -0.600546, -1.2e-05, 0.0, 0.0, 0.0, 1.0],
                [0.999999, -4.6e-05, 7e-06, -0.125006, -3.9e-05, -0.925482, -0.37879, -0.002831, 2.4e-05, 0.378791, -0.925482, -1.2e-05, 0.0, 0.0, 0.0, 1.0]
            ]
        },
        {
            "name": "Leg_L",
            "time": [0.0, 0.15, 0.2667, 0.3333, 0.4167, 0.5333],
            "transform": [
                [1.0, -0.0, 1e-06, 0.0, 0.0, 0.999948, 0.010137, 0.37472, -1e-06, -0.010137, 0.999949, -0.0, 0.0, 0.0, 0.0, 1.0],
                [1.0, -0.0, 1e-06, 0.0, 0.0, 0.988703, 0.149884, 0.37472, -1e-06, -0.149883, 0.988704, 0.0, 0.0, 0.0, 0.0, 1.0],
                [1.0, -2e-06, -0.0, 0.0, -0.0, -0.177315, 0.984155, 0.37472, -2e-06, -0.984154, -0.177315, -0.0, 0.0, 0.0, 0.0, 1.0],
                [1.0, -1e-06, 1e-06, -0.0, -0.0, 0.491542, 0.870854, 0.37472, -1e-06, -0.870853, 0.491542, 0.0, 0.0, 0.0, 0.0, 1.0],
                [1.0, -0.0, 1e-06, -0.0, -0.0, 0.931238, 0.36441, 0.37472, -1e-06, -0.36441, 0.931239, -0.0, 0.0, 0.0, 0.0, 1.0],
                [1.0, -0.0, 1e-06, 0.0, 0.0, 0.999948, 0.010137, 0.37472, -1e-06, -0.010137, 0.999949, -0.0, 0.0, 0.0, 0.0, 1.0]
            ]
        },
        {
            "name": "Knee_L",
            "time": [0.0, 0.15, 0.2667, 0.3333, 0.4167, 0.5333],
            "transform": [
                [1.0, 0.0, -0.0, 0.0, -0.0, 1e-06, -1.0, 0.37472, -0.0, 1.0, 1e-06, -0.0, 0.0, 0.0, 0.0, 1.0],
                [1.0, 0.0, -0.0, 0.0, -0.0, 1e-06, -1.0, 0.37472, -0.0, 1.0, 1e-06, 0.0, 0.0, 0.0, 0.0, 1.0],
                [1.0, 0.0, -0.0, 0.0, -0.0, 0.641387, -0.767218, 0.37472, -0.0, 0.767218, 0.641387, -0.0, 0.0, 0.0, 0.0, 1.0],
                [1.0, 0.0, -0.0, -0.0, -0.0, 0.204293, -0.97891, 0.37472, -0.0, 0.97891, 0.204293, 0.0, 0.0, 0.0, 0.0, 1.0],
                [1.0, 0.0, -0.0, -0.0, -0.0, 0.173553, -0.984824, 0.37472, -0.0, 0.984824, 0.173553, -0.0, 0.0, 0.0, 0.0, 1.0],
                [1.0, 0.0, -0.0, 0.0, -0.0, 1e-06, -1.0, 0.37472, -0.0, 1.0, 1e-06, -0.0, 0.0, 0.0, 0.0, 1.0]
            ]
        },
        {
            "name": "Torso",
            "time": [0.0, 0.15, 0.2667, 0.4167, 0.5333],
            "transform": [
                [0.970242, -0.0, -0.242138, 0.0, 0.072758, 0.953788, 0.29154, 0.05, 0.230949, -0.300482, 0.925405, 0.0, 0.0, 0.0, 0.0, 1.0],
                [0.982122, 0.0, 0.188248, 0.0, -0.056565, 0.953788, 0.295109, 0.05, -0.179549, -0.300482, 0.936735, 0.0, 0.0, 0.0, 0.0, 1.0],
                [0.970242, -0.0, -0.242138, 0.0, 0.072758, 0.953788, 0.29154, 0.05, 0.230949, -0.300482, 0.925405, 0.0, 0.0, 0.0, 0.0, 1.0],
                [0.808546, -0.0, -0.588432, 0.0, 0.176813, 0.953788, 0.242953, 0.05, 0.56124, -0.300481, 0.771182, 0.0, 0.0, 0.0, 0.0, 1.0],
                [0.970242, -0.0, -0.242138, 0.0, 0.072758, 0.953788, 0.29154, 0.05, 0.230949, -0.300482, 0.925405, 0.0, 0.0, 0.0, 0.0, 1.0]
            ]
        },
        {
            "name": "Chest",
            "time": [0.0, 0.15, 0.2667, 0.4167, 0.5333],