{
    "animation": [
        {
            "name": "Root",
            "time": [0.0, 0.1833, 0.3667, 0.4167, 0.4667, 0.5333, 0.65, 1.0167],
            "transform": [
                [-0.391565, 0.0, 0.920151, -5e-06, 0.920151, 0.0, 0.391565, -0.012709, 0.0, 1.0, 0.0, 0.715161, 0.0, 0.0, 0.0, 1.0],
                [-0.486463, 0.0, 0.873701, -5e-06, 0.873701, 0.0, 0.486463, 0.016278, 0.0, 1.0, 0.0, 0.595352, 0.0, 0.0, 0.0, 1.0],
                [0.815573, 0.0, -0.578655, -5e-06, -0.578655, 0.0, -0.815573, 0.258842, 0.0, 1.0, 0.0, 0.595352, 0.0, 0.0, 0.0, 1.0],
                [0.787236, 0.0, -0.616651, -5e-06, -0.616651, 0.0, -0.787236, 0.286401, 0.0, 1.0, 0.0, 0.530449, 0.0, 0.0, 0.0, 1.0],
                [0.768136, 0.0, -0.640287, -5e-06, -0.640287, 0.0, -0.768136, 0.254463, 0.0, 1.0, 0.0, 0.687941, 0.0, 0.0, 0.0, 1.0],
                [0.749915, 0.0, -0.661534, -5e-06, -0.661534, 0.0, -0.749915, 0.256987, 0.0, 1.0, 0.0, 0.629203, 0.0, 0.0, 0.0, 1.0],
                [0.815573, 0.0, -0.578655, -5e-06, -0.578655, 0.0, -0.815573, 0.258842, 0.0, 1.0, 0.0, 0.595352, 0.0, 0.0, 0.0, 1.0],
                [0.999251, 0.0, 0.038692, -5e-06, 0.038692, 0.0, -0.999251, -0.012709, 0.0, 1.0, 0.0, 0.715161, 0.0, 0.0, 0.0, 1.0]
            ]
        },
        {
            "name": "Thigh_R",
            "time": [0.0, 0.1833, 0.3667, 0.65, 1.0167],
            "transform": [
                [0.7757, 0.451034, 0.441425, 0.124994, 0.35624, -0.890293, 0.283669, -0.002831, 0.520943, -0.062788, -0.851279, -1.2e-05, 0.0, 0.0, 0.0, 1.0],
                [0.741291, 0.516061, 0.429148, 0.124994, 0.580726, -0.813726, -0.024589, -0.002831, 0.336519, 0.267445, -0.9029, -1.2e-05, 0.0, 0.0, 0.0, 1.0],
                [0.992314, 0.116925, -0.04051, 0.124994, 0.110813, -0.693954, 0.71144, -0.002831, 0.055073, -0.710459, -0.701579, -1.2e-05, 0.0, 0.0, 0.0, 1.0],
                [0.997382, 0.051275, -0.050989, 0.124994, 0.071878, -0.625827, 0.776642, -0.002831, 0.007912, -0.778271, -0.627876, -1.2e-05, 0.0, 0.0, 0.0, 1.0],
                [0.979052, 0.105005, 0.174444, 0.124994, 0.052905, -0.958524, 0.280052, -0.002831, 0.196616, -0.264956, -0.944003, -1.2e-05, 0.0, 0.0, 0.0, 1.0]
            ]
        },
        {
            "name": "Leg_R",
            "time": [0.0, 0.1833, 0.3667, 0.65, 1.0167],
            "transform": [
                [1.0, -0.0, 1e-06, 0.0, -0.0, 0.824178, 0.566331, 0.37472, -1e-06, -0.566332, 0.824177, 0.0, 0.0, 0.0, 0.0, 1.0],
                [1.0, -0.0, 1e-06, 0.0, -0.0, 0.824178, 0.566331, 0.37472, -1e-06, -0.566332, 0.824177, -0.0, 0.0, 0.0, 0.0, 1.0],
                [1.0, -0.0, 1e-06, 0.0, -0.0, 0.824178, 0.566331, 0.37472, -1e-06, -0.566332, 0.824177, -0.0, 0.0, 0.0, 0.0, 1.0],
                [1.0, -0.0, 1e-06, 0.0, -0.0, 0.824178, 0.566331, 0.37472, -1e-06, -0.566332, 0.824177, -0.0, 0.0, 0.0, 0.0, 1.0],
                [1.0, 0.0, 1e-06, 0.0, -0.0, 0.955943, 0.293556, 0.37472, -1e-06, -0.293556, 0.955941, -0.0, 0.0, 0.0, 0.0, 1.0]
            ]
        },
        {
            "name": "Knee_R",
            "time": [0.0, 0.1833, 0.3667, 0.65, 1.0167],
            "transform": [
                [1.0, 0.0, -0.0, 0.0, -0.0, 1e-06, -1.0, 0.383077, -0.0, 1.0, 1e-06, -0.001653, 0.0, 0.0, 0.0, 1.0],
                [1.0, 0.0, -0.0, 0.0, -0.0, 1e-06, -1.0, 0.383077, -0.0, 1.0, 1e-06, -0.001653, 0.0, 0.0, 0.0, 1.0],
                [1.0, 0.0, -0.0, -0.0, -0.0, 1e-06, -1.0, 0.383077, -0.0, 1.0, 1e-06, -0.001653, 0.0, 0.0, 0.0, 1.0],
                [1.0, 0.0, -0.0, 0.0, -0.0, 1e-06, -1.0, 0.383077, -0.0, 1.0, 1e-06, -0.001653, 0.0, 0.0, 0.0, 1.0],
                [1.0, 0.0, -0.0, -0.0, -0.0, 1e-06, -1.0, 0.383077, -0.0, 1.0, 1e-06, -0.001653, 0.0, 0.0, 0.0, 1.0]
            ]
        },
        {
            "name": "Thigh_L",
            "time": [0.0, 0.1833, 0.3667, 0.65, 1.0167],
            "transform": [
                [0.854662, -0.413102, -0.314481, -0.125006, -0.182038, -0.805706, 0.563649, -0.002831, -0.486223, -0.424482, -0.763807, -1.2e-05, 0.0, 0.0, 0.0, 1.0],
                [0.905694, -0.405789, -0.122691, -0.125006, -0.172109, -0.61645, 0.768354, -0.002831, -0.387422, -0.674778, -0.628155, -1.2e-05, 0.0, 0.0, 0.0, 1.0],
                [0.905694, 0.033891, -0.422574, -0.125006, -0.172109, -0.88156, -0.439579, -0.002831, -0.387422, 0.470854, -0.792591, -1.2e-05, 0.0, 0.0, 0.0, 1.0],
                [0.905694, 0.093623, -0.413464, -0.125006, -0.172109, -0.810112, -0.560444, -0.002831, -0.387422, 0.578752, -0.7176, -1.2e-05, 0.0, 0.0, 0.0, 1.0],
                [0.95515, -0.069461, -0.287858, -0.125006, -0.059939, -0.997328, 0.041774, -0.002831, -0.28999, -0.022646, -0.956761, -1.2e-05, 0.0, 0.0, 0.0, 1.0]
            ]
        },
        {
            "name": "Leg_L",
            "time": [0.0, 0.1833, 0.3667, 0.65, 1.0167],
            "transform": [
                [1.0, -0.0, 1e-06, 0.0, -0.0, 0.865987, 0.500065, 0.37472, -1e-06, -0.500065, 0.865988, 0.0, 0.0, 0.0, 0.0, 1.0],
                [1.0, -0.0, 1e-06, -0.0, -0.0, 0.865988, 0.500065, 0.37472, -1e-06, -0.500065, 0.865988, -0.0, 0.0, 0.0, 0.0, 1.0],
                [1.0, -0.0, 1e-06, -0.0, -0.0, 0.865988, 0.500065, 0.37472, -1e-06, -0.500065, 0.865988, -0.0, 0.0, 0.0, 0.0, 1.0],
                [1.0, -0.0, 1e-06, 0.0, -0.0, 0.865987, 0.500065, 0.37472, -1e-06, -0.500065, 0.865988, 0.0, 0.0, 0.0, 0.0, 1.0],
                [1.0, 0.0, 1e-06, -0.0, -0.0, 0.987328, 0.158689, 0.37472, -1e-06, -0.158689, 0.987329, 0.0, 0.0, 0.0, 0.0, 1.0]
            ]
        },
        {
            "name": "Knee_L",
            "time": [0.0, 0.1833, 0.3667, 0.65, 1.0167],
            "transform": [
                [1.0, 0.0, -0.0, 0.0, -0.0, 1e-06, -1.0, 0.37472, -0.0, 1.0, 1e-06, 0.0, 0.0, 0.0, 0.0, 1.0],
                [1.0, 0.0, -0.0, -0.0, -0.0, 1e-06, -1.0, 0.37472, -0.0, 1.0, 1e-06, -0.0, 0.0, 0.0, 0.0, 1.0],
                [1.0, 0.0, -0.0, -0.0, -0.0, 1e-06, -1.0, 0.37472, -0.0, 1.0, 1e-06, -0.0, 0.0, 0.0, 0.0, 1.0],
                [1.0, 0.0, -0.0, 0.0, -0.0, 1e-06, -1.0, 0.37472, -0.0, 1.0, 1e-06, 0.0, 0.0, 0.0, 0.0, 1.0],
                [1.0, 0.0, -0.0, -0.0, -0.0, 1e-06, -1.0, 0.37472, -0.0, 1.0, 1e-06, 0.0, 0.0, 0.0, 0.0, 1.0]
            ]
        },
        {
            "name": "Torso",
            "time": [0.0, 0.1833, 0.3667, 0.65, 1.0167],
            "transform": [
                [0.996512, -0.002664, 0.083404, -0.0, -0.0, 0.99949, 0.031925, 0.05, -0.083446, -0.031814, 0.996004, 0.0, 0.0, 0.0, 0.0, 1.0],
                [0.996512, -0.002664, 0.083404, 0.0, -0.0, 0.99949, 0.031925, 0.05, -0.083446, -0.031814, 0.996004, 0.0, 0.0, 0.0, 0.0, 1.0],
                [0.983119, -0.002664, -0.182948, -0.0, 0.008438, 0.99949, 0.03079, 0.05, 0.182773, -0.031814, 0.98264, -0.0, 0.0, 0.0, 0.0, 1.0],
                [0.97713, -0.002664, -0.212627, -0.0, 0.009366, 0.99949, 0.03052, 0.05, 0.212437, -0.031814, 0.976657, -0.0, 0.0, 0.0, 0.0, 1.0],
                [0.996512, -0.002664, 0.083404, 0.0, -0.0, 0.99949, 0.031925, 0.05, -0.083446, -0.031814, 0.996004, -0.0, 0.0, 0.0, 0.0, 1.0]
            ]
        },
        {
            "name": "Chest",
            "time": [0.0, 0.1833, 0.3667, 0.65, 1.0167],
            "transform": [
                [0.99624, 0.04226, 0.075633, 0.0, -0.045595, 0.998038, 0.04292, 0.3, -0.07367, -0.046207, 0.996212, -0.0, 0.0, 0.0, 0.0, 1.0],
                [0.783366, 0.04226, 0.620123, 0.0, -0.061805, 0.998038, 0.01006, 0.3, -0.618481, -0.046207, 0.78444, 0.0, 0.0, 0.0, 0.0, 1.0],
                [0.616099, 0.148216, -0.773599, -0.0, 0.098803, 0.959837, 0.262585, 0.3, 0.781448, -0.238212, 0.57671, 0.0, 0.0, 0.0, 0.0, 1.0],
                [0.486535, 0.17142, -0.856679, -0.0, 0.131396, 0.955052, 0.265728, 0.3, 0.863724, -0.24185, 0.442143, -0.0, 0.0, 0.0, 0.0, 1.0],
                [0.996909, 0.004476, -0.078441, -0.0, 0.0, 0.998376, 0.056972, 0.3, 0.078568, -0.056796, 0.99529, -0.0, 0.0, 0.0, 0.0, 1.0]
            ]
        },
        {
            "name": "Head",