{
    
    "animation": [
        {
            "name": "Root",
            "time": [0.0, 0.1833, 0.3333, 0.6667],
            "transform": [
                [0.854689, 0.0, -0.51914, -5e-06, -0.51914, 0.0, -0.854689, 0.000946, 0.0, 1.0, 0.0, 0.755725, 0.0, 0.0, 0.0, 1.0],
                [0.639112, 0.0, -0.769113, -0.085884, -0.769113, 0.0, -0.639112, -0.199912, 0.0, 1.0, 0.0, 0.755725, 0.0, 0.0, 0.0, 1.0],
                [0.639112, 0.0, -0.769113, -0.085884, -0.769113, 0.0, -0.639112, -0.199912, 0.0, 1.0, 0.0, 0.755725, 0.0, 0.0, 0.0, 1.0],
                [0.639112, 0.0, -0.769113, -0.085884, -0.769113, 0.0, -0.639112, -0.199912, 0.0, 1.0, 0.0, 0.755725, 0.0, 0.0, 0.0, 1.0]
            ]
        },
        {
            "name": "Thigh_R",
            "time": [0.0, 0.1833, 0.3333, 0.6667],
            "transform": [
                [0.996122, 0.056386, -0.067528, 0.124994, 0.068868, -0.977426, 0.199728, -0.002831, -0.054742, -0.203604, -0.977522, -1.2e-05, 0.0, 0.0, 0.0, 1.0],
                [0.996122, 0.077473, -0.04168, 0.124994, 0.068868, -0.981518, -0.178537, -0.002831, -0.054742, 0.174974, -0.98305, -1.2e-05, 0.0, 0.0, 0.0, 1.0],
                [0.996122, 0.077473, -0.04168, 0.124994, 0.068868, -0.981518, -0.178537, -0.002831, -0.054742, 0.174974, -0.98305, -1.2e-05, 0.0, 0.0, 0.0, 1.0],
                [0.996122, 0.077473, -0.04168, 0.124994, 0.068868, -0.981518, -0.178537, -0.002831, -0.054742, 0.174974, -0.98305, -1.2e-05, 0.0, 0.0, 0.0, 1.0]
            ]
        },
        {
            "name": "Leg_R",
            "time": [0.0, 0.1167, 0.1833, 0.3333, 0.6667],
            "transform": [
                [1.0, -0.0, 2e-06, -0.0, -0.0, 0.9661, 0.258173, 0.37472, -2e-06, -0.258173, 0.966098, -0.0, 0.0, 0.0, 0.0, 1.0],
                [1.0, -1e-06, 1e-06, 0.0, -0.0, 0.652418, 0.757859, 0.37472, -2e-06, -0.75786, 0.652417, 0.0, 0.0, 0.0, 0.0, 1.0],
                [1.0, 0.0, 2e-06, -0.0, -0.0, 0.996929, 0.078321, 0.37472, -2e-06, -0.078321, 0.996927, -0.0, 0.0, 0.0, 0.0, 1.0],
                [1.0, 0.0, 2e-06, -0.0, -0.0, 0.996929, 0.078321, 0.37472, -2e-06, -0.078321, 0.996927, -0.0, 0.0, 0.0, 0.0, 1.0],
                [1.0, 0.0, 2e-06, -0.0, -0.0, 0.996929, 0.078321, 0.37472, -2e-06, -0.078321, 0.996927, -0.0, 0.0, 0.0, 0.0, 1.0]
            ]
        },
        {
            "name": "Knee_R",
            "time": [0.0, 0.6667],
            "transform": [
                [1.0, 0.0, -0.0, -0.0, -0.0, 1e-06, -1.0, 0.37472, -0.0, 1.0, 1e-06, -0.0, 0.0, 0.0, 0.0, 1.0],
                [1.0, 0.0, -0.0, -0.0, -0.0, 1e-06, -1.0, 0.37472, -0.0, 1.0, 1e-06, -0.0, 0.0, 0.0, 0.0, 1.0]
            ]
        },
        {
            "name": "Thigh_L",
            "time": [0.0, 0.1833, 0.3333, 0.6667],
            "transform": [
                [0.866588, -0.133703, -0.480778, -0.125006, -0.027838, -0.974891, 0.220935, -0.002831, -0.498245, -0.178075, -0.848552, -1.2e-05, 0.0, 0.0, 0.0, 1.0],
                [0.866588, -0.222181, -0.446832, -0.125006, -0.027838, -0.915545, 0.401252, -0.002831, -0.498245, -0.335281, -0.799586, -1.2e-05, 0.0, 0.0, 0.0, 1.0],
                [0.866588, -0.222181, -0.446832, -0.125006, -0.027838, -0.915545, 0.401252, -0.002831, -0.498245, -0.335281, -0.799586, -1.2e-05, 0.0, 0.0, 0.0, 1.0],
                [0.866588, -0.222181, -0.446832, -0.125006, -0.027838, -0.915545, 0.401252, -0.002831, -0.498245, -0.335281, -0.799586, -1.2e-05, 0.0, 0.0, 0.0, 1.0]
            ]
        },
        {
            "name": "Leg_L",
            "time": [0.0, 0.6667],
            "transform": [
                [1.0, -0.0, 1e-06, 0.0, 0.0, 0.984973, 0.172708, 0.37472, -1e-06, -0.172708, 0.984973, 0.0, 0.0, 0.0, 0.0, 1.0],
                [1.0, -0.0, 1e-06, 0.0, 0.0, 0.984973, 0.172708, 0.37472, -1e-06, -0.172708, 0.984973, 0.0, 0.0, 0.0, 0.0, 1.0]
            ]
        },
        {
            "name": "Knee_L",
            "time": [0.0, 0.6667],
            "transform": [
                [1.0, 0.0, -0.0, 0.0, -0.0, 1e-06, -1.0, 0.37472, -0.0, 1.0, 1e-06, 0.0, 0.0, 0.0, 0.0, 1.0],
                [1.0, 0.0, -0.0, 0.0, -0.0, 1e-06, -1.0, 0.37472, -0.0, 1.0, 1e-06, 0.0, 0.0, 0.0, 0.0, 1.0]
            ]
        },
        {
            "name": "Torso",
            "time": [0.0, 0.1833, 0.3333, 0.6667],
            "transform": [
                [0.99978, -0.020971, -0.000197, -0.0, 0.020971, 0.999603, 0.018833, 0.05, -0.000198, -0.018833, 0.999823, 0.0, 0.0, 0.0, 0.0, 1.0],
                [0.976731, -0.020971, 0.213439, -0.0, 0.016463, 0.999603, 0.02288, 0.05, -0.213834, -0.018833, 0.976688, 0.0, 0.0, 0.0, 0.0, 1.0],
                [0.976731, -0.020971, 0.213439, -0.0, 0.016463, 0.999603, 0.02288, 0.05, -0.213834, -0.018833, 0.976688, 0.0, 0.0, 0.0, 0.0, 1.0],
                [0.976731, -0.020971, 0.213439, -0.0, 0.016463, 0.999603, 0.02288, 0.05, -0.213834, -0.018833, 0.976688, 0.0, 0.0, 0.0, 0.0, 1.0]
            ]
        },
        {
            "name": "Chest",
            "time": [0.0, 0.1833, 0.35, 0.6667],
            "transform": [
                [0.999771, -0.021411, -0.000206, 0.0, 0.021411, 0.999586, 0.019228, 0.3, -0.000206, -0.019228, 0.999815, 0.0, 0.0, 0.0, 0.0, 1.0],
                [0.869283, -0.021411, 0.493851, 0.0, 0.009113, 0.999586, 0.027297, 0.3, -0.494231, -0.019228, 0.869118, -0.0, 0.0, 0.0, 0.0, 1.0],
                [0.563982, -0.021411, 0.82551, 0.0, -0.003804, 0.999586, 0.028525, 0.3, -0.825779, -0.019228, 0.563667, -0.0, 0.0, 0.0, 0.0, 1.0],
                [0.992982, -0.021411, -0.116312, 0.0, 0.0235, 0.999586, 0.016611, 0.3, 0.115908, -0.019228, 0.993074, -0.0, 0.0, 0.0, 0.0, 1.0]
            ]
        },
        {
            "name": "Head",
            "time": [0.0, 0.1833, 0.35, 0.6667],
            "transform": [
                [0.85311, 0.037721, 0.520365, -0.0, -0.006297, 0.998055, -0.062025, 0.4, -0.521693, 0.049637, 0.851688, 0.0, 0.0, 0.0, 0.0, 1.0],
                [0.993494, 0.018235, 0.112416, 0.0, -0.032114, 0.991897, 0.122918, 0.4, -0.109264, -0.125728, 0.986029, 0.0, 0.0, 0.0, 0.0, 1.0],
                [0.979715, 0.037721, -0.196815, 0.0, -0.04672, 0.998055, -0.041279, 0.4, 0.194875, 0.049637, 0.979571, -0.0, 0.0, 0.0, 0.0, 1.0],
                [0.697456, 0.037721, 0.715634, 0.0, 0.009278, 0.998055, -0.061649, 0.4, -0.716567, 0.049637, 0.69575, 0.0, 0.0, 0.0, 0.0, 1.0]
            ]
        },
        {
            "name": "Shoulder_R",
            "time": [0.0, 0.1833, 0.3333, 0.6667],
            "transform": [
                [0.089555, 0.949274, 0.301428, -0.0, -0.003656, -0.302328, 0.953197, 0.4, 0.995975, -0.086466, -0.023605, 0.0, 0.0, 0.0, 0.0, 1.0],
                [0.899187, 0.31718, 0.301428, 0.0, -0.275939, -0.123586, 0.953197, 0.4, 0.339587, -0.940278, -0.023605, 0.0, 0.0, 0.0, 0.0, 1.0],
                [0.899187, 0.31718, 0.301428, -0.0, -0.275939, -0.123586, 0.953197, 0.4, 0.339587, -0.940278, -0.023605, 0.0, 0.0, 0.0, 0.0, 1.0],
                [-0.049085, 0.952225, 0.301428, 0.0, 0.040236, -0.299661, 0.953197, 0.4, 0.997984, 0.058916, -0.023605, 0.0, 0.0, 0.0, 0.0, 1.0]
            ]
        },
        {
            "name": "Arm_R",
            "time": [0.0, 0.1833, 0.35, 0.4833, 0.6667],