{
    
    "animation": [
        {
            "name": "Root",
            "time": [0.0, 0.2167, 0.35, 0.5, 0.5833],
            "transform": [
                [0.956268, 0.0, -0.292491, 0.013738, -0.292491, 0.0, -0.956268, 0.208188, 0.0, 1.0, 0.0, 0.674962, 0.0, 0.0, 0.0, 1.0],
                [0.956268, -0.029302, -0.291019, -0.029619, -0.292491, -0.0958, -0.951458, 0.438028, 0.0, 0.994969, -0.100181, 0.645125, 0.0, 0.0, 0.0, 1.0],
                [0.974039, 0.022579, 0.225253, 0.028871, 0.223071, 0.073819, -0.972003, 0.882733, -0.038575, 0.997016, 0.066866, 0.48422, 0.0, 0.0, 0.0, 1.0],
                [0.974039, 0.022579, 0.225253, -0.010358, 0.223071, 0.073819, -0.972003, 1.056716, -0.038575, 0.997016, 0.066866, 0.499782, 0.0, 0.0, 0.0, 1.0],
                [0.974039, 0.022579, 0.225253, -0.010358, 0.223071, 0.073819, -0.972003, 1.056716, -0.038575, 0.997016, 0.066866, 0.499782, 0.0, 0.0, 0.0, 1.0]
            ]
        },
        {
            "name": "Thigh_R",
            "time": [0.0, 0.2167, 0.35, 0.5, 0.5833],
            "transform": [
                [0.925802, -0.217162, -0.309403, 0.124994, 0.04848, -0.743537, 0.666934, -0.002831, -0.374885, -0.632447, -0.677842, -1.2e-05, 0.0, 0.0, 0.0, 1.0],
                [0.925802, -0.321333, -0.199082, 0.124994, 0.04848, -0.421379, 0.905587, -0.002831, -0.374885, -0.848045, -0.374537, -1.2e-05, 0.0, 0.0, 0.0, 1.0],
                [0.971933, 0.224737, 0.069558, 0.124994, -0.034466, -0.156449, 0.987085, -0.002831, 0.232717, -0.961776, -0.144313, -1.2e-05, 0.0, 0.0, 0.0, 1.0],
                [0.971933, 0.220146, 0.082951, 0.124994, -0.034466, -0.215543, 0.975886, -0.002831, 0.232717, -0.951353, -0.201907, -1.2e-05, 0.0, 0.0, 0.0, 1.0],
                [0.971933, 0.220146, 0.082951, 0.124994, -0.034466, -0.215543, 0.975886, -0.002831, 0.232717, -0.951353, -0.201907, -1.2e-05, 0.0, 0.0, 0.0, 1.0]
            ]
        },
        {
            "name": "Leg_R",
            "time": [0.0, 0.2167, 0.35, 0.5, 0.5833],
            "transform": [
                [1.0, -2e-06, 1e-06, -0.0, -0.0, 0.112726, 0.993625, 0.37472, -2e-06, -0.993627, 0.112725, -0.0, 0.0, 0.0, 0.0, 1.0],
                [1.0, -2e-06, 0.0, 0.0, -0.0, -0.187891, 0.982189, 0.37472, -2e-06, -0.98219, -0.187891, 0.0, 0.0, 0.0, 0.0, 1.0],
                [1.0, -2e-06, 0.0, -0.0, -0.0, 0.090115, 0.995931, 0.37472, -2e-06, -0.995932, 0.090115, -0.0, 0.0, 0.0, 0.0, 1.0],
                [1.0, -2e-06, 1e-06, 0.0, -0.0, 0.32577, 0.945449, 0.37472, -2e-06, -0.94545, 0.325769, -0.0, 0.0, 0.0, 0.0, 1.0],
                [1.0, -2e-06, 1e-06, 0.0, -0.0, 0.32577, 0.945449, 0.37472, -2e-06, -0.94545, 0.325769, -0.0, 0.0, 0.0, 0.0, 1.0]
            ]
        },
        {
            "name": "Knee_R",
            "time": [0.0, 0.2167, 0.35, 0.5833],
            "transform": [
                [1.0, 0.0, -0.0, -0.0, -0.0, 1e-06, -1.0, 0.37472, -0.0, 1.0, 1e-06, -0.0, 0.0, 0.0, 0.0, 1.0],
                [1.0, 0.0, -0.0, 0.0, -0.0, 1e-06, -1.0, 0.37472, -0.0, 1.0, 1e-06, 0.0, 0.0, 0.0, 0.0, 1.0],
                [1.0, 0.0, -0.0, -0.0, -0.0, 0.660122, -0.751159, 0.37472, -0.0, 0.751159, 0.660121, -0.0, 0.0, 0.0, 0.0, 1.0],
                [1.0, 0.0, -0.0, 0.0, -0.0, 0.660121, -0.751159, 0.37472, -0.0, 0.751159, 0.660121, -0.0, 0.0, 0.0, 0.0, 1.0]
            ]
        },
        {
            "name": "Thigh_L",
            "time": [0.0, 0.2167, 0.35, 0.5, 0.5833],
            "transform": [
                [0.919006, 0.037104, -0.392491, -0.109662, -0.066944, -0.966416, -0.248109, -0.002831, -0.388516, 0.25429, -0.885659, 0.02525, 0.0, 0.0, 0.0, 1.0],
                [0.919006, 0.037104, -0.392491, -0.109662, -0.066944, -0.966416, -0.248109, -0.002831, -0.388516, 0.25429, -0.885659, 0.02525, 0.0, 0.0, 0.0, 1.0],
                [0.968428, -0.243624, -0.052855, -0.109662, -0.231185, -0.798349, -0.55605, -0.002831, 0.09327, 0.550715, -0.829466, 0.02525, 0.0, 0.0, 0.0, 1.0],
                [0.995703, -0.066837, 0.064092, -0.109662, -0.020344, -0.833111, -0.552732, -0.002831, 0.090339, 0.549054, -0.83089, 0.02525, 0.0, 0.0, 0.0, 1.0],
                [0.995703, -0.066837, 0.064092, -0.109662, -0.020344, -0.833111, -0.552732, -0.002831, 0.090339, 0.549054, -0.83089, 0.02525, 0.0, 0.0, 0.0, 1.0]
            ]
        },
        {
            "name": "Leg_L",
            "time": [0.0, 0.2167, 0.5, 0.5833],
            "transform": [
                [0.999964, 0.005265, 0.006734, -0.0, -0.00757, 0.911364, 0.411532, 0.37472, -0.003971, -0.411567, 0.911371, -0.0, 0.0, 0.0, 0.0, 1.0],
                [0.999964, 0.005265, 0.006734, 0.0, -0.00757, 0.911364, 0.411532, 0.37472, -0.003971, -0.411568, 0.911371, -0.0, 0.0, 0.0, 0.0, 1.0],
                [0.999964, 0.00473, 0.00712, 0.0, -0.00757, 0.876917, 0.480582, 0.37472, -0.003971, -0.480618, 0.876921, 0.0, 0.0, 0.0, 0.0, 1.0],
                [0.999964, 0.00473, 0.00712, 0.0, -0.00757, 0.876917, 0.480582, 0.37472, -0.003971, -0.480618, 0.876921, 0.0, 0.0, 0.0, 0.0, 1.0]
            ]
        },
        {
            "name": "Knee_L",
            "time": [0.0, 0.2167, 0.5833],
            "transform": [
                [1.0, 0.0, -0.0, -0.0, -0.0, 1e-06, -1.0, 0.37472, -0.0, 1.0, 1e-06, -0.0, 0.0, 0.0, 0.0, 1.0],
                [1.0, 0.0, -0.0, 0.0, -0.0, 1e-06, -1.0, 0.37472, -0.0, 1.0, 1e-06, -0.0, 0.0, 0.0, 0.0, 1.0],
                [1.0, 0.0, -0.0, 0.0, -0.0, 1e-06, -1.0, 0.37472, -0.0, 1.0, 1e-06, 0.0, 0.0, 0.0, 0.0, 1.0]
            ]
        },
        {
            "name": "Torso",
            "time": [0.0, 0.2167, 0.35, 0.5833],
            "transform": [
                [0.855132, -0.021421, 0.517967, 0.0, -0.021077, 0.996883, 0.076023, 0.05, -0.517981, -0.075927, 0.852016, -0.0, 0.0, 0.0, 0.0, 1.0],
                [0.847907, 0.11298, 0.517967, 0.0, -0.177186, 0.981237, 0.076023, 0.05, -0.499659, -0.156237, 0.852016, -0.0, 0.0, 0.0, 0.0, 1.0],
                [0.30332, 0.11298, 0.946168, 0.0, -0.183798, 0.981237, -0.058246, 0.05, -0.934995, -0.156237, 0.318394, 0.0, 0.0, 0.0, 0.0, 1.0],
                [0.30332, 0.11298, 0.946168, 0.0, -0.183798, 0.981237, -0.058246, 0.05, -0.934995, -0.156237, 0.318394, -0.0, 0.0, 0.0, 0.0, 1.0]
            ]
        },
        {
            "name": "Chest",
            "time": [0.0, 0.2167, 0.35, 0.5833],
            "transform": [
                [0.562562, 0.067819, 0.823969, -0.0, 0.225861, 0.946111, -0.232079, 0.3, -0.795305, 0.316661, 0.516929, -0.0, 0.0, 0.0, 0.0, 1.0],
                [0.562562, 0.067819, 0.823969, 0.0, 0.225861, 0.946111, -0.232079, 0.3, -0.795305, 0.316661, 0.516929, 0.0, 0.0, 0.0, 0.0, 1.0],
                [0.903406, 0.238509, 0.35633, 0.0, -0.294205, 0.949337, 0.110462, 0.3, -0.311931, -0.204626, 0.927808, -0.0, 0.0, 0.0, 0.0, 1.0],
                [0.869986, 0.340814, 0.35633, 0.0, -0.401422, 0.909207, 0.110462, 0.3, -0.28633, -0.239139, 0.927808, -0.0, 0.0, 0.0, 0.0, 1.0]
            ]
        },
        {
            "name": "Head",
            "time": [0.0, 0.2167, 0.35, 0.5833],
            "transform": [
                [0.862853, 0.212177, -0.458765, -0.0, -0.091239, 0.9581, 0.271513, 0.4, 0.497151, -0.192419, 0.846059, -0.0, 0.0, 0.0, 0.0, 1.0],
                [0.408527, 0.212177, -0.887743, -0.0, 0.091908, 0.9581, 0.271288, 0.4, 0.908107, -0.192419, 0.371909, 0.0, 0.0, 0.0, 0.0, 1.0],
                [-0.172698, -0.177942, -0.968768, -0.0, -0.01169, 0.983847, -0.178628, 0.4, 0.984905, -0.019523, -0.171989, -0.0, 0.0, 0.0, 0.0, 1.0],
                [-0.172698, -0.409652, -0.895746, -0.0, -0.01169, 0.910198, -0.414008, 0.4, 0.984906, -0.061027, -0.161979, -0.0, 0.0, 0.0, 0.0, 1.0]
            ]
        },
        {
            "name": "Shoulder_R",
            "time": [0.0, 0.2167, 0.35, 0.5833],