{
    
    "animation": [
        {
            "name": "Root",
            "time": [0.0, 0.3333, 0.6167, 0.9167],
            "transform": [
                [0.974039, 0.022579, 0.225253, -0.010358, 0.223071, 0.073819, -0.972003, 1.056716, -0.038575, 0.997016, 0.066866, 0.499782, 0.0, 0.0, 0.0, 1.0],
                [0.999339, 0.022579, 0.028494, -0.006085, 0.026757, 0.073819, -0.996913, 1.070684, -0.024612, 0.997016, 0.073166, 0.688436, 0.0, 0.0, 0.0, 1.0],
                [0.999339, 0.022579, 0.028494, -0.006085, 0.026757, 0.073819, -0.996913, 1.070684, -0.024612, 0.997016, 0.073166, 0.688436, 0.0, 0.0, 0.0, 1.0],
                [0.999339, 0.022579, 0.028494, -0.004451, 0.026757, 0.073819, -0.996913, 1.076028, -0.024612, 0.997016, 0.073166, 0.760612, 0.0, 0.0, 0.0, 1.0]
            ]
        },
        {
            "name": "Thigh_R",
            "time": [0.0, 0.3333, 0.6167, 0.9167],
            "transform": [
                [0.971933, 0.220146, 0.082951, 0.124994, -0.034466, -0.215543, 0.975886, -0.002831, 0.232717, -0.951353, -0.201907, -1.2e-05, 0.0, 0.0, 0.0, 1.0],
                [0.971933, 0.128322, 0.197177, 0.124994, -0.034466, -0.751421, 0.65892, -0.002831, 0.232717, -0.647221, -0.725911, -1.2e-05, 0.0, 0.0, 0.0, 1.0],
                [0.971933, 0.128322, 0.197177, 0.124994, -0.034466, -0.751421, 0.65892, -0.002831, 0.232717, -0.647221, -0.725911, -1.2e-05, 0.0, 0.0, 0.0, 1.0],
                [0.971933, 0.060294, 0.227398, 0.124994, -0.034466, -0.919673, 0.391165, -0.002831, 0.232717, -0.388023, -0.891785, -1.2e-05, 0.0, 0.0, 0.0, 1.0]
            ]
        },
        {
            "name": "Leg_R",
            "time": [0.0, 0.3333, 0.6167, 0.9167],
            "transform": [
                [1.0, -2e-06, 1e-06, 0.0, -0.0, 0.32577, 0.945449, 0.37472, -2e-06, -0.94545, 0.325769, -0.0, 0.0, 0.0, 0.0, 1.0],
                [1.0, -1e-06, 2e-06, -0.0, -0.0, 0.770602, 0.637317, 0.37472, -2e-06, -0.637318, 0.770601, -0.0, 0.0, 0.0, 0.0, 1.0],
                [1.0, -1e-06, 2e-06, -0.0, -0.0, 0.770602, 0.637317, 0.37472, -2e-06, -0.637318, 0.770601, -0.0, 0.0, 0.0, 0.0, 1.0],
                [1.0, -0.0, 2e-06, -0.0, -0.0, 0.972984, 0.230875, 0.37472, -2e-06, -0.230875, 0.972983, 0.0, 0.0, 0.0, 0.0, 1.0]
            ]
        },
        {
            "name": "Knee_R",
            "time": [0.0, 0.6167, 0.9167],
            "transform": [
                [1.0, 0.0, -0.0, 0.0, -0.0, 0.660121, -0.751159, 0.37472, -0.0, 0.751159, 0.660121, -0.0, 0.0, 0.0, 0.0, 1.0],
                [1.0, 0.0, -0.0, -0.0, -0.0, 0.660122, -0.751159, 0.37472, -0.0, 0.751159, 0.660122, -0.0, 0.0, 0.0, 0.0, 1.0],
                [1.0, 0.0, -0.0, -0.0, -0.0, 0.660121, -0.751159, 0.37472, -0.0, 0.751159, 0.660121, 0.0, 0.0, 0.0, 0.0, 1.0]
            ]
        },
        {
            "name": "Thigh_L",
            "time": [0.0, 0.3333, 0.6167, 0.9167],
            "transform": [
                [0.995703, -0.066837, 0.064092, -0.109662, -0.020344, -0.833111, -0.552732, -0.002831, 0.090339, 0.549054, -0.83089, 0.02525, 0.0, 0.0, 0.0, 1.0],
                [0.995703, -0.03008, 0.08758, -0.109662, -0.020344, -0.993723, -0.110002, -0.002831, 0.090339, 0.107748, -0.990065, 0.02525, 0.0, 0.0, 0.0, 1.0],
                [0.995703, -0.03008, 0.08758, -0.109662, -0.020344, -0.993723, -0.110002, -0.002831, 0.090339, 0.107748, -0.990065, 0.02525, 0.0, 0.0, 0.0, 1.0],
                [0.995703, -0.025445, 0.089037, -0.109662, -0.020344, -0.998124, -0.057736, -0.002831, 0.090339, 0.055677, -0.994353, 0.02525, 0.0, 0.0, 0.0, 1.0]
            ]
        },
        {
            "name": "Leg_L",
            "time": [0.0, 0.6167, 0.9167],
            "transform": [
                [0.999964, 0.00473, 0.00712, 0.0, -0.00757, 0.876917, 0.480582, 0.37472, -0.003971, -0.480618, 0.876921, 0.0, 0.0, 0.0, 0.0, 1.0],
                [0.999964, 0.00473, 0.00712, 0.0, -0.00757, 0.876917, 0.480582, 0.37472, -0.003971, -0.480618, 0.876921, 0.0, 0.0, 0.0, 0.0, 1.0],
                [0.999964, 0.007099, 0.004763, 0.0, -0.00757, 0.994155, 0.107695, 0.37472, -0.003971, -0.107727, 0.994173, -0.0, 0.0, 0.0, 0.0, 1.0]
            ]
        },
        {
            "name": "Knee_L",
            "time": [0.0, 0.6167, 0.9167],
            "transform": [
                [1.0, 0.0, -0.0, 0.0, -0.0, 1e-06, -1.0, 0.37472, -0.0, 1.0, 1e-06, 0.0, 0.0, 0.0, 0.0, 1.0],
                [1.0, 0.0, -0.0, 0.0, -0.0, 1e-06, -1.0, 0.37472, -0.0, 1.0, 1e-06, 0.0, 0.0, 0.0, 0.0, 1.0],
                [1.0, 0.0, -0.0, 0.0, -0.0, 1e-06, -1.0, 0.37472, -0.0, 1.0, 1e-06, -0.0, 0.0, 0.0, 0.0, 1.0]
            ]
        },
        {
            "name": "Torso",
            "time": [0.0, 0.3333, 0.9167],
            "transform": [
                [0.30332, 0.11298, 0.946168, 0.0, -0.183798, 0.981237, -0.058246, 0.05, -0.934995, -0.156237, 0.318394, -0.0, 0.0, 0.0, 0.0, 1.0],
                [0.993334, 0.11298, -0.022884, 0.0, -0.107923, 0.981237, 0.159771, 0.05, 0.040506, -0.156237, 0.986889, 0.0, 0.0, 0.0, 0.0, 1.0],
                [0.998986, -0.015385, -0.042317, 0.0, 0.014781, 0.999785, -0.01454, 0.05, 0.042531, 0.0139, 0.998998, 0.0, 0.0, 0.0, 0.0, 1.0]
            ]
        },
        {
            "name": "Chest",
            "time": [0.0, 0.1667, 0.3333, 0.5333, 0.9167],
            "transform": [
                [0.869986, 0.340814, 0.35633, 0.0, -0.401422, 0.909207, 0.110462, 0.3, -0.28633, -0.239139, 0.927808, -0.0, 0.0, 0.0, 0.0, 1.0],
                [0.918974, 0.242664, 0.310808, 0.0, -0.321941, 0.916861, 0.23605, 0.3, -0.227687, -0.316985, 0.920695, -0.0, 0.0, 0.0, 0.0, 1.0],
                [0.920853, -0.158302, 0.35633, -0.0, 0.126717, 0.985769, 0.110462, 0.3, -0.368745, -0.056566, 0.927808, -0.0, 0.0, 0.0, 0.0, 1.0],
                [0.681329, -0.158302, 0.714654, 0.0, 0.067589, 0.985769, 0.153919, 0.3, -0.72885, -0.056566, 0.682333, -0.0, 0.0, 0.0, 0.0, 1.0],
                [0.990588, -0.014157, 0.13614, 0.0, 0.019332, 0.999137, -0.036765, 0.3, -0.135502, 0.039051, 0.990007, 0.0, 0.0, 0.0, 0.0, 1.0]
            ]
        },
        {
            "name": "Head",
            "time": [0.0, 0.1833, 0.4333, 0.7167, 0.9167],
            "transform": [
                [-0.172698, -0.409652, -0.895746, -0.0, -0.01169, 0.910198, -0.414008, 0.4, 0.984906, -0.061027, -0.161979, -0.0, 0.0, 0.0, 0.0, 1.0],
                [0.609363, 0.14245, -0.77999, 0.0, 0.101707, 0.961559, 0.255068, 0.4, 0.786341, -0.23476, 0.57145, -0.0, 0.0, 0.0, 0.0, 1.0],
                [0.948325, -0.090802, -0.304031, 0.0, 0.071794, 0.994734, -0.073149, 0.4, 0.309071, 0.047542, 0.94985, 0.0, 0.0, 0.0, 0.0, 1.0],
                [0.967337, 0.119282, -0.223678, -0.0, -0.084399, 0.98358, 0.159522, 0.4, 0.239033, -0.135433, 0.96152, 0.0, 0.0, 0.0, 0.0, 1.0],
                [0.970641, 0.0137, -0.240144, 0.0, -0.014883, 0.999884, -0.003114, 0.4, 0.240073, 0.006597, 0.970732, -0.0, 0.0, 0.0, 0.0, 1.0]
            ]
        },
        {
            "name": "Shoulder_R",
            "time": [0.0, 0.3167, 0.5333, 0.6167, 0.9167],
            "transform": [
                [-0.371227, 0.904142, 0.211466, -0.0, -0.008257, -0.230944, 0.972932, 0.4, 0.928505, 0.359432, 0.093198, -0.0, 0.0, 0.0, 0.0, 1.0],
                [-0.087246, 0.993357, -0.075036, 0.0, -0.112283, 0.065037, 0.991546, 0.4, 0.989839, 0.094934, 0.105863, 0.0, 0.0, 0.0, 0.0, 1.0],
                [0.496291, 0.855039, 0.150344, 0.0, -0.038169, -0.151518, 0.987717, 0.4, 0.867317, -0.495934, -0.042561, -0.0, 0.0, 0.0, 0.0, 1.0],
                [0.496291, 0.855039, 0.150344, -0.0, -0.038169, -0.151518, 0.987717, 0.4, 0.867317, -0.495934, -0.042561, -0.0, 0.0, 0.0, 0.0, 1.0],
                [-0.112556, 0.957559, 0.265351, 0.0, 0.059871, -0.260028, 0.963743, 0.4, 0.99184, 0.124362, -0.028063, -0.0, 0.0, 0.0, 0.0, 1.0]
            ]
        },
        {
            "name": "Arm_R",
            "time": [0.0, 0.25, 0.3167, 0.6167, 0.9167],