{
    
    "animation": [
        {
            "name": "Root",
            "time": [0.0, 1.3, 2.6333, 3.95],
            "transform": [
                [0.854689, 0.0, -0.51914, -5e-06, -0.51914, 0.0, -0.854689, 0.000946, 0.0, 1.0, 0.0, 0.777146, 0.0, 0.0, 0.0, 1.0],
                [0.854689, 0.0, -0.51914, -5e-06, -0.51914, 0.0, -0.854689, 0.000946, 0.0, 1.0, 0.0, 0.784764, 0.0, 0.0, 0.0, 1.0],
                [0.854689, 0.0, -0.51914, -5e-06, -0.51914, 0.0, -0.854689, 0.000946, 0.0, 1.0, 0.0, 0.777146, 0.0, 0.0, 0.0, 1.0],
                [0.854689, 0.0, -0.51914, -5e-06, -0.51914, 0.0, -0.854689, 0.000946, 0.0, 1.0, 0.0, 0.777146, 0.0, 0.0, 0.0, 1.0]
            ]
        },
        {
            "name": "Thigh_R",
            "time": [0.0, 1.3, 2.6333, 3.95],
            "transform": [
                [0.996122, 0.056386, -0.067528, 0.124994, 0.068868, -0.977426, 0.199728, -0.002831, -0.054742, -0.203604, -0.977522, -1.2e-05, 0.0, 0.0, 0.0, 1.0],
                [0.99442, 0.077604, -0.071457, 0.124994, 0.088415, -0.98261, 0.163266, -0.002831, -0.057545, -0.168672, -0.983991, -1.2e-05, 0.0, 0.0, 0.0, 1.0],
                [0.996122, 0.056386, -0.067528, 0.124994, 0.068868, -0.977426, 0.199728, -0.002831, -0.054742, -0.203604, -0.977522, -1.2e-05, 0.0, 0.0, 0.0, 1.0],
                [0.996122, 0.056386, -0.067528, 0.124994, 0.068868, -0.977426, 0.199728, -0.002831, -0.054742, -0.203604, -0.977522, -1.2e-05, 0.0, 0.0, 0.0, 1.0]
            ]
        },
        {
            "name": "Leg_R",
            "time": [0.0, 1.3, 2.6333, 3.95],
            "transform": [
                [1.0, -0.0, 2e-06, -0.0, -0.0, 0.9661, 0.258173, 0.37472, -2e-06, -0.258173, 0.966098, -0.0, 0.0, 0.0, 0.0, 1.0],
                [0.99835, -0.057004, 0.006977, 0.0, 0.055248, 0.986482, 0.154279, 0.37472, -0.015677, -0.153639, 0.988002, -0.0, 0.0, 0.0, 0.0, 1.0],
                [1.0, -0.0, 2e-06, -0.0, -0.0, 0.9661, 0.258173, 0.37472, -2e-06, -0.258173, 0.966098, -0.0, 0.0, 0.0, 0.0, 1.0],
                [1.0, -0.0, 2e-06, -0.0, -0.0, 0.9661, 0.258173, 0.37472, -2e-06, -0.258173, 0.966098, -0.0, 0.0, 0.0, 0.0, 1.0]
            ]
        },
        {
            "name": "Knee_R",
            "time": [0.0, 3.95],
            "transform": [
                [1.0, 0.0, -0.0, -0.0, -0.0, 1e-06, -1.0, 0.37472, -0.0, 1.0, 1e-06, -0.0, 0.0, 0.0, 0.0, 1.0],
                [1.0, 0.0, -0.0, -0.0, -0.0, 1e-06, -1.0, 0.37472, -0.0, 1.0, 1e-06, -0.0, 0.0, 0.0, 0.0, 1.0]
            ]
        },
        {
            "name": "Thigh_L",
            "time": [0.0, 1.2833, 2.6333, 3.95],
            "transform": [
                [0.862919, -0.170302, -0.475781, -0.109662, -0.086164, -0.977301, 0.193541, -0.002831, -0.497941, -0.126015, -0.858006, 0.02525, 0.0, 0.0, 0.0, 1.0],
                [0.866773, -0.125695, -0.482601, -0.109662, -0.083884, -0.990675, 0.107364, -0.002831, -0.491595, -0.052577, -0.869235, 0.02525, 0.0, 0.0, 0.0, 1.0],
                [0.862919, -0.170302, -0.475781, -0.109662, -0.086164, -0.977301, 0.193541, -0.002831, -0.497941, -0.126015, -0.858006, 0.02525, 0.0, 0.0, 0.0, 1.0],
                [0.862919, -0.170302, -0.475781, -0.109662, -0.086164, -0.977301, 0.193541, -0.002831, -0.497941, -0.126015, -0.858006, 0.02525, 0.0, 0.0, 0.0, 1.0]
            ]
        },
        {
            "name": "Leg_L",
            "time": [0.0, 1.3, 2.6333, 3.95],
            "transform": [
                [0.999985, 0.000377, 0.005472, 0.0, -0.001379, 0.982875, 0.184266, 0.37472, -0.005308, -0.184271, 0.982861, -0.0, 0.0, 0.0, 0.0, 1.0],
                [0.999996, -0.001983, -0.001927, -0.0, 0.002163, 0.995159, 0.098253, 0.37472, 0.001723, -0.098257, 0.99516, -0.0, 0.0, 0.0, 0.0, 1.0],
                [0.999985, 0.000377, 0.005472, 0.0, -0.001379, 0.982875, 0.184266, 0.37472, -0.005308, -0.184271, 0.982861, -0.0, 0.0, 0.0, 0.0, 1.0],
                [0.999985, 0.000377, 0.005472, 0.0, -0.001379, 0.982875, 0.184266, 0.37472, -0.005308, -0.184271, 0.982861, -0.0, 0.0, 0.0, 0.0, 1.0]
            ]
        },
        {
            "name": "Knee_L",
            "time": [0.0, 3.95],
            "transform": [
                [1.0, 0.0, -0.0, 0.0, -0.0, 1e-06, -1.0, 0.37472, -0.0, 1.0, 1e-06, -0.0, 0.0, 0.0, 0.0, 1.0],
                [1.0, 0.0, -0.0, 0.0, -0.0, 1e-06, -1.0, 0.37472, -0.0, 1.0, 1e-06, -0.0, 0.0, 0.0, 0.0, 1.0]
            ]
        },
        {
            "name": "Torso",
            "time": [0.0, 1.3167, 2.6333, 3.95],
            "transform": [
                [0.965662, -0.025127, 0.258583, -0.0, 0.020968, 0.999603, 0.018828, 0.05, -0.258953, -0.012759, 0.965806, 0.0, 0.0, 0.0, 0.0, 1.0],
                [0.965257, -0.04114, 0.258043, -0.0, 0.029601, 0.998387, 0.048444, 0.05, -0.25962, -0.039123, 0.964918, 0.0, 0.0, 0.0, 0.0, 1.0],
                [0.965662, -0.025127, 0.258583, -0.0, 0.020968, 0.999603, 0.018828, 0.05, -0.258953, -0.012759, 0.965806, 0.0, 0.0, 0.0, 0.0, 1.0],
                [0.965662, -0.025127, 0.258583, -0.0, 0.020968, 0.999603, 0.018828, 0.05, -0.258953, -0.012759, 0.965806, 0.0, 0.0, 0.0, 0.0, 1.0]
            ]
        },
        {
            "name": "Chest",
            "time": [0.0, 1.3, 2.6333, 3.95],
            "transform": [
                [0.997431, -0.023894, 0.067533, -0.0, 0.022738, 0.999582, 0.017843, 0.3, -0.067931, -0.016261, 0.997558, -0.0, 0.0, 0.0, 0.0, 1.0],
                [0.997794, -0.004705, 0.066218, -0.0, 0.007965, 0.998764, -0.04905, 0.3, -0.065905, 0.049469, 0.996599, -0.0, 0.0, 0.0, 0.0, 1.0],
                [0.997431, -0.023894, 0.067533, -0.0, 0.022738, 0.999582, 0.017843, 0.3, -0.067931, -0.016261, 0.997558, -0.0, 0.0, 0.0, 0.0, 1.0],
                [0.997431, -0.023894, 0.067533, -0.0, 0.022738, 0.999582, 0.017843, 0.3, -0.067931, -0.016261, 0.997558, -0.0, 0.0, 0.0, 0.0, 1.0]
            ]
        },
        {
            "name": "Head",
            "time": [0.0, 3.95],
            "transform": [
                [0.989016, 0.03176, 0.144357, 0.0, -0.026637, 0.99895, -0.037285, 0.4, -0.145389, 0.033031, 0.988823, -0.0, 0.0, 0.0, 0.0, 1.0],
                [0.989016, 0.03176, 0.144357, 0.0, -0.026637, 0.99895, -0.037285, 0.4, -0.145389, 0.033031, 0.988823, -0.0, 0.0, 0.0, 0.0, 1.0]
            ]
        },
        {
            "name": "Shoulder_R",
            "time": [0.0, 3.95],
            "transform": [
                [-0.059544, 0.923942, 0.37787, 0.0, -0.044266, -0.380613, 0.923674, 0.4, 0.997244, 0.038273, 0.063562, -0.0, 0.0, 0.0, 0.0, 1.0],
                [-0.059544, 0.923942, 0.37787, 0.0, -0.044266, -0.380613, 0.923674, 0.4, 0.997244, 0.038273, 0.063562, -0.0, 0.0, 0.0, 0.0, 1.0]
            ]
        },
        {
            "name": "Arm_R",
            "time": [0.0, 1.3, 2.6333, 3.95],
            "transform": [
                [-0.218895, 0.064466, -0.973617, 0.0, 0.826533, 0.54256, -0.149902, 0.39386, 0.518582, -0.837539, -0.172047, -0.0, 0.0, 0.0, 0.0, 1.0],
                [-0.23637, 0.144224, -0.9609, -0.0, 0.820778, 0.558925, -0.118011, 0.393861, 0.520051, -0.816579, -0.250489, 0.0, 0.0, 0.0, 0.0, 1.0],
                [-0.218895, 0.064466, -0.973617, 0.0, 0.826533, 0.54256, -0.149902, 0.39386, 0.518582, -0.837539, -0.172047, -0.0, 0.0, 0.0, 0.0, 1.0],
                [-0.218895, 0.064466, -0.973617, 0.0, 0.826533, 0.54256, -0.149902, 0.39386, 0.518582, -0.837539, -0.172047, -0.0, 0.0, 0.0, 0.0, 1.0]
            ]
        },
        {
            "name": "Hand_R",
            "time": [0.0, 2.6333, 3.95],