{
    "animation": [
        {
            "name": "Root",
            "time": [0.0, 0.1833, 0.2833, 0.3667, 0.6667, 0.9167],
            "transform": [
                [0.847658, 0.028558, -0.529774, -5e-06, -0.529381, 0.111567, -0.841016, 0.022344, 0.035088, 0.993347, 0.109689, 0.636264, 0.0, 0.0, 0.0, 1.0],
                [0.343357, 0.185397, -0.920725, 0.005059, -0.935137, -0.023662, -0.353496, 0.24511, -0.087323, 0.982379, 0.165247, 0.727242, 0.0, 0.0, 0.0, 1.0],
                [0.996472, -0.029834, -0.078444, 0.013228, -0.064608, 0.323865, -0.943895, 0.528797, 0.053565, 0.945633, 0.320795, 0.771833, 0.0, 0.0, 0.0, 1.0],
                [0.859918, -0.050799, 0.507898, -0.005241, 0.509395, 0.148807, -0.847569, 0.704108, -0.032523, 0.987561, 0.153839, 0.6131, 0.0, 0.0, 0.0, 1.0],
                [0.729996, -0.070781, 0.679776, -5e-06, 0.682058, 0.138907, -0.717984, 0.757912, -0.043606, 0.987773, 0.149678, 0.636264, 0.0, 0.0, 0.0, 1.0],
                [0.729996, -0.070781, 0.679776, -5e-06, 0.682058, 0.138907, -0.717984, 0.757912, -0.043606, 0.987773, 0.149678, 0.636264, 0.0, 0.0, 0.0, 1.0]
            ]
        },
        {
            "name": "Thigh_R",
            "time": [0.0, 0.1833, 0.2833, 0.3667, 0.6667, 0.9167],
            "transform": [
                [0.953427, 0.29094, 0.079563, 0.124994, 0.300274, -0.94047, -0.159209, -0.002831, 0.028507, 0.175685, -0.984034, -1.2e-05, 0.0, 0.0, 0.0, 1.0],
                [0.985176, 0.171538, -0.001125, 0.124994, 0.168123, -0.964215, 0.20499, -0.002831, 0.034079, -0.20214, -0.978764, -1.2e-05, 0.0, 0.0, 0.0, 1.0],
                [0.92223, -0.066064, -0.380955, 0.124994, 0.321299, -0.417142, 0.850152, -0.002831, -0.215078, -0.906434, -0.363476, -1.2e-05, 0.0, 0.0, 0.0, 1.0],
                [0.900241, 0.409065, 0.149102, 0.124994, 0.096535, -0.521462, 0.847796, -0.002831, 0.424555, -0.748825, -0.508932, -1.2e-05, 0.0, 0.0, 0.0, 1.0],
                [0.884101, 0.410208, 0.223815, 0.124994, 0.051192, -0.561096, 0.826166, -0.002831, 0.464482, -0.718955, -0.517066, -1.2e-05, 0.0, 0.0, 0.0, 1.0],
                [0.884101, 0.410208, 0.223815, 0.124994, 0.051192, -0.561096, 0.826166, -0.002831, 0.464482, -0.718955, -0.517066, -1.2e-05, 0.0, 0.0, 0.0, 1.0]
            ]
        },
        {
            "name": "Leg_R",
            "time": [0.0, 0.1833, 0.2833, 0.3667, 0.6667, 0.9167],
            "transform": [
                [1.0, -0.0, 1e-06, 0.0, 0.0, 0.95511, 0.296255, 0.37472, -1e-06, -0.296255, 0.955108, -0.0, 0.0, 0.0, 0.0, 1.0],
                [1.0, -1e-06, 1e-06, 0.0, 0.0, 0.781725, 0.623623, 0.37472, -1e-06, -0.623624, 0.781724, -0.0, 0.0, 0.0, 0.0, 1.0],
                [1.0, -1e-06, 0.0, -0.0, 0.0, 0.351584, 0.936156, 0.37472, -1e-06, -0.936157, 0.351584, 0.0, 0.0, 0.0, 0.0, 1.0],
                [1.0, -1e-06, 1e-06, -0.0, 0.0, 0.595332, 0.80348, 0.37472, -1e-06, -0.803481, 0.595331, -0.0, 0.0, 0.0, 0.0, 1.0],
                [1.0, -1e-06, 1e-06, -0.0, 0.0, 0.781725, 0.623623, 0.37472, -1e-06, -0.623624, 0.781724, 0.0, 0.0, 0.0, 0.0, 1.0],
                [1.0, -1e-06, 1e-06, -0.0, 0.0, 0.781725, 0.623623, 0.37472, -1e-06, -0.623624, 0.781724, 0.0, 0.0, 0.0, 0.0, 1.0]
            ]
        },
        {
            "name": "Knee_R",
            "time": [0.0, 0.1833, 0.2833, 0.3667, 0.6667, 0.9167],
            "transform": [
                [1.0, 0.0, -0.0, 0.0, -0.0, 1e-06, -1.0, 0.37472, -0.0, 1.0, 1e-06, -0.0, 0.0, 0.0, 0.0, 1.0],
                [1.0, 0.0, -0.0, 0.0, -0.0, 1e-06, -1.0, 0.37472, -0.0, 1.0, 1e-06, -0.0, 0.0, 0.0, 0.0, 1.0],
                [1.0, 0.0, -0.0, -0.0, -0.0, 0.346462, -0.938064, 0.37472, -0.0, 0.938064, 0.346462, 0.0, 0.0, 0.0, 0.0, 1.0],
                [1.0, 0.0, -0.0, -0.0, -0.0, 1e-06, -1.0, 0.37472, -0.0, 1.0, 1e-06, -0.0, 0.0, 0.0, 0.0, 1.0],
                [1.0, 0.0, -0.0, -0.0, -0.0, 1e-06, -1.0, 0.37472, -0.0, 1.0, 1e-06, 0.0, 0.0, 0.0, 0.0, 1.0],
                [1.0, 0.0, -0.0, -0.0, -0.0, 1e-06, -1.0, 0.37472, -0.0, 1.0, 1e-06, 0.0, 0.0, 0.0, 0.0, 1.0]
            ]
        },
        {
            "name": "Thigh_L",
            "time": [0.0, 0.1833, 0.2833, 0.3667, 0.6667, 0.9167],
            "transform": [
                [0.857115, -0.396557, -0.328778, -0.125006, 0.010604, -0.624533, 0.780926, -0.002831, -0.515014, -0.672831, -0.531092, -1.2e-05, 0.0, 0.0, 0.0, 1.0],
                [0.586882, -0.65519, -0.475704, -0.125006, -0.010472, -0.593621, 0.804676, -0.002831, -0.809604, -0.467269, -0.355248, -1.2e-05, 0.0, 0.0, 0.0, 1.0],
                [0.97259, -0.141496, -0.184514, -0.125006, -0.066738, -0.930016, 0.361408, -0.002831, -0.222738, -0.339188, -0.913968, -1.2e-05, 0.0, 0.0, 0.0, 1.0],
                [0.969206, -0.190526, 0.156006, -0.125006, -0.209531, -0.970895, 0.116012, -0.002831, 0.129362, -0.145128, -0.980919, -1.2e-05, 0.0, 0.0, 0.0, 1.0],
                [0.935291, -0.264154, 0.235484, -0.125006, -0.238755, -0.962195, -0.131057, -0.002831, 0.261201, 0.066354, -0.963001, -1.2e-05, 0.0, 0.0, 0.0, 1.0],
                [0.935291, -0.264154, 0.235484, -0.125006, -0.238755, -0.962195, -0.131057, -0.002831, 0.261201, 0.066354, -0.963001, -1.2e-05, 0.0, 0.0, 0.0, 1.0]
            ]
        },
        {
            "name": "Leg_L",
            "time": [0.0, 0.1833, 0.2833, 0.3667, 0.6667, 0.9167],
            "transform": [
                [0.999989, -0.001038, -0.004543, 0.0, 0.003782, 0.750227, 0.661169, 0.37472, 0.002722, -0.661179, 0.750223, 0.0, 0.0, 0.0, 0.0, 1.0],
                [0.999989, -0.001038, -0.004543, 0.0, 0.003782, 0.750227, 0.661169, 0.37472, 0.002722, -0.661179, 0.750224, 0.0, 0.0, 0.0, 0.0, 1.0],
                [0.999989, -0.002562, -0.003893, 0.0, 0.003782, 0.934186, 0.356764, 0.37472, 0.002722, -0.356775, 0.934187, 0.0, 0.0, 0.0, 0.0, 1.0],
                [0.999989, -0.001393, -0.004447, 0.0, 0.003782, 0.800089, 0.59987, 0.37472, 0.002722, -0.59988, 0.800086, 0.0, 0.0, 0.0, 0.0, 1.0],
                [0.999989, -0.002092, -0.004164, -0.0, 0.003782, 0.886426, 0.462854, 0.37472, 0.002722, -0.462864, 0.886425, -0.0, 0.0, 0.0, 0.0, 1.0],
                [0.999989, -0.002092, -0.004164, -0.0, 0.003782, 0.886426, 0.462854, 0.37472, 0.002722, -0.462864, 0.886425, -0.0, 0.0, 0.0, 0.0, 1.0]
            ]
        },
        {
            "name": "Knee_L",
            "time": [0.0, 0.1833, 0.3667, 0.6667, 0.9167],
            "transform": [
                [1.0, 0.0, -0.0, 0.0, -0.0, 1e-06, -1.0, 0.37472, -0.0, 1.0, 1e-06, 0.0, 0.0, 0.0, 0.0, 1.0],
                [1.0, 0.0, -0.0, 0.0, -0.0, 1e-06, -1.0, 0.37472, -0.0, 1.0, 1e-06, 0.0, 0.0, 0.0, 0.0, 1.0],
                [1.0, 0.0, -0.0, 0.0, -0.0, 1e-06, -1.0, 0.37472, -0.0, 1.0, 1e-06, 0.0, 0.0, 0.0, 0.0, 1.0],
                [1.0, 0.0, -0.0, -0.0, -0.0, 1e-06, -1.0, 0.37472, -0.0, 1.0, 1e-06, -0.0, 0.0, 0.0, 0.0, 1.0],
                [1.0, 0.0, -0.0, -0.0, -0.0, 1e-06, -1.0, 0.37472, -0.0, 1.0, 1e-06, -0.0, 0.0, 0.0, 0.0, 1.0]
            ]
        },
        {
            "name": "Torso",
            "time": [0.0, 0.1833, 0.3667, 0.6667, 0.9167],
            "transform": [
                [0.999042, -0.043673, -0.002706, -0.0, 0.04367, 0.999045, -0.001423, 0.05, 0.002765, 0.001304, 0.999995, 0.0, 0.0, 0.0, 0.0, 1.0],
                [0.999042, -0.043531, 0.004443, 0.0, 0.04367, 0.985477, -0.164096, 0.05, 0.002765, 0.164133, 0.986434, -0.0, 0.0, 0.0, 0.0, 1.0],
                [0.811239, -0.043517, 0.583093, 0.0, 0.13077, 0.98547, -0.108389, 0.05, -0.569903, 0.16418, 0.805143, -0.0, 0.0, 0.0, 0.0, 1.0],
                [0.919674, -0.043531, 0.390263, 0.0, 0.103704, 0.985477, -0.134462, 0.05, -0.378742, 0.164133, 0.910832, 0.0, 0.0, 0.0, 0.0, 1.0],
                [0.919674, -0.043531, 0.390263, 0.0, 0.103704, 0.985477, -0.134462, 0.05, -0.378742, 0.164133, 0.910832, 0.0, 0.0, 0.0, 0.0, 1.0]
            ]
        },
        {
            "name": "Chest",
            "time": [0.0, 0.1833, 0.3667, 0.6667, 0.9167],