{
    "animation": [
        {
            "name": "Root",
            "time": [0.0, 0.0667, 0.15, 0.3167, 0.5333],
            "transform": [
                [1.0, 0.0, 0.0, -5e-06, 0.0, 0.0, -1.0, 0.000946, 0.0, 1.0, 0.0, 0.6541, 0.0, 0.0, 0.0, 1.0],
                [0.828739, 0.133844, 0.543394, 0.120734, 0.558882, -0.147585, -0.816008, -1.382274, -0.029021, 0.979951, -0.197112, 0.6541, 0.0, 0.0, 0.0, 1.0],
                [0.709886, 0.190892, 0.677954, 0.159187, 0.70419, -0.174159, -0.68832, -1.498538, -0.013323, 0.966038, -0.258057, 0.6541, 0.0, 0.0, 0.0, 1.0],
                [0.890834, 0.179514, 0.417361, 0.095783, 0.453143, -0.284714, -0.844748, -1.62386, -0.032815, 0.941654, -0.334979, 0.6541, 0.0, 0.0, 0.0, 1.0],
                [1.0, 0.0, 0.0, -5e-06, 0.0, 0.0, -1.0, -1.622894, 0.0, 1.0, 0.0, 0.6541, 0.0, 0.0, 0.0, 1.0]
            ]
        },
        {
            "name": "Thigh_R",
            "time": [0.0, 0.0667, 0.15, 0.3167, 0.5333],
            "transform": [
                [0.867734, 0.187503, 0.460304, 0.124994, 0.314718, -0.924077, -0.216864, -0.002831, 0.384694, 0.333046, -0.860866, -1.2e-05, 0.0, 0.0, 0.0, 1.0],
                [0.814847, 0.465762, 0.345092, 0.124994, 0.289703, -0.842847, 0.453517, -0.002831, 0.502092, -0.269572, -0.821727, -1.2e-05, 0.0, 0.0, 0.0, 1.0],
                [0.803349, 0.529573, 0.272364, 0.124994, 0.26462, -0.727178, 0.633393, -0.002831, 0.533485, -0.436761, -0.724315, -1.2e-05, 0.0, 0.0, 0.0, 1.0],
                [0.767776, 0.512208, 0.384918, 0.124994, 0.408594, -0.854165, 0.321636, -0.002831, 0.493529, -0.089668, -0.865095, -1.2e-05, 0.0, 0.0, 0.0, 1.0],
                [0.867734, 0.187503, 0.460304, 0.124994, 0.314718, -0.924077, -0.216864, -0.002831, 0.384694, 0.333046, -0.860866, -1.2e-05, 0.0, 0.0, 0.0, 1.0]
            ]
        },
        {
            "name": "Leg_R",
            "time": [0.0, 0.0667, 0.15, 0.3167, 0.5333],
            "transform": [
                [1.0, 1e-06, 0.0, -0.0, -1e-06, 0.913636, 0.406535, 0.37472, 0.0, -0.406536, 0.913634, 0.0, 0.0, 0.0, 0.0, 1.0],
                [1.0, 1e-06, 0.0, -0.0, -1e-06, 0.928898, 0.370337, 0.37472, 0.0, -0.370338, 0.928897, -0.0, 0.0, 0.0, 0.0, 1.0],
                [1.0, 1e-06, 0.0, 0.0, -1e-06, 0.947064, 0.321046, 0.37472, 0.0, -0.321047, 0.947063, 0.0, 0.0, 0.0, 0.0, 1.0],
                [1.0, 0.0, 1e-06, 0.0, -1e-06, 0.336132, 0.941814, 0.37472, 0.0, -0.941816, 0.336132, 0.0, 0.0, 0.0, 0.0, 1.0],
                [1.0, 1e-06, 0.0, -0.0, -1e-06, 0.913636, 0.406535, 0.37472, 0.0, -0.406536, 0.913634, 0.0, 0.0, 0.0, 0.0, 1.0]
            ]
        },
        {
            "name": "Knee_R",
            "time": [0.0, 0.0667, 0.15, 0.5333],
            "transform": [
                [1.0, -0.0, -0.0, -0.0, -0.0, -0.389408, -0.921066, 0.439324, 0.0, 0.921065, -0.389408, -0.000954, 0.0, 0.0, 0.0, 1.0],
                [1.0, -0.0, -0.0, -0.0, -0.0, -0.389408, -0.921065, 0.439324, 0.0, 0.921065, -0.389408, -0.000954, 0.0, 0.0, 0.0, 1.0],
                [1.0, -0.0, -0.0, 0.0, -0.0, -0.389408, -0.921066, 0.439324, 0.0, 0.921066, -0.389408, -0.000954, 0.0, 0.0, 0.0, 1.0],
                [1.0, -0.0, -0.0, -0.0, -0.0, -0.389408, -0.921066, 0.439324, 0.0, 0.921065, -0.389408, -0.000953, 0.0, 0.0, 0.0, 1.0]
            ]
        },
        {
            "name": "Thigh_L",
            "time": [0.0, 0.0667, 0.15, 0.5333],
            "transform": [
                [0.986259, -0.153535, -0.060986, -0.125006, -0.062758, -0.689684, 0.721385, -0.002831, -0.152819, -0.707646, -0.689843, -1.2e-05, 0.0, 0.0, 0.0, 1.0],
                [0.952861, 0.299242, -0.050085, -0.125006, 0.180649, -0.42693, 0.886056, -0.002831, 0.243762, -0.853337, -0.460864, -1.2e-05, 0.0, 0.0, 0.0, 1.0],
                [0.899078, 0.431587, -0.073424, -0.125006, 0.226706, -0.315511, 0.921443, -0.002831, 0.374516, -0.845095, -0.381512, -1.2e-05, 0.0, 0.0, 0.0, 1.0],
                [0.986259, -0.153535, -0.060986, -0.125006, -0.062758, -0.689684, 0.721385, -0.002831, -0.152819, -0.707646, -0.689843, -1.2e-05, 0.0, 0.0, 0.0, 1.0]
            ]
        },
        {
            "name": "Leg_L",
            "time": [0.0, 0.0667, 0.15, 0.5333],
            "transform": [
                [0.998698, 0.045125, 0.023791, -0.0, -0.047365, 0.647098, 0.760934, 0.37472, 0.018943, -0.76107, 0.648393, 0.0, 0.0, 0.0, 0.0, 1.0],
                [0.998645, 0.033876, 0.039517, -0.0, -0.048232, 0.316875, 0.94724, 0.37472, 0.019566, -0.947862, 0.31808, 0.0, 0.0, 0.0, 0.0, 1.0],
                [0.998698, 0.028062, 0.042601, 0.0, -0.047365, 0.199997, 0.978651, 0.37472, 0.018943, -0.979394, 0.201065, 0.0, 0.0, 0.0, 0.0, 1.0],
                [0.998698, 0.045125, 0.023791, 0.0, -0.047365, 0.647098, 0.760934, 0.37472, 0.018943, -0.76107, 0.648393, -0.0, 0.0, 0.0, 0.0, 1.0]
            ]
        },
        {
            "name": "Knee_L",
            "time": [0.0, 0.0667, 0.15, 0.5333],
            "transform": [
                [1.0, 0.0, -0.0, -0.0, -0.0, 1e-06, -1.0, 0.37472, -0.0, 1.0, 1e-06, 0.0, 0.0, 0.0, 0.0, 1.0],
                [1.0, 0.0, -0.0, -0.0, -0.0, 1e-06, -1.0, 0.37472, -0.0, 1.0, 1e-06, 0.0, 0.0, 0.0, 0.0, 1.0],
                [1.0, 0.0, -0.0, 0.0, -0.0, 1e-06, -1.0, 0.37472, -0.0, 1.0, 1e-06, 0.0, 0.0, 0.0, 0.0, 1.0],
                [1.0, 0.0, -0.0, 0.0, -0.0, 1e-06, -1.0, 0.37472, -0.0, 1.0, 1e-06, -0.0, 0.0, 0.0, 0.0, 1.0]
            ]
        },
        {
            "name": "Torso",
            "time": [0.0, 0.0667, 0.15, 0.5333],
            "transform": [
                [1.0, 0.0, 0.0, 0.0, 0.0, 0.988633, 0.150347, 0.05, 0.0, -0.150347, 0.988633, 0.0, 0.0, 0.0, 0.0, 1.0],
                [1.0, 0.0, -0.0, -0.0, 0.0, 0.999001, 0.044701, 0.05, -0.0, -0.044701, 0.999, 0.0, 0.0, 0.0, 0.0, 1.0],
                [1.0, 0.0, 0.0, 0.0, -0.0, 0.99998, 0.006375, 0.05, 0.0, -0.006375, 0.99998, 0.0, 0.0, 0.0, 0.0, 1.0],
                [1.0, 0.0, 0.0, 0.0, 0.0, 0.988633, 0.150347, 0.05, 0.0, -0.150347, 0.988633, 0.0, 0.0, 0.0, 0.0, 1.0]
            ]
        },
        {
            "name": "Chest",
            "time": [0.0, 0.0667, 0.15, 0.5333],
            "transform": [
                [0.955481, -0.066115, 0.28755, 0.0, 0.022811, 0.988206, 0.151418, 0.3, -0.29417, -0.138118, 0.945721, 0.0, 0.0, 0.0, 0.0, 1.0],
                [0.876049, -0.118207, 0.467509, -0.0, -0.123871, 0.881795, 0.455075, 0.3, -0.466041, -0.456579, 0.757853, -0.0, 0.0, 0.0, 0.0, 1.0],
                [0.991877, -0.116042, -0.052102, -0.0, 0.125534, 0.826899, 0.54816, 0.3, -0.020526, -0.550247, 0.834749, -0.0, 0.0, 0.0, 0.0, 1.0],
                [0.955481, -0.066115, 0.28755, 0.0, 0.022811, 0.988206, 0.151418, 0.3, -0.29417, -0.138118, 0.945721, 0.0, 0.0, 0.0, 0.0, 1.0]
            ]
        },
        {
            "name": "Head",
            "time": [0.0, 0.0667, 0.15, 0.5333],
            "transform": [
                [0.992033, 0.0, -0.12598, 0.0, -0.003093, 0.999699, -0.024352, 0.4, 0.125942, 0.024548, 0.991734, 0.0, 0.0, 0.0, 0.0, 1.0],
                [0.869631, 0.127436, -0.476973, 0.0, -0.189825, 0.978153, -0.084755, 0.4, 0.455751, 0.164247, 0.874822, -0.0, 0.0, 0.0, 0.0, 1.0],
                [0.800715, 0.155508, -0.57851, -0.0, -0.251303, 0.963832, -0.088743, 0.4, 0.543786, 0.216439, 0.810834, 0.0, 0.0, 0.0, 0.0, 1.0],
                [0.992033, 0.0, -0.12598, -0.0, -0.003093, 0.999699, -0.024352, 0.4, 0.125942, 0.024548, 0.991734, -0.0, 0.0, 0.0, 0.0, 1.0]
            ]
        },
        {
            "name": "Shoulder_R",
            "time": [0.0, 0.0667, 0.15, 0.5333],