{
    "animation": [
        {
            "name": "Root",
            "time": [0.0, 0.0667, 0.1167, 0.4, 0.4833, 0.6, 0.8667],
            "transform": [
                [0.854339, 0.028643, -0.518927, -5e-06, -0.51914, 0.0, -0.854689, 0.000946, -0.024481, 0.99959, 0.01487, 0.753683, 0.0, 0.0, 0.0, 1.0],
                [0.996374, 0.002317, 0.085055, -0.005355, 0.084415, 0.098455, -0.991555, 0.280629, -0.010671, 0.995139, 0.097902, 0.739437, 0.0, 0.0, 0.0, 1.0],
                [0.850762, 0.033758, 0.524465, -0.004342, 0.508933, 0.196045, -0.838185, 0.422553, -0.131114, 0.980014, 0.149607, 0.688817, 0.0, 0.0, 0.0, 1.0],
                [0.752268, 0.015731, 0.658669, -0.005038, 0.639754, 0.221548, -0.735956, 0.490211, -0.157504, 0.975023, 0.1566, 0.678407, 0.0, 0.0, 0.0, 1.0],
                [0.956203, 0.073661, 0.283282, -0.028207, 0.244716, 0.329798, -0.911782, 0.799954, -0.160589, 0.941173, 0.297328, 0.774647, 0.0, 0.0, 0.0, 1.0],
                [0.963948, 0.111818, -0.241454, -0.055395, -0.253047, 0.104618, -0.961781, 1.134009, -0.082284, 0.988206, 0.129142, 0.607369, 0.0, 0.0, 0.0, 1.0],
                [0.889745, 0.114615, -0.441834, -0.06677, -0.450899, 0.070078, -0.88982, 1.262515, -0.071024, 0.990935, 0.114031, 0.594036, 0.0, 0.0, 0.0, 1.0]
            ]
        },
        {
            "name": "Thigh_R",
            "time": [0.0, 0.0667, 0.1167, 0.4, 0.4833, 0.6, 0.8667],
            "transform": [
                [0.992811, 0.11785, -0.020883, 0.124994, 0.118536, -0.992318, 0.035348, -0.002831, -0.016557, -0.037569, -0.999157, -1.2e-05, 0.0, 0.0, 0.0, 1.0],
                [0.971746, 0.230167, -0.052263, 0.124994, 0.218364, -0.792659, 0.569215, -0.002831, 0.089588, -0.564544, -0.820526, -1.2e-05, 0.0, 0.0, 0.0, 1.0],
                [0.867892, 0.434505, 0.240763, 0.124994, 0.125942, -0.661303, 0.739469, -0.002831, 0.480521, -0.611456, -0.628665, -1.2e-05, 0.0, 0.0, 0.0, 1.0],
                [0.832918, 0.492856, 0.251672, 0.124994, 0.090427, -0.569877, 0.816739, -0.002831, 0.545957, -0.657517, -0.51923, -1.2e-05, 0.0, 0.0, 0.0, 1.0],
                [0.90981, 0.273491, 0.312167, 0.124994, 0.133008, -0.904631, 0.404905, -0.002831, 0.393134, -0.326864, -0.859421, -1.2e-05, 0.0, 0.0, 0.0, 1.0],
                [0.714679, 0.623831, 0.316334, 0.124994, 0.619904, -0.77439, 0.126631, -0.002831, 0.323963, 0.105597, -0.940158, -1.2e-05, 0.0, 0.0, 0.0, 1.0],
                [0.693802, 0.630255, 0.348448, 0.124994, 0.687119, -0.724206, -0.058224, -0.002831, 0.215652, 0.279821, -0.935518, -1.2e-05, 0.0, 0.0, 0.0, 1.0]
            ]
        },
        {
            "name": "Leg_R",
            "time": [0.0, 0.0667, 0.1167, 0.4, 0.4833, 0.6, 0.8667],
            "transform": [
                [1.0, -0.0, 1e-06, 0.0, 0.0, 0.997612, 0.069073, 0.37472, -1e-06, -0.069073, 0.997611, 0.0, 0.0, 0.0, 0.0, 1.0],
                [1.0, -1e-06, 0.0, -0.0, -0.0, 0.079329, 0.996848, 0.37472, -1e-06, -0.996849, 0.079329, -0.0, 0.0, 0.0, 0.0, 1.0],
                [1.0, -1e-06, 1e-06, -0.0, 0.0, 0.711333, 0.702855, 0.37472, -1e-06, -0.702856, 0.711332, 0.0, 0.0, 0.0, 0.0, 1.0],
                [1.0, -1e-06, 0.0, -0.0, 0.0, 0.628586, 0.777739, 0.37472, -1e-06, -0.777741, 0.628586, 0.0, 0.0, 0.0, 0.0, 1.0],
                [1.0, -0.0, 1e-06, 0.0, 0.0, 0.960323, 0.278893, 0.37472, -1e-06, -0.278894, 0.960321, -0.0, 0.0, 0.0, 0.0, 1.0],
                [1.0, -0.0, 1e-06, 0.0, 0.0, 0.908879, 0.417062, 0.37472, -1e-06, -0.417062, 0.908877, -0.0, 0.0, 0.0, 0.0, 1.0],
                [1.0, -0.0, 1e-06, -0.0, 0.0, 0.947598, 0.319467, 0.37472, -1e-06, -0.319467, 0.947597, -0.0, 0.0, 0.0, 0.0, 1.0]
            ]
        },
        {
            "name": "Knee_R",
            "time": [0.0, 0.0667, 0.1167, 0.4, 0.6, 0.8667],
            "transform": [
                [1.0, 0.0, -0.0, 0.0, -0.0, 1e-06, -1.0, 0.37472, -0.0, 1.0, 1e-06, 0.0, 0.0, 0.0, 0.0, 1.0],
                [1.0, 0.0, -0.0, -0.0, -0.0, 0.500583, -0.865689, 0.37472, -0.0, 0.865689, 0.500583, -0.0, 0.0, 0.0, 0.0, 1.0],
                [1.0, 0.0, -0.0, -0.0, -0.0, 1e-06, -1.0, 0.37472, -0.0, 1.0, 1e-06, 0.0, 0.0, 0.0, 0.0, 1.0],
                [1.0, 0.0, -0.0, -0.0, -0.0, 1e-06, -1.0, 0.37472, -0.0, 1.0, 1e-06, 0.0, 0.0, 0.0, 0.0, 1.0],
                [1.0, 0.0, -0.0, 0.0, -0.0, 1e-06, -1.0, 0.37472, -0.0, 1.0, 1e-06, -0.0, 0.0, 0.0, 0.0, 1.0],
                [1.0, 0.0, -0.0, -0.0, -0.0, 1e-06, -1.0, 0.37472, -0.0, 1.0, 1e-06, -0.0, 0.0, 0.0, 0.0, 1.0]
            ]
        },
        {
            "name": "Thigh_L",
            "time": [0.0, 0.0667, 0.1167, 0.4, 0.4833, 0.6, 0.8667],
            "transform": [
                [0.869242, -0.05516, -0.491298, -0.125006, -0.021407, -0.997024, 0.074063, -0.002831, -0.493921, -0.053862, -0.867836, -1.2e-05, 0.0, 0.0, 0.0, 1.0],
                [0.999273, -0.029776, -0.023794, -0.125006, -0.028853, -0.998852, 0.038229, -0.002831, -0.024905, -0.037515, -0.998985, -1.2e-05, 0.0, 0.0, 0.0, 1.0],
                [0.963348, -0.259896, -0.066427, -0.125006, -0.267637, -0.947951, -0.172506, -0.002831, -0.018135, 0.183962, -0.982766, -1.2e-05, 0.0, 0.0, 0.0, 1.0],
                [0.95393, -0.300025, -0.00118, -0.125006, -0.29293, -0.930506, -0.219886, -0.002831, 0.064874, 0.210102, -0.975524, -1.2e-05, 0.0, 0.0, 0.0, 1.0],
                [0.978985, 0.040831, 0.199801, -0.125006, -0.089679, -0.793733, 0.601618, -0.002831, 0.183153, -0.606894, -0.773392, -1.2e-05, 0.0, 0.0, 0.0, 1.0],
                [0.936899, -0.207717, -0.281197, -0.125006, 0.074025, -0.668238, 0.740255, -0.002831, -0.34167, -0.71436, -0.610696, -1.2e-05, 0.0, 0.0, 0.0, 1.0],
                [0.880894, -0.342372, -0.326813, -0.125006, 0.12261, -0.501846, 0.856222, -0.002831, -0.457156, -0.794312, -0.400096, -1.2e-05, 0.0, 0.0, 0.0, 1.0]
            ]
        },
        {
            "name": "Leg_L",
            "time": [0.0, 0.1167, 0.4, 0.4833, 0.6, 0.8667],
            "transform": [
                [0.999989, -0.003452, -0.00313, 0.0, 0.003782, 0.993653, 0.112423, 0.37472, 0.002722, -0.112434, 0.993656, 0.0, 0.0, 0.0, 0.0, 1.0],
                [0.999989, -0.003452, -0.00313, -0.0, 0.003782, 0.993653, 0.112423, 0.37472, 0.002723, -0.112434, 0.993656, 0.0, 0.0, 0.0, 0.0, 1.0],
                [0.999989, -0.003452, -0.003131, -0.0, 0.003782, 0.993653, 0.112423, 0.37472, 0.002723, -0.112434, 0.993656, 0.0, 0.0, 0.0, 0.0, 1.0],
                [0.999989, 0.002468, -0.003953, -0.0, 0.003782, 0.065749, 0.99783, 0.37472, 0.002722, -0.997833, 0.065739, 0.0, 0.0, 0.0, 0.0, 1.0],
                [0.999989, -0.00212, -0.00415, -0.0, 0.003782, 0.88944, 0.457037, 0.37472, 0.002722, -0.457047, 0.889438, 0.0, 0.0, 0.0, 0.0, 1.0],
                [0.999989, 0.000313, -0.004649, 0.0, 0.003782, 0.528297, 0.849051, 0.37472, 0.002722, -0.849059, 0.52829, -0.0, 0.0, 0.0, 0.0, 1.0]
            ]
        },
        {
            "name": "Knee_L",
            "time": [0.0, 0.1167, 0.4, 0.4833, 0.6, 0.8667],
            "transform": [
                [1.0, 0.0, -0.0, 0.0, -0.0, 1e-06, -1.0, 0.37472, -0.0, 1.0, 1e-06, 0.0, 0.0, 0.0, 0.0, 1.0],
                [1.0, 0.0, -0.0, -0.0, -0.0, 1e-06, -1.0, 0.37472, -0.0, 1.0, 1e-06, 0.0, 0.0, 0.0, 0.0, 1.0],
                [1.0, 0.0, -0.0, -0.0, -0.0, 1e-06, -1.0, 0.37472, -0.0, 1.0, 1e-06, 0.0, 0.0, 0.0, 0.0, 1.0],
                [1.0, 0.0, -0.0, -0.0, -0.0, 0.640396, -0.768045, 0.37472, -0.0, 0.768045, 0.640396, 0.0, 0.0, 0.0, 0.0, 1.0],
                [1.0, 0.0, -0.0, -0.0, -0.0, 1e-06, -1.0, 0.37472, -0.0, 1.0, 1e-06, 0.0, 0.0, 0.0, 0.0, 1.0],
                [1.0, 0.0, -0.0, 0.0, -0.0, 1e-06, -1.0, 0.37472, -0.0, 1.0, 1e-06, -0.0, 0.0, 0.0, 0.0, 1.0]
            ]
        },
        {
            "name": "Torso",
            "time": [0.0, 0.1167, 0.4, 0.6, 0.8667],