{
    "animation": [
        {
            "name": "Root",
            "time": [0.0, 0.1, 0.1833, 0.3333],
            "transform": [
                [0.988959, 0.073048, -0.128931, -5e-06, -0.145278, 0.649484, -0.746368, 0.000946, 0.029218, 0.756858, 0.652925, 0.451381, 0.0, 0.0, 0.0, 1.0],
                [0.997913, 0.010231, -0.063759, -5e-06, -0.064425, 0.224943, -0.97224, 0.000946, 0.004395, 0.974318, 0.225133, 0.553244, 0.0, 0.0, 0.0, 1.0],
                [0.999992, 0.003801, -0.00152, -5e-06, -0.001831, 0.083256, -0.996526, 0.000946, -0.003661, 0.996521, 0.083263, 0.688122, 0.0, 0.0, 0.0, 1.0],
                [0.999992, 0.003801, -0.00152, -5e-06, -0.001831, 0.083256, -0.996526, 0.000946, -0.003661, 0.996521, 0.083263, 0.521938, 0.0, 0.0, 0.0, 1.0]
            ]
        },
        {
            "name": "Thigh_R",
            "time": [0.0, 0.1, 0.1833, 0.3333],
            "transform": [
                [0.865524, 0.371478, -0.335964, 0.124994, 0.370506, -0.023498, 0.928533, -0.002831, 0.337035, -0.928142, -0.157974, -1.2e-05, 0.0, 0.0, 0.0, 1.0],
                [0.987497, 0.071231, 0.140623, 0.124994, 0.072125, -0.997393, -0.001258, -0.002831, 0.140167, 0.011385, -0.990063, -1.2e-05, 0.0, 0.0, 0.0, 1.0],
                [0.961173, 0.211974, 0.176672, 0.124994, 0.109692, -0.880984, 0.460252, -0.002831, 0.253207, -0.423001, -0.870032, -1.2e-05, 0.0, 0.0, 0.0, 1.0],
                [0.972241, 0.170843, -0.159872, 0.124994, 0.233692, -0.742908, 0.627274, -0.002831, -0.011605, -0.647221, -0.762213, -1.2e-05, 0.0, 0.0, 0.0, 1.0]
            ]
        },
        {
            "name": "Leg_R",
            "time": [0.0, 0.1, 0.1833, 0.3333],
            "transform": [
                [1.0, -1e-06, 2e-06, -0.0, -2e-06, -0.220957, 0.975283, 0.37472, -0.0, -0.975285, -0.220957, -0.0, 0.0, 0.0, 0.0, 1.0],
                [1.0, -0.0, 3e-06, -0.0, 0.0, 0.99995, 0.010037, 0.37472, -3e-06, -0.010037, 0.999949, 0.0, 0.0, 0.0, 0.0, 1.0],
                [1.0, -1e-06, 1e-06, -0.0, -0.0, 0.348471, 0.937319, 0.37472, -1e-06, -0.93732, 0.348471, -0.0, 0.0, 0.0, 0.0, 1.0],
                [1.0, 0.0, 1e-06, -0.0, -1e-06, 0.576348, 0.817204, 0.37472, -0.0, -0.817205, 0.576347, -0.0, 0.0, 0.0, 0.0, 1.0]
            ]
        },
        {
            "name": "Knee_R",
            "time": [0.0, 0.1, 0.1833, 0.3333],
            "transform": [
                [1.0, 0.0, -0.0, -0.001056, -0.0, 1e-06, -1.0, 0.467709, -0.0, 1.0, 1e-06, -0.000189, 0.0, 0.0, 0.0, 1.0],
                [1.0, 0.0, -0.0, -0.0, -0.0, 1e-06, -1.0, 0.37472, -0.0, 1.0, 1e-06, 0.0, 0.0, 0.0, 0.0, 1.0],
                [1.0, 0.0, -0.0, 0.000436, -0.0, 1e-06, -1.0, 0.444163, -0.0, 1.0, 1e-06, -0.000106, 0.0, 0.0, 0.0, 1.0],
                [1.0, 0.0, -0.0, 0.000476, -0.0, -0.153666, -0.988123, 0.457311, -0.0, 0.988123, -0.153666, -0.002008, 0.0, 0.0, 0.0, 1.0]
            ]
        },
        {
            "name": "Thigh_L",
            "time": [0.0, 0.1, 0.1833, 0.3333],
            "transform": [
                [0.889834, -0.454148, 0.044093, -0.125006, 0.183558, 0.444767, 0.876634, -0.002831, -0.417733, -0.771966, 0.479131, -1.2e-05, 0.0, 0.0, 0.0, 1.0],
                [0.995645, -0.035504, -0.086192, -0.125006, -0.009422, -0.958223, 0.285867, -0.002831, -0.092741, -0.28381, -0.954385, -1.2e-05, 0.0, 0.0, 0.0, 1.0],
                [0.995422, -0.070306, -0.064735, -0.125006, -0.016449, -0.793293, 0.608617, -0.002831, -0.094144, -0.604766, -0.790819, -1.2e-05, 0.0, 0.0, 0.0, 1.0],
                [0.924644, -0.21435, 0.314779, -0.125006, -0.380795, -0.50919, 0.771829, -0.002831, -0.005159, -0.833534, -0.552444, -1.2e-05, 0.0, 0.0, 0.0, 1.0]
            ]
        },
        {
            "name": "Leg_L",
            "time": [0.0, 0.1, 0.1833, 0.3333],
            "transform": [
                [1.0, -1e-06, 1e-06, 0.0, -1e-06, -0.015418, 0.999881, 0.37472, -1e-06, -0.999881, -0.015418, 0.0, 0.0, 0.0, 0.0, 1.0],
                [1.0, -0.0, 1e-06, -0.0, 0.0, 0.999941, 0.01082, 0.37472, -1e-06, -0.01082, 0.999942, -0.0, 0.0, 0.0, 0.0, 1.0],
                [1.0, -1e-06, 1e-06, 0.0, -0.0, 0.639273, 0.76898, 0.37472, -1e-06, -0.768979, 0.639274, 0.0, 0.0, 0.0, 0.0, 1.0],
                [1.0, -1e-06, 0.0, -0.0, -1e-06, -0.12364, 0.992327, 0.37472, -1e-06, -0.992327, -0.12364, -0.0, 0.0, 0.0, 0.0, 1.0]
            ]
        },
        {
            "name": "Knee_L",
            "time": [0.0, 0.1, 0.1833, 0.3333],
            "transform": [
                [1.0, 0.0, -0.0, 8.2e-05, -0.0, 1e-06, -1.0, 0.481575, -0.0, 1.0, 1e-06, -0.001102, 0.0, 0.0, 0.0, 1.0],
                [1.0, 0.0, -0.0, -0.0, -0.0, 1e-06, -1.0, 0.37472, -0.0, 1.0, 1e-06, -0.0, 0.0, 0.0, 0.0, 1.0],
                [1.0, 0.0, -0.0, 0.000249, -0.0, 1e-06, -1.0, 0.419266, -0.0, 1.0, 1e-06, 0.000893, 0.0, 0.0, 0.0, 1.0],
                [1.0, 0.0, -0.0, -0.000586, -0.0, 1e-06, -1.0, 0.485315, 0.0, 1.0, 1e-06, -0.001802, 0.0, 0.0, 0.0, 1.0]
            ]
        },
        {
            "name": "Torso",
            "time": [0.0, 0.1, 0.1833, 0.3333],
            "transform": [
                [0.99978, -0.020628, 0.003787, 0.0, 0.020971, 0.985002, -0.171264, 0.05, -0.000198, 0.171305, 0.985218, -0.0, 0.0, 0.0, 0.0, 1.0],
                [0.999904, -0.013857, -0.000155, -0.0, 0.013857, 0.999655, 0.022315, 0.05, -0.000155, -0.022315, 0.999751, -0.0, 0.0, 0.0, 0.0, 1.0],
                [0.999995, -0.003292, -4.5e-05, 0.0, 0.003292, 0.999617, 0.027484, 0.05, -4.5e-05, -0.027484, 0.999622, 0.0, 0.0, 0.0, 0.0, 1.0],
                [1.0, -0.0, 0.0, 0.0, 0.0, 0.999577, 0.029094, 0.05, -0.0, -0.029094, 0.999577, 0.0, 0.0, 0.0, 0.0, 1.0]
            ]
        },
        {
            "name": "Chest",
            "time": [0.0, 0.1, 0.1833, 0.3333],
            "transform": [
                [0.999771, -0.021411, -0.000206, 0.0, 0.021411, 0.999586, 0.019228, 0.3, -0.000206, -0.019228, 0.999815, -0.0, 0.0, 0.0, 0.0, 1.0],
                [0.999808, -0.018207, -0.007293, -0.0, 0.019613, 0.924806, 0.379932, 0.3, -0.000173, -0.380002, 0.924986, -0.0, 0.0, 0.0, 0.0, 1.0],
                [0.99987, -0.015945, 0.002306, -0.0, 0.016111, 0.990586, -0.135941, 0.3, -0.000117, 0.13596, 0.990714, -0.0, 0.0, 0.0, 0.0, 1.0],
                [0.999924, -0.012041, -0.002498, 0.0, 0.012297, 0.977947, 0.208491, 0.3, -6.8e-05, -0.208506, 0.978021, -0.0, 0.0, 0.0, 0.0, 1.0]
            ]
        },
        {
            "name": "Head",
            "time": [0.0, 0.1, 0.1833, 0.3333],
            "transform": [
                [0.996758, 0.039911, 0.069855, 0.0, -0.002167, 0.881281, -0.472588, 0.4, -0.080423, 0.470905, 0.87851, 0.0, 0.0, 0.0, 0.0, 1.0],
                [0.998489, 0.028234, 0.047139, 0.0, -0.009467, 0.933458, -0.358561, 0.4, -0.054125, 0.357573, 0.932316, 0.0, 0.0, 0.0, 0.0, 1.0],
                [0.999807, 0.016312, 0.01097, 0.0, -0.014093, 0.983827, -0.178566, 0.4, -0.013705, 0.178376, 0.983867, -0.0, 0.0, 0.0, 0.0, 1.0],
                [0.999902, 0.014021, 0.00026, 0.0, -0.013982, 0.998211, -0.058135, 0.4, -0.001075, 0.058125, 0.998309, -0.0, 0.0, 0.0, 0.0, 1.0]
            ]
        },
        {
            "name": "Shoulder_R",
            "time": [0.0, 0.1, 0.1833, 0.3333],
            "transform": [
                [0.0, 0.952114, 0.305743, 0.0, 0.0, -0.305743, 0.952114, 0.4, 1.0, -0.0, -0.0, 0.0, 0.0, 0.0, 0.0, 1.0],
                [0.0, 0.952114, 0.305743, 0.0, -0.0, -0.305743, 0.952114, 0.4, 1.0, -0.0, -0.0, 0.0, 0.0, 0.0, 0.0, 1.0],
                [0.0, 0.952114, 0.305743, 0.0, 0.0, -0.305743, 0.952114, 0.4, 1.0, -0.0, -0.0, -0.0, 0.0, 0.0, 0.0, 1.0],
                [0.0, 0.952114, 0.305743, 0.0, -0.0, -0.305743, 0.952114, 0.4, 1.0, 0.0, -0.0, -0.0, 0.0, 0.0, 0.0, 1.0]
            ]
        },
        {
            "name": "Arm_R",
            "time": [0.0, 0.1, 0.1833, 0.3333],