{
    "animation": [
        {
            "name": "Root",
            "time": [0.0, 0.2333, 0.4667, 0.7, 0.9333],
            "transform": [
                [0.996276, 0.0, -0.086227, -5e-06, -0.086227, 0.0, -0.996276, 0.000946, 0.0, 1.0, 0.0, 0.743765, 0.0, 0.0, 0.0, 1.0],
                [0.97819, -0.032659, -0.205128, -5e-06, -0.205013, 0.006845, -0.978735, 0.000946, 0.033369, 0.999443, 0.0, 0.698873, 0.0, 0.0, 0.0, 1.0],
                [0.996276, 0.0, -0.086227, -5e-06, -0.086227, 0.0, -0.996276, 0.000946, 0.0, 1.0, 0.0, 0.743765, 0.0, 0.0, 0.0, 1.0],
                [0.999222, 0.032085, 0.022923, -5e-06, 0.022911, 0.000736, -0.999737, 0.000946, -0.032093, 0.999485, 0.0, 0.67533, 0.0, 0.0, 0.0, 1.0],
                [0.996276, 0.0, -0.086227, -5e-06, -0.086227, 0.0, -0.996276, 0.000946, 0.0, 1.0, 0.0, 0.743765, 0.0, 0.0, 0.0, 1.0]
            ]
        },
        {
            "name": "Thigh_R",
            "time": [0.0, 0.2333, 0.4667, 0.7, 0.9333],
            "transform": [
                [0.999125, 0.039328, -0.014227, 0.124994, 0.036959, -0.989491, -0.139777, -0.002831, -0.019575, 0.139129, -0.990081, -1.2e-05, 0.0, 0.0, 0.0, 1.0],
                [0.976023, 0.09377, -0.196432, 0.124994, 0.025372, -0.945304, -0.325197, -0.002831, -0.216182, 0.312415, -0.92502, -1.2e-05, 0.0, 0.0, 0.0, 1.0],
                [0.989784, -0.016296, -0.141638, 0.124994, 0.070971, -0.805301, 0.588601, -0.002831, -0.123653, -0.592639, -0.795919, -1.2e-05, 0.0, 0.0, 0.0, 1.0],
                [0.995431, 0.095148, 0.007963, 0.124994, 0.076247, -0.84233, 0.533538, -0.002831, 0.057473, -0.530492, -0.845739, -1.2e-05, 0.0, 0.0, 0.0, 1.0],
                [0.999125, 0.039328, -0.014227, 0.124994, 0.036959, -0.989491, -0.139777, -0.002831, -0.019575, 0.139129, -0.990081, -1.2e-05, 0.0, 0.0, 0.0, 1.0]
            ]
        },
        {
            "name": "Leg_R",
            "time": [0.0, 0.2333, 0.4667, 0.7, 0.9333],
            "transform": [
                [1.0, -0.0, 1e-06, -0.0, 0.0, 0.997612, 0.069073, 0.37472, -1e-06, -0.069073, 0.997611, -0.0, 0.0, 0.0, 0.0, 1.0],
                [0.999948, -0.004772, 0.009002, -0.0, 0.002312, 0.966751, 0.255712, 0.37472, -0.009923, -0.255678, 0.96671, 0.0, 0.0, 0.0, 0.0, 1.0],
                [1.0, -1e-06, 0.0, 0.0, 0.0, 0.376571, 0.926387, 0.37472, -1e-06, -0.926388, 0.376571, 0.0, 0.0, 0.0, 0.0, 1.0],
                [1.0, -0.0, 1e-06, -0.0, 0.0, 0.97873, 0.205157, 0.37472, -1e-06, -0.205157, 0.978728, 0.0, 0.0, 0.0, 0.0, 1.0],
                [1.0, -0.0, 1e-06, -0.0, 0.0, 0.997612, 0.069073, 0.37472, -1e-06, -0.069073, 0.997611, -0.0, 0.0, 0.0, 0.0, 1.0]
            ]
        },
        {
            "name": "Knee_R",
            "time": [0.0, 0.2333, 0.4667, 0.7, 0.9333],
            "transform": [
                [1.0, 0.0, -0.0, -0.0, -0.0, 1e-06, -1.0, 0.37472, -0.0, 1.0, 1e-06, -0.0, 0.0, 0.0, 0.0, 1.0],
                [1.0, 0.0, -0.0, -0.0, -0.0, 0.038306, -0.999266, 0.37472, -0.0, 0.999266, 0.038306, 0.0, 0.0, 0.0, 0.0, 1.0],
                [1.0, 0.0, -0.0, 0.0, -0.0, 0.076556, -0.997065, 0.37472, -0.0, 0.997065, 0.076556, 0.0, 0.0, 0.0, 0.0, 1.0],
                [1.0, 0.0, -0.0, -0.0, -0.0, 0.038306, -0.999266, 0.37472, -0.0, 0.999266, 0.038306, 0.0, 0.0, 0.0, 0.0, 1.0],
                [1.0, 0.0, -0.0, -0.0, -0.0, 1e-06, -1.0, 0.37472, -0.0, 1.0, 1e-06, -0.0, 0.0, 0.0, 0.0, 1.0]
            ]
        },
        {
            "name": "Thigh_L",
            "time": [0.0, 0.2333, 0.4, 0.4667, 0.7, 0.9333],
            "transform": [
                [0.99569, -0.081037, -0.045082, -0.125006, -0.046348, -0.85596, 0.514959, -0.002831, -0.080319, -0.510651, -0.856028, -1.2e-05, 0.0, 0.0, 0.0, 1.0],
                [0.970523, -0.170948, -0.169882, -0.125006, -0.075879, -0.885786, 0.457848, -0.002831, -0.228747, -0.431462, -0.872648, -1.2e-05, 0.0, 0.0, 0.0, 1.0],
                [0.985816, -0.047733, -0.160895, -0.125006, -0.045009, -0.998775, 0.020533, -0.002831, -0.161678, -0.013, -0.986758, -1.2e-05, 0.0, 0.0, 0.0, 1.0],
                [0.991726, -0.009267, -0.128033, -0.125006, -0.029608, -0.987011, -0.157901, -0.002831, -0.124906, 0.160386, -0.979119, -1.2e-05, 0.0, 0.0, 0.0, 1.0],
                [0.999699, -0.00853, 0.022975, -0.125006, 0.002437, -0.898222, -0.439534, -0.002831, 0.024386, 0.439459, -0.897931, -1.2e-05, 0.0, 0.0, 0.0, 1.0],
                [0.99569, -0.081037, -0.045082, -0.125006, -0.046348, -0.85596, 0.514959, -0.002831, -0.080319, -0.510651, -0.856028, -1.2e-05, 0.0, 0.0, 0.0, 1.0]
            ]
        },
        {
            "name": "Leg_L",
            "time": [0.0, 0.2333, 0.4667, 0.7, 0.9333],
            "transform": [
                [0.999989, 0.001721, -0.004331, -0.0, 0.003782, 0.243162, 0.969979, 0.37472, 0.002722, -0.969984, 0.243153, 0.0, 0.0, 0.0, 0.0, 1.0],
                [0.999989, -0.003317, -0.003274, 0.0, 0.003782, 0.988, 0.154406, 0.37472, 0.002722, -0.154417, 0.988002, 0.0, 0.0, 0.0, 0.0, 1.0],
                [0.999989, -0.003642, -0.002907, 0.0, 0.003782, 0.998758, 0.049672, 0.37472, 0.002722, -0.049683, 0.998762, -0.0, 0.0, 0.0, 0.0, 1.0],
                [0.999989, -0.003136, -0.003447, -0.0, 0.003782, 0.978283, 0.20724, 0.37472, 0.002722, -0.207251, 0.978284, -0.0, 0.0, 0.0, 0.0, 1.0],
                [0.999989, 0.001721, -0.004331, -0.0, 0.003782, 0.243162, 0.969979, 0.37472, 0.002722, -0.969984, 0.243153, 0.0, 0.0, 0.0, 0.0, 1.0]
            ]
        },
        {
            "name": "Knee_L",
            "time": [0.0, 0.2333, 0.4667, 0.7, 0.9333],
            "transform": [
                [1.0, 0.0, -0.0, -0.0, -0.0, 0.410561, -0.911833, 0.37472, -0.0, 0.911833, 0.410561, 0.0, 0.0, 0.0, 0.0, 1.0],
                [1.0, 0.0, -0.0, 0.0, -0.0, 0.115137, -0.99335, 0.37472, -0.0, 0.99335, 0.115137, 0.0, 0.0, 0.0, 0.0, 1.0],
                [1.0, 0.0, -0.0, 0.0, -0.0, 0.115137, -0.99335, 0.37472, -0.0, 0.99335, 0.115137, -0.0, 0.0, 0.0, 0.0, 1.0],
                [1.0, 0.0, -0.0, -0.0, -0.0, 0.265991, -0.963976, 0.37472, -0.0, 0.963976, 0.265991, -0.0, 0.0, 0.0, 0.0, 1.0],
                [1.0, 0.0, -0.0, -0.0, -0.0, 0.410561, -0.911833, 0.37472, -0.0, 0.911833, 0.410561, 0.0, 0.0, 0.0, 0.0, 1.0]
            ]
        },
        {
            "name": "Torso",
            "time": [0.0, 0.2333, 0.4667, 0.7, 0.9333],
            "transform": [
                [0.99978, -0.020971, -0.000197, -0.0, 0.020971, 0.999603, 0.018833, 0.05, -0.000198, -0.018833, 0.999823, -0.0, 0.0, 0.0, 0.0, 1.0],
                [0.99978, -0.020971, -0.000197, 0.0, 0.020971, 0.999603, 0.018833, 0.05, -0.000198, -0.018833, 0.999823, 0.0, 0.0, 0.0, 0.0, 1.0],
                [0.99978, -0.020971, -0.000197, -0.0, 0.020971, 0.999603, 0.018833, 0.05, -0.000198, -0.018833, 0.999823, -0.0, 0.0, 0.0, 0.0, 1.0],
                [0.99978, -0.020971, -0.000197, -0.0, 0.020971, 0.999603, 0.018833, 0.05, -0.000198, -0.018833, 0.999823, 0.0, 0.0, 0.0, 0.0, 1.0],
                [0.99978, -0.020971, -0.000197, -0.0, 0.020971, 0.999603, 0.018833, 0.05, -0.000198, -0.018833, 0.999823, -0.0, 0.0, 0.0, 0.0, 1.0]
            ]
        },
        {
            "name": "Chest",
            "time": [0.0, 0.2333, 0.4667, 0.7, 0.9333],