{
    "animation": [
        {
            "name": "Root",
            "time": [0.0, 0.15, 0.2167, 0.2833, 0.3667, 0.5667, 0.8667, 1.1],
            "transform": [
                [0.391122, 0.076176, -0.917181, 0.003835, -0.918159, 0.100844, -0.383164, 0.052602, 0.063304, 0.991982, 0.109384, 0.43007, 0.0, 0.0, 0.0, 1.0],
                [0.402497, 0.09354, -0.91063, 0.003835, -0.903857, 0.198231, -0.379141, 0.272255, 0.14505, 0.975682, 0.164334, 0.513538, 0.0, 0.0, 0.0, 1.0],
                [-0.586924, 0.29622, -0.753508, 0.003835, -0.759204, 0.121991, 0.639319, 0.547109, 0.2813, 0.947297, 0.153291, 0.75989, 0.0, 0.0, 0.0, 1.0],
                [-0.674384, 0.195698, 0.711975, 0.034267, 0.680005, -0.21116, 0.702143, 0.745409, 0.287748, 0.957661, 0.009327, 0.759367, 0.0, 0.0, 0.0, 1.0],
                [-0.049626, 0.02479, 0.99846, 0.087161, 0.973153, -0.223753, 0.053924, 0.881995, 0.224745, 0.974331, -0.01302, 0.752254, 0.0, 0.0, 0.0, 1.0],
                [0.609945, 0.120049, -0.783297, 0.048232, -0.620565, 0.687075, -0.377925, 1.814641, 0.492814, 0.716601, 0.493576, 0.419288, 0.0, 0.0, 0.0, 1.0],
                [0.420144, 0.240857, -0.87491, 0.087161, -0.796785, 0.559333, -0.228647, 1.865382, 0.434294, 0.79318, 0.426912, 0.500088, 0.0, 0.0, 0.0, 1.0],
                [0.420144, 0.240857, -0.87491, 0.087161, -0.796785, 0.559333, -0.228647, 1.865382, 0.434294, 0.79318, 0.426912, 0.500088, 0.0, 0.0, 0.0, 1.0]
            ]
        },
        {
            "name": "Thigh_R",
            "time": [0.0, 0.15, 0.3667, 0.5667, 0.8667, 1.1],
            "transform": [
                [0.625501, 0.777608, -0.063813, 0.124994, 0.780223, -0.623433, 0.050801, -0.002831, -0.000281, -0.081564, -0.996668, -1.2e-05, 0.0, 0.0, 0.0, 1.0],
                [0.913516, 0.396351, 0.09161, 0.124994, 0.108211, -0.453838, 0.884489, -0.002831, 0.392145, -0.79808, -0.45748, -1.2e-05, 0.0, 0.0, 0.0, 1.0],
                [0.896155, 0.249432, -0.367001, 0.124994, 0.439841, -0.608728, 0.660294, -0.002831, -0.058706, -0.753146, -0.655227, -1.2e-05, 0.0, 0.0, 0.0, 1.0],
                [0.955575, 0.292648, -0.035099, 0.124994, 0.294481, -0.942878, 0.155751, -0.002831, 0.012487, -0.159167, -0.987173, -1.2e-05, 0.0, 0.0, 0.0, 1.0],
                [0.952192, 0.250612, -0.174708, 0.124994, 0.2867, -0.930564, 0.227705, -0.002831, -0.105512, -0.266907, -0.957929, -1.2e-05, 0.0, 0.0, 0.0, 1.0],
                [0.952192, 0.250612, -0.174708, 0.124994, 0.2867, -0.930564, 0.227705, -0.002831, -0.105512, -0.266907, -0.957929, -1.2e-05, 0.0, 0.0, 0.0, 1.0]
            ]
        },
        {
            "name": "Leg_R",
            "time": [0.0, 0.15, 0.3667, 0.5667, 0.8667, 1.1],
            "transform": [
                [1.0, -1e-06, 1e-06, -0.0, 0.0, 0.891558, 0.452908, 0.37472, -1e-06, -0.452908, 0.891557, 0.0, 0.0, 0.0, 0.0, 1.0],
                [1.0, -1e-06, -0.0, -0.0, 0.0, 0.16099, 0.986955, 0.37472, -1e-06, -0.986957, 0.16099, 0.0, 0.0, 0.0, 0.0, 1.0],
                [1.0, -1e-06, -0.0, 0.0, 0.0, 0.159835, 0.987143, 0.37472, -1e-06, -0.987144, 0.159835, 0.0, 0.0, 0.0, 0.0, 1.0],
                [1.0, -0.0, 0.0, -0.0, 0.0, 0.894372, 0.447325, 0.37472, -0.0, -0.447326, 0.89437, -0.0, 0.0, 0.0, 0.0, 1.0],
                [1.0, -0.0, 0.0, 0.0, 0.0, 0.938693, 0.344756, 0.37472, -0.0, -0.344756, 0.938692, 0.0, 0.0, 0.0, 0.0, 1.0],
                [1.0, -0.0, 0.0, 0.0, 0.0, 0.938693, 0.344756, 0.37472, -0.0, -0.344756, 0.938692, 0.0, 0.0, 0.0, 0.0, 1.0]
            ]
        },
        {
            "name": "Knee_R",
            "time": [0.0, 0.3667, 0.5667, 0.8667, 1.1],
            "transform": [
                [1.0, 0.0, -0.0, -0.0, -0.0, 1e-06, -1.0, 0.37472, -0.0, 1.0, 1e-06, 0.0, 0.0, 0.0, 0.0, 1.0],
                [1.0, 0.0, -0.0, 0.0, -0.0, 1e-06, -1.0, 0.37472, -0.0, 1.0, 1e-06, 0.0, 0.0, 0.0, 0.0, 1.0],
                [1.0, 0.0, -0.0, -0.0, -0.0, 1e-06, -1.0, 0.37472, -0.0, 1.0, 1e-06, -0.0, 0.0, 0.0, 0.0, 1.0],
                [1.0, 0.0, -0.0, 0.0, -0.0, 1e-06, -1.0, 0.37472, -0.0, 1.0, 1e-06, 0.0, 0.0, 0.0, 0.0, 1.0],
                [1.0, 0.0, -0.0, 0.0, -0.0, 1e-06, -1.0, 0.37472, -0.0, 1.0, 1e-06, 0.0, 0.0, 0.0, 0.0, 1.0]
            ]
        },
        {
            "name": "Thigh_L",
            "time": [0.0, 0.15, 0.2167, 0.3667, 0.5667, 0.8667, 1.1],
            "transform": [
                [0.546268, -0.837121, 0.02861, -0.125006, -0.080974, -0.018782, 0.996539, -0.002831, -0.833686, -0.546695, -0.078046, -1.2e-05, 0.0, 0.0, 0.0, 1.0],
                [0.532317, -0.84446, 0.05937, -0.125006, -0.156234, -0.029073, 0.987292, -0.002831, -0.832003, -0.534828, -0.14741, -1.2e-05, 0.0, 0.0, 0.0, 1.0],
                [0.593634, -0.548128, -0.589197, -0.125006, -0.216457, -0.81394, 0.539117, -0.002831, -0.775076, -0.192503, -0.601829, -1.2e-05, 0.0, 0.0, 0.0, 1.0],
                [0.857586, -0.357216, -0.370056, -0.125006, -0.130795, -0.847288, 0.514777, -0.002831, -0.497431, -0.393064, -0.773345, -1.2e-05, 0.0, 0.0, 0.0, 1.0],
                [0.474314, -0.701045, 0.532504, -0.125006, 0.226491, 0.681687, 0.695704, -0.002831, -0.850721, -0.209375, 0.482114, -1.2e-05, 0.0, 0.0, 0.0, 1.0],
                [0.420113, -0.876046, 0.236745, -0.125006, 0.229418, 0.354941, 0.906302, -0.002831, -0.877993, -0.326436, 0.350096, -1.2e-05, 0.0, 0.0, 0.0, 1.0],
                [0.420113, -0.876046, 0.236745, -0.125006, 0.229418, 0.354941, 0.906302, -0.002831, -0.877993, -0.326436, 0.350096, -1.2e-05, 0.0, 0.0, 0.0, 1.0]
            ]
        },
        {
            "name": "Leg_L",
            "time": [0.0, 0.15, 0.2167, 0.3667, 0.5667, 0.8667, 1.1],
            "transform": [
                [0.999989, 0.00047, -0.004636, 0.0, 0.003782, 0.499343, 0.866397, 0.37472, 0.002722, -0.866404, 0.499336, 0.0, 0.0, 0.0, 0.0, 1.0],
                [0.999989, 0.002301, -0.004052, 0.0, 0.003782, 0.107223, 0.994228, 0.37472, 0.002722, -0.994232, 0.107213, 0.0, 0.0, 0.0, 0.0, 1.0],
                [0.999989, -0.002457, -0.00396, -0.0, 0.003782, 0.924306, 0.381633, 0.37472, 0.002722, -0.381644, 0.924306, 0.0, 0.0, 0.0, 0.0, 1.0],
                [0.999989, -0.002396, -0.003997, 0.0, 0.003782, 0.918376, 0.395691, 0.37472, 0.002722, -0.395702, 0.918375, 0.0, 0.0, 0.0, 0.0, 1.0],
                [0.991333, -0.000601, 0.131375, 0.0, -0.13024, 0.126724, 0.983351, 0.37472, -0.017239, -0.991938, 0.125548, -0.0, 0.0, 0.0, 0.0, 1.0],
                [0.999989, 0.000191, -0.004656, 0.0, 0.003782, 0.550447, 0.834862, 0.37472, 0.002722, -0.83487, 0.550441, -0.0, 0.0, 0.0, 0.0, 1.0],
                [0.999989, 0.000191, -0.004656, 0.0, 0.003782, 0.550447, 0.834862, 0.37472, 0.002722, -0.83487, 0.550441, -0.0, 0.0, 0.0, 0.0, 1.0]
            ]
        },
        {
            "name": "Knee_L",
            "time": [0.0, 0.3667, 0.5667, 0.8667, 1.1],
            "transform": [
                [1.0, 0.0, -0.0, 0.0, -0.0, 0.058471, -0.998289, 0.37472, -0.0, 0.998289, 0.058471, 0.0, 0.0, 0.0, 0.0, 1.0],
                [1.0, 0.0, -0.0, 0.0, -0.0, 0.058471, -0.998289, 0.37472, -0.0, 0.998289, 0.058471, 0.0, 0.0, 0.0, 0.0, 1.0],
                [1.0, 0.0, -0.0, 0.0, -0.0, 0.058471, -0.998289, 0.37472, -0.0, 0.998289, 0.058471, -0.0, 0.0, 0.0, 0.0, 1.0],
                [1.0, 0.0, -0.0, 0.0, -0.0, 0.058471, -0.998289, 0.37472, -0.0, 0.998289, 0.058471, -0.0, 0.0, 0.0, 0.0, 1.0],
                [1.0, 0.0, -0.0, 0.0, -0.0, 0.058471, -0.998289, 0.37472, -0.0, 0.998289, 0.058471, -0.0, 0.0, 0.0, 0.0, 1.0]
            ]
        },
        {
            "name": "Torso",
            "time": [0.0, 0.3667, 0.5667, 0.8667, 1.1],