{
    "animation": [
        {
            "name": "Root",
            "time": [0.0, 0.1, 0.2833, 0.4667],
            "transform": [
                [0.562403, 0.0, -0.826863, -5e-06, -0.814623, 0.171424, -0.554078, 0.000946, 0.141744, 0.985197, 0.09641, 0.6541, 0.0, 0.0, 0.0, 1.0],
                [0.97206, 0.028643, -0.232978, -5e-06, -0.212899, -0.31043, -0.926449, -1.362276, -0.09886, 0.950165, -0.295658, 0.681247, 0.0, 0.0, 0.0, 1.0],
                [0.937433, 0.092787, -0.335573, 0.000425, -0.302474, -0.26027, -0.916935, -1.385218, -0.17242, 0.961067, -0.21592, 0.670376, 0.0, 0.0, 0.0, 1.0],
                [0.937433, 0.092787, -0.335573, 0.000425, -0.302474, -0.26027, -0.916935, -1.385218, -0.17242, 0.961067, -0.21592, 0.670376, 0.0, 0.0, 0.0, 1.0]
            ]
        },
        {
            "name": "Thigh_R",
            "time": [0.0, 0.1, 0.2833, 0.4667],
            "transform": [
                [0.864158, 0.321261, 0.387326, 0.124994, 0.199618, -0.925389, 0.322185, -0.002831, 0.461933, -0.201101, -0.863815, -1.2e-05, 0.0, 0.0, 0.0, 1.0],
                [0.990182, -0.012942, -0.139178, 0.124994, 0.120292, -0.428209, 0.895637, -0.002831, -0.071189, -0.903584, -0.42245, -1.2e-05, 0.0, 0.0, 0.0, 1.0],
                [0.989662, 0.038344, -0.138198, 0.124994, 0.140219, -0.461116, 0.876191, -0.002831, -0.030129, -0.886509, -0.461727, -1.2e-05, 0.0, 0.0, 0.0, 1.0],
                [0.989662, 0.038344, -0.138198, 0.124994, 0.140219, -0.461116, 0.876191, -0.002831, -0.030129, -0.886509, -0.461727, -1.2e-05, 0.0, 0.0, 0.0, 1.0]
            ]
        },
        {
            "name": "Leg_R",
            "time": [0.0, 0.1, 0.2833, 0.4667],
            "transform": [
                [1.0, 1e-06, 1e-06, 0.0, -1e-06, 0.751808, 0.659383, 0.37472, 0.0, -0.659384, 0.751806, -0.0, 0.0, 0.0, 0.0, 1.0],
                [1.0, -1e-06, 0.0, -0.0, -0.0, -0.100509, 0.994936, 0.37472, -1e-06, -0.994937, -0.100509, -0.0, 0.0, 0.0, 0.0, 1.0],
                [1.0, -1e-06, 0.0, 0.0, -0.0, -0.01801, 0.999837, 0.37472, -1e-06, -0.999839, -0.01801, -0.0, 0.0, 0.0, 0.0, 1.0],
                [1.0, -1e-06, 0.0, 0.0, -0.0, -0.01801, 0.999837, 0.37472, -1e-06, -0.999839, -0.01801, -0.0, 0.0, 0.0, 0.0, 1.0]
            ]
        },
        {
            "name": "Knee_R",
            "time": [0.0, 0.1, 0.2833, 0.4667],
            "transform": [
                [1.0, -0.0, -0.0, 0.0, -0.0, -0.389408, -0.921065, 0.439324, 0.0, 0.921065, -0.389408, -0.000954, 0.0, 0.0, 0.0, 1.0],
                [1.0, 0.0, -0.0, -0.0, -0.0, 0.627382, -0.778711, 0.37472, -0.0, 0.778711, 0.627382, -0.0, 0.0, 0.0, 0.0, 1.0],
                [1.0, 0.0, -0.0, 0.0, -0.0, 0.627382, -0.778711, 0.37472, -0.0, 0.778711, 0.627382, -0.0, 0.0, 0.0, 0.0, 1.0],
                [1.0, 0.0, -0.0, 0.0, -0.0, 0.627382, -0.778711, 0.37472, -0.0, 0.778711, 0.627382, -0.0, 0.0, 0.0, 0.0, 1.0]
            ]
        },
        {
            "name": "Thigh_L",
            "time": [0.0, 0.1, 0.2833, 0.4667],
            "transform": [
                [0.639305, -0.639556, -0.426916, -0.125006, -0.085345, -0.610777, 0.78719, -0.002831, -0.764202, -0.466819, -0.445056, -1.2e-05, 0.0, 0.0, 0.0, 1.0],
                [0.982628, 0.075546, -0.169512, -0.125006, 0.110895, -0.971413, 0.209902, -0.002831, -0.148809, -0.225054, -0.962915, -1.2e-05, 0.0, 0.0, 0.0, 1.0],
                [0.96495, 0.015555, -0.26197, -0.125006, 0.0925, -0.954338, 0.284048, -0.002831, -0.24559, -0.298324, -0.922327, -1.2e-05, 0.0, 0.0, 0.0, 1.0],
                [0.96495, 0.015555, -0.26197, -0.125006, 0.0925, -0.954338, 0.284048, -0.002831, -0.24559, -0.298324, -0.922327, -1.2e-05, 0.0, 0.0, 0.0, 1.0]
            ]
        },
        {
            "name": "Leg_L",
            "time": [0.0, 0.1, 0.2833, 0.4667],
            "transform": [
                [0.999634, 0.025354, -0.00942, -0.0, -0.022506, 0.972877, 0.230223, 0.37472, 0.015001, -0.229926, 0.973093, 0.0, 0.0, 0.0, 0.0, 1.0],
                [0.999989, -0.003081, -0.003496, 0.0, 0.003782, 0.974921, 0.222517, 0.37472, 0.002723, -0.222527, 0.974923, 0.0, 0.0, 0.0, 0.0, 1.0],
                [0.999989, -0.003081, -0.003496, -0.0, 0.003782, 0.974921, 0.222517, 0.37472, 0.002723, -0.222527, 0.974923, -0.0, 0.0, 0.0, 0.0, 1.0],
                [0.999989, -0.003081, -0.003496, -0.0, 0.003782, 0.974921, 0.222517, 0.37472, 0.002723, -0.222527, 0.974923, -0.0, 0.0, 0.0, 0.0, 1.0]
            ]
        },
        {
            "name": "Knee_L",
            "time": [0.0, 0.1, 0.2833, 0.4667],
            "transform": [
                [1.0, 0.0, -0.0, -0.0, -0.0, 1e-06, -1.0, 0.37472, -0.0, 1.0, 1e-06, 0.0, 0.0, 0.0, 0.0, 1.0],
                [1.0, 0.0, -0.0, 0.0, -0.0, 0.001233, -0.999999, 0.37472, -0.0, 0.999999, 0.001233, 0.0, 0.0, 0.0, 0.0, 1.0],
                [1.0, 0.0, -0.0, -0.0, -0.0, 0.001233, -0.999999, 0.37472, -0.0, 0.999999, 0.001233, -0.0, 0.0, 0.0, 0.0, 1.0],
                [1.0, 0.0, -0.0, -0.0, -0.0, 0.001233, -0.999999, 0.37472, -0.0, 0.999999, 0.001233, -0.0, 0.0, 0.0, 0.0, 1.0]
            ]
        },
        {
            "name": "Torso",
            "time": [0.0, 0.1, 0.2833, 0.4667],
            "transform": [
                [1.0, 0.0, -0.0, 0.0, -0.0, 0.99951, -0.031323, 0.05, 0.0, 0.031323, 0.999509, 0.0, 0.0, 0.0, 0.0, 1.0],
                [0.999042, -0.042827, 0.008972, -0.0, 0.04367, 0.962907, -0.266276, 0.05, 0.002765, 0.266413, 0.963855, 0.0, 0.0, 0.0, 0.0, 1.0],
                [0.999042, -0.042827, 0.008972, 0.0, 0.04367, 0.962907, -0.266277, 0.05, 0.002765, 0.266413, 0.963855, 0.0, 0.0, 0.0, 0.0, 1.0],
                [0.999042, -0.042827, 0.008972, 0.0, 0.04367, 0.962907, -0.266277, 0.05, 0.002765, 0.266413, 0.963855, 0.0, 0.0, 0.0, 0.0, 1.0]
            ]
        },
        {
            "name": "Chest",
            "time": [0.0, 0.1, 0.2833, 0.4667],
            "transform": [
                [0.980484, -0.066115, 0.185147, 0.0, 0.038657, 0.988207, 0.148167, 0.3, -0.192759, -0.138118, 0.971477, -0.0, 0.0, 0.0, 0.0, 1.0],
                [0.999794, -0.017389, 0.010436, -0.0, 0.007849, 0.806256, 0.591514, 0.3, -0.018699, -0.591311, 0.806227, -0.0, 0.0, 0.0, 0.0, 1.0],
                [0.999803, -0.01652, 0.011009, -0.0, 0.007207, 0.81877, 0.574076, 0.3, -0.018497, -0.573883, 0.818728, -0.0, 0.0, 0.0, 0.0, 1.0],
                [0.999803, -0.01652, 0.011009, -0.0, 0.007207, 0.81877, 0.574076, 0.3, -0.018497, -0.573883, 0.818728, -0.0, 0.0, 0.0, 0.0, 1.0]
            ]
        },
        {
            "name": "Head",
            "time": [0.0, 0.1, 0.2833, 0.4667],
            "transform": [
                [0.730287, 0.002925, 0.683134, 0.0, 0.194928, 0.957525, -0.212483, 0.4, -0.654739, 0.288336, 0.698698, 0.0, 0.0, 0.0, 0.0, 1.0],
                [0.977485, -0.085754, 0.192793, -0.0, -0.026533, 0.856486, 0.515488, 0.4, -0.209329, -0.508997, 0.834927, -0.0, 0.0, 0.0, 0.0, 1.0],
                [0.962986, -0.079793, 0.257471, 0.0, -0.049587, 0.88644, 0.46018, 0.4, -0.264951, -0.455913, 0.849673, -0.0, 0.0, 0.0, 0.0, 1.0],
                [0.962986, -0.079793, 0.257471, 0.0, -0.049587, 0.88644, 0.46018, 0.4, -0.264951, -0.455913, 0.849673, -0.0, 0.0, 0.0, 0.0, 1.0]
            ]
        },
        {
            "name": "Shoulder_R",
            "time": [0.0, 0.1, 0.2833, 0.4667],
            "transform": [
                [-0.028361, 0.888709, 0.457594, 0.0, 0.012748, -0.457419, 0.88916, 0.4, 0.999516, 0.03105, 0.001643, 0.0, 0.0, 0.0, 0.0, 1.0],
                [-0.241154, 0.935076, 0.259762, -0.0, 0.181931, -0.219358, 0.958532, 0.4, 0.953281, 0.278413, -0.11722, -0.0, 0.0, 0.0, 0.0, 1.0],
                [-0.241154, 0.935076, 0.259762, 0.0, 0.181931, -0.219358, 0.958532, 0.4, 0.953281, 0.278413, -0.11722, -0.0, 0.0, 0.0, 0.0, 1.0],
                [-0.241154, 0.935076, 0.259762, 0.0, 0.181931, -0.219358, 0.958532, 0.4, 0.953281, 0.278413, -0.11722, -0.0, 0.0, 0.0, 0.0, 1.0]
            ]
        },
        {
            "name": "Arm_R",