{
    "animation": [
        {
            "name": "Root",
            "time": [0.0, 0.0667, 0.15, 0.5333],
            "transform": [
                [0.73464, -0.039415, -0.677312, -5e-06, -0.663486, 0.166831, -0.729352, 0.000946, 0.141744, 0.985197, 0.09641, 0.6541, 0.0, 0.0, 0.0, 1.0],
                [0.73464, -0.039415, -0.677312, -5e-06, -0.673693, 0.075728, -0.735121, -0.315321, 0.080266, 0.996349, 0.029079, 0.56798, 0.0, 0.0, 0.0, 1.0],
                [0.688791, -0.053178, -0.723007, -5e-06, -0.701365, 0.203488, -0.68314, -0.150966, 0.183451, 0.977632, 0.102863, 0.618876, 0.0, 0.0, 0.0, 1.0],
                [0.73464, -0.039415, -0.677312, -5e-06, -0.663486, 0.166831, -0.729352, 0.000946, 0.141744, 0.985197, 0.09641, 0.6541, 0.0, 0.0, 0.0, 1.0]
            ]
        },
        {
            "name": "Thigh_R",
            "time": [0.0, 0.0667, 0.15, 0.5333],
            "transform": [
                [0.864158, 0.32126, 0.387326, 0.124994, 0.199618, -0.925389, 0.322185, -0.002831, 0.461933, -0.201101, -0.863815, -1.2e-05, 0.0, 0.0, 0.0, 1.0],
                [0.864158, 0.370323, 0.34072, 0.124994, 0.199618, -0.873795, 0.443432, -0.002831, 0.461933, -0.315181, -0.829023, -1.2e-05, 0.0, 0.0, 0.0, 1.0],
                [0.864158, 0.384772, 0.324314, 0.124994, 0.199618, -0.853711, 0.480964, -0.002831, 0.461933, -0.350889, -0.814552, -1.2e-05, 0.0, 0.0, 0.0, 1.0],
                [0.864158, 0.32126, 0.387326, 0.124994, 0.199618, -0.925389, 0.322185, -0.002831, 0.461933, -0.201101, -0.863815, -1.2e-05, 0.0, 0.0, 0.0, 1.0]
            ]
        },
        {
            "name": "Leg_R",
            "time": [0.0, 0.0667, 0.15, 0.5333],
            "transform": [
                [1.0, 1e-06, 1e-06, -0.0, -1e-06, 0.751808, 0.659383, 0.37472, 0.0, -0.659384, 0.751806, -0.0, 0.0, 0.0, 0.0, 1.0],
                [1.0, 0.0, 1e-06, 0.0, -1e-06, 0.226895, 0.973918, 0.37472, 0.0, -0.97392, 0.226894, -0.0, 0.0, 0.0, 0.0, 1.0],
                [1.0, 1e-06, 1e-06, -0.0, -1e-06, 0.600222, 0.799833, 0.37472, -0.0, -0.799834, 0.600221, 0.0, 0.0, 0.0, 0.0, 1.0],
                [1.0, 1e-06, 1e-06, -0.0, -1e-06, 0.751808, 0.659383, 0.37472, 0.0, -0.659384, 0.751806, -0.0, 0.0, 0.0, 0.0, 1.0]
            ]
        },
        {
            "name": "Knee_R",
            "time": [0.0, 0.0667, 0.15, 0.5333],
            "transform": [
                [1.0, -0.0, -0.0, -0.0, -0.0, -0.389408, -0.921066, 0.439324, 0.0, 0.921065, -0.389408, -0.000954, 0.0, 0.0, 0.0, 1.0],
                [1.0, -0.0, -0.0, 0.0, -0.0, -0.389408, -0.921065, 0.439324, 0.0, 0.921065, -0.389408, -0.000954, 0.0, 0.0, 0.0, 1.0],
                [1.0, -0.0, -0.0, -0.0, -0.0, -0.389408, -0.921065, 0.439324, -0.0, 0.921065, -0.389408, -0.000954, 0.0, 0.0, 0.0, 1.0],
                [1.0, -0.0, -0.0, -0.0, -0.0, -0.389408, -0.921066, 0.439324, 0.0, 0.921065, -0.389408, -0.000954, 0.0, 0.0, 0.0, 1.0]
            ]
        },
        {
            "name": "Thigh_L",
            "time": [0.0, 0.0667, 0.15, 0.5333],
            "transform": [
                [0.639305, -0.639555, -0.426916, -0.125006, -0.085345, -0.610777, 0.787189, -0.002831, -0.764201, -0.466819, -0.445056, -1.2e-05, 0.0, 0.0, 0.0, 1.0],
                [0.639305, -0.705513, -0.305842, -0.125006, -0.085345, -0.460383, 0.883608, -0.002831, -0.764202, -0.538793, -0.354537, -1.2e-05, 0.0, 0.0, 0.0, 1.0],
                [0.639305, -0.705513, -0.305842, -0.125006, -0.085345, -0.460383, 0.883608, -0.002831, -0.764202, -0.538793, -0.354537, -1.2e-05, 0.0, 0.0, 0.0, 1.0],
                [0.639305, -0.639555, -0.426916, -0.125006, -0.085345, -0.610777, 0.787189, -0.002831, -0.764201, -0.466819, -0.445056, -1.2e-05, 0.0, 0.0, 0.0, 1.0]
            ]
        },
        {
            "name": "Leg_L",
            "time": [0.0, 0.0667, 0.15, 0.5333],
            "transform": [
                [0.999634, 0.02603, 0.007349, -0.0, -0.022506, 0.649803, 0.759769, 0.37472, 0.015001, -0.759656, 0.650152, 0.0, 0.0, 0.0, 0.0, 1.0],
                [0.999634, 0.02391, 0.012645, 0.0, -0.022506, 0.47601, 0.879152, 0.37472, 0.015001, -0.879114, 0.476375, -0.0, 0.0, 0.0, 0.0, 1.0],
                [0.999634, 0.026531, 0.005258, 0.0, -0.022506, 0.708105, 0.705748, 0.37472, 0.015001, -0.705608, 0.708444, -0.0, 0.0, 0.0, 0.0, 1.0],
                [0.999634, 0.02603, 0.007349, -0.0, -0.022506, 0.649803, 0.759769, 0.37472, 0.015001, -0.759656, 0.650152, 0.0, 0.0, 0.0, 0.0, 1.0]
            ]
        },
        {
            "name": "Knee_L",
            "time": [0.0, 0.0667, 0.15, 0.5333],
            "transform": [
                [1.0, 0.0, -0.0, -0.0, -0.0, 1e-06, -1.0, 0.37472, -0.0, 1.0, 1e-06, 0.0, 0.0, 0.0, 0.0, 1.0],
                [1.0, 0.0, -0.0, 0.0, -0.0, 1e-06, -1.0, 0.37472, -0.0, 1.0, 1e-06, -0.0, 0.0, 0.0, 0.0, 1.0],
                [1.0, 0.0, -0.0, 0.0, -0.0, 1e-06, -1.0, 0.37472, -0.0, 1.0, 1e-06, -0.0, 0.0, 0.0, 0.0, 1.0],
                [1.0, 0.0, -0.0, -0.0, -0.0, 1e-06, -1.0, 0.37472, -0.0, 1.0, 1e-06, 0.0, 0.0, 0.0, 0.0, 1.0]
            ]
        },
        {
            "name": "Torso",
            "time": [0.0, 0.0667, 0.15, 0.5333],
            "transform": [
                [1.0, -0.0, -0.0, 0.0, -0.0, 0.999509, -0.031323, 0.05, 0.0, 0.031323, 0.999509, 0.0, 0.0, 0.0, 0.0, 1.0],
                [0.941561, 0.0, -0.336843, 0.0, 0.028363, 0.996449, 0.079282, 0.05, 0.335647, -0.084203, 0.938217, -0.0, 0.0, 0.0, 0.0, 1.0],
                [0.941561, 0.0, -0.336843, -0.0, 0.028363, 0.996449, 0.079282, 0.05, 0.335647, -0.084203, 0.938217, -0.0, 0.0, 0.0, 0.0, 1.0],
                [1.0, -0.0, -0.0, 0.0, -0.0, 0.999509, -0.031323, 0.05, 0.0, 0.031323, 0.999509, 0.0, 0.0, 0.0, 0.0, 1.0]
            ]
        },
        {
            "name": "Chest",
            "time": [0.0, 0.0667, 0.15, 0.5333],
            "transform": [
                [0.975032, -0.19725, 0.102003, 0.0, 0.155255, 0.933939, 0.321953, 0.3, -0.15877, -0.298078, 0.941245, -0.0, 0.0, 0.0, 0.0, 1.0],
                [0.905716, -0.269455, 0.327221, 0.0, 0.020434, 0.798811, 0.601235, 0.3, -0.423393, -0.537861, 0.729002, 0.0, 0.0, 0.0, 0.0, 1.0],
                [0.97014, -0.213349, 0.115369, -0.0, 0.140177, 0.881372, 0.451148, 0.3, -0.197934, -0.421504, 0.884961, -0.0, 0.0, 0.0, 0.0, 1.0],
                [0.975032, -0.19725, 0.102003, 0.0, 0.155255, 0.933939, 0.321953, 0.3, -0.15877, -0.298078, 0.941245, -0.0, 0.0, 0.0, 0.0, 1.0]
            ]
        },
        {
            "name": "Head",
            "time": [0.0, 0.0667, 0.15, 0.5333],
            "transform": [
                [0.730287, 0.002925, 0.683134, 0.0, 0.194928, 0.957525, -0.212483, 0.4, -0.654739, 0.288336, 0.698698, -0.0, 0.0, 0.0, 0.0, 1.0],
                [0.620276, 0.043753, 0.783162, -0.0, 0.245548, 0.937428, -0.246849, 0.4, -0.744959, 0.345419, 0.570721, 0.0, 0.0, 0.0, 0.0, 1.0],
                [0.620276, 0.043753, 0.783162, -0.0, 0.245548, 0.937428, -0.246849, 0.4, -0.744959, 0.345419, 0.570721, 0.0, 0.0, 0.0, 0.0, 1.0],
                [0.730287, 0.002925, 0.683134, 0.0, 0.194928, 0.957525, -0.212483, 0.4, -0.654739, 0.288336, 0.698698, -0.0, 0.0, 0.0, 0.0, 1.0]
            ]
        },
        {
            "name": "Shoulder_R",
            "time": [0.0, 0.0667, 0.15, 0.5333],
            "transform": [
                [-0.028361, 0.888709, 0.457594, 0.0, 0.012748, -0.457419, 0.88916, 0.4, 0.999516, 0.031051, 0.001643, -0.0, 0.0, 0.0, 0.0, 1.0],
                [-0.028361, 0.888709, 0.457594, -0.0, 0.012748, -0.457419, 0.88916, 0.4, 0.999516, 0.031051, 0.001643, 0.0, 0.0, 0.0, 0.0, 1.0],
                [-0.028361, 0.888709, 0.457594, -0.0, 0.012748, -0.457419, 0.88916, 0.4, 0.999516, 0.031051, 0.001643, 0.0, 0.0, 0.0, 0.0, 1.0],
                [-0.028361, 0.888709, 0.457594, 0.0, 0.012748, -0.457419, 0.88916, 0.4, 0.999516, 0.031051, 0.001643, -0.0, 0.0, 0.0, 0.0, 1.0]
            ]
        },
        {
            "name": "Arm_R",
            "time": [0.0, 0.0667, 0.15, 0.5333],