{
    "animation": [
        {
            "name": "Root",
            "time": [0.0, 0.2167, 0.3833, 0.6, 0.7667],
            "transform": [
                [1.0, 0.0, 0.0, -5e-06, 0.0, 0.0, -1.0, 0.000946, 0.0, 1.0, 0.0, 0.735366, 0.0, 0.0, 0.0, 1.0],
                [0.980361, -0.012903, 0.196788, -5e-06, 0.197211, 0.064142, -0.978261, 0.000946, 0.0, 0.997857, 0.065427, 0.584068, 0.0, 0.0, 0.0, 1.0],
                [1.0, 0.0, 0.0, -5e-06, 0.0, 0.0, -1.0, 0.000946, 0.0, 1.0, 0.0, 0.735366, 0.0, 0.0, 0.0, 1.0],
                [0.984466, 0.0, -0.175575, -5e-06, -0.175575, 0.0, -0.984466, 0.000946, 0.0, 1.0, 0.0, 0.584068, 0.0, 0.0, 0.0, 1.0],
                [1.0, 0.0, 0.0, -5e-06, 0.0, 0.0, -1.0, 0.000946, 0.0, 1.0, 0.0, 0.735366, 0.0, 0.0, 0.0, 1.0]
            ]
        },
        {
            "name": "Thigh_R",
            "time": [0.0, 0.1333, 0.2167, 0.3833, 0.6, 0.7667],
            "transform": [
                [0.994337, 0.061139, -0.086917, 0.124994, 0.106262, -0.579234, 0.808205, -0.002831, -0.000932, -0.812863, -0.582453, -1.2e-05, 0.0, 0.0, 0.0, 1.0],
                [0.993882, 0.11014, 0.008212, 0.124994, 0.029683, -0.337988, 0.940682, -0.002831, 0.106382, -0.934681, -0.33919, -1.2e-05, 0.0, 0.0, 0.0, 1.0],
                [0.988301, 0.133272, 0.07415, 0.124994, -0.009978, -0.428644, 0.903418, -0.002831, 0.152185, -0.893588, -0.422301, -1.2e-05, 0.0, 0.0, 0.0, 1.0],
                [0.999996, -0.001614, -0.002193, 0.124994, -0.001478, -0.998156, 0.060645, -0.002831, -0.002287, -0.060641, -0.998157, -1.2e-05, 0.0, 0.0, 0.0, 1.0],
                [0.991165, 0.089844, -0.097562, 0.124994, -0.0, -0.735597, -0.677418, -0.002831, -0.132629, 0.671432, -0.7291, -1.2e-05, 0.0, 0.0, 0.0, 1.0],
                [0.994337, 0.061139, -0.086917, 0.124994, 0.106262, -0.579234, 0.808205, -0.002831, -0.000932, -0.812863, -0.582453, -1.2e-05, 0.0, 0.0, 0.0, 1.0]
            ]
        },
        {
            "name": "Leg_R",
            "time": [0.0, 0.1333, 0.2167, 0.3833, 0.6, 0.7667],
            "transform": [
                [1.0, -0.0, 1e-06, -0.0, -1e-06, -0.184017, 0.982923, 0.37472, -0.0, -0.982924, -0.184016, 0.0, 0.0, 0.0, 0.0, 1.0],
                [1.0, 0.0, 1e-06, 0.0, -1e-06, 0.465533, 0.88503, 0.37472, -0.0, -0.885031, 0.465532, -0.0, 0.0, 0.0, 0.0, 1.0],
                [1.0, 0.0, 1e-06, -0.0, -1e-06, 0.489868, 0.871796, 0.37472, -0.0, -0.871797, 0.489867, -0.0, 0.0, 0.0, 0.0, 1.0],
                [1.0, 0.0, 1e-06, -0.0, -0.0, 0.905651, 0.424025, 0.37472, -1e-06, -0.424026, 0.905649, -0.0, 0.0, 0.0, 0.0, 1.0],
                [1.0, 0.0, 0.0, -0.0, -0.0, 0.993952, 0.109825, 0.37472, -0.0, -0.109825, 0.99395, -0.0, 0.0, 0.0, 0.0, 1.0],
                [1.0, -0.0, 1e-06, -0.0, -1e-06, -0.184017, 0.982923, 0.37472, -0.0, -0.982924, -0.184016, 0.0, 0.0, 0.0, 0.0, 1.0]
            ]
        },
        {
            "name": "Knee_R",
            "time": [0.0, 0.2167, 0.3833, 0.6, 0.7667],
            "transform": [
                [1.0, 0.0, -0.0, 0.0, -0.0, 1e-06, -1.0, 0.471392, -0.0, 1.0, 1e-06, -0.004956, 0.0, 0.0, 0.0, 1.0],
                [1.0, -0.0, -0.0, 0.0, -0.0, -0.293506, -0.955957, 0.427012, -0.0, 0.955957, -0.293506, -0.001877, 0.0, 0.0, 0.0, 1.0],
                [1.0, 0.0, -0.0, -0.0, -0.0, 1e-06, -1.0, 0.37472, -0.0, 1.0, 1e-06, -0.0, 0.0, 0.0, 0.0, 1.0],
                [1.0, 0.0, -0.0, -0.0, -0.0, 1e-06, -1.0, 0.37472, -0.0, 1.0, 1e-06, -0.0, 0.0, 0.0, 0.0, 1.0],
                [1.0, 0.0, -0.0, 0.0, -0.0, 1e-06, -1.0, 0.471392, -0.0, 1.0, 1e-06, -0.004956, 0.0, 0.0, 0.0, 1.0]
            ]
        },
        {
            "name": "Thigh_L",
            "time": [0.0, 0.1333, 0.2167, 0.3833, 0.4833, 0.6, 0.7667],
            "transform": [
                [0.999712, -0.023953, 0.0, -0.125006, -0.02367, -0.987936, 0.153042, -0.002831, -0.003666, -0.152998, -0.988219, -1.2e-05, 0.0, 0.0, 0.0, 1.0],
                [0.996136, -0.054837, 0.068593, -0.125006, -0.01578, -0.880133, -0.474465, -0.002831, 0.086389, 0.47155, -0.877597, -1.2e-05, 0.0, 0.0, 0.0, 1.0],
                [0.991789, -0.075494, 0.103219, -0.125006, -0.008367, -0.843731, -0.536701, -0.002831, 0.127607, 0.531431, -0.837435, -1.2e-05, 0.0, 0.0, 0.0, 1.0],
                [0.993048, -0.068809, 0.095495, -0.125006, -0.117618, -0.549558, 0.827134, -0.002831, -0.004434, -0.832617, -0.553831, -1.2e-05, 0.0, 0.0, 0.0, 1.0],
                [0.991556, -0.118881, -0.051797, -0.125006, 0.0, -0.399436, 0.916761, -0.002831, -0.129675, -0.90902, -0.396064, -1.2e-05, 0.0, 0.0, 0.0, 1.0],
                [0.978383, -0.183606, -0.095151, -0.125006, -0.0, -0.460122, 0.887855, -0.002831, -0.206796, -0.868664, -0.450176, -1.2e-05, 0.0, 0.0, 0.0, 1.0],
                [0.999712, -0.023953, 0.0, -0.125006, -0.02367, -0.987936, 0.153042, -0.002831, -0.003666, -0.152998, -0.988219, -1.2e-05, 0.0, 0.0, 0.0, 1.0]
            ]
        },
        {
            "name": "Leg_L",
            "time": [0.0, 0.1333, 0.2167, 0.3833, 0.4833, 0.6, 0.7667],
            "transform": [
                [1.0, -0.0, 1e-06, 0.0, -0.0, 0.909076, 0.416629, 0.37472, -1e-06, -0.416629, 0.909077, 0.0, 0.0, 0.0, 0.0, 1.0],
                [1.0, 0.0, 1e-06, 0.0, -0.0, 0.977532, 0.210787, 0.37472, -0.0, -0.210787, 0.977532, 0.0, 0.0, 0.0, 0.0, 1.0],
                [1.0, 0.0, 1e-06, 0.0, -1e-06, 0.965139, 0.261736, 0.37472, -1e-06, -0.261735, 0.96514, -0.0, 0.0, 0.0, 0.0, 1.0],
                [1.0, -0.0, 1e-06, -0.0, -1e-06, 0.013859, 0.999904, 0.37472, -0.0, -0.999904, 0.013859, 0.0, 0.0, 0.0, 0.0, 1.0],
                [1.0, 0.0, 1e-06, -0.0, -1e-06, 0.671378, 0.741115, 0.37472, -0.0, -0.741115, 0.671379, -0.0, 0.0, 0.0, 0.0, 1.0],
                [1.0, 0.0, 1e-06, 0.0, -1e-06, 0.510381, 0.859949, 0.37472, -0.0, -0.859948, 0.510381, 0.0, 0.0, 0.0, 0.0, 1.0],
                [1.0, -0.0, 1e-06, 0.0, -0.0, 0.909076, 0.416629, 0.37472, -1e-06, -0.416629, 0.909077, 0.0, 0.0, 0.0, 0.0, 1.0]
            ]
        },
        {
            "name": "Knee_L",
            "time": [0.0, 0.2167, 0.3833, 0.4833, 0.6, 0.7667],
            "transform": [
                [1.0, 0.0, -0.0, 0.0, -0.0, 1e-06, -1.0, 0.37472, -0.0, 1.0, 1e-06, 0.0, 0.0, 0.0, 0.0, 1.0],
                [1.0, 0.0, -0.0, 0.0, -0.0, 1e-06, -1.0, 0.385335, -0.0, 1.0, 1e-06, -0.001833, 0.0, 0.0, 0.0, 1.0],
                [1.0, 0.0, -0.0, 0.0, -0.0, 1e-06, -1.0, 0.476473, -0.0, 1.0, 1e-06, -0.000924, 0.0, 0.0, 0.0, 1.0],
                [1.0, -0.0, -0.0, 0.0, -0.0, -0.36398, -0.931407, 0.465286, -0.0, 0.931407, -0.36398, -0.002135, 0.0, 0.0, 0.0, 1.0],
                [1.0, 0.0, -0.0, 0.0, -0.0, -0.183931, -0.982939, 0.432729, -0.0, 0.982939, -0.183931, -0.003694, 0.0, 0.0, 0.0, 1.0],
                [1.0, 0.0, -0.0, 0.0, -0.0, 1e-06, -1.0, 0.37472, -0.0, 1.0, 1e-06, 0.0, 0.0, 0.0, 0.0, 1.0]
            ]
        },
        {
            "name": "Torso",
            "time": [0.0, 0.2167, 0.3833, 0.6, 0.7667],
            "transform": [
                [1.0, 0.0, 0.0, 0.0, 0.0, 0.733895, 0.679263, 0.05, 0.0, -0.679263, 0.733895, 0.0, 0.0, 0.0, 0.0, 1.0],
                [1.0, 0.0, -0.0, -0.0, 0.0, 0.894832, 0.446403, 0.05, -0.0, -0.446403, 0.894832, 0.0, 0.0, 0.0, 0.0, 1.0],
                [1.0, 0.0, 0.0, 0.0, 0.0, 0.770116, 0.637904, 0.05, 0.0, -0.637904, 0.770116, 0.0, 0.0, 0.0, 0.0, 1.0],
                [1.0, -0.0, 0.0, 0.0, 0.0, 0.833206, 0.552963, 0.05, 0.0, -0.552964, 0.833206, -0.0, 0.0, 0.0, 0.0, 1.0],
                [1.0, 0.0, 0.0, 0.0, 0.0, 0.733895, 0.679263, 0.05, 0.0, -0.679263, 0.733895, 0.0, 0.0, 0.0, 0.0, 1.0]
            ]
        },
        {
            "name": "Chest",
            "time": [0.0, 0.2167, 0.3833, 0.6, 0.7667],